timestep,location,flow,occupy,speed
1,0,39.0,1,1
1,1,61.0,1,1
1,2,66.0,1,1
1,3,8.0,1,1
1,4,14.0,1,1
1,5,31.0,1,1
1,6,0.0,1,1
1,7,51.0,1,1
1,8,7.0,1,1
1,9,0.0,1,1
1,10,7.0,1,1
1,11,36.0,1,1
1,12,4.0,1,1
1,13,4.0,1,1
1,14,4.0,1,1
1,15,24.0,1,1
1,16,3.0,1,1
1,17,52.0,1,1
1,18,71.0,1,1
1,19,16.0,1,1
1,20,21.0,1,1
1,21,25.0,1,1
1,22,4.0,1,1
1,23,14.0,1,1
1,24,2.0,1,1
1,25,6.0,1,1
1,26,8.0,1,1
1,27,0.0,1,1
1,28,17.0,1,1
1,29,11.0,1,1
1,30,3.0,1,1
1,31,7.0,1,1
1,32,7.0,1,1
1,33,8.0,1,1
2,0,40.0,1,1
2,1,39.0,1,1
2,2,51.0,1,1
2,3,9.0,1,1
2,4,8.0,1,1
2,5,36.0,1,1
2,6,0.0,1,1
2,7,63.0,1,1
2,8,6.0,1,1
2,9,0.0,1,1
2,10,2.0,1,1
2,11,36.0,1,1
2,12,7.0,1,1
2,13,0.0,1,1
2,14,11.0,1,1
2,15,21.0,1,1
2,16,0.0,1,1
2,17,40.0,1,1
2,18,61.0,1,1
2,19,12.0,1,1
2,20,17.0,1,1
2,21,25.0,1,1
2,22,5.0,1,1
2,23,27.0,1,1
2,24,2.0,1,1
2,25,3.0,1,1
2,26,9.0,1,1
2,27,0.0,1,1
2,28,12.0,1,1
2,29,12.0,1,1
2,30,3.0,1,1
2,31,2.0,1,1
2,32,5.0,1,1
2,33,4.0,1,1
3,0,24.0,1,1
3,1,36.0,1,1
3,2,32.0,1,1
3,3,20.0,1,1
3,4,13.0,1,1
3,5,26.0,1,1
3,6,0.0,1,1
3,7,41.0,1,1
3,8,8.0,1,1
3,9,0.0,1,1
3,10,6.0,1,1
3,11,31.0,1,1
3,12,0.0,1,1
3,13,0.0,1,1
3,14,5.0,1,1
3,15,15.0,1,1
3,16,0.0,1,1
3,17,39.0,1,1
3,18,43.0,1,1
3,19,7.0,1,1
3,20,6.0,1,1
3,21,19.0,1,1
3,22,4.0,1,1
3,23,22.0,1,1
3,24,2.0,1,1
3,25,7.0,1,1
3,26,4.0,1,1
3,27,0.0,1,1
3,28,7.0,1,1
3,29,7.0,1,1
3,30,8.0,1,1
3,31,3.0,1,1
3,32,10.0,1,1
3,33,3.0,1,1
4,0,29.0,1,1
4,1,32.0,1,1
4,2,27.0,1,1
4,3,6.0,1,1
4,4,7.0,1,1
4,5,20.0,1,1
4,6,0.0,1,1
4,7,23.0,1,1
4,8,4.0,1,1
4,9,0.0,1,1
4,10,6.0,1,1
4,11,15.0,1,1
4,12,10.0,1,1
4,13,3.0,1,1
4,14,1.0,1,1
4,15,20.0,1,1
4,16,0.0,1,1
4,17,31.0,1,1
4,18,29.0,1,1
4,19,9.0,1,1
4,20,5.0,1,1
4,21,15.0,1,1
4,22,1.0,1,1
4,23,23.0,1,1
4,24,0.0,1,1
4,25,0.0,1,1
4,26,4.0,1,1
4,27,0.0,1,1
4,28,4.0,1,1
4,29,4.0,1,1
4,30,3.0,1,1
4,31,4.0,1,1
4,32,2.0,1,1
4,33,2.0,1,1
5,0,26.0,1,1
5,1,21.0,1,1
5,2,23.0,1,1
5,3,2.0,1,1
5,4,4.0,1,1
5,5,18.0,1,1
5,6,0.0,1,1
5,7,35.0,1,1
5,8,7.0,1,1
5,9,0.0,1,1
5,10,2.0,1,1
5,11,17.0,1,1
5,12,0.0,1,1
5,13,3.0,1,1
5,14,3.0,1,1
5,15,21.0,1,1
5,16,1.0,1,1
5,17,24.0,1,1
5,18,28.0,1,1
5,19,9.0,1,1
5,20,9.0,1,1
5,21,11.0,1,1
5,22,5.0,1,1
5,23,7.0,1,1
5,24,0.0,1,1
5,25,0.0,1,1
5,26,4.0,1,1
5,27,0.0,1,1
5,28,8.0,1,1
5,29,4.0,1,1
5,30,4.0,1,1
5,31,0.0,1,1
5,32,3.0,1,1
5,33,0.0,1,1
6,0,25.0,1,1
6,1,17.0,1,1
6,2,15.0,1,1
6,3,2.0,1,1
6,4,3.0,1,1
6,5,13.0,1,1
6,6,0.0,1,1
6,7,18.0,1,1
6,8,4.0,1,1
6,9,0.0,1,1
6,10,0.0,1,1
6,11,11.0,1,1
6,12,2.0,1,1
6,13,1.0,1,1
6,14,2.0,1,1
6,15,19.0,1,1
6,16,1.0,1,1
6,17,22.0,1,1
6,18,26.0,1,1
6,19,6.0,1,1
6,20,6.0,1,1
6,21,8.0,1,1
6,22,4.0,1,1
6,23,17.0,1,1
6,24,0.0,1,1
6,25,2.0,1,1
6,26,5.0,1,1
6,27,0.0,1,1
6,28,5.0,1,1
6,29,1.0,1,1
6,30,7.0,1,1
6,31,1.0,1,1
6,32,6.0,1,1
6,33,2.0,1,1
7,0,22.0,1,1
7,1,28.0,1,1
7,2,19.0,1,1
7,3,4.0,1,1
7,4,3.0,1,1
7,5,17.0,1,1
7,6,0.0,1,1
7,7,27.0,1,1
7,8,4.0,1,1
7,9,0.0,1,1
7,10,2.0,1,1
7,11,16.0,1,1
7,12,1.0,1,1
7,13,0.0,1,1
7,14,1.0,1,1
7,15,16.0,1,1
7,16,0.0,1,1
7,17,19.0,1,1
7,18,12.0,1,1
7,19,3.0,1,1
7,20,7.0,1,1
7,21,5.0,1,1
7,22,2.0,1,1
7,23,11.0,1,1
7,24,0.0,1,1
7,25,5.0,1,1
7,26,1.0,1,1
7,27,0.0,1,1
7,28,3.0,1,1
7,29,2.0,1,1
7,30,4.0,1,1
7,31,1.0,1,1
7,32,4.0,1,1
7,33,1.0,1,1
8,0,18.0,1,1
8,1,10.0,1,1
8,2,17.0,1,1
8,3,5.0,1,1
8,4,9.0,1,1
8,5,5.0,1,1
8,6,0.0,1,1
8,7,22.0,1,1
8,8,4.0,1,1
8,9,0.0,1,1
8,10,0.0,1,1
8,11,13.0,1,1
8,12,8.0,1,1
8,13,1.0,1,1
8,14,2.0,1,1
8,15,5.0,1,1
8,16,1.0,1,1
8,17,8.0,1,1
8,18,20.0,1,1
8,19,4.0,1,1
8,20,1.0,1,1
8,21,3.0,1,1
8,22,1.0,1,1
8,23,5.0,1,1
8,24,1.0,1,1
8,25,0.0,1,1
8,26,1.0,1,1
8,27,0.0,1,1
8,28,8.0,1,1
8,29,3.0,1,1
8,30,2.0,1,1
8,31,1.0,1,1
8,32,2.0,1,1
8,33,0.0,1,1
9,0,19.0,1,1
9,1,14.0,1,1
9,2,13.0,1,1
9,3,2.0,1,1
9,4,3.0,1,1
9,5,10.0,1,1
9,6,0.0,1,1
9,7,27.0,1,1
9,8,4.0,1,1
9,9,0.0,1,1
9,10,1.0,1,1
9,11,12.0,1,1
9,12,4.0,1,1
9,13,3.0,1,1
9,14,2.0,1,1
9,15,16.0,1,1
9,16,1.0,1,1
9,17,11.0,1,1
9,18,19.0,1,1
9,19,5.0,1,1
9,20,1.0,1,1
9,21,6.0,1,1
9,22,1.0,1,1
9,23,4.0,1,1
9,24,0.0,1,1
9,25,2.0,1,1
9,26,3.0,1,1
9,27,0.0,1,1
9,28,2.0,1,1
9,29,0.0,1,1
9,30,3.0,1,1
9,31,1.0,1,1
9,32,1.0,1,1
9,33,2.0,1,1
10,0,7.0,1,1
10,1,21.0,1,1
10,2,9.0,1,1
10,3,3.0,1,1
10,4,3.0,1,1
10,5,18.0,1,1
10,6,0.0,1,1
10,7,10.0,1,1
10,8,2.0,1,1
10,9,0.0,1,1
10,10,3.0,1,1
10,11,10.0,1,1
10,12,5.0,1,1
10,13,1.0,1,1
10,14,8.0,1,1
10,15,9.0,1,1
10,16,0.0,1,1
10,17,9.0,1,1
10,18,18.0,1,1
10,19,2.0,1,1
10,20,2.0,1,1
10,21,10.0,1,1
10,22,4.0,1,1
10,23,6.0,1,1
10,24,0.0,1,1
10,25,4.0,1,1
10,26,7.0,1,1
10,27,0.0,1,1
10,28,5.0,1,1
10,29,0.0,1,1
10,30,1.0,1,1
10,31,0.0,1,1
10,32,4.0,1,1
10,33,3.0,1,1
11,0,8.0,1,1
11,1,13.0,1,1
11,2,3.0,1,1
11,3,2.0,1,1
11,4,1.0,1,1
11,5,11.0,1,1
11,6,0.0,1,1
11,7,7.0,1,1
11,8,3.0,1,1
11,9,0.0,1,1
11,10,1.0,1,1
11,11,6.0,1,1
11,12,2.0,1,1
11,13,0.0,1,1
11,14,0.0,1,1
11,15,12.0,1,1
11,16,1.0,1,1
11,17,16.0,1,1
11,18,14.0,1,1
11,19,2.0,1,1
11,20,2.0,1,1
11,21,7.0,1,1
11,22,1.0,1,1
11,23,9.0,1,1
11,24,0.0,1,1
11,25,1.0,1,1
11,26,1.0,1,1
11,27,0.0,1,1
11,28,4.0,1,1
11,29,0.0,1,1
11,30,1.0,1,1
11,31,0.0,1,1
11,32,1.0,1,1
11,33,0.0,1,1
12,0,9.0,1,1
12,1,8.0,1,1
12,2,6.0,1,1
12,3,0.0,1,1
12,4,5.0,1,1
12,5,8.0,1,1
12,6,0.0,1,1
12,7,5.0,1,1
12,8,4.0,1,1
12,9,0.0,1,1
12,10,0.0,1,1
12,11,0.0,1,1
12,12,2.0,1,1
12,13,0.0,1,1
12,14,2.0,1,1
12,15,11.0,1,1
12,16,0.0,1,1
12,17,11.0,1,1
12,18,7.0,1,1
12,19,1.0,1,1
12,20,1.0,1,1
12,21,2.0,1,1
12,22,0.0,1,1
12,23,2.0,1,1
12,24,0.0,1,1
12,25,3.0,1,1
12,26,3.0,1,1
12,27,0.0,1,1
12,28,2.0,1,1
12,29,1.0,1,1
12,30,1.0,1,1
12,31,0.0,1,1
12,32,1.0,1,1
12,33,0.0,1,1
13,0,8.0,1,1
13,1,11.0,1,1
13,2,4.0,1,1
13,3,4.0,1,1
13,4,2.0,1,1
13,5,9.0,1,1
13,6,0.0,1,1
13,7,14.0,1,1
13,8,3.0,1,1
13,9,0.0,1,1
13,10,2.0,1,1
13,11,6.0,1,1
13,12,0.0,1,1
13,13,0.0,1,1
13,14,5.0,1,1
13,15,6.0,1,1
13,16,0.0,1,1
13,17,9.0,1,1
13,18,9.0,1,1
13,19,4.0,1,1
13,20,6.0,1,1
13,21,4.0,1,1
13,22,2.0,1,1
13,23,8.0,1,1
13,24,0.0,1,1
13,25,2.0,1,1
13,26,2.0,1,1
13,27,0.0,1,1
13,28,4.0,1,1
13,29,1.0,1,1
13,30,2.0,1,1
13,31,2.0,1,1
13,32,0.0,1,1
13,33,2.0,1,1
14,0,3.0,1,1
14,1,11.0,1,1
14,2,3.0,1,1
14,3,6.0,1,1
14,4,1.0,1,1
14,5,6.0,1,1
14,6,0.0,1,1
14,7,13.0,1,1
14,8,0.0,1,1
14,9,0.0,1,1
14,10,1.0,1,1
14,11,10.0,1,1
14,12,0.0,1,1
14,13,2.0,1,1
14,14,0.0,1,1
14,15,6.0,1,1
14,16,0.0,1,1
14,17,4.0,1,1
14,18,11.0,1,1
14,19,1.0,1,1
14,20,2.0,1,1
14,21,4.0,1,1
14,22,1.0,1,1
14,23,6.0,1,1
14,24,0.0,1,1
14,25,2.0,1,1
14,26,1.0,1,1
14,27,0.0,1,1
14,28,2.0,1,1
14,29,2.0,1,1
14,30,3.0,1,1
14,31,0.0,1,1
14,32,0.0,1,1
14,33,2.0,1,1
15,0,12.0,1,1
15,1,15.0,1,1
15,2,3.0,1,1
15,3,1.0,1,1
15,4,3.0,1,1
15,5,6.0,1,1
15,6,0.0,1,1
15,7,10.0,1,1
15,8,3.0,1,1
15,9,0.0,1,1
15,10,1.0,1,1
15,11,7.0,1,1
15,12,5.0,1,1
15,13,2.0,1,1
15,14,2.0,1,1
15,15,7.0,1,1
15,16,0.0,1,1
15,17,8.0,1,1
15,18,6.0,1,1
15,19,3.0,1,1
15,20,1.0,1,1
15,21,1.0,1,1
15,22,0.0,1,1
15,23,4.0,1,1
15,24,0.0,1,1
15,25,0.0,1,1
15,26,1.0,1,1
15,27,0.0,1,1
15,28,2.0,1,1
15,29,2.0,1,1
15,30,0.0,1,1
15,31,0.0,1,1
15,32,3.0,1,1
15,33,1.0,1,1
16,0,12.0,1,1
16,1,8.0,1,1
16,2,0.0,1,1
16,3,2.0,1,1
16,4,0.0,1,1
16,5,7.0,1,1
16,6,0.0,1,1
16,7,7.0,1,1
16,8,4.0,1,1
16,9,0.0,1,1
16,10,4.0,1,1
16,11,3.0,1,1
16,12,3.0,1,1
16,13,0.0,1,1
16,14,1.0,1,1
16,15,13.0,1,1
16,16,0.0,1,1
16,17,3.0,1,1
16,18,7.0,1,1
16,19,2.0,1,1
16,20,0.0,1,1
16,21,3.0,1,1
16,22,0.0,1,1
16,23,1.0,1,1
16,24,0.0,1,1
16,25,0.0,1,1
16,26,2.0,1,1
16,27,0.0,1,1
16,28,6.0,1,1
16,29,1.0,1,1
16,30,1.0,1,1
16,31,0.0,1,1
16,32,1.0,1,1
16,33,0.0,1,1
17,0,6.0,1,1
17,1,9.0,1,1
17,2,6.0,1,1
17,3,6.0,1,1
17,4,1.0,1,1
17,5,7.0,1,1
17,6,0.0,1,1
17,7,10.0,1,1
17,8,1.0,1,1
17,9,0.0,1,1
17,10,0.0,1,1
17,11,9.0,1,1
17,12,0.0,1,1
17,13,0.0,1,1
17,14,1.0,1,1
17,15,7.0,1,1
17,16,1.0,1,1
17,17,8.0,1,1
17,18,10.0,1,1
17,19,2.0,1,1
17,20,1.0,1,1
17,21,4.0,1,1
17,22,4.0,1,1
17,23,2.0,1,1
17,24,0.0,1,1
17,25,2.0,1,1
17,26,1.0,1,1
17,27,0.0,1,1
17,28,1.0,1,1
17,29,3.0,1,1
17,30,0.0,1,1
17,31,0.0,1,1
17,32,0.0,1,1
17,33,1.0,1,1
18,0,6.0,1,1
18,1,10.0,1,1
18,2,5.0,1,1
18,3,1.0,1,1
18,4,1.0,1,1
18,5,7.0,1,1
18,6,0.0,1,1
18,7,7.0,1,1
18,8,3.0,1,1
18,9,0.0,1,1
18,10,2.0,1,1
18,11,3.0,1,1
18,12,3.0,1,1
18,13,2.0,1,1
18,14,2.0,1,1
18,15,3.0,1,1
18,16,0.0,1,1
18,17,11.0,1,1
18,18,8.0,1,1
18,19,4.0,1,1
18,20,1.0,1,1
18,21,1.0,1,1
18,22,2.0,1,1
18,23,3.0,1,1
18,24,0.0,1,1
18,25,0.0,1,1
18,26,1.0,1,1
18,27,0.0,1,1
18,28,1.0,1,1
18,29,0.0,1,1
18,30,3.0,1,1
18,31,0.0,1,1
18,32,2.0,1,1
18,33,0.0,1,1
19,0,5.0,1,1
19,1,9.0,1,1
19,2,2.0,1,1
19,3,2.0,1,1
19,4,1.0,1,1
19,5,4.0,1,1
19,6,0.0,1,1
19,7,7.0,1,1
19,8,3.0,1,1
19,9,0.0,1,1
19,10,2.0,1,1
19,11,3.0,1,1
19,12,3.0,1,1
19,13,0.0,1,1
19,14,0.0,1,1
19,15,2.0,1,1
19,16,2.0,1,1
19,17,4.0,1,1
19,18,2.0,1,1
19,19,1.0,1,1
19,20,2.0,1,1
19,21,0.0,1,1
19,22,3.0,1,1
19,23,1.0,1,1
19,24,0.0,1,1
19,25,0.0,1,1
19,26,0.0,1,1
19,27,0.0,1,1
19,28,1.0,1,1
19,29,0.0,1,1
19,30,1.0,1,1
19,31,0.0,1,1
19,32,2.0,1,1
19,33,1.0,1,1
20,0,2.0,1,1
20,1,12.0,1,1
20,2,2.0,1,1
20,3,3.0,1,1
20,4,3.0,1,1
20,5,8.0,1,1
20,6,0.0,1,1
20,7,4.0,1,1
20,8,2.0,1,1
20,9,0.0,1,1
20,10,2.0,1,1
20,11,3.0,1,1
20,12,3.0,1,1
20,13,1.0,1,1
20,14,2.0,1,1
20,15,4.0,1,1
20,16,1.0,1,1
20,17,7.0,1,1
20,18,3.0,1,1
20,19,4.0,1,1
20,20,0.0,1,1
20,21,2.0,1,1
20,22,0.0,1,1
20,23,1.0,1,1
20,24,0.0,1,1
20,25,2.0,1,1
20,26,1.0,1,1
20,27,0.0,1,1
20,28,0.0,1,1
20,29,0.0,1,1
20,30,4.0,1,1
20,31,3.0,1,1
20,32,0.0,1,1
20,33,1.0,1,1
21,0,7.0,1,1
21,1,6.0,1,1
21,2,1.0,1,1
21,3,1.0,1,1
21,4,2.0,1,1
21,5,4.0,1,1
21,6,0.0,1,1
21,7,6.0,1,1
21,8,1.0,1,1
21,9,0.0,1,1
21,10,1.0,1,1
21,11,5.0,1,1
21,12,0.0,1,1
21,13,3.0,1,1
21,14,0.0,1,1
21,15,3.0,1,1
21,16,0.0,1,1
21,17,3.0,1,1
21,18,4.0,1,1
21,19,1.0,1,1
21,20,1.0,1,1
21,21,1.0,1,1
21,22,1.0,1,1
21,23,1.0,1,1
21,24,0.0,1,1
21,25,0.0,1,1
21,26,0.0,1,1
21,27,0.0,1,1
21,28,4.0,1,1
21,29,0.0,1,1
21,30,0.0,1,1
21,31,1.0,1,1
21,32,2.0,1,1
21,33,0.0,1,1
22,0,3.0,1,1
22,1,5.0,1,1
22,2,3.0,1,1
22,3,2.0,1,1
22,4,1.0,1,1
22,5,3.0,1,1
22,6,0.0,1,1
22,7,3.0,1,1
22,8,4.0,1,1
22,9,0.0,1,1
22,10,1.0,1,1
22,11,2.0,1,1
22,12,2.0,1,1
22,13,0.0,1,1
22,14,0.0,1,1
22,15,7.0,1,1
22,16,0.0,1,1
22,17,5.0,1,1
22,18,3.0,1,1
22,19,4.0,1,1
22,20,0.0,1,1
22,21,1.0,1,1
22,22,0.0,1,1
22,23,2.0,1,1
22,24,0.0,1,1
22,25,0.0,1,1
22,26,1.0,1,1
22,27,0.0,1,1
22,28,1.0,1,1
22,29,0.0,1,1
22,30,0.0,1,1
22,31,0.0,1,1
22,32,2.0,1,1
22,33,0.0,1,1
23,0,5.0,1,1
23,1,5.0,1,1
23,2,4.0,1,1
23,3,1.0,1,1
23,4,2.0,1,1
23,5,4.0,1,1
23,6,0.0,1,1
23,7,0.0,1,1
23,8,0.0,1,1
23,9,0.0,1,1
23,10,1.0,1,1
23,11,0.0,1,1
23,12,2.0,1,1
23,13,1.0,1,1
23,14,2.0,1,1
23,15,1.0,1,1
23,16,0.0,1,1
23,17,4.0,1,1
23,18,0.0,1,1
23,19,1.0,1,1
23,20,1.0,1,1
23,21,0.0,1,1
23,22,0.0,1,1
23,23,3.0,1,1
23,24,1.0,1,1
23,25,0.0,1,1
23,26,0.0,1,1
23,27,0.0,1,1
23,28,0.0,1,1
23,29,1.0,1,1
23,30,1.0,1,1
23,31,0.0,1,1
23,32,0.0,1,1
23,33,1.0,1,1
24,0,2.0,1,1
24,1,4.0,1,1
24,2,0.0,1,1
24,3,0.0,1,1
24,4,0.0,1,1
24,5,4.0,1,1
24,6,0.0,1,1
24,7,3.0,1,1
24,8,2.0,1,1
24,9,0.0,1,1
24,10,1.0,1,1
24,11,1.0,1,1
24,12,0.0,1,1
24,13,0.0,1,1
24,14,1.0,1,1
24,15,6.0,1,1
24,16,0.0,1,1
24,17,3.0,1,1
24,18,5.0,1,1
24,19,0.0,1,1
24,20,1.0,1,1
24,21,2.0,1,1
24,22,0.0,1,1
24,23,3.0,1,1
24,24,0.0,1,1
24,25,0.0,1,1
24,26,0.0,1,1
24,27,0.0,1,1
24,28,1.0,1,1
24,29,0.0,1,1
24,30,0.0,1,1
24,31,0.0,1,1
24,32,0.0,1,1
24,33,0.0,1,1
25,0,3.0,1,1
25,1,3.0,1,1
25,2,3.0,1,1
25,3,0.0,1,1
25,4,0.0,1,1
25,5,3.0,1,1
25,6,0.0,1,1
25,7,4.0,1,1
25,8,1.0,1,1
25,9,0.0,1,1
25,10,0.0,1,1
25,11,4.0,1,1
25,12,1.0,1,1
25,13,2.0,1,1
25,14,0.0,1,1
25,15,4.0,1,1
25,16,0.0,1,1
25,17,3.0,1,1
25,18,3.0,1,1
25,19,0.0,1,1
25,20,0.0,1,1
25,21,1.0,1,1
25,22,1.0,1,1
25,23,2.0,1,1
25,24,0.0,1,1
25,25,0.0,1,1
25,26,0.0,1,1
25,27,0.0,1,1
25,28,1.0,1,1
25,29,1.0,1,1
25,30,0.0,1,1
25,31,0.0,1,1
25,32,1.0,1,1
25,33,0.0,1,1
26,0,4.0,1,1
26,1,5.0,1,1
26,2,1.0,1,1
26,3,0.0,1,1
26,4,0.0,1,1
26,5,4.0,1,1
26,6,0.0,1,1
26,7,2.0,1,1
26,8,1.0,1,1
26,9,0.0,1,1
26,10,1.0,1,1
26,11,1.0,1,1
26,12,5.0,1,1
26,13,0.0,1,1
26,14,1.0,1,1
26,15,1.0,1,1
26,16,0.0,1,1
26,17,6.0,1,1
26,18,3.0,1,1
26,19,0.0,1,1
26,20,0.0,1,1
26,21,2.0,1,1
26,22,0.0,1,1
26,23,5.0,1,1
26,24,0.0,1,1
26,25,1.0,1,1
26,26,0.0,1,1
26,27,0.0,1,1
26,28,0.0,1,1
26,29,1.0,1,1
26,30,0.0,1,1
26,31,0.0,1,1
26,32,0.0,1,1
26,33,2.0,1,1
27,0,2.0,1,1
27,1,7.0,1,1
27,2,0.0,1,1
27,3,2.0,1,1
27,4,1.0,1,1
27,5,3.0,1,1
27,6,0.0,1,1
27,7,3.0,1,1
27,8,1.0,1,1
27,9,0.0,1,1
27,10,0.0,1,1
27,11,4.0,1,1
27,12,1.0,1,1
27,13,0.0,1,1
27,14,3.0,1,1
27,15,8.0,1,1
27,16,0.0,1,1
27,17,3.0,1,1
27,18,4.0,1,1
27,19,1.0,1,1
27,20,1.0,1,1
27,21,0.0,1,1
27,22,0.0,1,1
27,23,2.0,1,1
27,24,0.0,1,1
27,25,1.0,1,1
27,26,2.0,1,1
27,27,0.0,1,1
27,28,2.0,1,1
27,29,0.0,1,1
27,30,0.0,1,1
27,31,1.0,1,1
27,32,1.0,1,1
27,33,0.0,1,1
28,0,1.0,1,1
28,1,7.0,1,1
28,2,0.0,1,1
28,3,0.0,1,1
28,4,0.0,1,1
28,5,4.0,1,1
28,6,0.0,1,1
28,7,2.0,1,1
28,8,3.0,1,1
28,9,0.0,1,1
28,10,1.0,1,1
28,11,0.0,1,1
28,12,3.0,1,1
28,13,0.0,1,1
28,14,1.0,1,1
28,15,2.0,1,1
28,16,0.0,1,1
28,17,5.0,1,1
28,18,4.0,1,1
28,19,2.0,1,1
28,20,2.0,1,1
28,21,3.0,1,1
28,22,1.0,1,1
28,23,0.0,1,1
28,24,0.0,1,1
28,25,1.0,1,1
28,26,3.0,1,1
28,27,0.0,1,1
28,28,0.0,1,1
28,29,1.0,1,1
28,30,0.0,1,1
28,31,0.0,1,1
28,32,0.0,1,1
28,33,2.0,1,1
29,0,12.0,1,1
29,1,5.0,1,1
29,2,2.0,1,1
29,3,0.0,1,1
29,4,0.0,1,1
29,5,3.0,1,1
29,6,0.0,1,1
29,7,1.0,1,1
29,8,0.0,1,1
29,9,0.0,1,1
29,10,0.0,1,1
29,11,1.0,1,1
29,12,2.0,1,1
29,13,0.0,1,1
29,14,1.0,1,1
29,15,2.0,1,1
29,16,0.0,1,1
29,17,0.0,1,1
29,18,0.0,1,1
29,19,1.0,1,1
29,20,1.0,1,1
29,21,0.0,1,1
29,22,0.0,1,1
29,23,0.0,1,1
29,24,0.0,1,1
29,25,0.0,1,1
29,26,0.0,1,1
29,27,0.0,1,1
29,28,0.0,1,1
29,29,1.0,1,1
29,30,0.0,1,1
29,31,0.0,1,1
29,32,1.0,1,1
29,33,1.0,1,1
30,0,6.0,1,1
30,1,4.0,1,1
30,2,3.0,1,1
30,3,2.0,1,1
30,4,0.0,1,1
30,5,4.0,1,1
30,6,0.0,1,1
30,7,7.0,1,1
30,8,0.0,1,1
30,9,0.0,1,1
30,10,0.0,1,1
30,11,5.0,1,1
30,12,1.0,1,1
30,13,0.0,1,1
30,14,1.0,1,1
30,15,5.0,1,1
30,16,0.0,1,1
30,17,4.0,1,1
30,18,5.0,1,1
30,19,0.0,1,1
30,20,1.0,1,1
30,21,3.0,1,1
30,22,0.0,1,1
30,23,1.0,1,1
30,24,0.0,1,1
30,25,0.0,1,1
30,26,0.0,1,1
30,27,0.0,1,1
30,28,0.0,1,1
30,29,1.0,1,1
30,30,1.0,1,1
30,31,0.0,1,1
30,32,1.0,1,1
30,33,0.0,1,1
31,0,5.0,1,1
31,1,5.0,1,1
31,2,2.0,1,1
31,3,0.0,1,1
31,4,2.0,1,1
31,5,2.0,1,1
31,6,0.0,1,1
31,7,4.0,1,1
31,8,1.0,1,1
31,9,0.0,1,1
31,10,0.0,1,1
31,11,4.0,1,1
31,12,0.0,1,1
31,13,2.0,1,1
31,14,4.0,1,1
31,15,5.0,1,1
31,16,0.0,1,1
31,17,4.0,1,1
31,18,2.0,1,1
31,19,0.0,1,1
31,20,2.0,1,1
31,21,2.0,1,1
31,22,1.0,1,1
31,23,4.0,1,1
31,24,0.0,1,1
31,25,1.0,1,1
31,26,2.0,1,1
31,27,0.0,1,1
31,28,0.0,1,1
31,29,0.0,1,1
31,30,0.0,1,1
31,31,0.0,1,1
31,32,2.0,1,1
31,33,0.0,1,1
32,0,6.0,1,1
32,1,14.0,1,1
32,2,0.0,1,1
32,3,1.0,1,1
32,4,2.0,1,1
32,5,3.0,1,1
32,6,0.0,1,1
32,7,2.0,1,1
32,8,2.0,1,1
32,9,0.0,1,1
32,10,0.0,1,1
32,11,0.0,1,1
32,12,2.0,1,1
32,13,0.0,1,1
32,14,0.0,1,1
32,15,3.0,1,1
32,16,0.0,1,1
32,17,4.0,1,1
32,18,2.0,1,1
32,19,3.0,1,1
32,20,1.0,1,1
32,21,0.0,1,1
32,22,1.0,1,1
32,23,2.0,1,1
32,24,0.0,1,1
32,25,1.0,1,1
32,26,0.0,1,1
32,27,0.0,1,1
32,28,0.0,1,1
32,29,0.0,1,1
32,30,3.0,1,1
32,31,0.0,1,1
32,32,2.0,1,1
32,33,0.0,1,1
33,0,1.0,1,1
33,1,10.0,1,1
33,2,3.0,1,1
33,3,0.0,1,1
33,4,1.0,1,1
33,5,5.0,1,1
33,6,0.0,1,1
33,7,9.0,1,1
33,8,2.0,1,1
33,9,0.0,1,1
33,10,0.0,1,1
33,11,2.0,1,1
33,12,0.0,1,1
33,13,0.0,1,1
33,14,3.0,1,1
33,15,1.0,1,1
33,16,1.0,1,1
33,17,5.0,1,1
33,18,2.0,1,1
33,19,2.0,1,1
33,20,1.0,1,1
33,21,0.0,1,1
33,22,1.0,1,1
33,23,2.0,1,1
33,24,0.0,1,1
33,25,1.0,1,1
33,26,0.0,1,1
33,27,0.0,1,1
33,28,3.0,1,1
33,29,0.0,1,1
33,30,0.0,1,1
33,31,2.0,1,1
33,32,0.0,1,1
33,33,0.0,1,1
34,0,13.0,1,1
34,1,9.0,1,1
34,2,5.0,1,1
34,3,0.0,1,1
34,4,0.0,1,1
34,5,3.0,1,1
34,6,0.0,1,1
34,7,7.0,1,1
34,8,0.0,1,1
34,9,0.0,1,1
34,10,0.0,1,1
34,11,5.0,1,1
34,12,4.0,1,1
34,13,1.0,1,1
34,14,0.0,1,1
34,15,6.0,1,1
34,16,0.0,1,1
34,17,4.0,1,1
34,18,6.0,1,1
34,19,2.0,1,1
34,20,4.0,1,1
34,21,0.0,1,1
34,22,2.0,1,1
34,23,13.0,1,1
34,24,0.0,1,1
34,25,1.0,1,1
34,26,3.0,1,1
34,27,0.0,1,1
34,28,1.0,1,1
34,29,0.0,1,1
34,30,0.0,1,1
34,31,1.0,1,1
34,32,0.0,1,1
34,33,0.0,1,1
35,0,11.0,1,1
35,1,9.0,1,1
35,2,3.0,1,1
35,3,0.0,1,1
35,4,1.0,1,1
35,5,8.0,1,1
35,6,0.0,1,1
35,7,5.0,1,1
35,8,3.0,1,1
35,9,0.0,1,1
35,10,1.0,1,1
35,11,5.0,1,1
35,12,3.0,1,1
35,13,0.0,1,1
35,14,3.0,1,1
35,15,5.0,1,1
35,16,0.0,1,1
35,17,20.0,1,1
35,18,7.0,1,1
35,19,4.0,1,1
35,20,3.0,1,1
35,21,3.0,1,1
35,22,1.0,1,1
35,23,6.0,1,1
35,24,0.0,1,1
35,25,1.0,1,1
35,26,6.0,1,1
35,27,0.0,1,1
35,28,1.0,1,1
35,29,1.0,1,1
35,30,4.0,1,1
35,31,3.0,1,1
35,32,1.0,1,1
35,33,0.0,1,1
36,0,19.0,1,1
36,1,25.0,1,1
36,2,4.0,1,1
36,3,0.0,1,1
36,4,2.0,1,1
36,5,15.0,1,1
36,6,0.0,1,1
36,7,3.0,1,1
36,8,6.0,1,1
36,9,0.0,1,1
36,10,2.0,1,1
36,11,2.0,1,1
36,12,0.0,1,1
36,13,0.0,1,1
36,14,1.0,1,1
36,15,4.0,1,1
36,16,0.0,1,1
36,17,14.0,1,1
36,18,19.0,1,1
36,19,1.0,1,1
36,20,2.0,1,1
36,21,8.0,1,1
36,22,1.0,1,1
36,23,6.0,1,1
36,24,0.0,1,1
36,25,0.0,1,1
36,26,2.0,1,1
36,27,0.0,1,1
36,28,3.0,1,1
36,29,2.0,1,1
36,30,2.0,1,1
36,31,0.0,1,1
36,32,6.0,1,1
36,33,1.0,1,1
37,0,13.0,1,1
37,1,22.0,1,1
37,2,9.0,1,1
37,3,6.0,1,1
37,4,3.0,1,1
37,5,10.0,1,1
37,6,0.0,1,1
37,7,13.0,1,1
37,8,3.0,1,1
37,9,0.0,1,1
37,10,3.0,1,1
37,11,12.0,1,1
37,12,1.0,1,1
37,13,0.0,1,1
37,14,0.0,1,1
37,15,1.0,1,1
37,16,0.0,1,1
37,17,24.0,1,1
37,18,17.0,1,1
37,19,4.0,1,1
37,20,10.0,1,1
37,21,7.0,1,1
37,22,4.0,1,1
37,23,8.0,1,1
37,24,0.0,1,1
37,25,5.0,1,1
37,26,7.0,1,1
37,27,0.0,1,1
37,28,3.0,1,1
37,29,3.0,1,1
37,30,5.0,1,1
37,31,1.0,1,1
37,32,2.0,1,1
37,33,1.0,1,1
38,0,14.0,1,1
38,1,34.0,1,1
38,2,17.0,1,1
38,3,3.0,1,1
38,4,10.0,1,1
38,5,21.0,1,1
38,6,0.0,1,1
38,7,15.0,1,1
38,8,7.0,1,1
38,9,0.0,1,1
38,10,1.0,1,1
38,11,11.0,1,1
38,12,2.0,1,1
38,13,0.0,1,1
38,14,2.0,1,1
38,15,3.0,1,1
38,16,0.0,1,1
38,17,36.0,1,1
38,18,21.0,1,1
38,19,5.0,1,1
38,20,9.0,1,1
38,21,5.0,1,1
38,22,4.0,1,1
38,23,15.0,1,1
38,24,0.0,1,1
38,25,2.0,1,1
38,26,9.0,1,1
38,27,0.0,1,1
38,28,4.0,1,1
38,29,3.0,1,1
38,30,3.0,1,1
38,31,1.0,1,1
38,32,3.0,1,1
38,33,2.0,1,1
39,0,44.0,1,1
39,1,37.0,1,1
39,2,15.0,1,1
39,3,5.0,1,1
39,4,14.0,1,1
39,5,14.0,1,1
39,6,0.0,1,1
39,7,12.0,1,1
39,8,8.0,1,1
39,9,0.0,1,1
39,10,5.0,1,1
39,11,16.0,1,1
39,12,4.0,1,1
39,13,2.0,1,1
39,14,0.0,1,1
39,15,8.0,1,1
39,16,0.0,1,1
39,17,39.0,1,1
39,18,23.0,1,1
39,19,6.0,1,1
39,20,12.0,1,1
39,21,9.0,1,1
39,22,5.0,1,1
39,23,15.0,1,1
39,24,0.0,1,1
39,25,9.0,1,1
39,26,4.0,1,1
39,27,0.0,1,1
39,28,5.0,1,1
39,29,2.0,1,1
39,30,7.0,1,1
39,31,8.0,1,1
39,32,5.0,1,1
39,33,1.0,1,1
40,0,53.0,1,1
40,1,55.0,1,1
40,2,12.0,1,1
40,3,51.0,1,1
40,4,6.0,1,1
40,5,35.0,1,1
40,6,0.0,1,1
40,7,14.0,1,1
40,8,14.0,1,1
40,9,0.0,1,1
40,10,7.0,1,1
40,11,10.0,1,1
40,12,4.0,1,1
40,13,1.0,1,1
40,14,2.0,1,1
40,15,8.0,1,1
40,16,0.0,1,1
40,17,65.0,1,1
40,18,40.0,1,1
40,19,15.0,1,1
40,20,22.0,1,1
40,21,14.0,1,1
40,22,2.0,1,1
40,23,24.0,1,1
40,24,0.0,1,1
40,25,3.0,1,1
40,26,12.0,1,1
40,27,0.0,1,1
40,28,4.0,1,1
40,29,3.0,1,1
40,30,16.0,1,1
40,31,2.0,1,1
40,32,8.0,1,1
40,33,4.0,1,1
41,0,76.0,1,1
41,1,71.0,1,1
41,2,18.0,1,1
41,3,9.0,1,1
41,4,10.0,1,1
41,5,36.0,1,1
41,6,0.0,1,1
41,7,19.0,1,1
41,8,14.0,1,1
41,9,0.0,1,1
41,10,7.0,1,1
41,11,15.0,1,1
41,12,2.0,1,1
41,13,2.0,1,1
41,14,1.0,1,1
41,15,5.0,1,1
41,16,1.0,1,1
41,17,63.0,1,1
41,18,55.0,1,1
41,19,15.0,1,1
41,20,18.0,1,1
41,21,17.0,1,1
41,22,9.0,1,1
41,23,31.0,1,1
41,24,0.0,1,1
41,25,9.0,1,1
41,26,13.0,1,1
41,27,0.0,1,1
41,28,12.0,1,1
41,29,4.0,1,1
41,30,17.0,1,1
41,31,5.0,1,1
41,32,10.0,1,1
41,33,1.0,1,1
42,0,89.0,1,1
42,1,107.0,1,1
42,2,19.0,1,1
42,3,10.0,1,1
42,4,24.0,1,1
42,5,50.0,1,1
42,6,0.0,1,1
42,7,21.0,1,1
42,8,6.0,1,1
42,9,0.0,1,1
42,10,4.0,1,1
42,11,18.0,1,1
42,12,4.0,1,1
42,13,0.0,1,1
42,14,1.0,1,1
42,15,5.0,1,1
42,16,0.0,1,1
42,17,97.0,1,1
42,18,77.0,1,1
42,19,14.0,1,1
42,20,25.0,1,1
42,21,18.0,1,1
42,22,8.0,1,1
42,23,23.0,1,1
42,24,4.0,1,1
42,25,6.0,1,1
42,26,25.0,1,1
42,27,0.0,1,1
42,28,19.0,1,1
42,29,4.0,1,1
42,30,13.0,1,1
42,31,11.0,1,1
42,32,11.0,1,1
42,33,4.0,1,1
43,0,104.0,1,1
43,1,123.0,1,1
43,2,25.0,1,1
43,3,5.0,1,1
43,4,17.0,1,1
43,5,70.0,1,1
43,6,0.0,1,1
43,7,20.0,1,1
43,8,15.0,1,1
43,9,0.0,1,1
43,10,2.0,1,1
43,11,15.0,1,1
43,12,8.0,1,1
43,13,0.0,1,1
43,14,10.0,1,1
43,15,9.0,1,1
43,16,1.0,1,1
43,17,94.0,1,1
43,18,73.0,1,1
43,19,13.0,1,1
43,20,28.0,1,1
43,21,23.0,1,1
43,22,3.0,1,1
43,23,30.0,1,1
43,24,1.0,1,1
43,25,16.0,1,1
43,26,22.0,1,1
43,27,0.0,1,1
43,28,14.0,1,1
43,29,11.0,1,1
43,30,14.0,1,1
43,31,7.0,1,1
43,32,14.0,1,1
43,33,12.0,1,1
44,0,120.0,1,1
44,1,147.0,1,1
44,2,32.0,1,1
44,3,17.0,1,1
44,4,21.0,1,1
44,5,99.0,1,1
44,6,0.0,1,1
44,7,37.0,1,1
44,8,16.0,1,1
44,9,0.0,1,1
44,10,9.0,1,1
44,11,22.0,1,1
44,12,35.0,1,1
44,13,0.0,1,1
44,14,3.0,1,1
44,15,9.0,1,1
44,16,1.0,1,1
44,17,105.0,1,1
44,18,63.0,1,1
44,19,18.0,1,1
44,20,35.0,1,1
44,21,23.0,1,1
44,22,9.0,1,1
44,23,48.0,1,1
44,24,3.0,1,1
44,25,8.0,1,1
44,26,25.0,1,1
44,27,0.0,1,1
44,28,18.0,1,1
44,29,4.0,1,1
44,30,12.0,1,1
44,31,10.0,1,1
44,32,12.0,1,1
44,33,9.0,1,1
45,0,155.0,1,1
45,1,180.0,1,1
45,2,47.0,1,1
45,3,14.0,1,1
45,4,24.0,1,1
45,5,77.0,1,1
45,6,0.0,1,1
45,7,36.0,1,1
45,8,23.0,1,1
45,9,0.0,1,1
45,10,9.0,1,1
45,11,19.0,1,1
45,12,4.0,1,1
45,13,2.0,1,1
45,14,7.0,1,1
45,15,14.0,1,1
45,16,1.0,1,1
45,17,128.0,1,1
45,18,76.0,1,1
45,19,24.0,1,1
45,20,45.0,1,1
45,21,30.0,1,1
45,22,9.0,1,1
45,23,36.0,1,1
45,24,2.0,1,1
45,25,7.0,1,1
45,26,15.0,1,1
45,27,0.0,1,1
45,28,14.0,1,1
45,29,4.0,1,1
45,30,14.0,1,1
45,31,10.0,1,1
45,32,15.0,1,1
45,33,4.0,1,1
46,0,151.0,1,1
46,1,193.0,1,1
46,2,73.0,1,1
46,3,19.0,1,1
46,4,29.0,1,1
46,5,110.0,1,1
46,6,0.0,1,1
46,7,46.0,1,1
46,8,18.0,1,1
46,9,0.0,1,1
46,10,15.0,1,1
46,11,31.0,1,1
46,12,8.0,1,1
46,13,0.0,1,1
46,14,5.0,1,1
46,15,14.0,1,1
46,16,4.0,1,1
46,17,138.0,1,1
46,18,73.0,1,1
46,19,24.0,1,1
46,20,47.0,1,1
46,21,32.0,1,1
46,22,15.0,1,1
46,23,39.0,1,1
46,24,3.0,1,1
46,25,11.0,1,1
46,26,27.0,1,1
46,27,0.0,1,1
46,28,13.0,1,1
46,29,11.0,1,1
46,30,20.0,1,1
46,31,3.0,1,1
46,32,10.0,1,1
46,33,9.0,1,1
47,0,193.0,1,1
47,1,222.0,1,1
47,2,75.0,1,1
47,3,23.0,1,1
47,4,28.0,1,1
47,5,124.0,1,1
47,6,0.0,1,1
47,7,58.0,1,1
47,8,24.0,1,1
47,9,0.0,1,1
47,10,10.0,1,1
47,11,34.0,1,1
47,12,14.0,1,1
47,13,0.0,1,1
47,14,4.0,1,1
47,15,14.0,1,1
47,16,3.0,1,1
47,17,153.0,1,1
47,18,82.0,1,1
47,19,34.0,1,1
47,20,46.0,1,1
47,21,32.0,1,1
47,22,8.0,1,1
47,23,49.0,1,1
47,24,2.0,1,1
47,25,5.0,1,1
47,26,25.0,1,1
47,27,0.0,1,1
47,28,13.0,1,1
47,29,11.0,1,1
47,30,23.0,1,1
47,31,14.0,1,1
47,32,10.0,1,1
47,33,13.0,1,1
48,0,219.0,1,1
48,1,213.0,1,1
48,2,67.0,1,1
48,3,20.0,1,1
48,4,25.0,1,1
48,5,119.0,1,1
48,6,0.0,1,1
48,7,61.0,1,1
48,8,27.0,1,1
48,9,0.0,1,1
48,10,10.0,1,1
48,11,36.0,1,1
48,12,10.0,1,1
48,13,3.0,1,1
48,14,9.0,1,1
48,15,23.0,1,1
48,16,4.0,1,1
48,17,164.0,1,1
48,18,89.0,1,1
48,19,29.0,1,1
48,20,46.0,1,1
48,21,35.0,1,1
48,22,9.0,1,1
48,23,53.0,1,1
48,24,2.0,1,1
48,25,11.0,1,1
48,26,26.0,1,1
48,27,0.0,1,1
48,28,20.0,1,1
48,29,9.0,1,1
48,30,26.0,1,1
48,31,5.0,1,1
48,32,14.0,1,1
48,33,9.0,1,1
49,0,215.0,1,1
49,1,234.0,1,1
49,2,94.0,1,1
49,3,15.0,1,1
49,4,33.0,1,1
49,5,110.0,1,1
49,6,0.0,1,1
49,7,72.0,1,1
49,8,20.0,1,1
49,9,0.0,1,1
49,10,16.0,1,1
49,11,44.0,1,1
49,12,15.0,1,1
49,13,0.0,1,1
49,14,4.0,1,1
49,15,27.0,1,1
49,16,3.0,1,1
49,17,197.0,1,1
49,18,110.0,1,1
49,19,43.0,1,1
49,20,57.0,1,1
49,21,56.0,1,1
49,22,19.0,1,1
49,23,54.0,1,1
49,24,4.0,1,1
49,25,12.0,1,1
49,26,29.0,1,1
49,27,0.0,1,1
49,28,17.0,1,1
49,29,16.0,1,1
49,30,30.0,1,1
49,31,3.0,1,1
49,32,15.0,1,1
49,33,13.0,1,1
50,0,238.0,1,1
50,1,256.0,1,1
50,2,82.0,1,1
50,3,21.0,1,1
50,4,30.0,1,1
50,5,155.0,1,1
50,6,0.0,1,1
50,7,80.0,1,1
50,8,23.0,1,1
50,9,0.0,1,1
50,10,11.0,1,1
50,11,52.0,1,1
50,12,7.0,1,1
50,13,0.0,1,1
50,14,14.0,1,1
50,15,27.0,1,1
50,16,4.0,1,1
50,17,176.0,1,1
50,18,115.0,1,1
50,19,28.0,1,1
50,20,59.0,1,1
50,21,72.0,1,1
50,22,10.0,1,1
50,23,58.0,1,1
50,24,5.0,1,1
50,25,11.0,1,1
50,26,25.0,1,1
50,27,0.0,1,1
50,28,29.0,1,1
50,29,20.0,1,1
50,30,32.0,1,1
50,31,8.0,1,1
50,32,18.0,1,1
50,33,18.0,1,1
51,0,206.0,1,1
51,1,195.0,1,1
51,2,93.0,1,1
51,3,34.0,1,1
51,4,26.0,1,1
51,5,111.0,1,1
51,6,0.0,1,1
51,7,68.0,1,1
51,8,19.0,1,1
51,9,0.0,1,1
51,10,12.0,1,1
51,11,36.0,1,1
51,12,21.0,1,1
51,13,0.0,1,1
51,14,9.0,1,1
51,15,29.0,1,1
51,16,4.0,1,1
51,17,162.0,1,1
51,18,122.0,1,1
51,19,35.0,1,1
51,20,61.0,1,1
51,21,68.0,1,1
51,22,19.0,1,1
51,23,62.0,1,1
51,24,0.0,1,1
51,25,27.0,1,1
51,26,21.0,1,1
51,27,0.0,1,1
51,28,12.0,1,1
51,29,21.0,1,1
51,30,20.0,1,1
51,31,10.0,1,1
51,32,13.0,1,1
51,33,22.0,1,1
52,0,184.0,1,1
52,1,220.0,1,1
52,2,68.0,1,1
52,3,15.0,1,1
52,4,21.0,1,1
52,5,126.0,1,1
52,6,0.0,1,1
52,7,72.0,1,1
52,8,21.0,1,1
52,9,0.0,1,1
52,10,6.0,1,1
52,11,45.0,1,1
52,12,21.0,1,1
52,13,0.0,1,1
52,14,5.0,1,1
52,15,32.0,1,1
52,16,8.0,1,1
52,17,148.0,1,1
52,18,106.0,1,1
52,19,46.0,1,1
52,20,61.0,1,1
52,21,52.0,1,1
52,22,21.0,1,1
52,23,84.0,1,1
52,24,4.0,1,1
52,25,21.0,1,1
52,26,26.0,1,1
52,27,0.0,1,1
52,28,15.0,1,1
52,29,32.0,1,1
52,30,19.0,1,1
52,31,18.0,1,1
52,32,17.0,1,1
52,33,24.0,1,1
53,0,157.0,1,1
53,1,140.0,1,1
53,2,64.0,1,1
53,3,16.0,1,1
53,4,14.0,1,1
53,5,98.0,1,1
53,6,0.0,1,1
53,7,76.0,1,1
53,8,30.0,1,1
53,9,0.0,1,1
53,10,10.0,1,1
53,11,46.0,1,1
53,12,12.0,1,1
53,13,0.0,1,1
53,14,5.0,1,1
53,15,27.0,1,1
53,16,8.0,1,1
53,17,151.0,1,1
53,18,98.0,1,1
53,19,40.0,1,1
53,20,44.0,1,1
53,21,31.0,1,1
53,22,20.0,1,1
53,23,72.0,1,1
53,24,6.0,1,1
53,25,15.0,1,1
53,26,34.0,1,1
53,27,0.0,1,1
53,28,19.0,1,1
53,29,35.0,1,1
53,30,17.0,1,1
53,31,13.0,1,1
53,32,6.0,1,1
53,33,26.0,1,1
54,0,145.0,1,1
54,1,189.0,1,1
54,2,77.0,1,1
54,3,21.0,1,1
54,4,17.0,1,1
54,5,114.0,1,1
54,6,0.0,1,1
54,7,76.0,1,1
54,8,19.0,1,1
54,9,0.0,1,1
54,10,13.0,1,1
54,11,41.0,1,1
54,12,21.0,1,1
54,13,0.0,1,1
54,14,14.0,1,1
54,15,34.0,1,1
54,16,2.0,1,1
54,17,133.0,1,1
54,18,108.0,1,1
54,19,25.0,1,1
54,20,50.0,1,1
54,21,37.0,1,1
54,22,16.0,1,1
54,23,65.0,1,1
54,24,2.0,1,1
54,25,15.0,1,1
54,26,40.0,1,1
54,27,0.0,1,1
54,28,15.0,1,1
54,29,47.0,1,1
54,30,18.0,1,1
54,31,10.0,1,1
54,32,9.0,1,1
54,33,23.0,1,1
55,0,130.0,1,1
55,1,133.0,1,1
55,2,70.0,1,1
55,3,22.0,1,1
55,4,12.0,1,1
55,5,84.0,1,1
55,6,0.0,1,1
55,7,53.0,1,1
55,8,25.0,1,1
55,9,0.0,1,1
55,10,7.0,1,1
55,11,35.0,1,1
55,12,83.0,1,1
55,13,2.0,1,1
55,14,10.0,1,1
55,15,32.0,1,1
55,16,4.0,1,1
55,17,101.0,1,1
55,18,73.0,1,1
55,19,15.0,1,1
55,20,25.0,1,1
55,21,49.0,1,1
55,22,7.0,1,1
55,23,44.0,1,1
55,24,2.0,1,1
55,25,14.0,1,1
55,26,25.0,1,1
55,27,0.0,1,1
55,28,13.0,1,1
55,29,40.0,1,1
55,30,22.0,1,1
55,31,7.0,1,1
55,32,13.0,1,1
55,33,22.0,1,1
56,0,105.0,1,1
56,1,121.0,1,1
56,2,62.0,1,1
56,3,29.0,1,1
56,4,9.0,1,1
56,5,71.0,1,1
56,6,0.0,1,1
56,7,60.0,1,1
56,8,27.0,1,1
56,9,0.0,1,1
56,10,13.0,1,1
56,11,35.0,1,1
56,12,26.0,1,1
56,13,1.0,1,1
56,14,7.0,1,1
56,15,30.0,1,1
56,16,3.0,1,1
56,17,90.0,1,1
56,18,81.0,1,1
56,19,22.0,1,1
56,20,15.0,1,1
56,21,45.0,1,1
56,22,7.0,1,1
56,23,34.0,1,1
56,24,0.0,1,1
56,25,11.0,1,1
56,26,17.0,1,1
56,27,0.0,1,1
56,28,15.0,1,1
56,29,17.0,1,1
56,30,16.0,1,1
56,31,6.0,1,1
56,32,13.0,1,1
56,33,11.0,1,1
57,0,109.0,1,1
57,1,107.0,1,1
57,2,69.0,1,1
57,3,8.0,1,1
57,4,12.0,1,1
57,5,75.0,1,1
57,6,0.0,1,1
57,7,61.0,1,1
57,8,12.0,1,1
57,9,0.0,1,1
57,10,18.0,1,1
57,11,28.0,1,1
57,12,22.0,1,1
57,13,0.0,1,1
57,14,16.0,1,1
57,15,27.0,1,1
57,16,2.0,1,1
57,17,66.0,1,1
57,18,75.0,1,1
57,19,15.0,1,1
57,20,16.0,1,1
57,21,37.0,1,1
57,22,14.0,1,1
57,23,29.0,1,1
57,24,1.0,1,1
57,25,7.0,1,1
57,26,16.0,1,1
57,27,0.0,1,1
57,28,20.0,1,1
57,29,11.0,1,1
57,30,12.0,1,1
57,31,11.0,1,1
57,32,9.0,1,1
57,33,10.0,1,1
58,0,129.0,1,1
58,1,105.0,1,1
58,2,61.0,1,1
58,3,19.0,1,1
58,4,10.0,1,1
58,5,67.0,1,1
58,6,0.0,1,1
58,7,52.0,1,1
58,8,19.0,1,1
58,9,0.0,1,1
58,10,12.0,1,1
58,11,37.0,1,1
58,12,17.0,1,1
58,13,0.0,1,1
58,14,7.0,1,1
58,15,33.0,1,1
58,16,1.0,1,1
58,17,90.0,1,1
58,18,69.0,1,1
58,19,20.0,1,1
58,20,20.0,1,1
58,21,29.0,1,1
58,22,10.0,1,1
58,23,34.0,1,1
58,24,0.0,1,1
58,25,4.0,1,1
58,26,14.0,1,1
58,27,0.0,1,1
58,28,18.0,1,1
58,29,12.0,1,1
58,30,12.0,1,1
58,31,4.0,1,1
58,32,6.0,1,1
58,33,7.0,1,1
59,0,115.0,1,1
59,1,119.0,1,1
59,2,69.0,1,1
59,3,17.0,1,1
59,4,8.0,1,1
59,5,75.0,1,1
59,6,0.0,1,1
59,7,62.0,1,1
59,8,16.0,1,1
59,9,0.0,1,1
59,10,11.0,1,1
59,11,44.0,1,1
59,12,10.0,1,1
59,13,0.0,1,1
59,14,14.0,1,1
59,15,33.0,1,1
59,16,7.0,1,1
59,17,82.0,1,1
59,18,75.0,1,1
59,19,13.0,1,1
59,20,21.0,1,1
59,21,23.0,1,1
59,22,10.0,1,1
59,23,24.0,1,1
59,24,2.0,1,1
59,25,9.0,1,1
59,26,28.0,1,1
59,27,0.0,1,1
59,28,13.0,1,1
59,29,10.0,1,1
59,30,16.0,1,1
59,31,6.0,1,1
59,32,10.0,1,1
59,33,5.0,1,1
60,0,102.0,1,1
60,1,104.0,1,1
60,2,61.0,1,1
60,3,18.0,1,1
60,4,12.0,1,1
60,5,75.0,1,1
60,6,0.0,1,1
60,7,58.0,1,1
60,8,25.0,1,1
60,9,0.0,1,1
60,10,18.0,1,1
60,11,36.0,1,1
60,12,29.0,1,1
60,13,2.0,1,1
60,14,8.0,1,1
60,15,27.0,1,1
60,16,4.0,1,1
60,17,77.0,1,1
60,18,76.0,1,1
60,19,16.0,1,1
60,20,29.0,1,1
60,21,29.0,1,1
60,22,4.0,1,1
60,23,26.0,1,1
60,24,0.0,1,1
60,25,7.0,1,1
60,26,21.0,1,1
60,27,0.0,1,1
60,28,15.0,1,1
60,29,12.0,1,1
60,30,4.0,1,1
60,31,5.0,1,1
60,32,9.0,1,1
60,33,15.0,1,1
61,0,139.0,1,1
61,1,110.0,1,1
61,2,67.0,1,1
61,3,21.0,1,1
61,4,11.0,1,1
61,5,83.0,1,1
61,6,0.0,1,1
61,7,65.0,1,1
61,8,13.0,1,1
61,9,0.0,1,1
61,10,8.0,1,1
61,11,40.0,1,1
61,12,16.0,1,1
61,13,3.0,1,1
61,14,15.0,1,1
61,15,39.0,1,1
61,16,4.0,1,1
61,17,81.0,1,1
61,18,58.0,1,1
61,19,17.0,1,1
61,20,23.0,1,1
61,21,24.0,1,1
61,22,10.0,1,1
61,23,27.0,1,1
61,24,1.0,1,1
61,25,7.0,1,1
61,26,18.0,1,1
61,27,0.0,1,1
61,28,14.0,1,1
61,29,7.0,1,1
61,30,18.0,1,1
61,31,4.0,1,1
61,32,8.0,1,1
61,33,9.0,1,1
62,0,98.0,1,1
62,1,102.0,1,1
62,2,62.0,1,1
62,3,19.0,1,1
62,4,9.0,1,1
62,5,72.0,1,1
62,6,0.0,1,1
62,7,53.0,1,1
62,8,17.0,1,1
62,9,0.0,1,1
62,10,12.0,1,1
62,11,35.0,1,1
62,12,52.0,1,1
62,13,3.0,1,1
62,14,4.0,1,1
62,15,32.0,1,1
62,16,5.0,1,1
62,17,83.0,1,1
62,18,72.0,1,1
62,19,14.0,1,1
62,20,22.0,1,1
62,21,70.0,1,1
62,22,8.0,1,1
62,23,28.0,1,1
62,24,0.0,1,1
62,25,5.0,1,1
62,26,25.0,1,1
62,27,0.0,1,1
62,28,9.0,1,1
62,29,6.0,1,1
62,30,8.0,1,1
62,31,5.0,1,1
62,32,6.0,1,1
62,33,12.0,1,1
63,0,93.0,1,1
63,1,104.0,1,1
63,2,57.0,1,1
63,3,23.0,1,1
63,4,11.0,1,1
63,5,68.0,1,1
63,6,0.0,1,1
63,7,65.0,1,1
63,8,18.0,1,1
63,9,0.0,1,1
63,10,12.0,1,1
63,11,42.0,1,1
63,12,30.0,1,1
63,13,3.0,1,1
63,14,6.0,1,1
63,15,46.0,1,1
63,16,6.0,1,1
63,17,75.0,1,1
63,18,89.0,1,1
63,19,23.0,1,1
63,20,21.0,1,1
63,21,39.0,1,1
63,22,5.0,1,1
63,23,27.0,1,1
63,24,1.0,1,1
63,25,8.0,1,1
63,26,14.0,1,1
63,27,0.0,1,1
63,28,18.0,1,1
63,29,11.0,1,1
63,30,12.0,1,1
63,31,4.0,1,1
63,32,7.0,1,1
63,33,11.0,1,1
64,0,108.0,1,1
64,1,95.0,1,1
64,2,59.0,1,1
64,3,16.0,1,1
64,4,10.0,1,1
64,5,57.0,1,1
64,6,0.0,1,1
64,7,55.0,1,1
64,8,17.0,1,1
64,9,0.0,1,1
64,10,11.0,1,1
64,11,40.0,1,1
64,12,22.0,1,1
64,13,2.0,1,1
64,14,11.0,1,1
64,15,27.0,1,1
64,16,2.0,1,1
64,17,81.0,1,1
64,18,84.0,1,1
64,19,15.0,1,1
64,20,21.0,1,1
64,21,29.0,1,1
64,22,7.0,1,1
64,23,33.0,1,1
64,24,1.0,1,1
64,25,9.0,1,1
64,26,12.0,1,1
64,27,0.0,1,1
64,28,16.0,1,1
64,29,4.0,1,1
64,30,6.0,1,1
64,31,3.0,1,1
64,32,6.0,1,1
64,33,11.0,1,1
65,0,102.0,1,1
65,1,81.0,1,1
65,2,55.0,1,1
65,3,25.0,1,1
65,4,18.0,1,1
65,5,70.0,1,1
65,6,0.0,1,1
65,7,55.0,1,1
65,8,16.0,1,1
65,9,0.0,1,1
65,10,6.0,1,1
65,11,28.0,1,1
65,12,13.0,1,1
65,13,1.0,1,1
65,14,7.0,1,1
65,15,32.0,1,1
65,16,3.0,1,1
65,17,79.0,1,1
65,18,73.0,1,1
65,19,26.0,1,1
65,20,33.0,1,1
65,21,30.0,1,1
65,22,4.0,1,1
65,23,26.0,1,1
65,24,1.0,1,1
65,25,12.0,1,1
65,26,17.0,1,1
65,27,0.0,1,1
65,28,16.0,1,1
65,29,13.0,1,1
65,30,22.0,1,1
65,31,4.0,1,1
65,32,10.0,1,1
65,33,9.0,1,1
66,0,83.0,1,1
66,1,103.0,1,1
66,2,56.0,1,1
66,3,22.0,1,1
66,4,15.0,1,1
66,5,60.0,1,1
66,6,0.0,1,1
66,7,78.0,1,1
66,8,23.0,1,1
66,9,0.0,1,1
66,10,11.0,1,1
66,11,44.0,1,1
66,12,15.0,1,1
66,13,1.0,1,1
66,14,10.0,1,1
66,15,37.0,1,1
66,16,5.0,1,1
66,17,78.0,1,1
66,18,81.0,1,1
66,19,28.0,1,1
66,20,22.0,1,1
66,21,24.0,1,1
66,22,12.0,1,1
66,23,37.0,1,1
66,24,1.0,1,1
66,25,8.0,1,1
66,26,14.0,1,1
66,27,0.0,1,1
66,28,13.0,1,1
66,29,4.0,1,1
66,30,14.0,1,1
66,31,4.0,1,1
66,32,12.0,1,1
66,33,8.0,1,1
67,0,113.0,1,1
67,1,99.0,1,1
67,2,63.0,1,1
67,3,18.0,1,1
67,4,17.0,1,1
67,5,72.0,1,1
67,6,0.0,1,1
67,7,65.0,1,1
67,8,26.0,1,1
67,9,0.0,1,1
67,10,10.0,1,1
67,11,48.0,1,1
67,12,21.0,1,1
67,13,1.0,1,1
67,14,17.0,1,1
67,15,39.0,1,1
67,16,7.0,1,1
67,17,81.0,1,1
67,18,77.0,1,1
67,19,26.0,1,1
67,20,23.0,1,1
67,21,63.0,1,1
67,22,9.0,1,1
67,23,42.0,1,1
67,24,1.0,1,1
67,25,8.0,1,1
67,26,20.0,1,1
67,27,0.0,1,1
67,28,11.0,1,1
67,29,12.0,1,1
67,30,15.0,1,1
67,31,2.0,1,1
67,32,21.0,1,1
67,33,12.0,1,1
68,0,104.0,1,1
68,1,106.0,1,1
68,2,57.0,1,1
68,3,16.0,1,1
68,4,9.0,1,1
68,5,67.0,1,1
68,6,0.0,1,1
68,7,79.0,1,1
68,8,18.0,1,1
68,9,0.0,1,1
68,10,9.0,1,1
68,11,47.0,1,1
68,12,17.0,1,1
68,13,0.0,1,1
68,14,12.0,1,1
68,15,31.0,1,1
68,16,3.0,1,1
68,17,81.0,1,1
68,18,80.0,1,1
68,19,16.0,1,1
68,20,26.0,1,1
68,21,49.0,1,1
68,22,7.0,1,1
68,23,29.0,1,1
68,24,3.0,1,1
68,25,11.0,1,1
68,26,21.0,1,1
68,27,0.0,1,1
68,28,20.0,1,1
68,29,11.0,1,1
68,30,13.0,1,1
68,31,5.0,1,1
68,32,12.0,1,1
68,33,13.0,1,1
69,0,98.0,1,1
69,1,102.0,1,1
69,2,60.0,1,1
69,3,13.0,1,1
69,4,20.0,1,1
69,5,86.0,1,1
69,6,0.0,1,1
69,7,54.0,1,1
69,8,19.0,1,1
69,9,0.0,1,1
69,10,10.0,1,1
69,11,40.0,1,1
69,12,23.0,1,1
69,13,0.0,1,1
69,14,12.0,1,1
69,15,29.0,1,1
69,16,3.0,1,1
69,17,103.0,1,1
69,18,59.0,1,1
69,19,12.0,1,1
69,20,30.0,1,1
69,21,35.0,1,1
69,22,7.0,1,1
69,23,36.0,1,1
69,24,1.0,1,1
69,25,13.0,1,1
69,26,23.0,1,1
69,27,0.0,1,1
69,28,14.0,1,1
69,29,9.0,1,1
69,30,10.0,1,1
69,31,4.0,1,1
69,32,8.0,1,1
69,33,16.0,1,1
70,0,99.0,1,1
70,1,135.0,1,1
70,2,63.0,1,1
70,3,43.0,1,1
70,4,19.0,1,1
70,5,82.0,1,1
70,6,0.0,1,1
70,7,65.0,1,1
70,8,18.0,1,1
70,9,0.0,1,1
70,10,10.0,1,1
70,11,49.0,1,1
70,12,29.0,1,1
70,13,2.0,1,1
70,14,14.0,1,1
70,15,39.0,1,1
70,16,0.0,1,1
70,17,75.0,1,1
70,18,89.0,1,1
70,19,20.0,1,1
70,20,22.0,1,1
70,21,49.0,1,1
70,22,10.0,1,1
70,23,19.0,1,1
70,24,4.0,1,1
70,25,10.0,1,1
70,26,18.0,1,1
70,27,0.0,1,1
70,28,18.0,1,1
70,29,17.0,1,1
70,30,21.0,1,1
70,31,3.0,1,1
70,32,13.0,1,1
70,33,12.0,1,1
71,0,132.0,1,1
71,1,120.0,1,1
71,2,58.0,1,1
71,3,51.0,1,1
71,4,23.0,1,1
71,5,89.0,1,1
71,6,0.0,1,1
71,7,70.0,1,1
71,8,24.0,1,1
71,9,0.0,1,1
71,10,13.0,1,1
71,11,47.0,1,1
71,12,21.0,1,1
71,13,0.0,1,1
71,14,11.0,1,1
71,15,40.0,1,1
71,16,3.0,1,1
71,17,72.0,1,1
71,18,108.0,1,1
71,19,20.0,1,1
71,20,19.0,1,1
71,21,75.0,1,1
71,22,8.0,1,1
71,23,36.0,1,1
71,24,0.0,1,1
71,25,13.0,1,1
71,26,15.0,1,1
71,27,0.0,1,1
71,28,15.0,1,1
71,29,11.0,1,1
71,30,19.0,1,1
71,31,10.0,1,1
71,32,11.0,1,1
71,33,13.0,1,1
72,0,100.0,1,1
72,1,95.0,1,1
72,2,63.0,1,1
72,3,20.0,1,1
72,4,14.0,1,1
72,5,72.0,1,1
72,6,0.0,1,1
72,7,74.0,1,1
72,8,85.0,1,1
72,9,0.0,1,1
72,10,9.0,1,1
72,11,53.0,1,1
72,12,16.0,1,1
72,13,0.0,1,1
72,14,11.0,1,1
72,15,31.0,1,1
72,16,2.0,1,1
72,17,77.0,1,1
72,18,94.0,1,1
72,19,20.0,1,1
72,20,27.0,1,1
72,21,34.0,1,1
72,22,8.0,1,1
72,23,33.0,1,1
72,24,2.0,1,1
72,25,8.0,1,1
72,26,18.0,1,1
72,27,0.0,1,1
72,28,17.0,1,1
72,29,10.0,1,1
72,30,13.0,1,1
72,31,12.0,1,1
72,32,15.0,1,1
72,33,14.0,1,1
73,0,111.0,1,1
73,1,81.0,1,1
73,2,68.0,1,1
73,3,33.0,1,1
73,4,18.0,1,1
73,5,49.0,1,1
73,6,0.0,1,1
73,7,75.0,1,1
73,8,14.0,1,1
73,9,0.0,1,1
73,10,19.0,1,1
73,11,45.0,1,1
73,12,15.0,1,1
73,13,0.0,1,1
73,14,16.0,1,1
73,15,60.0,1,1
73,16,0.0,1,1
73,17,110.0,1,1
73,18,84.0,1,1
73,19,19.0,1,1
73,20,33.0,1,1
73,21,33.0,1,1
73,22,16.0,1,1
73,23,48.0,1,1
73,24,1.0,1,1
73,25,18.0,1,1
73,26,32.0,1,1
73,27,0.0,1,1
73,28,16.0,1,1
73,29,30.0,1,1
73,30,20.0,1,1
73,31,15.0,1,1
73,32,13.0,1,1
73,33,16.0,1,1
74,0,80.0,1,1
74,1,102.0,1,1
74,2,58.0,1,1
74,3,20.0,1,1
74,4,14.0,1,1
74,5,76.0,1,1
74,6,0.0,1,1
74,7,77.0,1,1
74,8,18.0,1,1
74,9,0.0,1,1
74,10,15.0,1,1
74,11,57.0,1,1
74,12,19.0,1,1
74,13,0.0,1,1
74,14,14.0,1,1
74,15,45.0,1,1
74,16,4.0,1,1
74,17,108.0,1,1
74,18,78.0,1,1
74,19,27.0,1,1
74,20,37.0,1,1
74,21,38.0,1,1
74,22,15.0,1,1
74,23,48.0,1,1
74,24,3.0,1,1
74,25,11.0,1,1
74,26,28.0,1,1
74,27,0.0,1,1
74,28,14.0,1,1
74,29,18.0,1,1
74,30,17.0,1,1
74,31,7.0,1,1
74,32,12.0,1,1
74,33,10.0,1,1
75,0,86.0,1,1
75,1,108.0,1,1
75,2,63.0,1,1
75,3,16.0,1,1
75,4,19.0,1,1
75,5,74.0,1,1
75,6,0.0,1,1
75,7,68.0,1,1
75,8,27.0,1,1
75,9,0.0,1,1
75,10,7.0,1,1
75,11,53.0,1,1
75,12,18.0,1,1
75,13,1.0,1,1
75,14,11.0,1,1
75,15,43.0,1,1
75,16,2.0,1,1
75,17,82.0,1,1
75,18,91.0,1,1
75,19,30.0,1,1
75,20,25.0,1,1
75,21,40.0,1,1
75,22,12.0,1,1
75,23,41.0,1,1
75,24,5.0,1,1
75,25,12.0,1,1
75,26,28.0,1,1
75,27,0.0,1,1
75,28,21.0,1,1
75,29,18.0,1,1
75,30,22.0,1,1
75,31,8.0,1,1
75,32,7.0,1,1
75,33,15.0,1,1
76,0,117.0,1,1
76,1,105.0,1,1
76,2,64.0,1,1
76,3,12.0,1,1
76,4,20.0,1,1
76,5,72.0,1,1
76,6,0.0,1,1
76,7,51.0,1,1
76,8,24.0,1,1
76,9,0.0,1,1
76,10,12.0,1,1
76,11,44.0,1,1
76,12,11.0,1,1
76,13,0.0,1,1
76,14,9.0,1,1
76,15,63.0,1,1
76,16,6.0,1,1
76,17,112.0,1,1
76,18,107.0,1,1
76,19,26.0,1,1
76,20,36.0,1,1
76,21,50.0,1,1
76,22,6.0,1,1
76,23,58.0,1,1
76,24,2.0,1,1
76,25,16.0,1,1
76,26,28.0,1,1
76,27,0.0,1,1
76,28,18.0,1,1
76,29,15.0,1,1
76,30,25.0,1,1
76,31,15.0,1,1
76,32,15.0,1,1
76,33,18.0,1,1
77,0,120.0,1,1
77,1,107.0,1,1
77,2,77.0,1,1
77,3,16.0,1,1
77,4,14.0,1,1
77,5,70.0,1,1
77,6,0.0,1,1
77,7,66.0,1,1
77,8,21.0,1,1
77,9,0.0,1,1
77,10,19.0,1,1
77,11,43.0,1,1
77,12,9.0,1,1
77,13,0.0,1,1
77,14,6.0,1,1
77,15,49.0,1,1
77,16,3.0,1,1
77,17,117.0,1,1
77,18,92.0,1,1
77,19,34.0,1,1
77,20,32.0,1,1
77,21,30.0,1,1
77,22,8.0,1,1
77,23,53.0,1,1
77,24,5.0,1,1
77,25,22.0,1,1
77,26,27.0,1,1
77,27,0.0,1,1
77,28,28.0,1,1
77,29,24.0,1,1
77,30,15.0,1,1
77,31,9.0,1,1
77,32,13.0,1,1
77,33,19.0,1,1
78,0,118.0,1,1
78,1,100.0,1,1
78,2,62.0,1,1
78,3,18.0,1,1
78,4,16.0,1,1
78,5,76.0,1,1
78,6,0.0,1,1
78,7,57.0,1,1
78,8,16.0,1,1
78,9,0.0,1,1
78,10,10.0,1,1
78,11,33.0,1,1
78,12,8.0,1,1
78,13,0.0,1,1
78,14,3.0,1,1
78,15,57.0,1,1
78,16,5.0,1,1
78,17,80.0,1,1
78,18,78.0,1,1
78,19,28.0,1,1
78,20,36.0,1,1
78,21,30.0,1,1
78,22,8.0,1,1
78,23,51.0,1,1
78,24,0.0,1,1
78,25,14.0,1,1
78,26,18.0,1,1
78,27,0.0,1,1
78,28,22.0,1,1
78,29,17.0,1,1
78,30,24.0,1,1
78,31,14.0,1,1
78,32,15.0,1,1
78,33,14.0,1,1
79,0,89.0,1,1
79,1,128.0,1,1
79,2,71.0,1,1
79,3,20.0,1,1
79,4,18.0,1,1
79,5,83.0,1,1
79,6,0.0,1,1
79,7,80.0,1,1
79,8,22.0,1,1
79,9,0.0,1,1
79,10,11.0,1,1
79,11,51.0,1,1
79,12,13.0,1,1
79,13,0.0,1,1
79,14,14.0,1,1
79,15,66.0,1,1
79,16,7.0,1,1
79,17,101.0,1,1
79,18,102.0,1,1
79,19,23.0,1,1
79,20,36.0,1,1
79,21,44.0,1,1
79,22,12.0,1,1
79,23,35.0,1,1
79,24,0.0,1,1
79,25,17.0,1,1
79,26,21.0,1,1
79,27,0.0,1,1
79,28,9.0,1,1
79,29,16.0,1,1
79,30,22.0,1,1
79,31,8.0,1,1
79,32,11.0,1,1
79,33,12.0,1,1
80,0,129.0,1,1
80,1,106.0,1,1
80,2,61.0,1,1
80,3,31.0,1,1
80,4,24.0,1,1
80,5,70.0,1,1
80,6,0.0,1,1
80,7,63.0,1,1
80,8,34.0,1,1
80,9,0.0,1,1
80,10,10.0,1,1
80,11,43.0,1,1
80,12,12.0,1,1
80,13,0.0,1,1
80,14,17.0,1,1
80,15,52.0,1,1
80,16,7.0,1,1
80,17,85.0,1,1
80,18,81.0,1,1
80,19,35.0,1,1
80,20,31.0,1,1
80,21,55.0,1,1
80,22,18.0,1,1
80,23,51.0,1,1
80,24,3.0,1,1
80,25,19.0,1,1
80,26,20.0,1,1
80,27,0.0,1,1
80,28,24.0,1,1
80,29,20.0,1,1
80,30,28.0,1,1
80,31,12.0,1,1
80,32,17.0,1,1
80,33,15.0,1,1
81,0,136.0,1,1
81,1,116.0,1,1
81,2,63.0,1,1
81,3,28.0,1,1
81,4,19.0,1,1
81,5,82.0,1,1
81,6,0.0,1,1
81,7,67.0,1,1
81,8,34.0,1,1
81,9,0.0,1,1
81,10,8.0,1,1
81,11,41.0,1,1
81,12,10.0,1,1
81,13,3.0,1,1
81,14,14.0,1,1
81,15,78.0,1,1
81,16,5.0,1,1
81,17,110.0,1,1
81,18,89.0,1,1
81,19,30.0,1,1
81,20,29.0,1,1
81,21,30.0,1,1
81,22,15.0,1,1
81,23,50.0,1,1
81,24,3.0,1,1
81,25,10.0,1,1
81,26,21.0,1,1
81,27,0.0,1,1
81,28,18.0,1,1
81,29,17.0,1,1
81,30,24.0,1,1
81,31,10.0,1,1
81,32,12.0,1,1
81,33,14.0,1,1
82,0,132.0,1,1
82,1,122.0,1,1
82,2,50.0,1,1
82,3,89.0,1,1
82,4,18.0,1,1
82,5,72.0,1,1
82,6,0.0,1,1
82,7,64.0,1,1
82,8,22.0,1,1
82,9,0.0,1,1
82,10,8.0,1,1
82,11,55.0,1,1
82,12,8.0,1,1
82,13,0.0,1,1
82,14,4.0,1,1
82,15,52.0,1,1
82,16,6.0,1,1
82,17,81.0,1,1
82,18,82.0,1,1
82,19,38.0,1,1
82,20,46.0,1,1
82,21,36.0,1,1
82,22,15.0,1,1
82,23,38.0,1,1
82,24,0.0,1,1
82,25,17.0,1,1
82,26,20.0,1,1
82,27,0.0,1,1
82,28,15.0,1,1
82,29,13.0,1,1
82,30,24.0,1,1
82,31,12.0,1,1
82,32,10.0,1,1
82,33,14.0,1,1
83,0,121.0,1,1
83,1,91.0,1,1
83,2,77.0,1,1
83,3,18.0,1,1
83,4,12.0,1,1
83,5,63.0,1,1
83,6,0.0,1,1
83,7,72.0,1,1
83,8,24.0,1,1
83,9,0.0,1,1
83,10,12.0,1,1
83,11,45.0,1,1
83,12,8.0,1,1
83,13,0.0,1,1
83,14,11.0,1,1
83,15,87.0,1,1
83,16,8.0,1,1
83,17,80.0,1,1
83,18,101.0,1,1
83,19,32.0,1,1
83,20,38.0,1,1
83,21,32.0,1,1
83,22,13.0,1,1
83,23,54.0,1,1
83,24,3.0,1,1
83,25,9.0,1,1
83,26,14.0,1,1
83,27,0.0,1,1
83,28,24.0,1,1
83,29,22.0,1,1
83,30,18.0,1,1
83,31,2.0,1,1
83,32,13.0,1,1
83,33,15.0,1,1
84,0,94.0,1,1
84,1,110.0,1,1
84,2,61.0,1,1
84,3,18.0,1,1
84,4,23.0,1,1
84,5,82.0,1,1
84,6,0.0,1,1
84,7,63.0,1,1
84,8,24.0,1,1
84,9,0.0,1,1
84,10,11.0,1,1
84,11,46.0,1,1
84,12,8.0,1,1
84,13,0.0,1,1
84,14,18.0,1,1
84,15,83.0,1,1
84,16,4.0,1,1
84,17,95.0,1,1
84,18,99.0,1,1
84,19,33.0,1,1
84,20,28.0,1,1
84,21,47.0,1,1
84,22,11.0,1,1
84,23,56.0,1,1
84,24,1.0,1,1
84,25,16.0,1,1
84,26,25.0,1,1
84,27,0.0,1,1
84,28,13.0,1,1
84,29,13.0,1,1
84,30,18.0,1,1
84,31,10.0,1,1
84,32,15.0,1,1
84,33,10.0,1,1
85,0,98.0,1,1
85,1,101.0,1,1
85,2,61.0,1,1
85,3,26.0,1,1
85,4,16.0,1,1
85,5,71.0,1,1
85,6,0.0,1,1
85,7,73.0,1,1
85,8,27.0,1,1
85,9,0.0,1,1
85,10,16.0,1,1
85,11,48.0,1,1
85,12,12.0,1,1
85,13,0.0,1,1
85,14,8.0,1,1
85,15,63.0,1,1
85,16,1.0,1,1
85,17,98.0,1,1
85,18,101.0,1,1
85,19,23.0,1,1
85,20,27.0,1,1
85,21,51.0,1,1
85,22,6.0,1,1
85,23,49.0,1,1
85,24,2.0,1,1
85,25,9.0,1,1
85,26,25.0,1,1
85,27,0.0,1,1
85,28,18.0,1,1
85,29,18.0,1,1
85,30,16.0,1,1
85,31,7.0,1,1
85,32,9.0,1,1
85,33,13.0,1,1
86,0,113.0,1,1
86,1,108.0,1,1
86,2,78.0,1,1
86,3,33.0,1,1
86,4,17.0,1,1
86,5,90.0,1,1
86,6,0.0,1,1
86,7,81.0,1,1
86,8,96.0,1,1
86,9,0.0,1,1
86,10,13.0,1,1
86,11,51.0,1,1
86,12,22.0,1,1
86,13,0.0,1,1
86,14,16.0,1,1
86,15,82.0,1,1
86,16,3.0,1,1
86,17,92.0,1,1
86,18,94.0,1,1
86,19,27.0,1,1
86,20,28.0,1,1
86,21,33.0,1,1
86,22,14.0,1,1
86,23,56.0,1,1
86,24,5.0,1,1
86,25,11.0,1,1
86,26,31.0,1,1
86,27,0.0,1,1
86,28,21.0,1,1
86,29,7.0,1,1
86,30,25.0,1,1
86,31,4.0,1,1
86,32,11.0,1,1
86,33,7.0,1,1
87,0,110.0,1,1
87,1,91.0,1,1
87,2,68.0,1,1
87,3,50.0,1,1
87,4,16.0,1,1
87,5,70.0,1,1
87,6,0.0,1,1
87,7,68.0,1,1
87,8,16.0,1,1
87,9,0.0,1,1
87,10,14.0,1,1
87,11,45.0,1,1
87,12,19.0,1,1
87,13,2.0,1,1
87,14,29.0,1,1
87,15,96.0,1,1
87,16,3.0,1,1
87,17,79.0,1,1
87,18,84.0,1,1
87,19,22.0,1,1
87,20,30.0,1,1
87,21,58.0,1,1
87,22,12.0,1,1
87,23,59.0,1,1
87,24,6.0,1,1
87,25,10.0,1,1
87,26,29.0,1,1
87,27,0.0,1,1
87,28,15.0,1,1
87,29,17.0,1,1
87,30,18.0,1,1
87,31,6.0,1,1
87,32,12.0,1,1
87,33,11.0,1,1
88,0,101.0,1,1
88,1,112.0,1,1
88,2,69.0,1,1
88,3,26.0,1,1
88,4,15.0,1,1
88,5,71.0,1,1
88,6,0.0,1,1
88,7,87.0,1,1
88,8,17.0,1,1
88,9,0.0,1,1
88,10,17.0,1,1
88,11,50.0,1,1
88,12,24.0,1,1
88,13,0.0,1,1
88,14,20.0,1,1
88,15,186.0,1,1
88,16,7.0,1,1
88,17,87.0,1,1
88,18,105.0,1,1
88,19,37.0,1,1
88,20,40.0,1,1
88,21,37.0,1,1
88,22,20.0,1,1
88,23,44.0,1,1
88,24,2.0,1,1
88,25,11.0,1,1
88,26,21.0,1,1
88,27,0.0,1,1
88,28,18.0,1,1
88,29,47.0,1,1
88,30,15.0,1,1
88,31,6.0,1,1
88,32,5.0,1,1
88,33,25.0,1,1
89,0,94.0,1,1
89,1,131.0,1,1
89,2,77.0,1,1
89,3,37.0,1,1
89,4,11.0,1,1
89,5,83.0,1,1
89,6,0.0,1,1
89,7,78.0,1,1
89,8,24.0,1,1
89,9,0.0,1,1
89,10,19.0,1,1
89,11,49.0,1,1
89,12,20.0,1,1
89,13,0.0,1,1
89,14,23.0,1,1
89,15,144.0,1,1
89,16,4.0,1,1
89,17,121.0,1,1
89,18,129.0,1,1
89,19,38.0,1,1
89,20,39.0,1,1
89,21,53.0,1,1
89,22,9.0,1,1
89,23,51.0,1,1
89,24,4.0,1,1
89,25,12.0,1,1
89,26,16.0,1,1
89,27,0.0,1,1
89,28,17.0,1,1
89,29,62.0,1,1
89,30,15.0,1,1
89,31,15.0,1,1
89,32,9.0,1,1
89,33,37.0,1,1
90,0,115.0,1,1
90,1,91.0,1,1
90,2,84.0,1,1
90,3,20.0,1,1
90,4,21.0,1,1
90,5,82.0,1,1
90,6,0.0,1,1
90,7,92.0,1,1
90,8,23.0,1,1
90,9,0.0,1,1
90,10,16.0,1,1
90,11,47.0,1,1
90,12,35.0,1,1
90,13,0.0,1,1
90,14,30.0,1,1
90,15,88.0,1,1
90,16,8.0,1,1
90,17,103.0,1,1
90,18,114.0,1,1
90,19,40.0,1,1
90,20,37.0,1,1
90,21,67.0,1,1
90,22,15.0,1,1
90,23,49.0,1,1
90,24,1.0,1,1
90,25,25.0,1,1
90,26,21.0,1,1
90,27,0.0,1,1
90,28,22.0,1,1
90,29,22.0,1,1
90,30,14.0,1,1
90,31,5.0,1,1
90,32,12.0,1,1
90,33,18.0,1,1
91,0,109.0,1,1
91,1,105.0,1,1
91,2,60.0,1,1
91,3,21.0,1,1
91,4,21.0,1,1
91,5,63.0,1,1
91,6,0.0,1,1
91,7,70.0,1,1
91,8,15.0,1,1
91,9,0.0,1,1
91,10,11.0,1,1
91,11,53.0,1,1
91,12,25.0,1,1
91,13,0.0,1,1
91,14,17.0,1,1
91,15,132.0,1,1
91,16,4.0,1,1
91,17,98.0,1,1
91,18,110.0,1,1
91,19,26.0,1,1
91,20,45.0,1,1
91,21,39.0,1,1
91,22,9.0,1,1
91,23,43.0,1,1
91,24,2.0,1,1
91,25,22.0,1,1
91,26,23.0,1,1
91,27,0.0,1,1
91,28,24.0,1,1
91,29,14.0,1,1
91,30,19.0,1,1
91,31,11.0,1,1
91,32,18.0,1,1
91,33,14.0,1,1
92,0,119.0,1,1
92,1,103.0,1,1
92,2,56.0,1,1
92,3,28.0,1,1
92,4,18.0,1,1
92,5,80.0,1,1
92,6,0.0,1,1
92,7,82.0,1,1
92,8,33.0,1,1
92,9,0.0,1,1
92,10,11.0,1,1
92,11,58.0,1,1
92,12,49.0,1,1
92,13,0.0,1,1
92,14,30.0,1,1
92,15,117.0,1,1
92,16,5.0,1,1
92,17,109.0,1,1
92,18,117.0,1,1
92,19,31.0,1,1
92,20,41.0,1,1
92,21,94.0,1,1
92,22,21.0,1,1
92,23,45.0,1,1
92,24,3.0,1,1
92,25,24.0,1,1
92,26,25.0,1,1
92,27,0.0,1,1
92,28,25.0,1,1
92,29,25.0,1,1
92,30,17.0,1,1
92,31,12.0,1,1
92,32,13.0,1,1
92,33,11.0,1,1
93,0,113.0,1,1
93,1,105.0,1,1
93,2,70.0,1,1
93,3,21.0,1,1
93,4,27.0,1,1
93,5,75.0,1,1
93,6,0.0,1,1
93,7,92.0,1,1
93,8,25.0,1,1
93,9,0.0,1,1
93,10,16.0,1,1
93,11,62.0,1,1
93,12,37.0,1,1
93,13,2.0,1,1
93,14,28.0,1,1
93,15,103.0,1,1
93,16,8.0,1,1
93,17,109.0,1,1
93,18,123.0,1,1
93,19,53.0,1,1
93,20,39.0,1,1
93,21,52.0,1,1
93,22,24.0,1,1
93,23,49.0,1,1
93,24,4.0,1,1
93,25,32.0,1,1
93,26,25.0,1,1
93,27,0.0,1,1
93,28,19.0,1,1
93,29,20.0,1,1
93,30,23.0,1,1
93,31,5.0,1,1
93,32,15.0,1,1
93,33,17.0,1,1
94,0,109.0,1,1
94,1,85.0,1,1
94,2,80.0,1,1
94,3,24.0,1,1
94,4,10.0,1,1
94,5,76.0,1,1
94,6,0.0,1,1
94,7,92.0,1,1
94,8,26.0,1,1
94,9,0.0,1,1
94,10,14.0,1,1
94,11,67.0,1,1
94,12,36.0,1,1
94,13,0.0,1,1
94,14,33.0,1,1
94,15,192.0,1,1
94,16,6.0,1,1
94,17,117.0,1,1
94,18,150.0,1,1
94,19,40.0,1,1
94,20,26.0,1,1
94,21,80.0,1,1
94,22,13.0,1,1
94,23,36.0,1,1
94,24,2.0,1,1
94,25,24.0,1,1
94,26,24.0,1,1
94,27,0.0,1,1
94,28,22.0,1,1
94,29,18.0,1,1
94,30,29.0,1,1
94,31,6.0,1,1
94,32,25.0,1,1
94,33,25.0,1,1
95,0,124.0,1,1
95,1,115.0,1,1
95,2,78.0,1,1
95,3,24.0,1,1
95,4,21.0,1,1
95,5,67.0,1,1
95,6,0.0,1,1
95,7,88.0,1,1
95,8,25.0,1,1
95,9,0.0,1,1
95,10,13.0,1,1
95,11,65.0,1,1
95,12,24.0,1,1
95,13,0.0,1,1
95,14,28.0,1,1
95,15,111.0,1,1
95,16,9.0,1,1
95,17,85.0,1,1
95,18,155.0,1,1
95,19,38.0,1,1
95,20,30.0,1,1
95,21,50.0,1,1
95,22,14.0,1,1
95,23,38.0,1,1
95,24,4.0,1,1
95,25,6.0,1,1
95,26,24.0,1,1
95,27,0.0,1,1
95,28,28.0,1,1
95,29,14.0,1,1
95,30,18.0,1,1
95,31,4.0,1,1
95,32,23.0,1,1
95,33,14.0,1,1
96,0,99.0,1,1
96,1,109.0,1,1
96,2,67.0,1,1
96,3,20.0,1,1
96,4,22.0,1,1
96,5,64.0,1,1
96,6,0.0,1,1
96,7,104.0,1,1
96,8,26.0,1,1
96,9,0.0,1,1
96,10,17.0,1,1
96,11,68.0,1,1
96,12,22.0,1,1
96,13,1.0,1,1
96,14,32.0,1,1
96,15,112.0,1,1
96,16,4.0,1,1
96,17,110.0,1,1
96,18,134.0,1,1
96,19,39.0,1,1
96,20,29.0,1,1
96,21,49.0,1,1
96,22,17.0,1,1
96,23,60.0,1,1
96,24,3.0,1,1
96,25,20.0,1,1
96,26,21.0,1,1
96,27,0.0,1,1
96,28,25.0,1,1
96,29,23.0,1,1
96,30,20.0,1,1
96,31,9.0,1,1
96,32,14.0,1,1
96,33,17.0,1,1
97,0,145.0,1,1
97,1,104.0,1,1
97,2,80.0,1,1
97,3,30.0,1,1
97,4,20.0,1,1
97,5,80.0,1,1
97,6,0.0,1,1
97,7,92.0,1,1
97,8,27.0,1,1
97,9,0.0,1,1
97,10,8.0,1,1
97,11,61.0,1,1
97,12,21.0,1,1
97,13,0.0,1,1
97,14,36.0,1,1
97,15,122.0,1,1
97,16,10.0,1,1
97,17,136.0,1,1
97,18,150.0,1,1
97,19,43.0,1,1
97,20,49.0,1,1
97,21,53.0,1,1
97,22,16.0,1,1
97,23,69.0,1,1
97,24,0.0,1,1
97,25,12.0,1,1
97,26,31.0,1,1
97,27,0.0,1,1
97,28,30.0,1,1
97,29,13.0,1,1
97,30,20.0,1,1
97,31,16.0,1,1
97,32,20.0,1,1
97,33,15.0,1,1
98,0,130.0,1,1
98,1,125.0,1,1
98,2,80.0,1,1
98,3,71.0,1,1
98,4,25.0,1,1
98,5,105.0,1,1
98,6,0.0,1,1
98,7,93.0,1,1
98,8,29.0,1,1
98,9,0.0,1,1
98,10,8.0,1,1
98,11,60.0,1,1
98,12,26.0,1,1
98,13,0.0,1,1
98,14,30.0,1,1
98,15,172.0,1,1
98,16,8.0,1,1
98,17,126.0,1,1
98,18,135.0,1,1
98,19,29.0,1,1
98,20,44.0,1,1
98,21,62.0,1,1
98,22,14.0,1,1
98,23,52.0,1,1
98,24,2.0,1,1
98,25,23.0,1,1
98,26,27.0,1,1
98,27,0.0,1,1
98,28,18.0,1,1
98,29,18.0,1,1
98,30,21.0,1,1
98,31,8.0,1,1
98,32,15.0,1,1
98,33,11.0,1,1
99,0,122.0,1,1
99,1,106.0,1,1
99,2,69.0,1,1
99,3,24.0,1,1
99,4,27.0,1,1
99,5,64.0,1,1
99,6,0.0,1,1
99,7,103.0,1,1
99,8,26.0,1,1
99,9,0.0,1,1
99,10,12.0,1,1
99,11,65.0,1,1
99,12,20.0,1,1
99,13,0.0,1,1
99,14,26.0,1,1
99,15,151.0,1,1
99,16,2.0,1,1
99,17,96.0,1,1
99,18,137.0,1,1
99,19,30.0,1,1
99,20,35.0,1,1
99,21,57.0,1,1
99,22,12.0,1,1
99,23,40.0,1,1
99,24,3.0,1,1
99,25,24.0,1,1
99,26,21.0,1,1
99,27,0.0,1,1
99,28,26.0,1,1
99,29,20.0,1,1
99,30,23.0,1,1
99,31,8.0,1,1
99,32,14.0,1,1
99,33,9.0,1,1
100,0,166.0,1,1
100,1,95.0,1,1
100,2,85.0,1,1
100,3,41.0,1,1
100,4,24.0,1,1
100,5,74.0,1,1
100,6,0.0,1,1
100,7,144.0,1,1
100,8,28.0,1,1
100,9,0.0,1,1
100,10,24.0,1,1
100,11,67.0,1,1
100,12,37.0,1,1
100,13,1.0,1,1
100,14,50.0,1,1
100,15,166.0,1,1
100,16,3.0,1,1
100,17,90.0,1,1
100,18,130.0,1,1
100,19,49.0,1,1
100,20,46.0,1,1
100,21,48.0,1,1
100,22,13.0,1,1
100,23,47.0,1,1
100,24,4.0,1,1
100,25,15.0,1,1
100,26,13.0,1,1
100,27,0.0,1,1
100,28,16.0,1,1
100,29,26.0,1,1
100,30,24.0,1,1
100,31,9.0,1,1
100,32,17.0,1,1
100,33,18.0,1,1
101,0,139.0,1,1
101,1,121.0,1,1
101,2,67.0,1,1
101,3,29.0,1,1
101,4,19.0,1,1
101,5,86.0,1,1
101,6,0.0,1,1
101,7,102.0,1,1
101,8,24.0,1,1
101,9,0.0,1,1
101,10,9.0,1,1
101,11,64.0,1,1
101,12,15.0,1,1
101,13,0.0,1,1
101,14,26.0,1,1
101,15,158.0,1,1
101,16,4.0,1,1
101,17,124.0,1,1
101,18,130.0,1,1
101,19,34.0,1,1
101,20,34.0,1,1
101,21,56.0,1,1
101,22,17.0,1,1
101,23,71.0,1,1
101,24,3.0,1,1
101,25,14.0,1,1
101,26,21.0,1,1
101,27,0.0,1,1
101,28,25.0,1,1
101,29,15.0,1,1
101,30,20.0,1,1
101,31,6.0,1,1
101,32,22.0,1,1
101,33,8.0,1,1
102,0,121.0,1,1
102,1,122.0,1,1
102,2,78.0,1,1
102,3,29.0,1,1
102,4,24.0,1,1
102,5,87.0,1,1
102,6,0.0,1,1
102,7,104.0,1,1
102,8,22.0,1,1
102,9,0.0,1,1
102,10,15.0,1,1
102,11,68.0,1,1
102,12,32.0,1,1
102,13,3.0,1,1
102,14,24.0,1,1
102,15,162.0,1,1
102,16,8.0,1,1
102,17,113.0,1,1
102,18,124.0,1,1
102,19,36.0,1,1
102,20,39.0,1,1
102,21,49.0,1,1
102,22,15.0,1,1
102,23,74.0,1,1
102,24,6.0,1,1
102,25,23.0,1,1
102,26,15.0,1,1
102,27,0.0,1,1
102,28,27.0,1,1
102,29,15.0,1,1
102,30,30.0,1,1
102,31,11.0,1,1
102,32,19.0,1,1
102,33,16.0,1,1
103,0,110.0,1,1
103,1,106.0,1,1
103,2,96.0,1,1
103,3,58.0,1,1
103,4,25.0,1,1
103,5,74.0,1,1
103,6,0.0,1,1
103,7,139.0,1,1
103,8,22.0,1,1
103,9,0.0,1,1
103,10,18.0,1,1
103,11,73.0,1,1
103,12,25.0,1,1
103,13,2.0,1,1
103,14,42.0,1,1
103,15,169.0,1,1
103,16,4.0,1,1
103,17,136.0,1,1
103,18,146.0,1,1
103,19,39.0,1,1
103,20,45.0,1,1
103,21,67.0,1,1
103,22,21.0,1,1
103,23,60.0,1,1
103,24,3.0,1,1
103,25,26.0,1,1
103,26,25.0,1,1
103,27,0.0,1,1
103,28,33.0,1,1
103,29,45.0,1,1
103,30,17.0,1,1
103,31,6.0,1,1
103,32,19.0,1,1
103,33,17.0,1,1
104,0,159.0,1,1
104,1,108.0,1,1
104,2,90.0,1,1
104,3,44.0,1,1
104,4,20.0,1,1
104,5,80.0,1,1
104,6,0.0,1,1
104,7,128.0,1,1
104,8,27.0,1,1
104,9,0.0,1,1
104,10,13.0,1,1
104,11,80.0,1,1
104,12,37.0,1,1
104,13,0.0,1,1
104,14,20.0,1,1
104,15,128.0,1,1
104,16,6.0,1,1
104,17,113.0,1,1
104,18,179.0,1,1
104,19,44.0,1,1
104,20,38.0,1,1
104,21,56.0,1,1
104,22,14.0,1,1
104,23,57.0,1,1
104,24,3.0,1,1
104,25,24.0,1,1
104,26,28.0,1,1
104,27,0.0,1,1
104,28,29.0,1,1
104,29,17.0,1,1
104,30,22.0,1,1
104,31,5.0,1,1
104,32,23.0,1,1
104,33,11.0,1,1
105,0,115.0,1,1
105,1,102.0,1,1
105,2,87.0,1,1
105,3,87.0,1,1
105,4,36.0,1,1
105,5,94.0,1,1
105,6,0.0,1,1
105,7,120.0,1,1
105,8,22.0,1,1
105,9,0.0,1,1
105,10,18.0,1,1
105,11,67.0,1,1
105,12,39.0,1,1
105,13,2.0,1,1
105,14,24.0,1,1
105,15,200.0,1,1
105,16,3.0,1,1
105,17,147.0,1,1
105,18,158.0,1,1
105,19,34.0,1,1
105,20,42.0,1,1
105,21,68.0,1,1
105,22,13.0,1,1
105,23,66.0,1,1
105,24,3.0,1,1
105,25,18.0,1,1
105,26,25.0,1,1
105,27,0.0,1,1
105,28,31.0,1,1
105,29,14.0,1,1
105,30,27.0,1,1
105,31,5.0,1,1
105,32,16.0,1,1
105,33,14.0,1,1
106,0,134.0,1,1
106,1,129.0,1,1
106,2,108.0,1,1
106,3,51.0,1,1
106,4,28.0,1,1
106,5,82.0,1,1
106,6,0.0,1,1
106,7,140.0,1,1
106,8,27.0,1,1
106,9,0.0,1,1
106,10,17.0,1,1
106,11,105.0,1,1
106,12,19.0,1,1
106,13,0.0,1,1
106,14,39.0,1,1
106,15,143.0,1,1
106,16,9.0,1,1
106,17,138.0,1,1
106,18,173.0,1,1
106,19,45.0,1,1
106,20,30.0,1,1
106,21,61.0,1,1
106,22,12.0,1,1
106,23,66.0,1,1
106,24,4.0,1,1
106,25,15.0,1,1
106,26,29.0,1,1
106,27,0.0,1,1
106,28,20.0,1,1
106,29,17.0,1,1
106,30,29.0,1,1
106,31,6.0,1,1
106,32,23.0,1,1
106,33,21.0,1,1
107,0,177.0,1,1
107,1,99.0,1,1
107,2,139.0,1,1
107,3,48.0,1,1
107,4,32.0,1,1
107,5,86.0,1,1
107,6,0.0,1,1
107,7,145.0,1,1
107,8,27.0,1,1
107,9,0.0,1,1
107,10,11.0,1,1
107,11,78.0,1,1
107,12,37.0,1,1
107,13,0.0,1,1
107,14,22.0,1,1
107,15,158.0,1,1
107,16,9.0,1,1
107,17,120.0,1,1
107,18,178.0,1,1
107,19,36.0,1,1
107,20,39.0,1,1
107,21,75.0,1,1
107,22,14.0,1,1
107,23,70.0,1,1
107,24,3.0,1,1
107,25,16.0,1,1
107,26,39.0,1,1
107,27,0.0,1,1
107,28,39.0,1,1
107,29,22.0,1,1
107,30,27.0,1,1
107,31,12.0,1,1
107,32,20.0,1,1
107,33,12.0,1,1
108,0,136.0,1,1
108,1,113.0,1,1
108,2,122.0,1,1
108,3,57.0,1,1
108,4,34.0,1,1
108,5,69.0,1,1
108,6,0.0,1,1
108,7,131.0,1,1
108,8,39.0,1,1
108,9,0.0,1,1
108,10,15.0,1,1
108,11,81.0,1,1
108,12,30.0,1,1
108,13,0.0,1,1
108,14,32.0,1,1
108,15,155.0,1,1
108,16,7.0,1,1
108,17,136.0,1,1
108,18,233.0,1,1
108,19,41.0,1,1
108,20,35.0,1,1
108,21,72.0,1,1
108,22,17.0,1,1
108,23,49.0,1,1
108,24,2.0,1,1
108,25,22.0,1,1
108,26,25.0,1,1
108,27,0.0,1,1
108,28,36.0,1,1
108,29,15.0,1,1
108,30,26.0,1,1
108,31,8.0,1,1
108,32,34.0,1,1
108,33,19.0,1,1
109,0,125.0,1,1
109,1,122.0,1,1
109,2,130.0,1,1
109,3,56.0,1,1
109,4,45.0,1,1
109,5,72.0,1,1
109,6,0.0,1,1
109,7,145.0,1,1
109,8,31.0,1,1
109,9,0.0,1,1
109,10,8.0,1,1
109,11,97.0,1,1
109,12,31.0,1,1
109,13,2.0,1,1
109,14,41.0,1,1
109,15,186.0,1,1
109,16,10.0,1,1
109,17,130.0,1,1
109,18,205.0,1,1
109,19,45.0,1,1
109,20,41.0,1,1
109,21,54.0,1,1
109,22,14.0,1,1
109,23,52.0,1,1
109,24,2.0,1,1
109,25,19.0,1,1
109,26,26.0,1,1
109,27,0.0,1,1
109,28,41.0,1,1
109,29,29.0,1,1
109,30,28.0,1,1
109,31,7.0,1,1
109,32,17.0,1,1
109,33,20.0,1,1
110,0,167.0,1,1
110,1,105.0,1,1
110,2,121.0,1,1
110,3,63.0,1,1
110,4,26.0,1,1
110,5,94.0,1,1
110,6,0.0,1,1
110,7,126.0,1,1
110,8,39.0,1,1
110,9,0.0,1,1
110,10,13.0,1,1
110,11,82.0,1,1
110,12,22.0,1,1
110,13,0.0,1,1
110,14,70.0,1,1
110,15,156.0,1,1
110,16,4.0,1,1
110,17,127.0,1,1
110,18,182.0,1,1
110,19,53.0,1,1
110,20,46.0,1,1
110,21,216.0,1,1
110,22,21.0,1,1
110,23,58.0,1,1
110,24,1.0,1,1
110,25,14.0,1,1
110,26,31.0,1,1
110,27,0.0,1,1
110,28,33.0,1,1
110,29,23.0,1,1
110,30,21.0,1,1
110,31,7.0,1,1
110,32,16.0,1,1
110,33,16.0,1,1
111,0,133.0,1,1
111,1,108.0,1,1
111,2,115.0,1,1
111,3,45.0,1,1
111,4,31.0,1,1
111,5,77.0,1,1
111,6,0.0,1,1
111,7,129.0,1,1
111,8,51.0,1,1
111,9,0.0,1,1
111,10,20.0,1,1
111,11,78.0,1,1
111,12,30.0,1,1
111,13,0.0,1,1
111,14,33.0,1,1
111,15,158.0,1,1
111,16,8.0,1,1
111,17,132.0,1,1
111,18,204.0,1,1
111,19,49.0,1,1
111,20,41.0,1,1
111,21,51.0,1,1
111,22,15.0,1,1
111,23,76.0,1,1
111,24,7.0,1,1
111,25,20.0,1,1
111,26,27.0,1,1
111,27,0.0,1,1
111,28,40.0,1,1
111,29,21.0,1,1
111,30,27.0,1,1
111,31,3.0,1,1
111,32,22.0,1,1
111,33,20.0,1,1
112,0,153.0,1,1
112,1,97.0,1,1
112,2,128.0,1,1
112,3,75.0,1,1
112,4,32.0,1,1
112,5,82.0,1,1
112,6,0.0,1,1
112,7,137.0,1,1
112,8,41.0,1,1
112,9,0.0,1,1
112,10,26.0,1,1
112,11,96.0,1,1
112,12,30.0,1,1
112,13,0.0,1,1
112,14,69.0,1,1
112,15,175.0,1,1
112,16,5.0,1,1
112,17,131.0,1,1
112,18,199.0,1,1
112,19,48.0,1,1
112,20,48.0,1,1
112,21,84.0,1,1
112,22,16.0,1,1
112,23,51.0,1,1
112,24,3.0,1,1
112,25,20.0,1,1
112,26,37.0,1,1
112,27,0.0,1,1
112,28,39.0,1,1
112,29,23.0,1,1
112,30,21.0,1,1
112,31,6.0,1,1
112,32,26.0,1,1
112,33,15.0,1,1
113,0,147.0,1,1
113,1,97.0,1,1
113,2,103.0,1,1
113,3,56.0,1,1
113,4,33.0,1,1
113,5,63.0,1,1
113,6,0.0,1,1
113,7,138.0,1,1
113,8,35.0,1,1
113,9,0.0,1,1
113,10,21.0,1,1
113,11,76.0,1,1
113,12,45.0,1,1
113,13,0.0,1,1
113,14,45.0,1,1
113,15,118.0,1,1
113,16,8.0,1,1
113,17,146.0,1,1
113,18,187.0,1,1
113,19,50.0,1,1
113,20,51.0,1,1
113,21,67.0,1,1
113,22,20.0,1,1
113,23,59.0,1,1
113,24,2.0,1,1
113,25,25.0,1,1
113,26,31.0,1,1
113,27,0.0,1,1
113,28,50.0,1,1
113,29,23.0,1,1
113,30,31.0,1,1
113,31,6.0,1,1
113,32,20.0,1,1
113,33,11.0,1,1
114,0,127.0,1,1
114,1,120.0,1,1
114,2,120.0,1,1
114,3,79.0,1,1
114,4,37.0,1,1
114,5,85.0,1,1
114,6,0.0,1,1
114,7,131.0,1,1
114,8,39.0,1,1
114,9,0.0,1,1
114,10,27.0,1,1
114,11,89.0,1,1
114,12,52.0,1,1
114,13,2.0,1,1
114,14,54.0,1,1
114,15,140.0,1,1
114,16,11.0,1,1
114,17,135.0,1,1
114,18,214.0,1,1
114,19,60.0,1,1
114,20,57.0,1,1
114,21,78.0,1,1
114,22,18.0,1,1
114,23,79.0,1,1
114,24,5.0,1,1
114,25,15.0,1,1
114,26,35.0,1,1
114,27,0.0,1,1
114,28,34.0,1,1
114,29,15.0,1,1
114,30,25.0,1,1
114,31,4.0,1,1
114,32,28.0,1,1
114,33,13.0,1,1
115,0,118.0,1,1
115,1,130.0,1,1
115,2,100.0,1,1
115,3,58.0,1,1
115,4,21.0,1,1
115,5,94.0,1,1
115,6,0.0,1,1
115,7,155.0,1,1
115,8,43.0,1,1
115,9,0.0,1,1
115,10,14.0,1,1
115,11,93.0,1,1
115,12,41.0,1,1
115,13,0.0,1,1
115,14,35.0,1,1
115,15,183.0,1,1
115,16,8.0,1,1
115,17,159.0,1,1
115,18,222.0,1,1
115,19,46.0,1,1
115,20,63.0,1,1
115,21,74.0,1,1
115,22,21.0,1,1
115,23,76.0,1,1
115,24,3.0,1,1
115,25,14.0,1,1
115,26,40.0,1,1
115,27,0.0,1,1
115,28,22.0,1,1
115,29,18.0,1,1
115,30,28.0,1,1
115,31,3.0,1,1
115,32,26.0,1,1
115,33,12.0,1,1
116,0,108.0,1,1
116,1,102.0,1,1
116,2,116.0,1,1
116,3,49.0,1,1
116,4,23.0,1,1
116,5,63.0,1,1
116,6,0.0,1,1
116,7,131.0,1,1
116,8,37.0,1,1
116,9,0.0,1,1
116,10,17.0,1,1
116,11,94.0,1,1
116,12,37.0,1,1
116,13,2.0,1,1
116,14,48.0,1,1
116,15,167.0,1,1
116,16,3.0,1,1
116,17,125.0,1,1
116,18,207.0,1,1
116,19,47.0,1,1
116,20,35.0,1,1
116,21,73.0,1,1
116,22,15.0,1,1
116,23,55.0,1,1
116,24,3.0,1,1
116,25,26.0,1,1
116,26,32.0,1,1
116,27,0.0,1,1
116,28,51.0,1,1
116,29,22.0,1,1
116,30,28.0,1,1
116,31,5.0,1,1
116,32,27.0,1,1
116,33,14.0,1,1
117,0,131.0,1,1
117,1,98.0,1,1
117,2,111.0,1,1
117,3,50.0,1,1
117,4,24.0,1,1
117,5,74.0,1,1
117,6,0.0,1,1
117,7,120.0,1,1
117,8,33.0,1,1
117,9,0.0,1,1
117,10,16.0,1,1
117,11,70.0,1,1
117,12,38.0,1,1
117,13,3.0,1,1
117,14,24.0,1,1
117,15,148.0,1,1
117,16,2.0,1,1
117,17,100.0,1,1
117,18,156.0,1,1
117,19,38.0,1,1
117,20,33.0,1,1
117,21,58.0,1,1
117,22,14.0,1,1
117,23,54.0,1,1
117,24,5.0,1,1
117,25,11.0,1,1
117,26,18.0,1,1
117,27,0.0,1,1
117,28,27.0,1,1
117,29,20.0,1,1
117,30,24.0,1,1
117,31,7.0,1,1
117,32,17.0,1,1
117,33,22.0,1,1
118,0,118.0,1,1
118,1,111.0,1,1
118,2,90.0,1,1
118,3,38.0,1,1
118,4,31.0,1,1
118,5,58.0,1,1
118,6,0.0,1,1
118,7,100.0,1,1
118,8,26.0,1,1
118,9,0.0,1,1
118,10,15.0,1,1
118,11,76.0,1,1
118,12,34.0,1,1
118,13,0.0,1,1
118,14,42.0,1,1
118,15,137.0,1,1
118,16,9.0,1,1
118,17,123.0,1,1
118,18,167.0,1,1
118,19,44.0,1,1
118,20,40.0,1,1
118,21,73.0,1,1
118,22,14.0,1,1
118,23,49.0,1,1
118,24,5.0,1,1
118,25,7.0,1,1
118,26,26.0,1,1
118,27,0.0,1,1
118,28,33.0,1,1
118,29,17.0,1,1
118,30,25.0,1,1
118,31,5.0,1,1
118,32,21.0,1,1
118,33,9.0,1,1
119,0,94.0,1,1
119,1,109.0,1,1
119,2,72.0,1,1
119,3,31.0,1,1
119,4,24.0,1,1
119,5,90.0,1,1
119,6,0.0,1,1
119,7,135.0,1,1
119,8,31.0,1,1
119,9,0.0,1,1
119,10,18.0,1,1
119,11,76.0,1,1
119,12,35.0,1,1
119,13,0.0,1,1
119,14,44.0,1,1
119,15,146.0,1,1
119,16,9.0,1,1
119,17,120.0,1,1
119,18,168.0,1,1
119,19,44.0,1,1
119,20,41.0,1,1
119,21,75.0,1,1
119,22,24.0,1,1
119,23,76.0,1,1
119,24,2.0,1,1
119,25,19.0,1,1
119,26,19.0,1,1
119,27,0.0,1,1
119,28,27.0,1,1
119,29,21.0,1,1
119,30,20.0,1,1
119,31,13.0,1,1
119,32,14.0,1,1
119,33,12.0,1,1
120,0,97.0,1,1
120,1,125.0,1,1
120,2,96.0,1,1
120,3,47.0,1,1
120,4,25.0,1,1
120,5,81.0,1,1
120,6,0.0,1,1
120,7,121.0,1,1
120,8,31.0,1,1
120,9,0.0,1,1
120,10,17.0,1,1
120,11,72.0,1,1
120,12,20.0,1,1
120,13,0.0,1,1
120,14,41.0,1,1
120,15,95.0,1,1
120,16,4.0,1,1
120,17,101.0,1,1
120,18,153.0,1,1
120,19,41.0,1,1
120,20,29.0,1,1
120,21,61.0,1,1
120,22,18.0,1,1
120,23,47.0,1,1
120,24,2.0,1,1
120,25,21.0,1,1
120,26,19.0,1,1
120,27,0.0,1,1
120,28,21.0,1,1
120,29,19.0,1,1
120,30,27.0,1,1
120,31,7.0,1,1
120,32,22.0,1,1
120,33,11.0,1,1
121,0,102.0,1,1
121,1,96.0,1,1
121,2,81.0,1,1
121,3,37.0,1,1
121,4,22.0,1,1
121,5,75.0,1,1
121,6,0.0,1,1
121,7,105.0,1,1
121,8,35.0,1,1
121,9,0.0,1,1
121,10,14.0,1,1
121,11,71.0,1,1
121,12,22.0,1,1
121,13,0.0,1,1
121,14,39.0,1,1
121,15,120.0,1,1
121,16,1.0,1,1
121,17,116.0,1,1
121,18,192.0,1,1
121,19,39.0,1,1
121,20,34.0,1,1
121,21,73.0,1,1
121,22,17.0,1,1
121,23,62.0,1,1
121,24,6.0,1,1
121,25,20.0,1,1
121,26,21.0,1,1
121,27,0.0,1,1
121,28,24.0,1,1
121,29,17.0,1,1
121,30,22.0,1,1
121,31,2.0,1,1
121,32,17.0,1,1
121,33,8.0,1,1
122,0,108.0,1,1
122,1,101.0,1,1
122,2,64.0,1,1
122,3,28.0,1,1
122,4,21.0,1,1
122,5,64.0,1,1
122,6,0.0,1,1
122,7,101.0,1,1
122,8,34.0,1,1
122,9,0.0,1,1
122,10,10.0,1,1
122,11,56.0,1,1
122,12,11.0,1,1
122,13,0.0,1,1
122,14,37.0,1,1
122,15,75.0,1,1
122,16,0.0,1,1
122,17,105.0,1,1
122,18,143.0,1,1
122,19,42.0,1,1
122,20,35.0,1,1
122,21,69.0,1,1
122,22,17.0,1,1
122,23,48.0,1,1
122,24,0.0,1,1
122,25,16.0,1,1
122,26,24.0,1,1
122,27,0.0,1,1
122,28,20.0,1,1
122,29,21.0,1,1
122,30,16.0,1,1
122,31,6.0,1,1
122,32,25.0,1,1
122,33,18.0,1,1
123,0,88.0,1,1
123,1,92.0,1,1
123,2,66.0,1,1
123,3,30.0,1,1
123,4,20.0,1,1
123,5,54.0,1,1
123,6,0.0,1,1
123,7,81.0,1,1
123,8,20.0,1,1
123,9,0.0,1,1
123,10,8.0,1,1
123,11,64.0,1,1
123,12,22.0,1,1
123,13,0.0,1,1
123,14,31.0,1,1
123,15,93.0,1,1
123,16,3.0,1,1
123,17,95.0,1,1
123,18,141.0,1,1
123,19,29.0,1,1
123,20,52.0,1,1
123,21,58.0,1,1
123,22,13.0,1,1
123,23,43.0,1,1
123,24,2.0,1,1
123,25,19.0,1,1
123,26,15.0,1,1
123,27,0.0,1,1
123,28,20.0,1,1
123,29,24.0,1,1
123,30,16.0,1,1
123,31,6.0,1,1
123,32,11.0,1,1
123,33,8.0,1,1
124,0,90.0,1,1
124,1,106.0,1,1
124,2,67.0,1,1
124,3,22.0,1,1
124,4,16.0,1,1
124,5,55.0,1,1
124,6,0.0,1,1
124,7,74.0,1,1
124,8,29.0,1,1
124,9,0.0,1,1
124,10,12.0,1,1
124,11,71.0,1,1
124,12,5.0,1,1
124,13,2.0,1,1
124,14,14.0,1,1
124,15,95.0,1,1
124,16,2.0,1,1
124,17,86.0,1,1
124,18,107.0,1,1
124,19,27.0,1,1
124,20,32.0,1,1
124,21,47.0,1,1
124,22,13.0,1,1
124,23,55.0,1,1
124,24,4.0,1,1
124,25,15.0,1,1
124,26,29.0,1,1
124,27,0.0,1,1
124,28,19.0,1,1
124,29,11.0,1,1
124,30,19.0,1,1
124,31,7.0,1,1
124,32,10.0,1,1
124,33,10.0,1,1
125,0,66.0,1,1
125,1,91.0,1,1
125,2,57.0,1,1
125,3,29.0,1,1
125,4,18.0,1,1
125,5,63.0,1,1
125,6,0.0,1,1
125,7,70.0,1,1
125,8,24.0,1,1
125,9,0.0,1,1
125,10,17.0,1,1
125,11,45.0,1,1
125,12,22.0,1,1
125,13,3.0,1,1
125,14,30.0,1,1
125,15,108.0,1,1
125,16,0.0,1,1
125,17,100.0,1,1
125,18,112.0,1,1
125,19,32.0,1,1
125,20,25.0,1,1
125,21,70.0,1,1
125,22,10.0,1,1
125,23,41.0,1,1
125,24,4.0,1,1
125,25,8.0,1,1
125,26,20.0,1,1
125,27,0.0,1,1
125,28,22.0,1,1
125,29,10.0,1,1
125,30,13.0,1,1
125,31,8.0,1,1
125,32,12.0,1,1
125,33,10.0,1,1
126,0,78.0,1,1
126,1,71.0,1,1
126,2,56.0,1,1
126,3,19.0,1,1
126,4,24.0,1,1
126,5,49.0,1,1
126,6,0.0,1,1
126,7,80.0,1,1
126,8,26.0,1,1
126,9,0.0,1,1
126,10,15.0,1,1
126,11,60.0,1,1
126,12,13.0,1,1
126,13,0.0,1,1
126,14,31.0,1,1
126,15,98.0,1,1
126,16,5.0,1,1
126,17,75.0,1,1
126,18,133.0,1,1
126,19,27.0,1,1
126,20,28.0,1,1
126,21,60.0,1,1
126,22,21.0,1,1
126,23,49.0,1,1
126,24,0.0,1,1
126,25,8.0,1,1
126,26,31.0,1,1
126,27,0.0,1,1
126,28,11.0,1,1
126,29,19.0,1,1
126,30,9.0,1,1
126,31,4.0,1,1
126,32,17.0,1,1
126,33,8.0,1,1
127,0,72.0,1,1
127,1,89.0,1,1
127,2,54.0,1,1
127,3,25.0,1,1
127,4,17.0,1,1
127,5,67.0,1,1
127,6,0.0,1,1
127,7,82.0,1,1
127,8,17.0,1,1
127,9,0.0,1,1
127,10,12.0,1,1
127,11,45.0,1,1
127,12,32.0,1,1
127,13,3.0,1,1
127,14,34.0,1,1
127,15,94.0,1,1
127,16,4.0,1,1
127,17,79.0,1,1
127,18,83.0,1,1
127,19,28.0,1,1
127,20,29.0,1,1
127,21,51.0,1,1
127,22,12.0,1,1
127,23,41.0,1,1
127,24,1.0,1,1
127,25,10.0,1,1
127,26,15.0,1,1
127,27,0.0,1,1
127,28,7.0,1,1
127,29,17.0,1,1
127,30,15.0,1,1
127,31,4.0,1,1
127,32,9.0,1,1
127,33,6.0,1,1
128,0,66.0,1,1
128,1,81.0,1,1
128,2,58.0,1,1
128,3,21.0,1,1
128,4,26.0,1,1
128,5,67.0,1,1
128,6,0.0,1,1
128,7,85.0,1,1
128,8,19.0,1,1
128,9,0.0,1,1
128,10,6.0,1,1
128,11,57.0,1,1
128,12,31.0,1,1
128,13,2.0,1,1
128,14,25.0,1,1
128,15,96.0,1,1
128,16,2.0,1,1
128,17,67.0,1,1
128,18,94.0,1,1
128,19,36.0,1,1
128,20,38.0,1,1
128,21,38.0,1,1
128,22,6.0,1,1
128,23,41.0,1,1
128,24,4.0,1,1
128,25,8.0,1,1
128,26,11.0,1,1
128,27,0.0,1,1
128,28,37.0,1,1
128,29,14.0,1,1
128,30,12.0,1,1
128,31,5.0,1,1
128,32,9.0,1,1
128,33,13.0,1,1
129,0,71.0,1,1
129,1,74.0,1,1
129,2,45.0,1,1
129,3,29.0,1,1
129,4,15.0,1,1
129,5,46.0,1,1
129,6,0.0,1,1
129,7,67.0,1,1
129,8,12.0,1,1
129,9,0.0,1,1
129,10,11.0,1,1
129,11,44.0,1,1
129,12,17.0,1,1
129,13,2.0,1,1
129,14,15.0,1,1
129,15,82.0,1,1
129,16,2.0,1,1
129,17,87.0,1,1
129,18,88.0,1,1
129,19,28.0,1,1
129,20,40.0,1,1
129,21,40.0,1,1
129,22,10.0,1,1
129,23,51.0,1,1
129,24,4.0,1,1
129,25,9.0,1,1
129,26,21.0,1,1
129,27,0.0,1,1
129,28,17.0,1,1
129,29,10.0,1,1
129,30,11.0,1,1
129,31,2.0,1,1
129,32,10.0,1,1
129,33,6.0,1,1
130,0,66.0,1,1
130,1,76.0,1,1
130,2,52.0,1,1
130,3,16.0,1,1
130,4,17.0,1,1
130,5,47.0,1,1
130,6,0.0,1,1
130,7,71.0,1,1
130,8,16.0,1,1
130,9,0.0,1,1
130,10,11.0,1,1
130,11,46.0,1,1
130,12,8.0,1,1
130,13,0.0,1,1
130,14,38.0,1,1
130,15,120.0,1,1
130,16,3.0,1,1
130,17,78.0,1,1
130,18,96.0,1,1
130,19,26.0,1,1
130,20,33.0,1,1
130,21,50.0,1,1
130,22,16.0,1,1
130,23,40.0,1,1
130,24,1.0,1,1
130,25,14.0,1,1
130,26,22.0,1,1
130,27,0.0,1,1
130,28,15.0,1,1
130,29,9.0,1,1
130,30,15.0,1,1
130,31,5.0,1,1
130,32,14.0,1,1
130,33,3.0,1,1
131,0,78.0,1,1
131,1,77.0,1,1
131,2,50.0,1,1
131,3,15.0,1,1
131,4,21.0,1,1
131,5,66.0,1,1
131,6,0.0,1,1
131,7,64.0,1,1
131,8,10.0,1,1
131,9,0.0,1,1
131,10,11.0,1,1
131,11,53.0,1,1
131,12,27.0,1,1
131,13,0.0,1,1
131,14,41.0,1,1
131,15,111.0,1,1
131,16,4.0,1,1
131,17,56.0,1,1
131,18,72.0,1,1
131,19,30.0,1,1
131,20,23.0,1,1
131,21,36.0,1,1
131,22,9.0,1,1
131,23,34.0,1,1
131,24,4.0,1,1
131,25,10.0,1,1
131,26,19.0,1,1
131,27,0.0,1,1
131,28,8.0,1,1
131,29,18.0,1,1
131,30,8.0,1,1
131,31,1.0,1,1
131,32,12.0,1,1
131,33,8.0,1,1
132,0,74.0,1,1
132,1,66.0,1,1
132,2,56.0,1,1
132,3,23.0,1,1
132,4,24.0,1,1
132,5,44.0,1,1
132,6,0.0,1,1
132,7,71.0,1,1
132,8,16.0,1,1
132,9,0.0,1,1
132,10,7.0,1,1
132,11,48.0,1,1
132,12,12.0,1,1
132,13,3.0,1,1
132,14,19.0,1,1
132,15,75.0,1,1
132,16,1.0,1,1
132,17,84.0,1,1
132,18,88.0,1,1
132,19,25.0,1,1
132,20,31.0,1,1
132,21,40.0,1,1
132,22,8.0,1,1
132,23,35.0,1,1
132,24,1.0,1,1
132,25,4.0,1,1
132,26,25.0,1,1
132,27,0.0,1,1
132,28,25.0,1,1
132,29,13.0,1,1
132,30,16.0,1,1
132,31,3.0,1,1
132,32,12.0,1,1
132,33,7.0,1,1
133,0,68.0,1,1
133,1,87.0,1,1
133,2,41.0,1,1
133,3,16.0,1,1
133,4,12.0,1,1
133,5,71.0,1,1
133,6,0.0,1,1
133,7,75.0,1,1
133,8,18.0,1,1
133,9,0.0,1,1
133,10,8.0,1,1
133,11,55.0,1,1
133,12,13.0,1,1
133,13,0.0,1,1
133,14,19.0,1,1
133,15,122.0,1,1
133,16,2.0,1,1
133,17,91.0,1,1
133,18,94.0,1,1
133,19,28.0,1,1
133,20,38.0,1,1
133,21,35.0,1,1
133,22,7.0,1,1
133,23,41.0,1,1
133,24,1.0,1,1
133,25,6.0,1,1
133,26,16.0,1,1
133,27,0.0,1,1
133,28,16.0,1,1
133,29,10.0,1,1
133,30,8.0,1,1
133,31,2.0,1,1
133,32,13.0,1,1
133,33,9.0,1,1
134,0,56.0,1,1
134,1,105.0,1,1
134,2,62.0,1,1
134,3,24.0,1,1
134,4,26.0,1,1
134,5,70.0,1,1
134,6,0.0,1,1
134,7,74.0,1,1
134,8,16.0,1,1
134,9,0.0,1,1
134,10,7.0,1,1
134,11,52.0,1,1
134,12,20.0,1,1
134,13,3.0,1,1
134,14,16.0,1,1
134,15,89.0,1,1
134,16,2.0,1,1
134,17,75.0,1,1
134,18,72.0,1,1
134,19,26.0,1,1
134,20,24.0,1,1
134,21,37.0,1,1
134,22,9.0,1,1
134,23,28.0,1,1
134,24,0.0,1,1
134,25,15.0,1,1
134,26,14.0,1,1
134,27,0.0,1,1
134,28,9.0,1,1
134,29,16.0,1,1
134,30,17.0,1,1
134,31,5.0,1,1
134,32,9.0,1,1
134,33,9.0,1,1
135,0,59.0,1,1
135,1,78.0,1,1
135,2,63.0,1,1
135,3,14.0,1,1
135,4,19.0,1,1
135,5,44.0,1,1
135,6,0.0,1,1
135,7,56.0,1,1
135,8,14.0,1,1
135,9,0.0,1,1
135,10,1.0,1,1
135,11,36.0,1,1
135,12,15.0,1,1
135,13,0.0,1,1
135,14,26.0,1,1
135,15,104.0,1,1
135,16,0.0,1,1
135,17,87.0,1,1
135,18,87.0,1,1
135,19,22.0,1,1
135,20,19.0,1,1
135,21,51.0,1,1
135,22,8.0,1,1
135,23,41.0,1,1
135,24,2.0,1,1
135,25,7.0,1,1
135,26,14.0,1,1
135,27,0.0,1,1
135,28,18.0,1,1
135,29,6.0,1,1
135,30,15.0,1,1
135,31,6.0,1,1
135,32,11.0,1,1
135,33,7.0,1,1
136,0,51.0,1,1
136,1,79.0,1,1
136,2,53.0,1,1
136,3,20.0,1,1
136,4,13.0,1,1
136,5,57.0,1,1
136,6,0.0,1,1
136,7,54.0,1,1
136,8,19.0,1,1
136,9,0.0,1,1
136,10,10.0,1,1
136,11,36.0,1,1
136,12,23.0,1,1
136,13,1.0,1,1
136,14,15.0,1,1
136,15,105.0,1,1
136,16,0.0,1,1
136,17,63.0,1,1
136,18,85.0,1,1
136,19,16.0,1,1
136,20,25.0,1,1
136,21,26.0,1,1
136,22,7.0,1,1
136,23,26.0,1,1
136,24,0.0,1,1
136,25,9.0,1,1
136,26,14.0,1,1
136,27,0.0,1,1
136,28,12.0,1,1
136,29,17.0,1,1
136,30,4.0,1,1
136,31,2.0,1,1
136,32,16.0,1,1
136,33,9.0,1,1
137,0,50.0,1,1
137,1,60.0,1,1
137,2,39.0,1,1
137,3,13.0,1,1
137,4,23.0,1,1
137,5,50.0,1,1
137,6,0.0,1,1
137,7,66.0,1,1
137,8,8.0,1,1
137,9,0.0,1,1
137,10,4.0,1,1
137,11,38.0,1,1
137,12,13.0,1,1
137,13,0.0,1,1
137,14,26.0,1,1
137,15,96.0,1,1
137,16,2.0,1,1
137,17,69.0,1,1
137,18,76.0,1,1
137,19,21.0,1,1
137,20,21.0,1,1
137,21,29.0,1,1
137,22,9.0,1,1
137,23,29.0,1,1
137,24,1.0,1,1
137,25,4.0,1,1
137,26,15.0,1,1
137,27,0.0,1,1
137,28,19.0,1,1
137,29,9.0,1,1
137,30,10.0,1,1
137,31,5.0,1,1
137,32,9.0,1,1
137,33,8.0,1,1
138,0,55.0,1,1
138,1,63.0,1,1
138,2,54.0,1,1
138,3,15.0,1,1
138,4,5.0,1,1
138,5,56.0,1,1
138,6,0.0,1,1
138,7,54.0,1,1
138,8,14.0,1,1
138,9,0.0,1,1
138,10,6.0,1,1
138,11,35.0,1,1
138,12,15.0,1,1
138,13,1.0,1,1
138,14,33.0,1,1
138,15,105.0,1,1
138,16,2.0,1,1
138,17,69.0,1,1
138,18,73.0,1,1
138,19,18.0,1,1
138,20,24.0,1,1
138,21,27.0,1,1
138,22,7.0,1,1
138,23,31.0,1,1
138,24,0.0,1,1
138,25,12.0,1,1
138,26,18.0,1,1
138,27,0.0,1,1
138,28,19.0,1,1
138,29,7.0,1,1
138,30,6.0,1,1
138,31,5.0,1,1
138,32,16.0,1,1
138,33,5.0,1,1
139,0,64.0,1,1
139,1,77.0,1,1
139,2,48.0,1,1
139,3,12.0,1,1
139,4,25.0,1,1
139,5,55.0,1,1
139,6,0.0,1,1
139,7,52.0,1,1
139,8,14.0,1,1
139,9,0.0,1,1
139,10,5.0,1,1
139,11,36.0,1,1
139,12,10.0,1,1
139,13,0.0,1,1
139,14,22.0,1,1
139,15,90.0,1,1
139,16,1.0,1,1
139,17,64.0,1,1
139,18,72.0,1,1
139,19,17.0,1,1
139,20,15.0,1,1
139,21,35.0,1,1
139,22,3.0,1,1
139,23,40.0,1,1
139,24,0.0,1,1
139,25,6.0,1,1
139,26,10.0,1,1
139,27,0.0,1,1
139,28,17.0,1,1
139,29,8.0,1,1
139,30,7.0,1,1
139,31,1.0,1,1
139,32,5.0,1,1
139,33,4.0,1,1
140,0,60.0,1,1
140,1,65.0,1,1
140,2,44.0,1,1
140,3,11.0,1,1
140,4,19.0,1,1
140,5,43.0,1,1
140,6,0.0,1,1
140,7,56.0,1,1
140,8,9.0,1,1
140,9,0.0,1,1
140,10,4.0,1,1
140,11,35.0,1,1
140,12,20.0,1,1
140,13,3.0,1,1
140,14,12.0,1,1
140,15,78.0,1,1
140,16,4.0,1,1
140,17,51.0,1,1
140,18,56.0,1,1
140,19,22.0,1,1
140,20,17.0,1,1
140,21,45.0,1,1
140,22,5.0,1,1
140,23,24.0,1,1
140,24,2.0,1,1
140,25,2.0,1,1
140,26,8.0,1,1
140,27,0.0,1,1
140,28,10.0,1,1
140,29,7.0,1,1
140,30,6.0,1,1
140,31,1.0,1,1
140,32,5.0,1,1
140,33,5.0,1,1
141,0,48.0,1,1
141,1,51.0,1,1
141,2,53.0,1,1
141,3,11.0,1,1
141,4,13.0,1,1
141,5,45.0,1,1
141,6,0.0,1,1
141,7,51.0,1,1
141,8,9.0,1,1
141,9,0.0,1,1
141,10,4.0,1,1
141,11,33.0,1,1
141,12,8.0,1,1
141,13,0.0,1,1
141,14,14.0,1,1
141,15,65.0,1,1
141,16,1.0,1,1
141,17,54.0,1,1
141,18,67.0,1,1
141,19,10.0,1,1
141,20,11.0,1,1
141,21,84.0,1,1
141,22,8.0,1,1
141,23,32.0,1,1
141,24,1.0,1,1
141,25,2.0,1,1
141,26,7.0,1,1
141,27,0.0,1,1
141,28,19.0,1,1
141,29,11.0,1,1
141,30,12.0,1,1
141,31,0.0,1,1
141,32,5.0,1,1
141,33,5.0,1,1
142,0,43.0,1,1
142,1,51.0,1,1
142,2,30.0,1,1
142,3,11.0,1,1
142,4,15.0,1,1
142,5,37.0,1,1
142,6,0.0,1,1
142,7,38.0,1,1
142,8,13.0,1,1
142,9,0.0,1,1
142,10,3.0,1,1
142,11,23.0,1,1
142,12,6.0,1,1
142,13,1.0,1,1
142,14,22.0,1,1
142,15,62.0,1,1
142,16,3.0,1,1
142,17,45.0,1,1
142,18,55.0,1,1
142,19,22.0,1,1
142,20,13.0,1,1
142,21,13.0,1,1
142,22,7.0,1,1
142,23,25.0,1,1
142,24,0.0,1,1
142,25,4.0,1,1
142,26,4.0,1,1
142,27,0.0,1,1
142,28,11.0,1,1
142,29,1.0,1,1
142,30,9.0,1,1
142,31,7.0,1,1
142,32,12.0,1,1
142,33,6.0,1,1
143,0,45.0,1,1
143,1,58.0,1,1
143,2,38.0,1,1
143,3,7.0,1,1
143,4,15.0,1,1
143,5,36.0,1,1
143,6,0.0,1,1
143,7,47.0,1,1
143,8,10.0,1,1
143,9,0.0,1,1
143,10,3.0,1,1
143,11,28.0,1,1
143,12,6.0,1,1
143,13,0.0,1,1
143,14,8.0,1,1
143,15,56.0,1,1
143,16,1.0,1,1
143,17,66.0,1,1
143,18,62.0,1,1
143,19,19.0,1,1
143,20,14.0,1,1
143,21,24.0,1,1
143,22,8.0,1,1
143,23,22.0,1,1
143,24,1.0,1,1
143,25,5.0,1,1
143,26,13.0,1,1
143,27,0.0,1,1
143,28,18.0,1,1
143,29,5.0,1,1
143,30,6.0,1,1
143,31,3.0,1,1
143,32,10.0,1,1
143,33,3.0,1,1
144,0,38.0,1,1
144,1,43.0,1,1
144,2,41.0,1,1
144,3,13.0,1,1
144,4,7.0,1,1
144,5,30.0,1,1
144,6,0.0,1,1
144,7,47.0,1,1
144,8,16.0,1,1
144,9,0.0,1,1
144,10,8.0,1,1
144,11,26.0,1,1
144,12,8.0,1,1
144,13,2.0,1,1
144,14,18.0,1,1
144,15,52.0,1,1
144,16,1.0,1,1
144,17,41.0,1,1
144,18,48.0,1,1
144,19,17.0,1,1
144,20,18.0,1,1
144,21,17.0,1,1
144,22,3.0,1,1
144,23,17.0,1,1
144,24,0.0,1,1
144,25,4.0,1,1
144,26,8.0,1,1
144,27,0.0,1,1
144,28,10.0,1,1
144,29,4.0,1,1
144,30,5.0,1,1
144,31,3.0,1,1
144,32,10.0,1,1
144,33,2.0,1,1
145,0,20.0,1,1
145,1,41.0,1,1
145,2,27.0,1,1
145,3,11.0,1,1
145,4,8.0,1,1
145,5,24.0,1,1
145,6,0.0,1,1
145,7,30.0,1,1
145,8,5.0,1,1
145,9,0.0,1,1
145,10,9.0,1,1
145,11,18.0,1,1
145,12,4.0,1,1
145,13,0.0,1,1
145,14,3.0,1,1
145,15,23.0,1,1
145,16,1.0,1,1
145,17,29.0,1,1
145,18,45.0,1,1
145,19,10.0,1,1
145,20,15.0,1,1
145,21,20.0,1,1
145,22,6.0,1,1
145,23,17.0,1,1
145,24,1.0,1,1
145,25,6.0,1,1
145,26,6.0,1,1
145,27,0.0,1,1
145,28,8.0,1,1
145,29,7.0,1,1
145,30,6.0,1,1
145,31,3.0,1,1
145,32,8.0,1,1
145,33,4.0,1,1
146,0,26.0,1,1
146,1,32.0,1,1
146,2,26.0,1,1
146,3,6.0,1,1
146,4,2.0,1,1
146,5,30.0,1,1
146,6,0.0,1,1
146,7,42.0,1,1
146,8,7.0,1,1
146,9,0.0,1,1
146,10,4.0,1,1
146,11,25.0,1,1
146,12,4.0,1,1
146,13,0.0,1,1
146,14,4.0,1,1
146,15,39.0,1,1
146,16,2.0,1,1
146,17,31.0,1,1
146,18,54.0,1,1
146,19,15.0,1,1
146,20,11.0,1,1
146,21,17.0,1,1
146,22,0.0,1,1
146,23,15.0,1,1
146,24,0.0,1,1
146,25,3.0,1,1
146,26,6.0,1,1
146,27,0.0,1,1
146,28,14.0,1,1
146,29,2.0,1,1
146,30,6.0,1,1
146,31,1.0,1,1
146,32,3.0,1,1
146,33,2.0,1,1
147,0,37.0,1,1
147,1,30.0,1,1
147,2,22.0,1,1
147,3,3.0,1,1
147,4,7.0,1,1
147,5,22.0,1,1
147,6,0.0,1,1
147,7,37.0,1,1
147,8,7.0,1,1
147,9,0.0,1,1
147,10,3.0,1,1
147,11,24.0,1,1
147,12,9.0,1,1
147,13,0.0,1,1
147,14,9.0,1,1
147,15,31.0,1,1
147,16,2.0,1,1
147,17,33.0,1,1
147,18,46.0,1,1
147,19,13.0,1,1
147,20,13.0,1,1
147,21,11.0,1,1
147,22,2.0,1,1
147,23,23.0,1,1
147,24,1.0,1,1
147,25,3.0,1,1
147,26,4.0,1,1
147,27,0.0,1,1
147,28,10.0,1,1
147,29,6.0,1,1
147,30,3.0,1,1
147,31,3.0,1,1
147,32,7.0,1,1
147,33,4.0,1,1
148,0,25.0,1,1
148,1,33.0,1,1
148,2,32.0,1,1
148,3,2.0,1,1
148,4,2.0,1,1
148,5,18.0,1,1
148,6,0.0,1,1
148,7,32.0,1,1
148,8,6.0,1,1
148,9,0.0,1,1
148,10,1.0,1,1
148,11,22.0,1,1
148,12,8.0,1,1
148,13,2.0,1,1
148,14,7.0,1,1
148,15,36.0,1,1
148,16,0.0,1,1
148,17,29.0,1,1
148,18,32.0,1,1
148,19,5.0,1,1
148,20,2.0,1,1
148,21,12.0,1,1
148,22,2.0,1,1
148,23,10.0,1,1
148,24,0.0,1,1
148,25,2.0,1,1
148,26,9.0,1,1
148,27,0.0,1,1
148,28,6.0,1,1
148,29,1.0,1,1
148,30,3.0,1,1
148,31,3.0,1,1
148,32,8.0,1,1
148,33,2.0,1,1
149,0,19.0,1,1
149,1,29.0,1,1
149,2,18.0,1,1
149,3,7.0,1,1
149,4,4.0,1,1
149,5,19.0,1,1
149,6,0.0,1,1
149,7,32.0,1,1
149,8,5.0,1,1
149,9,0.0,1,1
149,10,1.0,1,1
149,11,18.0,1,1
149,12,4.0,1,1
149,13,3.0,1,1
149,14,3.0,1,1
149,15,30.0,1,1
149,16,2.0,1,1
149,17,20.0,1,1
149,18,26.0,1,1
149,19,8.0,1,1
149,20,4.0,1,1
149,21,7.0,1,1
149,22,3.0,1,1
149,23,14.0,1,1
149,24,1.0,1,1
149,25,1.0,1,1
149,26,6.0,1,1
149,27,0.0,1,1
149,28,5.0,1,1
149,29,4.0,1,1
149,30,6.0,1,1
149,31,3.0,1,1
149,32,2.0,1,1
149,33,2.0,1,1
150,0,15.0,1,1
150,1,23.0,1,1
150,2,22.0,1,1
150,3,2.0,1,1
150,4,3.0,1,1
150,5,10.0,1,1
150,6,0.0,1,1
150,7,25.0,1,1
150,8,2.0,1,1
150,9,0.0,1,1
150,10,3.0,1,1
150,11,15.0,1,1
150,12,5.0,1,1
150,13,1.0,1,1
150,14,2.0,1,1
150,15,17.0,1,1
150,16,0.0,1,1
150,17,14.0,1,1
150,18,21.0,1,1
150,19,2.0,1,1
150,20,2.0,1,1
150,21,5.0,1,1
150,22,1.0,1,1
150,23,11.0,1,1
150,24,0.0,1,1
150,25,0.0,1,1
150,26,1.0,1,1
150,27,0.0,1,1
150,28,6.0,1,1
150,29,0.0,1,1
150,30,0.0,1,1
150,31,1.0,1,1
150,32,6.0,1,1
150,33,0.0,1,1
151,0,15.0,1,1
151,1,20.0,1,1
151,2,7.0,1,1
151,3,2.0,1,1
151,4,5.0,1,1
151,5,14.0,1,1
151,6,0.0,1,1
151,7,17.0,1,1
151,8,3.0,1,1
151,9,0.0,1,1
151,10,1.0,1,1
151,11,11.0,1,1
151,12,7.0,1,1
151,13,3.0,1,1
151,14,2.0,1,1
151,15,26.0,1,1
151,16,0.0,1,1
151,17,12.0,1,1
151,18,23.0,1,1
151,19,8.0,1,1
151,20,3.0,1,1
151,21,5.0,1,1
151,22,1.0,1,1
151,23,8.0,1,1
151,24,0.0,1,1
151,25,2.0,1,1
151,26,0.0,1,1
151,27,0.0,1,1
151,28,5.0,1,1
151,29,2.0,1,1
151,30,0.0,1,1
151,31,0.0,1,1
151,32,1.0,1,1
151,33,2.0,1,1
152,0,13.0,1,1
152,1,12.0,1,1
152,2,9.0,1,1
152,3,3.0,1,1
152,4,4.0,1,1
152,5,8.0,1,1
152,6,0.0,1,1
152,7,17.0,1,1
152,8,4.0,1,1
152,9,0.0,1,1
152,10,1.0,1,1
152,11,11.0,1,1
152,12,1.0,1,1
152,13,0.0,1,1
152,14,1.0,1,1
152,15,9.0,1,1
152,16,0.0,1,1
152,17,5.0,1,1
152,18,16.0,1,1
152,19,3.0,1,1
152,20,4.0,1,1
152,21,5.0,1,1
152,22,0.0,1,1
152,23,6.0,1,1
152,24,0.0,1,1
152,25,2.0,1,1
152,26,1.0,1,1
152,27,0.0,1,1
152,28,5.0,1,1
152,29,1.0,1,1
152,30,2.0,1,1
152,31,0.0,1,1
152,32,5.0,1,1
152,33,0.0,1,1
153,0,15.0,1,1
153,1,15.0,1,1
153,2,11.0,1,1
153,3,5.0,1,1
153,4,6.0,1,1
153,5,8.0,1,1
153,6,0.0,1,1
153,7,7.0,1,1
153,8,1.0,1,1
153,9,0.0,1,1
153,10,1.0,1,1
153,11,5.0,1,1
153,12,0.0,1,1
153,13,1.0,1,1
153,14,7.0,1,1
153,15,13.0,1,1
153,16,0.0,1,1
153,17,9.0,1,1
153,18,16.0,1,1
153,19,0.0,1,1
153,20,1.0,1,1
153,21,3.0,1,1
153,22,3.0,1,1
153,23,5.0,1,1
153,24,0.0,1,1
153,25,2.0,1,1
153,26,4.0,1,1
153,27,0.0,1,1
153,28,4.0,1,1
153,29,1.0,1,1
153,30,1.0,1,1
153,31,0.0,1,1
153,32,4.0,1,1
153,33,0.0,1,1
154,0,11.0,1,1
154,1,14.0,1,1
154,2,11.0,1,1
154,3,10.0,1,1
154,4,3.0,1,1
154,5,9.0,1,1
154,6,0.0,1,1
154,7,10.0,1,1
154,8,1.0,1,1
154,9,0.0,1,1
154,10,1.0,1,1
154,11,8.0,1,1
154,12,2.0,1,1
154,13,2.0,1,1
154,14,0.0,1,1
154,15,16.0,1,1
154,16,0.0,1,1
154,17,12.0,1,1
154,18,12.0,1,1
154,19,5.0,1,1
154,20,3.0,1,1
154,21,6.0,1,1
154,22,2.0,1,1
154,23,3.0,1,1
154,24,0.0,1,1
154,25,2.0,1,1
154,26,8.0,1,1
154,27,0.0,1,1
154,28,4.0,1,1
154,29,2.0,1,1
154,30,3.0,1,1
154,31,1.0,1,1
154,32,5.0,1,1
154,33,2.0,1,1
155,0,5.0,1,1
155,1,14.0,1,1
155,2,8.0,1,1
155,3,8.0,1,1
155,4,1.0,1,1
155,5,10.0,1,1
155,6,0.0,1,1
155,7,10.0,1,1
155,8,3.0,1,1
155,9,0.0,1,1
155,10,0.0,1,1
155,11,5.0,1,1
155,12,0.0,1,1
155,13,0.0,1,1
155,14,0.0,1,1
155,15,12.0,1,1
155,16,1.0,1,1
155,17,10.0,1,1
155,18,6.0,1,1
155,19,3.0,1,1
155,20,3.0,1,1
155,21,2.0,1,1
155,22,2.0,1,1
155,23,2.0,1,1
155,24,0.0,1,1
155,25,0.0,1,1
155,26,3.0,1,1
155,27,0.0,1,1
155,28,1.0,1,1
155,29,0.0,1,1
155,30,0.0,1,1
155,31,1.0,1,1
155,32,1.0,1,1
155,33,1.0,1,1
156,0,11.0,1,1
156,1,8.0,1,1
156,2,4.0,1,1
156,3,3.0,1,1
156,4,2.0,1,1
156,5,3.0,1,1
156,6,0.0,1,1
156,7,11.0,1,1
156,8,1.0,1,1
156,9,0.0,1,1
156,10,0.0,1,1
156,11,5.0,1,1
156,12,0.0,1,1
156,13,0.0,1,1
156,14,0.0,1,1
156,15,14.0,1,1
156,16,0.0,1,1
156,17,3.0,1,1
156,18,9.0,1,1
156,19,5.0,1,1
156,20,2.0,1,1
156,21,1.0,1,1
156,22,1.0,1,1
156,23,7.0,1,1
156,24,0.0,1,1
156,25,2.0,1,1
156,26,2.0,1,1
156,27,0.0,1,1
156,28,4.0,1,1
156,29,0.0,1,1
156,30,2.0,1,1
156,31,1.0,1,1
156,32,2.0,1,1
156,33,1.0,1,1
157,0,12.0,1,1
157,1,10.0,1,1
157,2,3.0,1,1
157,3,4.0,1,1
157,4,1.0,1,1
157,5,10.0,1,1
157,6,0.0,1,1
157,7,11.0,1,1
157,8,2.0,1,1
157,9,0.0,1,1
157,10,0.0,1,1
157,11,3.0,1,1
157,12,4.0,1,1
157,13,3.0,1,1
157,14,0.0,1,1
157,15,20.0,1,1
157,16,0.0,1,1
157,17,13.0,1,1
157,18,11.0,1,1
157,19,2.0,1,1
157,20,3.0,1,1
157,21,5.0,1,1
157,22,0.0,1,1
157,23,7.0,1,1
157,24,0.0,1,1
157,25,1.0,1,1
157,26,2.0,1,1
157,27,0.0,1,1
157,28,3.0,1,1
157,29,0.0,1,1
157,30,2.0,1,1
157,31,1.0,1,1
157,32,3.0,1,1
157,33,0.0,1,1
158,0,7.0,1,1
158,1,11.0,1,1
158,2,3.0,1,1
158,3,1.0,1,1
158,4,1.0,1,1
158,5,9.0,1,1
158,6,0.0,1,1
158,7,9.0,1,1
158,8,2.0,1,1
158,9,0.0,1,1
158,10,1.0,1,1
158,11,7.0,1,1
158,12,2.0,1,1
158,13,0.0,1,1
158,14,3.0,1,1
158,15,11.0,1,1
158,16,0.0,1,1
158,17,6.0,1,1
158,18,11.0,1,1
158,19,2.0,1,1
158,20,2.0,1,1
158,21,5.0,1,1
158,22,0.0,1,1
158,23,7.0,1,1
158,24,0.0,1,1
158,25,0.0,1,1
158,26,0.0,1,1
158,27,0.0,1,1
158,28,3.0,1,1
158,29,1.0,1,1
158,30,2.0,1,1
158,31,0.0,1,1
158,32,1.0,1,1
158,33,1.0,1,1
159,0,13.0,1,1
159,1,12.0,1,1
159,2,3.0,1,1
159,3,3.0,1,1
159,4,1.0,1,1
159,5,6.0,1,1
159,6,0.0,1,1
159,7,10.0,1,1
159,8,0.0,1,1
159,9,0.0,1,1
159,10,1.0,1,1
159,11,7.0,1,1
159,12,11.0,1,1
159,13,1.0,1,1
159,14,4.0,1,1
159,15,8.0,1,1
159,16,0.0,1,1
159,17,7.0,1,1
159,18,9.0,1,1
159,19,2.0,1,1
159,20,3.0,1,1
159,21,2.0,1,1
159,22,0.0,1,1
159,23,1.0,1,1
159,24,0.0,1,1
159,25,1.0,1,1
159,26,3.0,1,1
159,27,0.0,1,1
159,28,4.0,1,1
159,29,2.0,1,1
159,30,4.0,1,1
159,31,0.0,1,1
159,32,2.0,1,1
159,33,2.0,1,1
160,0,8.0,1,1
160,1,6.0,1,1
160,2,6.0,1,1
160,3,2.0,1,1
160,4,3.0,1,1
160,5,6.0,1,1
160,6,0.0,1,1
160,7,5.0,1,1
160,8,3.0,1,1
160,9,0.0,1,1
160,10,2.0,1,1
160,11,2.0,1,1
160,12,5.0,1,1
160,13,0.0,1,1
160,14,10.0,1,1
160,15,9.0,1,1
160,16,1.0,1,1
160,17,4.0,1,1
160,18,6.0,1,1
160,19,2.0,1,1
160,20,3.0,1,1
160,21,2.0,1,1
160,22,2.0,1,1
160,23,1.0,1,1
160,24,0.0,1,1
160,25,1.0,1,1
160,26,2.0,1,1
160,27,0.0,1,1
160,28,1.0,1,1
160,29,0.0,1,1
160,30,2.0,1,1
160,31,0.0,1,1
160,32,2.0,1,1
160,33,0.0,1,1
161,0,5.0,1,1
161,1,11.0,1,1
161,2,3.0,1,1
161,3,1.0,1,1
161,4,5.0,1,1
161,5,8.0,1,1
161,6,0.0,1,1
161,7,10.0,1,1
161,8,0.0,1,1
161,9,0.0,1,1
161,10,0.0,1,1
161,11,9.0,1,1
161,12,2.0,1,1
161,13,0.0,1,1
161,14,4.0,1,1
161,15,9.0,1,1
161,16,0.0,1,1
161,17,6.0,1,1
161,18,8.0,1,1
161,19,1.0,1,1
161,20,1.0,1,1
161,21,2.0,1,1
161,22,1.0,1,1
161,23,2.0,1,1
161,24,0.0,1,1
161,25,1.0,1,1
161,26,1.0,1,1
161,27,0.0,1,1
161,28,1.0,1,1
161,29,2.0,1,1
161,30,3.0,1,1
161,31,0.0,1,1
161,32,2.0,1,1
161,33,2.0,1,1
162,0,7.0,1,1
162,1,8.0,1,1
162,2,2.0,1,1
162,3,0.0,1,1
162,4,3.0,1,1
162,5,5.0,1,1
162,6,0.0,1,1
162,7,4.0,1,1
162,8,0.0,1,1
162,9,0.0,1,1
162,10,0.0,1,1
162,11,4.0,1,1
162,12,1.0,1,1
162,13,2.0,1,1
162,14,2.0,1,1
162,15,11.0,1,1
162,16,0.0,1,1
162,17,3.0,1,1
162,18,8.0,1,1
162,19,2.0,1,1
162,20,1.0,1,1
162,21,1.0,1,1
162,22,0.0,1,1
162,23,5.0,1,1
162,24,0.0,1,1
162,25,0.0,1,1
162,26,1.0,1,1
162,27,0.0,1,1
162,28,1.0,1,1
162,29,0.0,1,1
162,30,1.0,1,1
162,31,0.0,1,1
162,32,4.0,1,1
162,33,1.0,1,1
163,0,5.0,1,1
163,1,8.0,1,1
163,2,1.0,1,1
163,3,1.0,1,1
163,4,1.0,1,1
163,5,2.0,1,1
163,6,0.0,1,1
163,7,8.0,1,1
163,8,1.0,1,1
163,9,0.0,1,1
163,10,4.0,1,1
163,11,4.0,1,1
163,12,4.0,1,1
163,13,0.0,1,1
163,14,0.0,1,1
163,15,7.0,1,1
163,16,0.0,1,1
163,17,3.0,1,1
163,18,3.0,1,1
163,19,0.0,1,1
163,20,0.0,1,1
163,21,2.0,1,1
163,22,0.0,1,1
163,23,3.0,1,1
163,24,0.0,1,1
163,25,1.0,1,1
163,26,0.0,1,1
163,27,0.0,1,1
163,28,3.0,1,1
163,29,0.0,1,1
163,30,2.0,1,1
163,31,0.0,1,1
163,32,4.0,1,1
163,33,1.0,1,1
164,0,6.0,1,1
164,1,6.0,1,1
164,2,1.0,1,1
164,3,2.0,1,1
164,4,0.0,1,1
164,5,3.0,1,1
164,6,0.0,1,1
164,7,6.0,1,1
164,8,2.0,1,1
164,9,0.0,1,1
164,10,0.0,1,1
164,11,2.0,1,1
164,12,1.0,1,1
164,13,0.0,1,1
164,14,4.0,1,1
164,15,3.0,1,1
164,16,0.0,1,1
164,17,5.0,1,1
164,18,1.0,1,1
164,19,3.0,1,1
164,20,0.0,1,1
164,21,2.0,1,1
164,22,0.0,1,1
164,23,2.0,1,1
164,24,0.0,1,1
164,25,0.0,1,1
164,26,2.0,1,1
164,27,0.0,1,1
164,28,2.0,1,1
164,29,1.0,1,1
164,30,2.0,1,1
164,31,0.0,1,1
164,32,0.0,1,1
164,33,0.0,1,1
165,0,6.0,1,1
165,1,2.0,1,1
165,2,3.0,1,1
165,3,1.0,1,1
165,4,0.0,1,1
165,5,2.0,1,1
165,6,0.0,1,1
165,7,8.0,1,1
165,8,3.0,1,1
165,9,0.0,1,1
165,10,0.0,1,1
165,11,3.0,1,1
165,12,0.0,1,1
165,13,2.0,1,1
165,14,1.0,1,1
165,15,1.0,1,1
165,16,0.0,1,1
165,17,1.0,1,1
165,18,7.0,1,1
165,19,3.0,1,1
165,20,3.0,1,1
165,21,3.0,1,1
165,22,0.0,1,1
165,23,1.0,1,1
165,24,0.0,1,1
165,25,0.0,1,1
165,26,1.0,1,1
165,27,0.0,1,1
165,28,1.0,1,1
165,29,0.0,1,1
165,30,0.0,1,1
165,31,1.0,1,1
165,32,0.0,1,1
165,33,0.0,1,1
166,0,4.0,1,1
166,1,4.0,1,1
166,2,3.0,1,1
166,3,0.0,1,1
166,4,2.0,1,1
166,5,3.0,1,1
166,6,0.0,1,1
166,7,7.0,1,1
166,8,0.0,1,1
166,9,0.0,1,1
166,10,1.0,1,1
166,11,2.0,1,1
166,12,0.0,1,1
166,13,0.0,1,1
166,14,2.0,1,1
166,15,4.0,1,1
166,16,0.0,1,1
166,17,2.0,1,1
166,18,5.0,1,1
166,19,1.0,1,1
166,20,0.0,1,1
166,21,0.0,1,1
166,22,1.0,1,1
166,23,1.0,1,1
166,24,0.0,1,1
166,25,2.0,1,1
166,26,1.0,1,1
166,27,0.0,1,1
166,28,1.0,1,1
166,29,0.0,1,1
166,30,0.0,1,1
166,31,0.0,1,1
166,32,0.0,1,1
166,33,0.0,1,1
167,0,1.0,1,1
167,1,6.0,1,1
167,2,0.0,1,1
167,3,0.0,1,1
167,4,0.0,1,1
167,5,5.0,1,1
167,6,0.0,1,1
167,7,4.0,1,1
167,8,1.0,1,1
167,9,0.0,1,1
167,10,0.0,1,1
167,11,3.0,1,1
167,12,0.0,1,1
167,13,0.0,1,1
167,14,2.0,1,1
167,15,2.0,1,1
167,16,0.0,1,1
167,17,5.0,1,1
167,18,2.0,1,1
167,19,1.0,1,1
167,20,2.0,1,1
167,21,2.0,1,1
167,22,1.0,1,1
167,23,4.0,1,1
167,24,0.0,1,1
167,25,0.0,1,1
167,26,2.0,1,1
167,27,0.0,1,1
167,28,1.0,1,1
167,29,1.0,1,1
167,30,0.0,1,1
167,31,0.0,1,1
167,32,1.0,1,1
167,33,0.0,1,1
168,0,1.0,1,1
168,1,9.0,1,1
168,2,0.0,1,1
168,3,1.0,1,1
168,4,0.0,1,1
168,5,8.0,1,1
168,6,0.0,1,1
168,7,4.0,1,1
168,8,4.0,1,1
168,9,0.0,1,1
168,10,0.0,1,1
168,11,3.0,1,1
168,12,5.0,1,1
168,13,2.0,1,1
168,14,3.0,1,1
168,15,6.0,1,1
168,16,0.0,1,1
168,17,3.0,1,1
168,18,2.0,1,1
168,19,1.0,1,1
168,20,1.0,1,1
168,21,2.0,1,1
168,22,0.0,1,1
168,23,1.0,1,1
168,24,0.0,1,1
168,25,0.0,1,1
168,26,3.0,1,1
168,27,0.0,1,1
168,28,1.0,1,1
168,29,0.0,1,1
168,30,0.0,1,1
168,31,0.0,1,1
168,32,0.0,1,1
168,33,0.0,1,1
169,0,1.0,1,1
169,1,5.0,1,1
169,2,0.0,1,1
169,3,1.0,1,1
169,4,1.0,1,1
169,5,4.0,1,1
169,6,0.0,1,1
169,7,4.0,1,1
169,8,0.0,1,1
169,9,0.0,1,1
169,10,1.0,1,1
169,11,2.0,1,1
169,12,2.0,1,1
169,13,0.0,1,1
169,14,3.0,1,1
169,15,0.0,1,1
169,16,0.0,1,1
169,17,3.0,1,1
169,18,5.0,1,1
169,19,0.0,1,1
169,20,0.0,1,1
169,21,1.0,1,1
169,22,0.0,1,1
169,23,1.0,1,1
169,24,0.0,1,1
169,25,0.0,1,1
169,26,1.0,1,1
169,27,0.0,1,1
169,28,1.0,1,1
169,29,0.0,1,1
169,30,1.0,1,1
169,31,0.0,1,1
169,32,2.0,1,1
169,33,0.0,1,1
170,0,2.0,1,1
170,1,8.0,1,1
170,2,2.0,1,1
170,3,1.0,1,1
170,4,0.0,1,1
170,5,7.0,1,1
170,6,0.0,1,1
170,7,4.0,1,1
170,8,1.0,1,1
170,9,0.0,1,1
170,10,1.0,1,1
170,11,0.0,1,1
170,12,6.0,1,1
170,13,0.0,1,1
170,14,0.0,1,1
170,15,4.0,1,1
170,16,0.0,1,1
170,17,7.0,1,1
170,18,1.0,1,1
170,19,0.0,1,1
170,20,1.0,1,1
170,21,3.0,1,1
170,22,1.0,1,1
170,23,5.0,1,1
170,24,0.0,1,1
170,25,1.0,1,1
170,26,0.0,1,1
170,27,0.0,1,1
170,28,0.0,1,1
170,29,1.0,1,1
170,30,0.0,1,1
170,31,0.0,1,1
170,32,0.0,1,1
170,33,0.0,1,1
171,0,3.0,1,1
171,1,6.0,1,1
171,2,2.0,1,1
171,3,0.0,1,1
171,4,2.0,1,1
171,5,2.0,1,1
171,6,0.0,1,1
171,7,6.0,1,1
171,8,1.0,1,1
171,9,0.0,1,1
171,10,1.0,1,1
171,11,3.0,1,1
171,12,0.0,1,1
171,13,2.0,1,1
171,14,9.0,1,1
171,15,0.0,1,1
171,16,0.0,1,1
171,17,2.0,1,1
171,18,5.0,1,1
171,19,0.0,1,1
171,20,1.0,1,1
171,21,2.0,1,1
171,22,0.0,1,1
171,23,0.0,1,1
171,24,0.0,1,1
171,25,0.0,1,1
171,26,1.0,1,1
171,27,0.0,1,1
171,28,2.0,1,1
171,29,0.0,1,1
171,30,0.0,1,1
171,31,0.0,1,1
171,32,0.0,1,1
171,33,0.0,1,1
172,0,6.0,1,1
172,1,3.0,1,1
172,2,2.0,1,1
172,3,0.0,1,1
172,4,2.0,1,1
172,5,2.0,1,1
172,6,0.0,1,1
172,7,2.0,1,1
172,8,1.0,1,1
172,9,0.0,1,1
172,10,0.0,1,1
172,11,1.0,1,1
172,12,0.0,1,1
172,13,2.0,1,1
172,14,3.0,1,1
172,15,2.0,1,1
172,16,1.0,1,1
172,17,1.0,1,1
172,18,2.0,1,1
172,19,3.0,1,1
172,20,2.0,1,1
172,21,0.0,1,1
172,22,1.0,1,1
172,23,0.0,1,1
172,24,0.0,1,1
172,25,0.0,1,1
172,26,1.0,1,1
172,27,0.0,1,1
172,28,0.0,1,1
172,29,0.0,1,1
172,30,0.0,1,1
172,31,0.0,1,1
172,32,1.0,1,1
172,33,1.0,1,1
173,0,5.0,1,1
173,1,4.0,1,1
173,2,3.0,1,1
173,3,1.0,1,1
173,4,0.0,1,1
173,5,1.0,1,1
173,6,0.0,1,1
173,7,3.0,1,1
173,8,0.0,1,1
173,9,0.0,1,1
173,10,0.0,1,1
173,11,2.0,1,1
173,12,0.0,1,1
173,13,2.0,1,1
173,14,0.0,1,1
173,15,2.0,1,1
173,16,0.0,1,1
173,17,0.0,1,1
173,18,1.0,1,1
173,19,0.0,1,1
173,20,1.0,1,1
173,21,1.0,1,1
173,22,0.0,1,1
173,23,0.0,1,1
173,24,0.0,1,1
173,25,0.0,1,1
173,26,0.0,1,1
173,27,0.0,1,1
173,28,0.0,1,1
173,29,0.0,1,1
173,30,0.0,1,1
173,31,0.0,1,1
173,32,1.0,1,1
173,33,0.0,1,1
174,0,7.0,1,1
174,1,5.0,1,1
174,2,3.0,1,1
174,3,1.0,1,1
174,4,0.0,1,1
174,5,4.0,1,1
174,6,0.0,1,1
174,7,6.0,1,1
174,8,2.0,1,1
174,9,0.0,1,1
174,10,1.0,1,1
174,11,4.0,1,1
174,12,4.0,1,1
174,13,2.0,1,1
174,14,2.0,1,1
174,15,11.0,1,1
174,16,0.0,1,1
174,17,4.0,1,1
174,18,4.0,1,1
174,19,1.0,1,1
174,20,1.0,1,1
174,21,2.0,1,1
174,22,2.0,1,1
174,23,0.0,1,1
174,24,0.0,1,1
174,25,0.0,1,1
174,26,0.0,1,1
174,27,0.0,1,1
174,28,1.0,1,1
174,29,1.0,1,1
174,30,2.0,1,1
174,31,0.0,1,1
174,32,0.0,1,1
174,33,1.0,1,1
175,0,8.0,1,1
175,1,7.0,1,1
175,2,2.0,1,1
175,3,0.0,1,1
175,4,0.0,1,1
175,5,5.0,1,1
175,6,0.0,1,1
175,7,2.0,1,1
175,8,1.0,1,1
175,9,0.0,1,1
175,10,1.0,1,1
175,11,0.0,1,1
175,12,2.0,1,1
175,13,3.0,1,1
175,14,0.0,1,1
175,15,5.0,1,1
175,16,1.0,1,1
175,17,2.0,1,1
175,18,2.0,1,1
175,19,0.0,1,1
175,20,2.0,1,1
175,21,0.0,1,1
175,22,2.0,1,1
175,23,0.0,1,1
175,24,0.0,1,1
175,25,3.0,1,1
175,26,2.0,1,1
175,27,0.0,1,1
175,28,0.0,1,1
175,29,1.0,1,1
175,30,0.0,1,1
175,31,0.0,1,1
175,32,1.0,1,1
175,33,1.0,1,1
176,0,8.0,1,1
176,1,9.0,1,1
176,2,3.0,1,1
176,3,2.0,1,1
176,4,0.0,1,1
176,5,5.0,1,1
176,6,0.0,1,1
176,7,4.0,1,1
176,8,0.0,1,1
176,9,0.0,1,1
176,10,0.0,1,1
176,11,2.0,1,1
176,12,0.0,1,1
176,13,0.0,1,1
176,14,1.0,1,1
176,15,0.0,1,1
176,16,0.0,1,1
176,17,5.0,1,1
176,18,2.0,1,1
176,19,1.0,1,1
176,20,0.0,1,1
176,21,2.0,1,1
176,22,1.0,1,1
176,23,2.0,1,1
176,24,0.0,1,1
176,25,0.0,1,1
176,26,0.0,1,1
176,27,0.0,1,1
176,28,2.0,1,1
176,29,0.0,1,1
176,30,2.0,1,1
176,31,0.0,1,1
176,32,1.0,1,1
176,33,0.0,1,1
177,0,6.0,1,1
177,1,6.0,1,1
177,2,0.0,1,1
177,3,1.0,1,1
177,4,2.0,1,1
177,5,3.0,1,1
177,6,0.0,1,1
177,7,0.0,1,1
177,8,1.0,1,1
177,9,0.0,1,1
177,10,2.0,1,1
177,11,0.0,1,1
177,12,1.0,1,1
177,13,0.0,1,1
177,14,2.0,1,1
177,15,3.0,1,1
177,16,0.0,1,1
177,17,9.0,1,1
177,18,2.0,1,1
177,19,1.0,1,1
177,20,1.0,1,1
177,21,1.0,1,1
177,22,1.0,1,1
177,23,3.0,1,1
177,24,0.0,1,1
177,25,0.0,1,1
177,26,0.0,1,1
177,27,0.0,1,1
177,28,1.0,1,1
177,29,1.0,1,1
177,30,1.0,1,1
177,31,1.0,1,1
177,32,3.0,1,1
177,33,0.0,1,1
178,0,9.0,1,1
178,1,11.0,1,1
178,2,5.0,1,1
178,3,0.0,1,1
178,4,1.0,1,1
178,5,9.0,1,1
178,6,0.0,1,1
178,7,5.0,1,1
178,8,3.0,1,1
178,9,0.0,1,1
178,10,1.0,1,1
178,11,3.0,1,1
178,12,2.0,1,1
178,13,0.0,1,1
178,14,9.0,1,1
178,15,5.0,1,1
178,16,0.0,1,1
178,17,0.0,1,1
178,18,5.0,1,1
178,19,4.0,1,1
178,20,5.0,1,1
178,21,1.0,1,1
178,22,1.0,1,1
178,23,3.0,1,1
178,24,0.0,1,1
178,25,0.0,1,1
178,26,1.0,1,1
178,27,0.0,1,1
178,28,0.0,1,1
178,29,0.0,1,1
178,30,0.0,1,1
178,31,1.0,1,1
178,32,0.0,1,1
178,33,2.0,1,1
179,0,14.0,1,1
179,1,9.0,1,1
179,2,2.0,1,1
179,3,0.0,1,1
179,4,1.0,1,1
179,5,7.0,1,1
179,6,0.0,1,1
179,7,8.0,1,1
179,8,2.0,1,1
179,9,0.0,1,1
179,10,1.0,1,1
179,11,8.0,1,1
179,12,10.0,1,1
179,13,2.0,1,1
179,14,0.0,1,1
179,15,3.0,1,1
179,16,0.0,1,1
179,17,15.0,1,1
179,18,12.0,1,1
179,19,2.0,1,1
179,20,4.0,1,1
179,21,4.0,1,1
179,22,1.0,1,1
179,23,3.0,1,1
179,24,3.0,1,1
179,25,0.0,1,1
179,26,4.0,1,1
179,27,0.0,1,1
179,28,4.0,1,1
179,29,2.0,1,1
179,30,1.0,1,1
179,31,1.0,1,1
179,32,3.0,1,1
179,33,0.0,1,1
180,0,14.0,1,1
180,1,16.0,1,1
180,2,5.0,1,1
180,3,1.0,1,1
180,4,2.0,1,1
180,5,14.0,1,1
180,6,0.0,1,1
180,7,9.0,1,1
180,8,2.0,1,1
180,9,0.0,1,1
180,10,1.0,1,1
180,11,6.0,1,1
180,12,4.0,1,1
180,13,0.0,1,1
180,14,0.0,1,1
180,15,10.0,1,1
180,16,0.0,1,1
180,17,19.0,1,1
180,18,10.0,1,1
180,19,3.0,1,1
180,20,5.0,1,1
180,21,4.0,1,1
180,22,2.0,1,1
180,23,10.0,1,1
180,24,0.0,1,1
180,25,1.0,1,1
180,26,2.0,1,1
180,27,0.0,1,1
180,28,2.0,1,1
180,29,1.0,1,1
180,30,4.0,1,1
180,31,0.0,1,1
180,32,3.0,1,1
180,33,1.0,1,1
181,0,15.0,1,1
181,1,28.0,1,1
181,2,10.0,1,1
181,3,4.0,1,1
181,4,6.0,1,1
181,5,11.0,1,1
181,6,0.0,1,1
181,7,13.0,1,1
181,8,0.0,1,1
181,9,0.0,1,1
181,10,1.0,1,1
181,11,10.0,1,1
181,12,9.0,1,1
181,13,0.0,1,1
181,14,11.0,1,1
181,15,12.0,1,1
181,16,0.0,1,1
181,17,26.0,1,1
181,18,18.0,1,1
181,19,4.0,1,1
181,20,10.0,1,1
181,21,9.0,1,1
181,22,7.0,1,1
181,23,9.0,1,1
181,24,0.0,1,1
181,25,4.0,1,1
181,26,6.0,1,1
181,27,0.0,1,1
181,28,3.0,1,1
181,29,5.0,1,1
181,30,3.0,1,1
181,31,2.0,1,1
181,32,4.0,1,1
181,33,2.0,1,1
182,0,16.0,1,1
182,1,34.0,1,1
182,2,9.0,1,1
182,3,2.0,1,1
182,4,9.0,1,1
182,5,21.0,1,1
182,6,0.0,1,1
182,7,16.0,1,1
182,8,3.0,1,1
182,9,0.0,1,1
182,10,4.0,1,1
182,11,12.0,1,1
182,12,3.0,1,1
182,13,0.0,1,1
182,14,14.0,1,1
182,15,10.0,1,1
182,16,0.0,1,1
182,17,43.0,1,1
182,18,19.0,1,1
182,19,6.0,1,1
182,20,12.0,1,1
182,21,7.0,1,1
182,22,3.0,1,1
182,23,14.0,1,1
182,24,0.0,1,1
182,25,4.0,1,1
182,26,7.0,1,1
182,27,0.0,1,1
182,28,5.0,1,1
182,29,2.0,1,1
182,30,8.0,1,1
182,31,2.0,1,1
182,32,5.0,1,1
182,33,4.0,1,1
183,0,37.0,1,1
183,1,47.0,1,1
183,2,7.0,1,1
183,3,3.0,1,1
183,4,11.0,1,1
183,5,25.0,1,1
183,6,0.0,1,1
183,7,7.0,1,1
183,8,5.0,1,1
183,9,0.0,1,1
183,10,1.0,1,1
183,11,9.0,1,1
183,12,8.0,1,1
183,13,2.0,1,1
183,14,6.0,1,1
183,15,29.0,1,1
183,16,0.0,1,1
183,17,35.0,1,1
183,18,23.0,1,1
183,19,7.0,1,1
183,20,17.0,1,1
183,21,8.0,1,1
183,22,4.0,1,1
183,23,18.0,1,1
183,24,1.0,1,1
183,25,8.0,1,1
183,26,13.0,1,1
183,27,0.0,1,1
183,28,2.0,1,1
183,29,1.0,1,1
183,30,7.0,1,1
183,31,4.0,1,1
183,32,9.0,1,1
183,33,2.0,1,1
184,0,54.0,1,1
184,1,51.0,1,1
184,2,10.0,1,1
184,3,11.0,1,1
184,4,7.0,1,1
184,5,31.0,1,1
184,6,0.0,1,1
184,7,15.0,1,1
184,8,11.0,1,1
184,9,0.0,1,1
184,10,5.0,1,1
184,11,11.0,1,1
184,12,6.0,1,1
184,13,0.0,1,1
184,14,6.0,1,1
184,15,23.0,1,1
184,16,0.0,1,1
184,17,63.0,1,1
184,18,30.0,1,1
184,19,8.0,1,1
184,20,17.0,1,1
184,21,40.0,1,1
184,22,4.0,1,1
184,23,26.0,1,1
184,24,0.0,1,1
184,25,7.0,1,1
184,26,14.0,1,1
184,27,0.0,1,1
184,28,8.0,1,1
184,29,3.0,1,1
184,30,10.0,1,1
184,31,3.0,1,1
184,32,12.0,1,1
184,33,2.0,1,1
185,0,70.0,1,1
185,1,73.0,1,1
185,2,13.0,1,1
185,3,8.0,1,1
185,4,6.0,1,1
185,5,33.0,1,1
185,6,0.0,1,1
185,7,17.0,1,1
185,8,14.0,1,1
185,9,0.0,1,1
185,10,3.0,1,1
185,11,14.0,1,1
185,12,15.0,1,1
185,13,2.0,1,1
185,14,6.0,1,1
185,15,22.0,1,1
185,16,2.0,1,1
185,17,66.0,1,1
185,18,54.0,1,1
185,19,15.0,1,1
185,20,23.0,1,1
185,21,15.0,1,1
185,22,11.0,1,1
185,23,24.0,1,1
185,24,0.0,1,1
185,25,7.0,1,1
185,26,14.0,1,1
185,27,0.0,1,1
185,28,11.0,1,1
185,29,4.0,1,1
185,30,15.0,1,1
185,31,4.0,1,1
185,32,7.0,1,1
185,33,4.0,1,1
186,0,81.0,1,1
186,1,86.0,1,1
186,2,19.0,1,1
186,3,8.0,1,1
186,4,22.0,1,1
186,5,55.0,1,1
186,6,0.0,1,1
186,7,15.0,1,1
186,8,16.0,1,1
186,9,0.0,1,1
186,10,9.0,1,1
186,11,16.0,1,1
186,12,22.0,1,1
186,13,0.0,1,1
186,14,16.0,1,1
186,15,17.0,1,1
186,16,0.0,1,1
186,17,97.0,1,1
186,18,70.0,1,1
186,19,17.0,1,1
186,20,26.0,1,1
186,21,21.0,1,1
186,22,6.0,1,1
186,23,29.0,1,1
186,24,2.0,1,1
186,25,7.0,1,1
186,26,17.0,1,1
186,27,0.0,1,1
186,28,16.0,1,1
186,29,9.0,1,1
186,30,13.0,1,1
186,31,4.0,1,1
186,32,13.0,1,1
186,33,6.0,1,1
187,0,89.0,1,1
187,1,135.0,1,1
187,2,27.0,1,1
187,3,8.0,1,1
187,4,21.0,1,1
187,5,69.0,1,1
187,6,0.0,1,1
187,7,19.0,1,1
187,8,12.0,1,1
187,9,0.0,1,1
187,10,6.0,1,1
187,11,14.0,1,1
187,12,13.0,1,1
187,13,0.0,1,1
187,14,19.0,1,1
187,15,36.0,1,1
187,16,0.0,1,1
187,17,91.0,1,1
187,18,58.0,1,1
187,19,15.0,1,1
187,20,26.0,1,1
187,21,20.0,1,1
187,22,5.0,1,1
187,23,39.0,1,1
187,24,2.0,1,1
187,25,12.0,1,1
187,26,21.0,1,1
187,27,0.0,1,1
187,28,18.0,1,1
187,29,6.0,1,1
187,30,18.0,1,1
187,31,8.0,1,1
187,32,9.0,1,1
187,33,12.0,1,1
188,0,111.0,1,1
188,1,146.0,1,1
188,2,37.0,1,1
188,3,8.0,1,1
188,4,17.0,1,1
188,5,84.0,1,1
188,6,0.0,1,1
188,7,22.0,1,1
188,8,17.0,1,1
188,9,0.0,1,1
188,10,5.0,1,1
188,11,13.0,1,1
188,12,17.0,1,1
188,13,3.0,1,1
188,14,19.0,1,1
188,15,40.0,1,1
188,16,2.0,1,1
188,17,92.0,1,1
188,18,58.0,1,1
188,19,16.0,1,1
188,20,40.0,1,1
188,21,21.0,1,1
188,22,11.0,1,1
188,23,33.0,1,1
188,24,2.0,1,1
188,25,5.0,1,1
188,26,24.0,1,1
188,27,0.0,1,1
188,28,16.0,1,1
188,29,8.0,1,1
188,30,10.0,1,1
188,31,9.0,1,1
188,32,18.0,1,1
188,33,7.0,1,1
189,0,134.0,1,1
189,1,129.0,1,1
189,2,45.0,1,1
189,3,11.0,1,1
189,4,26.0,1,1
189,5,63.0,1,1
189,6,0.0,1,1
189,7,36.0,1,1
189,8,13.0,1,1
189,9,0.0,1,1
189,10,12.0,1,1
189,11,19.0,1,1
189,12,24.0,1,1
189,13,1.0,1,1
189,14,38.0,1,1
189,15,43.0,1,1
189,16,0.0,1,1
189,17,130.0,1,1
189,18,65.0,1,1
189,19,34.0,1,1
189,20,40.0,1,1
189,21,26.0,1,1
189,22,10.0,1,1
189,23,34.0,1,1
189,24,3.0,1,1
189,25,6.0,1,1
189,26,25.0,1,1
189,27,0.0,1,1
189,28,9.0,1,1
189,29,7.0,1,1
189,30,13.0,1,1
189,31,2.0,1,1
189,32,17.0,1,1
189,33,4.0,1,1
190,0,178.0,1,1
190,1,201.0,1,1
190,2,61.0,1,1
190,3,14.0,1,1
190,4,21.0,1,1
190,5,97.0,1,1
190,6,0.0,1,1
190,7,47.0,1,1
190,8,17.0,1,1
190,9,0.0,1,1
190,10,12.0,1,1
190,11,31.0,1,1
190,12,190.0,1,1
190,13,4.0,1,1
190,14,23.0,1,1
190,15,48.0,1,1
190,16,2.0,1,1
190,17,144.0,1,1
190,18,81.0,1,1
190,19,19.0,1,1
190,20,39.0,1,1
190,21,40.0,1,1
190,22,14.0,1,1
190,23,55.0,1,1
190,24,5.0,1,1
190,25,15.0,1,1
190,26,27.0,1,1
190,27,0.0,1,1
190,28,15.0,1,1
190,29,12.0,1,1
190,30,18.0,1,1
190,31,12.0,1,1
190,32,14.0,1,1
190,33,7.0,1,1
191,0,179.0,1,1
191,1,195.0,1,1
191,2,69.0,1,1
191,3,11.0,1,1
191,4,19.0,1,1
191,5,94.0,1,1
191,6,0.0,1,1
191,7,60.0,1,1
191,8,20.0,1,1
191,9,0.0,1,1
191,10,6.0,1,1
191,11,42.0,1,1
191,12,334.0,1,1
191,13,0.0,1,1
191,14,39.0,1,1
191,15,43.0,1,1
191,16,7.0,1,1
191,17,168.0,1,1
191,18,78.0,1,1
191,19,28.0,1,1
191,20,53.0,1,1
191,21,32.0,1,1
191,22,9.0,1,1
191,23,61.0,1,1
191,24,0.0,1,1
191,25,7.0,1,1
191,26,26.0,1,1
191,27,0.0,1,1
191,28,17.0,1,1
191,29,17.0,1,1
191,30,21.0,1,1
191,31,11.0,1,1
191,32,7.0,1,1
191,33,15.0,1,1
192,0,237.0,1,1
192,1,222.0,1,1
192,2,71.0,1,1
192,3,73.0,1,1
192,4,28.0,1,1
192,5,116.0,1,1
192,6,0.0,1,1
192,7,64.0,1,1
192,8,19.0,1,1
192,9,0.0,1,1
192,10,13.0,1,1
192,11,33.0,1,1
192,12,18.0,1,1
192,13,0.0,1,1
192,14,25.0,1,1
192,15,66.0,1,1
192,16,7.0,1,1
192,17,166.0,1,1
192,18,89.0,1,1
192,19,36.0,1,1
192,20,43.0,1,1
192,21,36.0,1,1
192,22,10.0,1,1
192,23,59.0,1,1
192,24,3.0,1,1
192,25,12.0,1,1
192,26,35.0,1,1
192,27,0.0,1,1
192,28,14.0,1,1
192,29,12.0,1,1
192,30,20.0,1,1
192,31,7.0,1,1
192,32,11.0,1,1
192,33,15.0,1,1
193,0,201.0,1,1
193,1,211.0,1,1
193,2,72.0,1,1
193,3,20.0,1,1
193,4,29.0,1,1
193,5,112.0,1,1
193,6,0.0,1,1
193,7,54.0,1,1
193,8,35.0,1,1
193,9,0.0,1,1
193,10,13.0,1,1
193,11,36.0,1,1
193,12,15.0,1,1
193,13,1.0,1,1
193,14,35.0,1,1
193,15,71.0,1,1
193,16,2.0,1,1
193,17,185.0,1,1
193,18,107.0,1,1
193,19,37.0,1,1
193,20,71.0,1,1
193,21,62.0,1,1
193,22,20.0,1,1
193,23,64.0,1,1
193,24,6.0,1,1
193,25,22.0,1,1
193,26,30.0,1,1
193,27,0.0,1,1
193,28,25.0,1,1
193,29,20.0,1,1
193,30,39.0,1,1
193,31,6.0,1,1
193,32,30.0,1,1
193,33,12.0,1,1
194,0,236.0,1,1
194,1,240.0,1,1
194,2,87.0,1,1
194,3,13.0,1,1
194,4,31.0,1,1
194,5,144.0,1,1
194,6,0.0,1,1
194,7,60.0,1,1
194,8,20.0,1,1
194,9,0.0,1,1
194,10,10.0,1,1
194,11,37.0,1,1
194,12,27.0,1,1
194,13,0.0,1,1
194,14,37.0,1,1
194,15,73.0,1,1
194,16,6.0,1,1
194,17,183.0,1,1
194,18,112.0,1,1
194,19,45.0,1,1
194,20,74.0,1,1
194,21,74.0,1,1
194,22,18.0,1,1
194,23,60.0,1,1
194,24,2.0,1,1
194,25,23.0,1,1
194,26,26.0,1,1
194,27,0.0,1,1
194,28,28.0,1,1
194,29,15.0,1,1
194,30,37.0,1,1
194,31,11.0,1,1
194,32,28.0,1,1
194,33,19.0,1,1
195,0,200.0,1,1
195,1,226.0,1,1
195,2,94.0,1,1
195,3,19.0,1,1
195,4,23.0,1,1
195,5,111.0,1,1
195,6,0.0,1,1
195,7,76.0,1,1
195,8,15.0,1,1
195,9,0.0,1,1
195,10,14.0,1,1
195,11,36.0,1,1
195,12,851.0,1,1
195,13,0.0,1,1
195,14,52.0,1,1
195,15,80.0,1,1
195,16,3.0,1,1
195,17,165.0,1,1
195,18,124.0,1,1
195,19,35.0,1,1
195,20,83.0,1,1
195,21,68.0,1,1
195,22,24.0,1,1
195,23,84.0,1,1
195,24,2.0,1,1
195,25,32.0,1,1
195,26,24.0,1,1
195,27,0.0,1,1
195,28,15.0,1,1
195,29,31.0,1,1
195,30,22.0,1,1
195,31,16.0,1,1
195,32,14.0,1,1
195,33,23.0,1,1
196,0,188.0,1,1
196,1,202.0,1,1
196,2,77.0,1,1
196,3,17.0,1,1
196,4,16.0,1,1
196,5,127.0,1,1
196,6,0.0,1,1
196,7,78.0,1,1
196,8,19.0,1,1
196,9,0.0,1,1
196,10,11.0,1,1
196,11,42.0,1,1
196,12,150.0,1,1
196,13,2.0,1,1
196,14,36.0,1,1
196,15,62.0,1,1
196,16,5.0,1,1
196,17,151.0,1,1
196,18,90.0,1,1
196,19,59.0,1,1
196,20,72.0,1,1
196,21,70.0,1,1
196,22,22.0,1,1
196,23,94.0,1,1
196,24,6.0,1,1
196,25,27.0,1,1
196,26,30.0,1,1
196,27,0.0,1,1
196,28,20.0,1,1
196,29,42.0,1,1
196,30,25.0,1,1
196,31,20.0,1,1
196,32,14.0,1,1
196,33,23.0,1,1
197,0,168.0,1,1
197,1,168.0,1,1
197,2,48.0,1,1
197,3,26.0,1,1
197,4,13.0,1,1
197,5,92.0,1,1
197,6,0.0,1,1
197,7,72.0,1,1
197,8,23.0,1,1
197,9,0.0,1,1
197,10,9.0,1,1
197,11,50.0,1,1
197,12,166.0,1,1
197,13,2.0,1,1
197,14,40.0,1,1
197,15,82.0,1,1
197,16,3.0,1,1
197,17,136.0,1,1
197,18,98.0,1,1
197,19,45.0,1,1
197,20,43.0,1,1
197,21,49.0,1,1
197,22,24.0,1,1
197,23,69.0,1,1
197,24,5.0,1,1
197,25,25.0,1,1
197,26,39.0,1,1
197,27,0.0,1,1
197,28,16.0,1,1
197,29,51.0,1,1
197,30,20.0,1,1
197,31,11.0,1,1
197,32,8.0,1,1
197,33,28.0,1,1
198,0,139.0,1,1
198,1,165.0,1,1
198,2,64.0,1,1
198,3,20.0,1,1
198,4,15.0,1,1
198,5,91.0,1,1
198,6,0.0,1,1
198,7,75.0,1,1
198,8,17.0,1,1
198,9,0.0,1,1
198,10,4.0,1,1
198,11,49.0,1,1
198,12,48.0,1,1
198,13,0.0,1,1
198,14,15.0,1,1
198,15,40.0,1,1
198,16,11.0,1,1
198,17,142.0,1,1
198,18,82.0,1,1
198,19,35.0,1,1
198,20,58.0,1,1
198,21,46.0,1,1
198,22,16.0,1,1
198,23,61.0,1,1
198,24,4.0,1,1
198,25,16.0,1,1
198,26,37.0,1,1
198,27,0.0,1,1
198,28,14.0,1,1
198,29,47.0,1,1
198,30,22.0,1,1
198,31,11.0,1,1
198,32,6.0,1,1
198,33,11.0,1,1
199,0,125.0,1,1
199,1,166.0,1,1
199,2,73.0,1,1
199,3,17.0,1,1
199,4,13.0,1,1
199,5,116.0,1,1
199,6,0.0,1,1
199,7,73.0,1,1
199,8,20.0,1,1
199,9,0.0,1,1
199,10,10.0,1,1
199,11,43.0,1,1
199,12,17.0,1,1
199,13,0.0,1,1
199,14,25.0,1,1
199,15,91.0,1,1
199,16,3.0,1,1
199,17,142.0,1,1
199,18,85.0,1,1
199,19,25.0,1,1
199,20,31.0,1,1
199,21,133.0,1,1
199,22,12.0,1,1
199,23,41.0,1,1
199,24,3.0,1,1
199,25,14.0,1,1
199,26,21.0,1,1
199,27,0.0,1,1
199,28,20.0,1,1
199,29,39.0,1,1
199,30,22.0,1,1
199,31,5.0,1,1
199,32,8.0,1,1
199,33,19.0,1,1
200,0,113.0,1,1
200,1,122.0,1,1
200,2,64.0,1,1
200,3,12.0,1,1
200,4,8.0,1,1
200,5,78.0,1,1
200,6,0.0,1,1
200,7,57.0,1,1
200,8,21.0,1,1
200,9,0.0,1,1
200,10,9.0,1,1
200,11,35.0,1,1
200,12,17.0,1,1
200,13,3.0,1,1
200,14,51.0,1,1
200,15,59.0,1,1
200,16,2.0,1,1
200,17,86.0,1,1
200,18,65.0,1,1
200,19,13.0,1,1
200,20,22.0,1,1
200,21,49.0,1,1
200,22,11.0,1,1
200,23,32.0,1,1
200,24,2.0,1,1
200,25,6.0,1,1
200,26,18.0,1,1
200,27,0.0,1,1
200,28,17.0,1,1
200,29,11.0,1,1
200,30,17.0,1,1
200,31,7.0,1,1
200,32,6.0,1,1
200,33,11.0,1,1
201,0,116.0,1,1
201,1,106.0,1,1
201,2,64.0,1,1
201,3,55.0,1,1
201,4,8.0,1,1
201,5,61.0,1,1
201,6,0.0,1,1
201,7,57.0,1,1
201,8,22.0,1,1
201,9,0.0,1,1
201,10,11.0,1,1
201,11,35.0,1,1
201,12,13.0,1,1
201,13,0.0,1,1
201,14,16.0,1,1
201,15,58.0,1,1
201,16,1.0,1,1
201,17,65.0,1,1
201,18,59.0,1,1
201,19,6.0,1,1
201,20,24.0,1,1
201,21,46.0,1,1
201,22,3.0,1,1
201,23,23.0,1,1
201,24,1.0,1,1
201,25,13.0,1,1
201,26,16.0,1,1
201,27,0.0,1,1
201,28,7.0,1,1
201,29,9.0,1,1
201,30,10.0,1,1
201,31,8.0,1,1
201,32,6.0,1,1
201,33,9.0,1,1
202,0,108.0,1,1
202,1,139.0,1,1
202,2,60.0,1,1
202,3,5.0,1,1
202,4,15.0,1,1
202,5,83.0,1,1
202,6,0.0,1,1
202,7,40.0,1,1
202,8,18.0,1,1
202,9,0.0,1,1
202,10,9.0,1,1
202,11,28.0,1,1
202,12,11.0,1,1
202,13,4.0,1,1
202,14,21.0,1,1
202,15,43.0,1,1
202,16,4.0,1,1
202,17,81.0,1,1
202,18,69.0,1,1
202,19,18.0,1,1
202,20,16.0,1,1
202,21,36.0,1,1
202,22,6.0,1,1
202,23,30.0,1,1
202,24,2.0,1,1
202,25,10.0,1,1
202,26,16.0,1,1
202,27,0.0,1,1
202,28,11.0,1,1
202,29,13.0,1,1
202,30,13.0,1,1
202,31,5.0,1,1
202,32,9.0,1,1
202,33,8.0,1,1
203,0,132.0,1,1
203,1,98.0,1,1
203,2,41.0,1,1
203,3,12.0,1,1
203,4,9.0,1,1
203,5,64.0,1,1
203,6,0.0,1,1
203,7,40.0,1,1
203,8,20.0,1,1
203,9,0.0,1,1
203,10,6.0,1,1
203,11,26.0,1,1
203,12,13.0,1,1
203,13,0.0,1,1
203,14,24.0,1,1
203,15,51.0,1,1
203,16,4.0,1,1
203,17,77.0,1,1
203,18,53.0,1,1
203,19,15.0,1,1
203,20,17.0,1,1
203,21,25.0,1,1
203,22,7.0,1,1
203,23,29.0,1,1
203,24,2.0,1,1
203,25,11.0,1,1
203,26,8.0,1,1
203,27,0.0,1,1
203,28,15.0,1,1
203,29,6.0,1,1
203,30,11.0,1,1
203,31,3.0,1,1
203,32,6.0,1,1
203,33,7.0,1,1
204,0,101.0,1,1
204,1,110.0,1,1
204,2,57.0,1,1
204,3,16.0,1,1
204,4,12.0,1,1
204,5,65.0,1,1
204,6,0.0,1,1
204,7,52.0,1,1
204,8,17.0,1,1
204,9,0.0,1,1
204,10,14.0,1,1
204,11,37.0,1,1
204,12,14.0,1,1
204,13,2.0,1,1
204,14,26.0,1,1
204,15,43.0,1,1
204,16,2.0,1,1
204,17,66.0,1,1
204,18,65.0,1,1
204,19,14.0,1,1
204,20,23.0,1,1
204,21,27.0,1,1
204,22,4.0,1,1
204,23,27.0,1,1
204,24,0.0,1,1
204,25,8.0,1,1
204,26,19.0,1,1
204,27,0.0,1,1
204,28,10.0,1,1
204,29,10.0,1,1
204,30,9.0,1,1
204,31,8.0,1,1
204,32,7.0,1,1
204,33,8.0,1,1
205,0,107.0,1,1
205,1,107.0,1,1
205,2,51.0,1,1
205,3,26.0,1,1
205,4,8.0,1,1
205,5,69.0,1,1
205,6,0.0,1,1
205,7,43.0,1,1
205,8,14.0,1,1
205,9,0.0,1,1
205,10,7.0,1,1
205,11,29.0,1,1
205,12,26.0,1,1
205,13,3.0,1,1
205,14,26.0,1,1
205,15,46.0,1,1
205,16,2.0,1,1
205,17,67.0,1,1
205,18,71.0,1,1
205,19,7.0,1,1
205,20,18.0,1,1
205,21,28.0,1,1
205,22,4.0,1,1
205,23,20.0,1,1
205,24,1.0,1,1
205,25,6.0,1,1
205,26,12.0,1,1
205,27,0.0,1,1
205,28,17.0,1,1
205,29,4.0,1,1
205,30,13.0,1,1
205,31,5.0,1,1
205,32,6.0,1,1
205,33,10.0,1,1
206,0,115.0,1,1
206,1,96.0,1,1
206,2,48.0,1,1
206,3,16.0,1,1
206,4,6.0,1,1
206,5,67.0,1,1
206,6,0.0,1,1
206,7,47.0,1,1
206,8,15.0,1,1
206,9,0.0,1,1
206,10,14.0,1,1
206,11,32.0,1,1
206,12,25.0,1,1
206,13,0.0,1,1
206,14,26.0,1,1
206,15,55.0,1,1
206,16,2.0,1,1
206,17,60.0,1,1
206,18,65.0,1,1
206,19,17.0,1,1
206,20,20.0,1,1
206,21,28.0,1,1
206,22,6.0,1,1
206,23,20.0,1,1
206,24,1.0,1,1
206,25,7.0,1,1
206,26,13.0,1,1
206,27,0.0,1,1
206,28,10.0,1,1
206,29,3.0,1,1
206,30,13.0,1,1
206,31,2.0,1,1
206,32,8.0,1,1
206,33,9.0,1,1
207,0,118.0,1,1
207,1,89.0,1,1
207,2,75.0,1,1
207,3,17.0,1,1
207,4,17.0,1,1
207,5,71.0,1,1
207,6,0.0,1,1
207,7,59.0,1,1
207,8,14.0,1,1
207,9,0.0,1,1
207,10,12.0,1,1
207,11,38.0,1,1
207,12,19.0,1,1
207,13,0.0,1,1
207,14,21.0,1,1
207,15,65.0,1,1
207,16,4.0,1,1
207,17,71.0,1,1
207,18,51.0,1,1
207,19,13.0,1,1
207,20,25.0,1,1
207,21,17.0,1,1
207,22,6.0,1,1
207,23,24.0,1,1
207,24,1.0,1,1
207,25,6.0,1,1
207,26,26.0,1,1
207,27,0.0,1,1
207,28,19.0,1,1
207,29,10.0,1,1
207,30,11.0,1,1
207,31,4.0,1,1
207,32,10.0,1,1
207,33,6.0,1,1
208,0,97.0,1,1
208,1,77.0,1,1
208,2,63.0,1,1
208,3,187.0,1,1
208,4,7.0,1,1
208,5,53.0,1,1
208,6,0.0,1,1
208,7,57.0,1,1
208,8,12.0,1,1
208,9,0.0,1,1
208,10,15.0,1,1
208,11,37.0,1,1
208,12,12.0,1,1
208,13,0.0,1,1
208,14,20.0,1,1
208,15,49.0,1,1
208,16,2.0,1,1
208,17,74.0,1,1
208,18,76.0,1,1
208,19,22.0,1,1
208,20,16.0,1,1
208,21,32.0,1,1
208,22,9.0,1,1
208,23,26.0,1,1
208,24,0.0,1,1
208,25,10.0,1,1
208,26,17.0,1,1
208,27,0.0,1,1
208,28,13.0,1,1
208,29,8.0,1,1
208,30,9.0,1,1
208,31,3.0,1,1
208,32,6.0,1,1
208,33,11.0,1,1
209,0,89.0,1,1
209,1,102.0,1,1
209,2,57.0,1,1
209,3,20.0,1,1
209,4,14.0,1,1
209,5,76.0,1,1
209,6,0.0,1,1
209,7,61.0,1,1
209,8,12.0,1,1
209,9,0.0,1,1
209,10,3.0,1,1
209,11,37.0,1,1
209,12,12.0,1,1
209,13,1.0,1,1
209,14,18.0,1,1
209,15,72.0,1,1
209,16,1.0,1,1
209,17,122.0,1,1
209,18,73.0,1,1
209,19,22.0,1,1
209,20,17.0,1,1
209,21,32.0,1,1
209,22,6.0,1,1
209,23,31.0,1,1
209,24,1.0,1,1
209,25,12.0,1,1
209,26,24.0,1,1
209,27,0.0,1,1
209,28,22.0,1,1
209,29,8.0,1,1
209,30,16.0,1,1
209,31,6.0,1,1
209,32,8.0,1,1
209,33,12.0,1,1
210,0,108.0,1,1
210,1,115.0,1,1
210,2,60.0,1,1
210,3,20.0,1,1
210,4,11.0,1,1
210,5,77.0,1,1
210,6,0.0,1,1
210,7,65.0,1,1
210,8,21.0,1,1
210,9,0.0,1,1
210,10,7.0,1,1
210,11,38.0,1,1
210,12,21.0,1,1
210,13,0.0,1,1
210,14,30.0,1,1
210,15,59.0,1,1
210,16,6.0,1,1
210,17,97.0,1,1
210,18,81.0,1,1
210,19,18.0,1,1
210,20,30.0,1,1
210,21,28.0,1,1
210,22,8.0,1,1
210,23,33.0,1,1
210,24,2.0,1,1
210,25,8.0,1,1
210,26,18.0,1,1
210,27,0.0,1,1
210,28,17.0,1,1
210,29,7.0,1,1
210,30,15.0,1,1
210,31,5.0,1,1
210,32,9.0,1,1
210,33,17.0,1,1
211,0,127.0,1,1
211,1,76.0,1,1
211,2,48.0,1,1
211,3,17.0,1,1
211,4,17.0,1,1
211,5,55.0,1,1
211,6,0.0,1,1
211,7,64.0,1,1
211,8,17.0,1,1
211,9,0.0,1,1
211,10,16.0,1,1
211,11,49.0,1,1
211,12,11.0,1,1
211,13,2.0,1,1
211,14,34.0,1,1
211,15,72.0,1,1
211,16,2.0,1,1
211,17,57.0,1,1
211,18,83.0,1,1
211,19,20.0,1,1
211,20,19.0,1,1
211,21,30.0,1,1
211,22,9.0,1,1
211,23,25.0,1,1
211,24,1.0,1,1
211,25,8.0,1,1
211,26,15.0,1,1
211,27,0.0,1,1
211,28,14.0,1,1
211,29,7.0,1,1
211,30,17.0,1,1
211,31,2.0,1,1
211,32,10.0,1,1
211,33,11.0,1,1
212,0,101.0,1,1
212,1,105.0,1,1
212,2,57.0,1,1
212,3,16.0,1,1
212,4,8.0,1,1
212,5,63.0,1,1
212,6,0.0,1,1
212,7,66.0,1,1
212,8,25.0,1,1
212,9,0.0,1,1
212,10,9.0,1,1
212,11,39.0,1,1
212,12,15.0,1,1
212,13,1.0,1,1
212,14,32.0,1,1
212,15,67.0,1,1
212,16,3.0,1,1
212,17,70.0,1,1
212,18,81.0,1,1
212,19,14.0,1,1
212,20,22.0,1,1
212,21,23.0,1,1
212,22,8.0,1,1
212,23,26.0,1,1
212,24,1.0,1,1
212,25,15.0,1,1
212,26,20.0,1,1
212,27,0.0,1,1
212,28,14.0,1,1
212,29,15.0,1,1
212,30,21.0,1,1
212,31,5.0,1,1
212,32,9.0,1,1
212,33,4.0,1,1
213,0,87.0,1,1
213,1,112.0,1,1
213,2,64.0,1,1
213,3,23.0,1,1
213,4,15.0,1,1
213,5,88.0,1,1
213,6,0.0,1,1
213,7,73.0,1,1
213,8,18.0,1,1
213,9,0.0,1,1
213,10,11.0,1,1
213,11,41.0,1,1
213,12,26.0,1,1
213,13,0.0,1,1
213,14,26.0,1,1
213,15,50.0,1,1
213,16,2.0,1,1
213,17,109.0,1,1
213,18,74.0,1,1
213,19,23.0,1,1
213,20,23.0,1,1
213,21,33.0,1,1
213,22,5.0,1,1
213,23,41.0,1,1
213,24,3.0,1,1
213,25,9.0,1,1
213,26,13.0,1,1
213,27,0.0,1,1
213,28,20.0,1,1
213,29,18.0,1,1
213,30,19.0,1,1
213,31,2.0,1,1
213,32,12.0,1,1
213,33,12.0,1,1
214,0,119.0,1,1
214,1,129.0,1,1
214,2,57.0,1,1
214,3,21.0,1,1
214,4,21.0,1,1
214,5,67.0,1,1
214,6,0.0,1,1
214,7,56.0,1,1
214,8,16.0,1,1
214,9,0.0,1,1
214,10,12.0,1,1
214,11,41.0,1,1
214,12,28.0,1,1
214,13,0.0,1,1
214,14,37.0,1,1
214,15,78.0,1,1
214,16,4.0,1,1
214,17,79.0,1,1
214,18,73.0,1,1
214,19,22.0,1,1
214,20,24.0,1,1
214,21,30.0,1,1
214,22,10.0,1,1
214,23,27.0,1,1
214,24,2.0,1,1
214,25,6.0,1,1
214,26,19.0,1,1
214,27,0.0,1,1
214,28,22.0,1,1
214,29,11.0,1,1
214,30,16.0,1,1
214,31,2.0,1,1
214,32,10.0,1,1
214,33,5.0,1,1
215,0,92.0,1,1
215,1,93.0,1,1
215,2,45.0,1,1
215,3,83.0,1,1
215,4,13.0,1,1
215,5,66.0,1,1
215,6,0.0,1,1
215,7,70.0,1,1
215,8,22.0,1,1
215,9,0.0,1,1
215,10,12.0,1,1
215,11,46.0,1,1
215,12,21.0,1,1
215,13,0.0,1,1
215,14,48.0,1,1
215,15,106.0,1,1
215,16,4.0,1,1
215,17,82.0,1,1
215,18,83.0,1,1
215,19,29.0,1,1
215,20,26.0,1,1
215,21,36.0,1,1
215,22,10.0,1,1
215,23,40.0,1,1
215,24,4.0,1,1
215,25,15.0,1,1
215,26,25.0,1,1
215,27,0.0,1,1
215,28,25.0,1,1
215,29,15.0,1,1
215,30,13.0,1,1
215,31,5.0,1,1
215,32,7.0,1,1
215,33,12.0,1,1
216,0,113.0,1,1
216,1,94.0,1,1
216,2,56.0,1,1
216,3,15.0,1,1
216,4,8.0,1,1
216,5,57.0,1,1
216,6,0.0,1,1
216,7,61.0,1,1
216,8,21.0,1,1
216,9,0.0,1,1
216,10,8.0,1,1
216,11,31.0,1,1
216,12,17.0,1,1
216,13,0.0,1,1
216,14,46.0,1,1
216,15,64.0,1,1
216,16,4.0,1,1
216,17,71.0,1,1
216,18,86.0,1,1
216,19,25.0,1,1
216,20,30.0,1,1
216,21,26.0,1,1
216,22,15.0,1,1
216,23,39.0,1,1
216,24,2.0,1,1
216,25,9.0,1,1
216,26,25.0,1,1
216,27,0.0,1,1
216,28,13.0,1,1
216,29,17.0,1,1
216,30,12.0,1,1
216,31,6.0,1,1
216,32,9.0,1,1
216,33,16.0,1,1
217,0,123.0,1,1
217,1,98.0,1,1
217,2,67.0,1,1
217,3,25.0,1,1
217,4,18.0,1,1
217,5,58.0,1,1
217,6,0.0,1,1
217,7,62.0,1,1
217,8,18.0,1,1
217,9,0.0,1,1
217,10,10.0,1,1
217,11,49.0,1,1
217,12,30.0,1,1
217,13,0.0,1,1
217,14,42.0,1,1
217,15,57.0,1,1
217,16,3.0,1,1
217,17,84.0,1,1
217,18,85.0,1,1
217,19,15.0,1,1
217,20,35.0,1,1
217,21,43.0,1,1
217,22,5.0,1,1
217,23,22.0,1,1
217,24,4.0,1,1
217,25,14.0,1,1
217,26,12.0,1,1
217,27,0.0,1,1
217,28,16.0,1,1
217,29,21.0,1,1
217,30,14.0,1,1
217,31,14.0,1,1
217,32,12.0,1,1
217,33,15.0,1,1
218,0,102.0,1,1
218,1,98.0,1,1
218,2,70.0,1,1
218,3,37.0,1,1
218,4,16.0,1,1
218,5,88.0,1,1
218,6,0.0,1,1
218,7,74.0,1,1
218,8,23.0,1,1
218,9,0.0,1,1
218,10,10.0,1,1
218,11,53.0,1,1
218,12,22.0,1,1
218,13,0.0,1,1
218,14,32.0,1,1
218,15,55.0,1,1
218,16,5.0,1,1
218,17,106.0,1,1
218,18,74.0,1,1
218,19,28.0,1,1
218,20,34.0,1,1
218,21,40.0,1,1
218,22,13.0,1,1
218,23,49.0,1,1
218,24,2.0,1,1
218,25,21.0,1,1
218,26,22.0,1,1
218,27,0.0,1,1
218,28,23.0,1,1
218,29,12.0,1,1
218,30,21.0,1,1
218,31,9.0,1,1
218,32,16.0,1,1
218,33,13.0,1,1
219,0,128.0,1,1
219,1,115.0,1,1
219,2,64.0,1,1
219,3,17.0,1,1
219,4,16.0,1,1
219,5,68.0,1,1
219,6,0.0,1,1
219,7,95.0,1,1
219,8,19.0,1,1
219,9,0.0,1,1
219,10,9.0,1,1
219,11,44.0,1,1
219,12,17.0,1,1
219,13,0.0,1,1
219,14,57.0,1,1
219,15,91.0,1,1
219,16,4.0,1,1
219,17,96.0,1,1
219,18,104.0,1,1
219,19,45.0,1,1
219,20,26.0,1,1
219,21,38.0,1,1
219,22,13.0,1,1
219,23,57.0,1,1
219,24,5.0,1,1
219,25,20.0,1,1
219,26,21.0,1,1
219,27,0.0,1,1
219,28,13.0,1,1
219,29,27.0,1,1
219,30,23.0,1,1
219,31,8.0,1,1
219,32,13.0,1,1
219,33,21.0,1,1
220,0,111.0,1,1
220,1,99.0,1,1
220,2,41.0,1,1
220,3,26.0,1,1
220,4,17.0,1,1
220,5,57.0,1,1
220,6,0.0,1,1
220,7,55.0,1,1
220,8,26.0,1,1
220,9,0.0,1,1
220,10,11.0,1,1
220,11,41.0,1,1
220,12,29.0,1,1
220,13,0.0,1,1
220,14,34.0,1,1
220,15,88.0,1,1
220,16,2.0,1,1
220,17,106.0,1,1
220,18,99.0,1,1
220,19,26.0,1,1
220,20,33.0,1,1
220,21,48.0,1,1
220,22,5.0,1,1
220,23,43.0,1,1
220,24,3.0,1,1
220,25,19.0,1,1
220,26,28.0,1,1
220,27,0.0,1,1
220,28,20.0,1,1
220,29,36.0,1,1
220,30,24.0,1,1
220,31,5.0,1,1
220,32,14.0,1,1
220,33,25.0,1,1
221,0,138.0,1,1
221,1,117.0,1,1
221,2,63.0,1,1
221,3,20.0,1,1
221,4,13.0,1,1
221,5,79.0,1,1
221,6,0.0,1,1
221,7,79.0,1,1
221,8,30.0,1,1
221,9,0.0,1,1
221,10,16.0,1,1
221,11,51.0,1,1
221,12,14.0,1,1
221,13,0.0,1,1
221,14,20.0,1,1
221,15,70.0,1,1
221,16,6.0,1,1
221,17,88.0,1,1
221,18,89.0,1,1
221,19,29.0,1,1
221,20,38.0,1,1
221,21,46.0,1,1
221,22,12.0,1,1
221,23,47.0,1,1
221,24,3.0,1,1
221,25,17.0,1,1
221,26,18.0,1,1
221,27,0.0,1,1
221,28,16.0,1,1
221,29,21.0,1,1
221,30,25.0,1,1
221,31,4.0,1,1
221,32,12.0,1,1
221,33,24.0,1,1
222,0,104.0,1,1
222,1,98.0,1,1
222,2,57.0,1,1
222,3,13.0,1,1
222,4,18.0,1,1
222,5,57.0,1,1
222,6,0.0,1,1
222,7,60.0,1,1
222,8,13.0,1,1
222,9,0.0,1,1
222,10,16.0,1,1
222,11,34.0,1,1
222,12,22.0,1,1
222,13,3.0,1,1
222,14,22.0,1,1
222,15,66.0,1,1
222,16,8.0,1,1
222,17,92.0,1,1
222,18,76.0,1,1
222,19,26.0,1,1
222,20,34.0,1,1
222,21,42.0,1,1
222,22,11.0,1,1
222,23,39.0,1,1
222,24,2.0,1,1
222,25,10.0,1,1
222,26,24.0,1,1
222,27,0.0,1,1
222,28,21.0,1,1
222,29,14.0,1,1
222,30,19.0,1,1
222,31,4.0,1,1
222,32,10.0,1,1
222,33,19.0,1,1
223,0,100.0,1,1
223,1,86.0,1,1
223,2,48.0,1,1
223,3,24.0,1,1
223,4,14.0,1,1
223,5,68.0,1,1
223,6,0.0,1,1
223,7,57.0,1,1
223,8,23.0,1,1
223,9,0.0,1,1
223,10,9.0,1,1
223,11,46.0,1,1
223,12,180.0,1,1
223,13,0.0,1,1
223,14,19.0,1,1
223,15,61.0,1,1
223,16,5.0,1,1
223,17,88.0,1,1
223,18,83.0,1,1
223,19,28.0,1,1
223,20,24.0,1,1
223,21,101.0,1,1
223,22,12.0,1,1
223,23,55.0,1,1
223,24,3.0,1,1
223,25,12.0,1,1
223,26,18.0,1,1
223,27,0.0,1,1
223,28,16.0,1,1
223,29,21.0,1,1
223,30,29.0,1,1
223,31,9.0,1,1
223,32,18.0,1,1
223,33,18.0,1,1
224,0,118.0,1,1
224,1,117.0,1,1
224,2,58.0,1,1
224,3,20.0,1,1
224,4,24.0,1,1
224,5,64.0,1,1
224,6,0.0,1,1
224,7,67.0,1,1
224,8,38.0,1,1
224,9,0.0,1,1
224,10,14.0,1,1
224,11,43.0,1,1
224,12,31.0,1,1
224,13,2.0,1,1
224,14,17.0,1,1
224,15,86.0,1,1
224,16,7.0,1,1
224,17,102.0,1,1
224,18,100.0,1,1
224,19,29.0,1,1
224,20,36.0,1,1
224,21,47.0,1,1
224,22,11.0,1,1
224,23,42.0,1,1
224,24,0.0,1,1
224,25,10.0,1,1
224,26,20.0,1,1
224,27,0.0,1,1
224,28,15.0,1,1
224,29,13.0,1,1
224,30,14.0,1,1
224,31,9.0,1,1
224,32,14.0,1,1
224,33,16.0,1,1
225,0,124.0,1,1
225,1,132.0,1,1
225,2,47.0,1,1
225,3,20.0,1,1
225,4,24.0,1,1
225,5,81.0,1,1
225,6,0.0,1,1
225,7,59.0,1,1
225,8,23.0,1,1
225,9,0.0,1,1
225,10,13.0,1,1
225,11,31.0,1,1
225,12,19.0,1,1
225,13,0.0,1,1
225,14,22.0,1,1
225,15,79.0,1,1
225,16,6.0,1,1
225,17,93.0,1,1
225,18,79.0,1,1
225,19,17.0,1,1
225,20,27.0,1,1
225,21,47.0,1,1
225,22,4.0,1,1
225,23,37.0,1,1
225,24,1.0,1,1
225,25,22.0,1,1
225,26,21.0,1,1
225,27,0.0,1,1
225,28,19.0,1,1
225,29,16.0,1,1
225,30,17.0,1,1
225,31,12.0,1,1
225,32,17.0,1,1
225,33,10.0,1,1
226,0,97.0,1,1
226,1,102.0,1,1
226,2,43.0,1,1
226,3,28.0,1,1
226,4,7.0,1,1
226,5,77.0,1,1
226,6,0.0,1,1
226,7,83.0,1,1
226,8,17.0,1,1
226,9,0.0,1,1
226,10,9.0,1,1
226,11,53.0,1,1
226,12,43.0,1,1
226,13,3.0,1,1
226,14,19.0,1,1
226,15,104.0,1,1
226,16,5.0,1,1
226,17,97.0,1,1
226,18,109.0,1,1
226,19,20.0,1,1
226,20,32.0,1,1
226,21,41.0,1,1
226,22,10.0,1,1
226,23,54.0,1,1
226,24,1.0,1,1
226,25,17.0,1,1
226,26,19.0,1,1
226,27,0.0,1,1
226,28,21.0,1,1
226,29,16.0,1,1
226,30,24.0,1,1
226,31,5.0,1,1
226,32,11.0,1,1
226,33,19.0,1,1
227,0,118.0,1,1
227,1,125.0,1,1
227,2,66.0,1,1
227,3,28.0,1,1
227,4,16.0,1,1
227,5,75.0,1,1
227,6,0.0,1,1
227,7,71.0,1,1
227,8,20.0,1,1
227,9,0.0,1,1
227,10,6.0,1,1
227,11,49.0,1,1
227,12,18.0,1,1
227,13,0.0,1,1
227,14,58.0,1,1
227,15,83.0,1,1
227,16,2.0,1,1
227,17,103.0,1,1
227,18,117.0,1,1
227,19,20.0,1,1
227,20,26.0,1,1
227,21,46.0,1,1
227,22,12.0,1,1
227,23,41.0,1,1
227,24,4.0,1,1
227,25,11.0,1,1
227,26,26.0,1,1
227,27,0.0,1,1
227,28,27.0,1,1
227,29,15.0,1,1
227,30,19.0,1,1
227,31,10.0,1,1
227,32,16.0,1,1
227,33,9.0,1,1
228,0,112.0,1,1
228,1,135.0,1,1
228,2,64.0,1,1
228,3,27.0,1,1
228,4,18.0,1,1
228,5,89.0,1,1
228,6,0.0,1,1
228,7,97.0,1,1
228,8,17.0,1,1
228,9,0.0,1,1
228,10,11.0,1,1
228,11,57.0,1,1
228,12,17.0,1,1
228,13,0.0,1,1
228,14,27.0,1,1
228,15,82.0,1,1
228,16,3.0,1,1
228,17,116.0,1,1
228,18,106.0,1,1
228,19,40.0,1,1
228,20,31.0,1,1
228,21,130.0,1,1
228,22,6.0,1,1
228,23,39.0,1,1
228,24,0.0,1,1
228,25,15.0,1,1
228,26,14.0,1,1
228,27,0.0,1,1
228,28,17.0,1,1
228,29,16.0,1,1
228,30,17.0,1,1
228,31,16.0,1,1
228,32,11.0,1,1
228,33,10.0,1,1
229,0,94.0,1,1
229,1,81.0,1,1
229,2,80.0,1,1
229,3,16.0,1,1
229,4,12.0,1,1
229,5,68.0,1,1
229,6,0.0,1,1
229,7,47.0,1,1
229,8,22.0,1,1
229,9,0.0,1,1
229,10,10.0,1,1
229,11,41.0,1,1
229,12,13.0,1,1
229,13,0.0,1,1
229,14,43.0,1,1
229,15,82.0,1,1
229,16,5.0,1,1
229,17,81.0,1,1
229,18,74.0,1,1
229,19,33.0,1,1
229,20,33.0,1,1
229,21,32.0,1,1
229,22,8.0,1,1
229,23,49.0,1,1
229,24,1.0,1,1
229,25,9.0,1,1
229,26,37.0,1,1
229,27,0.0,1,1
229,28,16.0,1,1
229,29,14.0,1,1
229,30,13.0,1,1
229,31,7.0,1,1
229,32,11.0,1,1
229,33,13.0,1,1
230,0,100.0,1,1
230,1,83.0,1,1
230,2,72.0,1,1
230,3,17.0,1,1
230,4,14.0,1,1
230,5,58.0,1,1
230,6,0.0,1,1
230,7,75.0,1,1
230,8,28.0,1,1
230,9,0.0,1,1
230,10,5.0,1,1
230,11,48.0,1,1
230,12,59.0,1,1
230,13,1.0,1,1
230,14,79.0,1,1
230,15,59.0,1,1
230,16,4.0,1,1
230,17,94.0,1,1
230,18,84.0,1,1
230,19,33.0,1,1
230,20,30.0,1,1
230,21,73.0,1,1
230,22,9.0,1,1
230,23,45.0,1,1
230,24,0.0,1,1
230,25,11.0,1,1
230,26,34.0,1,1
230,27,0.0,1,1
230,28,22.0,1,1
230,29,6.0,1,1
230,30,16.0,1,1
230,31,8.0,1,1
230,32,13.0,1,1
230,33,13.0,1,1
231,0,101.0,1,1
231,1,111.0,1,1
231,2,58.0,1,1
231,3,21.0,1,1
231,4,18.0,1,1
231,5,86.0,1,1
231,6,0.0,1,1
231,7,77.0,1,1
231,8,17.0,1,1
231,9,0.0,1,1
231,10,15.0,1,1
231,11,45.0,1,1
231,12,81.0,1,1
231,13,1.0,1,1
231,14,24.0,1,1
231,15,85.0,1,1
231,16,3.0,1,1
231,17,88.0,1,1
231,18,115.0,1,1
231,19,30.0,1,1
231,20,37.0,1,1
231,21,117.0,1,1
231,22,12.0,1,1
231,23,49.0,1,1
231,24,0.0,1,1
231,25,12.0,1,1
231,26,44.0,1,1
231,27,0.0,1,1
231,28,23.0,1,1
231,29,20.0,1,1
231,30,14.0,1,1
231,31,7.0,1,1
231,32,14.0,1,1
231,33,12.0,1,1
232,0,99.0,1,1
232,1,96.0,1,1
232,2,57.0,1,1
232,3,29.0,1,1
232,4,21.0,1,1
232,5,74.0,1,1
232,6,0.0,1,1
232,7,74.0,1,1
232,8,9.0,1,1
232,9,0.0,1,1
232,10,15.0,1,1
232,11,59.0,1,1
232,12,28.0,1,1
232,13,1.0,1,1
232,14,27.0,1,1
232,15,105.0,1,1
232,16,5.0,1,1
232,17,71.0,1,1
232,18,99.0,1,1
232,19,43.0,1,1
232,20,29.0,1,1
232,21,86.0,1,1
232,22,22.0,1,1
232,23,50.0,1,1
232,24,5.0,1,1
232,25,12.0,1,1
232,26,26.0,1,1
232,27,0.0,1,1
232,28,25.0,1,1
232,29,51.0,1,1
232,30,20.0,1,1
232,31,5.0,1,1
232,32,11.0,1,1
232,33,27.0,1,1
233,0,96.0,1,1
233,1,118.0,1,1
233,2,69.0,1,1
233,3,28.0,1,1
233,4,14.0,1,1
233,5,77.0,1,1
233,6,0.0,1,1
233,7,74.0,1,1
233,8,24.0,1,1
233,9,0.0,1,1
233,10,14.0,1,1
233,11,38.0,1,1
233,12,30.0,1,1
233,13,0.0,1,1
233,14,51.0,1,1
233,15,128.0,1,1
233,16,5.0,1,1
233,17,118.0,1,1
233,18,113.0,1,1
233,19,36.0,1,1
233,20,37.0,1,1
233,21,43.0,1,1
233,22,13.0,1,1
233,23,57.0,1,1
233,24,7.0,1,1
233,25,21.0,1,1
233,26,20.0,1,1
233,27,0.0,1,1
233,28,19.0,1,1
233,29,59.0,1,1
233,30,17.0,1,1
233,31,6.0,1,1
233,32,16.0,1,1
233,33,29.0,1,1
234,0,121.0,1,1
234,1,98.0,1,1
234,2,77.0,1,1
234,3,24.0,1,1
234,4,22.0,1,1
234,5,72.0,1,1
234,6,0.0,1,1
234,7,91.0,1,1
234,8,30.0,1,1
234,9,0.0,1,1
234,10,14.0,1,1
234,11,69.0,1,1
234,12,27.0,1,1
234,13,2.0,1,1
234,14,60.0,1,1
234,15,89.0,1,1
234,16,2.0,1,1
234,17,119.0,1,1
234,18,139.0,1,1
234,19,36.0,1,1
234,20,38.0,1,1
234,21,72.0,1,1
234,22,11.0,1,1
234,23,60.0,1,1
234,24,1.0,1,1
234,25,18.0,1,1
234,26,21.0,1,1
234,27,0.0,1,1
234,28,19.0,1,1
234,29,20.0,1,1
234,30,23.0,1,1
234,31,12.0,1,1
234,32,12.0,1,1
234,33,15.0,1,1
235,0,140.0,1,1
235,1,101.0,1,1
235,2,67.0,1,1
235,3,24.0,1,1
235,4,25.0,1,1
235,5,83.0,1,1
235,6,0.0,1,1
235,7,81.0,1,1
235,8,20.0,1,1
235,9,0.0,1,1
235,10,17.0,1,1
235,11,57.0,1,1
235,12,19.0,1,1
235,13,0.0,1,1
235,14,38.0,1,1
235,15,116.0,1,1
235,16,7.0,1,1
235,17,87.0,1,1
235,18,122.0,1,1
235,19,34.0,1,1
235,20,38.0,1,1
235,21,57.0,1,1
235,22,11.0,1,1
235,23,54.0,1,1
235,24,2.0,1,1
235,25,16.0,1,1
235,26,13.0,1,1
235,27,0.0,1,1
235,28,26.0,1,1
235,29,24.0,1,1
235,30,23.0,1,1
235,31,3.0,1,1
235,32,17.0,1,1
235,33,18.0,1,1
236,0,103.0,1,1
236,1,93.0,1,1
236,2,70.0,1,1
236,3,33.0,1,1
236,4,16.0,1,1
236,5,64.0,1,1
236,6,0.0,1,1
236,7,89.0,1,1
236,8,27.0,1,1
236,9,0.0,1,1
236,10,14.0,1,1
236,11,48.0,1,1
236,12,25.0,1,1
236,13,0.0,1,1
236,14,53.0,1,1
236,15,114.0,1,1
236,16,3.0,1,1
236,17,112.0,1,1
236,18,124.0,1,1
236,19,37.0,1,1
236,20,32.0,1,1
236,21,47.0,1,1
236,22,13.0,1,1
236,23,47.0,1,1
236,24,2.0,1,1
236,25,34.0,1,1
236,26,25.0,1,1
236,27,0.0,1,1
236,28,20.0,1,1
236,29,18.0,1,1
236,30,12.0,1,1
236,31,11.0,1,1
236,32,19.0,1,1
236,33,10.0,1,1
237,0,125.0,1,1
237,1,89.0,1,1
237,2,77.0,1,1
237,3,28.0,1,1
237,4,19.0,1,1
237,5,74.0,1,1
237,6,0.0,1,1
237,7,92.0,1,1
237,8,14.0,1,1
237,9,0.0,1,1
237,10,9.0,1,1
237,11,61.0,1,1
237,12,32.0,1,1
237,13,0.0,1,1
237,14,53.0,1,1
237,15,104.0,1,1
237,16,9.0,1,1
237,17,81.0,1,1
237,18,114.0,1,1
237,19,54.0,1,1
237,20,35.0,1,1
237,21,70.0,1,1
237,22,25.0,1,1
237,23,40.0,1,1
237,24,1.0,1,1
237,25,18.0,1,1
237,26,17.0,1,1
237,27,0.0,1,1
237,28,22.0,1,1
237,29,25.0,1,1
237,30,28.0,1,1
237,31,6.0,1,1
237,32,15.0,1,1
237,33,15.0,1,1
238,0,121.0,1,1
238,1,95.0,1,1
238,2,50.0,1,1
238,3,24.0,1,1
238,4,17.0,1,1
238,5,72.0,1,1
238,6,0.0,1,1
238,7,97.0,1,1
238,8,21.0,1,1
238,9,0.0,1,1
238,10,18.0,1,1
238,11,51.0,1,1
238,12,41.0,1,1
238,13,0.0,1,1
238,14,37.0,1,1
238,15,131.0,1,1
238,16,7.0,1,1
238,17,103.0,1,1
238,18,118.0,1,1
238,19,40.0,1,1
238,20,44.0,1,1
238,21,56.0,1,1
238,22,20.0,1,1
238,23,53.0,1,1
238,24,5.0,1,1
238,25,15.0,1,1
238,26,26.0,1,1
238,27,0.0,1,1
238,28,31.0,1,1
238,29,20.0,1,1
238,30,23.0,1,1
238,31,8.0,1,1
238,32,23.0,1,1
238,33,19.0,1,1
239,0,109.0,1,1
239,1,88.0,1,1
239,2,74.0,1,1
239,3,22.0,1,1
239,4,26.0,1,1
239,5,52.0,1,1
239,6,0.0,1,1
239,7,106.0,1,1
239,8,31.0,1,1
239,9,0.0,1,1
239,10,12.0,1,1
239,11,73.0,1,1
239,12,252.0,1,1
239,13,0.0,1,1
239,14,54.0,1,1
239,15,109.0,1,1
239,16,7.0,1,1
239,17,83.0,1,1
239,18,148.0,1,1
239,19,45.0,1,1
239,20,31.0,1,1
239,21,62.0,1,1
239,22,12.0,1,1
239,23,41.0,1,1
239,24,5.0,1,1
239,25,17.0,1,1
239,26,29.0,1,1
239,27,0.0,1,1
239,28,27.0,1,1
239,29,13.0,1,1
239,30,22.0,1,1
239,31,8.0,1,1
239,32,19.0,1,1
239,33,13.0,1,1
240,0,143.0,1,1
240,1,95.0,1,1
240,2,69.0,1,1
240,3,22.0,1,1
240,4,27.0,1,1
240,5,72.0,1,1
240,6,0.0,1,1
240,7,109.0,1,1
240,8,36.0,1,1
240,9,0.0,1,1
240,10,9.0,1,1
240,11,61.0,1,1
240,12,142.0,1,1
240,13,0.0,1,1
240,14,654.0,1,1
240,15,127.0,1,1
240,16,6.0,1,1
240,17,98.0,1,1
240,18,126.0,1,1
240,19,24.0,1,1
240,20,25.0,1,1
240,21,57.0,1,1
240,22,12.0,1,1
240,23,42.0,1,1
240,24,2.0,1,1
240,25,16.0,1,1
240,26,25.0,1,1
240,27,0.0,1,1
240,28,22.0,1,1
240,29,16.0,1,1
240,30,20.0,1,1
240,31,4.0,1,1
240,32,14.0,1,1
240,33,10.0,1,1
241,0,114.0,1,1
241,1,97.0,1,1
241,2,92.0,1,1
241,3,30.0,1,1
241,4,15.0,1,1
241,5,67.0,1,1
241,6,0.0,1,1
241,7,103.0,1,1
241,8,22.0,1,1
241,9,0.0,1,1
241,10,17.0,1,1
241,11,69.0,1,1
241,12,25.0,1,1
241,13,4.0,1,1
241,14,164.0,1,1
241,15,125.0,1,1
241,16,5.0,1,1
241,17,116.0,1,1
241,18,126.0,1,1
241,19,36.0,1,1
241,20,43.0,1,1
241,21,46.0,1,1
241,22,21.0,1,1
241,23,52.0,1,1
241,24,1.0,1,1
241,25,22.0,1,1
241,26,20.0,1,1
241,27,0.0,1,1
241,28,27.0,1,1
241,29,18.0,1,1
241,30,25.0,1,1
241,31,21.0,1,1
241,32,17.0,1,1
241,33,14.0,1,1
242,0,120.0,1,1
242,1,100.0,1,1
242,2,68.0,1,1
242,3,23.0,1,1
242,4,24.0,1,1
242,5,56.0,1,1
242,6,0.0,1,1
242,7,81.0,1,1
242,8,20.0,1,1
242,9,0.0,1,1
242,10,6.0,1,1
242,11,65.0,1,1
242,12,35.0,1,1
242,13,1.0,1,1
242,14,54.0,1,1
242,15,111.0,1,1
242,16,5.0,1,1
242,17,116.0,1,1
242,18,115.0,1,1
242,19,35.0,1,1
242,20,31.0,1,1
242,21,46.0,1,1
242,22,11.0,1,1
242,23,50.0,1,1
242,24,1.0,1,1
242,25,21.0,1,1
242,26,23.0,1,1
242,27,0.0,1,1
242,28,19.0,1,1
242,29,19.0,1,1
242,30,29.0,1,1
242,31,6.0,1,1
242,32,14.0,1,1
242,33,15.0,1,1
243,0,142.0,1,1
243,1,105.0,1,1
243,2,103.0,1,1
243,3,19.0,1,1
243,4,27.0,1,1
243,5,86.0,1,1
243,6,0.0,1,1
243,7,93.0,1,1
243,8,25.0,1,1
243,9,0.0,1,1
243,10,9.0,1,1
243,11,58.0,1,1
243,12,28.0,1,1
243,13,0.0,1,1
243,14,31.0,1,1
243,15,107.0,1,1
243,16,4.0,1,1
243,17,109.0,1,1
243,18,119.0,1,1
243,19,38.0,1,1
243,20,31.0,1,1
243,21,57.0,1,1
243,22,13.0,1,1
243,23,52.0,1,1
243,24,3.0,1,1
243,25,14.0,1,1
243,26,35.0,1,1
243,27,0.0,1,1
243,28,26.0,1,1
243,29,20.0,1,1
243,30,24.0,1,1
243,31,12.0,1,1
243,32,22.0,1,1
243,33,13.0,1,1
244,0,140.0,1,1
244,1,96.0,1,1
244,2,71.0,1,1
244,3,39.0,1,1
244,4,26.0,1,1
244,5,72.0,1,1
244,6,0.0,1,1
244,7,102.0,1,1
244,8,35.0,1,1
244,9,0.0,1,1
244,10,11.0,1,1
244,11,62.0,1,1
244,12,378.0,1,1
244,13,2.0,1,1
244,14,38.0,1,1
244,15,127.0,1,1
244,16,7.0,1,1
244,17,106.0,1,1
244,18,126.0,1,1
244,19,25.0,1,1
244,20,40.0,1,1
244,21,54.0,1,1
244,22,8.0,1,1
244,23,51.0,1,1
244,24,4.0,1,1
244,25,16.0,1,1
244,26,23.0,1,1
244,27,0.0,1,1
244,28,17.0,1,1
244,29,22.0,1,1
244,30,34.0,1,1
244,31,14.0,1,1
244,32,18.0,1,1
244,33,16.0,1,1
245,0,133.0,1,1
245,1,88.0,1,1
245,2,74.0,1,1
245,3,34.0,1,1
245,4,24.0,1,1
245,5,59.0,1,1
245,6,0.0,1,1
245,7,99.0,1,1
245,8,23.0,1,1
245,9,0.0,1,1
245,10,12.0,1,1
245,11,83.0,1,1
245,12,94.0,1,1
245,13,2.0,1,1
245,14,63.0,1,1
245,15,127.0,1,1
245,16,6.0,1,1
245,17,92.0,1,1
245,18,128.0,1,1
245,19,41.0,1,1
245,20,37.0,1,1
245,21,48.0,1,1
245,22,11.0,1,1
245,23,67.0,1,1
245,24,3.0,1,1
245,25,18.0,1,1
245,26,29.0,1,1
245,27,0.0,1,1
245,28,24.0,1,1
245,29,14.0,1,1
245,30,21.0,1,1
245,31,8.0,1,1
245,32,13.0,1,1
245,33,12.0,1,1
246,0,127.0,1,1
246,1,83.0,1,1
246,2,70.0,1,1
246,3,29.0,1,1
246,4,23.0,1,1
246,5,69.0,1,1
246,6,0.0,1,1
246,7,114.0,1,1
246,8,18.0,1,1
246,9,0.0,1,1
246,10,9.0,1,1
246,11,63.0,1,1
246,12,37.0,1,1
246,13,1.0,1,1
246,14,24.0,1,1
246,15,160.0,1,1
246,16,12.0,1,1
246,17,113.0,1,1
246,18,129.0,1,1
246,19,37.0,1,1
246,20,36.0,1,1
246,21,157.0,1,1
246,22,23.0,1,1
246,23,57.0,1,1
246,24,1.0,1,1
246,25,18.0,1,1
246,26,25.0,1,1
246,27,0.0,1,1
246,28,26.0,1,1
246,29,14.0,1,1
246,30,23.0,1,1
246,31,15.0,1,1
246,32,17.0,1,1
246,33,14.0,1,1
247,0,122.0,1,1
247,1,110.0,1,1
247,2,64.0,1,1
247,3,29.0,1,1
247,4,19.0,1,1
247,5,84.0,1,1
247,6,0.0,1,1
247,7,88.0,1,1
247,8,28.0,1,1
247,9,0.0,1,1
247,10,12.0,1,1
247,11,66.0,1,1
247,12,122.0,1,1
247,13,0.0,1,1
247,14,35.0,1,1
247,15,144.0,1,1
247,16,4.0,1,1
247,17,133.0,1,1
247,18,150.0,1,1
247,19,41.0,1,1
247,20,28.0,1,1
247,21,66.0,1,1
247,22,15.0,1,1
247,23,59.0,1,1
247,24,4.0,1,1
247,25,20.0,1,1
247,26,21.0,1,1
247,27,0.0,1,1
247,28,30.0,1,1
247,29,26.0,1,1
247,30,22.0,1,1
247,31,7.0,1,1
247,32,11.0,1,1
247,33,12.0,1,1
248,0,129.0,1,1
248,1,113.0,1,1
248,2,128.0,1,1
248,3,41.0,1,1
248,4,32.0,1,1
248,5,76.0,1,1
248,6,0.0,1,1
248,7,120.0,1,1
248,8,21.0,1,1
248,9,0.0,1,1
248,10,6.0,1,1
248,11,65.0,1,1
248,12,55.0,1,1
248,13,0.0,1,1
248,14,65.0,1,1
248,15,146.0,1,1
248,16,5.0,1,1
248,17,118.0,1,1
248,18,137.0,1,1
248,19,46.0,1,1
248,20,46.0,1,1
248,21,55.0,1,1
248,22,13.0,1,1
248,23,46.0,1,1
248,24,2.0,1,1
248,25,19.0,1,1
248,26,23.0,1,1
248,27,0.0,1,1
248,28,31.0,1,1
248,29,24.0,1,1
248,30,21.0,1,1
248,31,4.0,1,1
248,32,18.0,1,1
248,33,25.0,1,1
249,0,127.0,1,1
249,1,96.0,1,1
249,2,109.0,1,1
249,3,41.0,1,1
249,4,24.0,1,1
249,5,72.0,1,1
249,6,0.0,1,1
249,7,131.0,1,1
249,8,35.0,1,1
249,9,0.0,1,1
249,10,16.0,1,1
249,11,73.0,1,1
249,12,151.0,1,1
249,13,3.0,1,1
249,14,72.0,1,1
249,15,181.0,1,1
249,16,5.0,1,1
249,17,106.0,1,1
249,18,135.0,1,1
249,19,45.0,1,1
249,20,32.0,1,1
249,21,57.0,1,1
249,22,14.0,1,1
249,23,44.0,1,1
249,24,2.0,1,1
249,25,21.0,1,1
249,26,26.0,1,1
249,27,0.0,1,1
249,28,18.0,1,1
249,29,21.0,1,1
249,30,25.0,1,1
249,31,8.0,1,1
249,32,20.0,1,1
249,33,11.0,1,1
250,0,104.0,1,1
250,1,123.0,1,1
250,2,116.0,1,1
250,3,33.0,1,1
250,4,21.0,1,1
250,5,96.0,1,1
250,6,0.0,1,1
250,7,132.0,1,1
250,8,19.0,1,1
250,9,0.0,1,1
250,10,10.0,1,1
250,11,118.0,1,1
250,12,134.0,1,1
250,13,0.0,1,1
250,14,39.0,1,1
250,15,95.0,1,1
250,16,9.0,1,1
250,17,112.0,1,1
250,18,210.0,1,1
250,19,32.0,1,1
250,20,41.0,1,1
250,21,56.0,1,1
250,22,16.0,1,1
250,23,63.0,1,1
250,24,0.0,1,1
250,25,23.0,1,1
250,26,29.0,1,1
250,27,0.0,1,1
250,28,43.0,1,1
250,29,10.0,1,1
250,30,17.0,1,1
250,31,8.0,1,1
250,32,20.0,1,1
250,33,17.0,1,1
251,0,124.0,1,1
251,1,107.0,1,1
251,2,112.0,1,1
251,3,49.0,1,1
251,4,35.0,1,1
251,5,67.0,1,1
251,6,0.0,1,1
251,7,135.0,1,1
251,8,33.0,1,1
251,9,0.0,1,1
251,10,9.0,1,1
251,11,100.0,1,1
251,12,48.0,1,1
251,13,0.0,1,1
251,14,44.0,1,1
251,15,119.0,1,1
251,16,10.0,1,1
251,17,130.0,1,1
251,18,206.0,1,1
251,19,35.0,1,1
251,20,33.0,1,1
251,21,74.0,1,1
251,22,16.0,1,1
251,23,84.0,1,1
251,24,3.0,1,1
251,25,22.0,1,1
251,26,24.0,1,1
251,27,0.0,1,1
251,28,27.0,1,1
251,29,20.0,1,1
251,30,29.0,1,1
251,31,5.0,1,1
251,32,21.0,1,1
251,33,10.0,1,1
252,0,163.0,1,1
252,1,110.0,1,1
252,2,155.0,1,1
252,3,43.0,1,1
252,4,34.0,1,1
252,5,75.0,1,1
252,6,0.0,1,1
252,7,139.0,1,1
252,8,34.0,1,1
252,9,0.0,1,1
252,10,16.0,1,1
252,11,82.0,1,1
252,12,42.0,1,1
252,13,2.0,1,1
252,14,35.0,1,1
252,15,187.0,1,1
252,16,3.0,1,1
252,17,113.0,1,1
252,18,203.0,1,1
252,19,51.0,1,1
252,20,47.0,1,1
252,21,70.0,1,1
252,22,23.0,1,1
252,23,66.0,1,1
252,24,2.0,1,1
252,25,17.0,1,1
252,26,21.0,1,1
252,27,0.0,1,1
252,28,41.0,1,1
252,29,23.0,1,1
252,30,28.0,1,1
252,31,14.0,1,1
252,32,26.0,1,1
252,33,16.0,1,1
253,0,133.0,1,1
253,1,111.0,1,1
253,2,105.0,1,1
253,3,54.0,1,1
253,4,24.0,1,1
253,5,78.0,1,1
253,6,0.0,1,1
253,7,129.0,1,1
253,8,28.0,1,1
253,9,0.0,1,1
253,10,13.0,1,1
253,11,97.0,1,1
253,12,73.0,1,1
253,13,0.0,1,1
253,14,78.0,1,1
253,15,164.0,1,1
253,16,8.0,1,1
253,17,119.0,1,1
253,18,181.0,1,1
253,19,42.0,1,1
253,20,39.0,1,1
253,21,71.0,1,1
253,22,16.0,1,1
253,23,50.0,1,1
253,24,4.0,1,1
253,25,23.0,1,1
253,26,27.0,1,1
253,27,0.0,1,1
253,28,28.0,1,1
253,29,25.0,1,1
253,30,22.0,1,1
253,31,6.0,1,1
253,32,20.0,1,1
253,33,14.0,1,1
254,0,127.0,1,1
254,1,106.0,1,1
254,2,130.0,1,1
254,3,54.0,1,1
254,4,28.0,1,1
254,5,55.0,1,1
254,6,0.0,1,1
254,7,143.0,1,1
254,8,27.0,1,1
254,9,0.0,1,1
254,10,17.0,1,1
254,11,84.0,1,1
254,12,58.0,1,1
254,13,1.0,1,1
254,14,74.0,1,1
254,15,124.0,1,1
254,16,5.0,1,1
254,17,114.0,1,1
254,18,189.0,1,1
254,19,44.0,1,1
254,20,50.0,1,1
254,21,42.0,1,1
254,22,9.0,1,1
254,23,53.0,1,1
254,24,5.0,1,1
254,25,18.0,1,1
254,26,31.0,1,1
254,27,0.0,1,1
254,28,22.0,1,1
254,29,17.0,1,1
254,30,27.0,1,1
254,31,2.0,1,1
254,32,21.0,1,1
254,33,17.0,1,1
255,0,129.0,1,1
255,1,97.0,1,1
255,2,117.0,1,1
255,3,54.0,1,1
255,4,27.0,1,1
255,5,74.0,1,1
255,6,0.0,1,1
255,7,140.0,1,1
255,8,30.0,1,1
255,9,0.0,1,1
255,10,14.0,1,1
255,11,88.0,1,1
255,12,34.0,1,1
255,13,1.0,1,1
255,14,58.0,1,1
255,15,145.0,1,1
255,16,9.0,1,1
255,17,122.0,1,1
255,18,222.0,1,1
255,19,45.0,1,1
255,20,45.0,1,1
255,21,63.0,1,1
255,22,20.0,1,1
255,23,99.0,1,1
255,24,0.0,1,1
255,25,22.0,1,1
255,26,33.0,1,1
255,27,0.0,1,1
255,28,48.0,1,1
255,29,31.0,1,1
255,30,29.0,1,1
255,31,5.0,1,1
255,32,23.0,1,1
255,33,22.0,1,1
256,0,128.0,1,1
256,1,113.0,1,1
256,2,115.0,1,1
256,3,60.0,1,1
256,4,25.0,1,1
256,5,80.0,1,1
256,6,0.0,1,1
256,7,139.0,1,1
256,8,29.0,1,1
256,9,0.0,1,1
256,10,16.0,1,1
256,11,105.0,1,1
256,12,69.0,1,1
256,13,2.0,1,1
256,14,67.0,1,1
256,15,142.0,1,1
256,16,12.0,1,1
256,17,117.0,1,1
256,18,231.0,1,1
256,19,33.0,1,1
256,20,58.0,1,1
256,21,71.0,1,1
256,22,22.0,1,1
256,23,68.0,1,1
256,24,5.0,1,1
256,25,22.0,1,1
256,26,33.0,1,1
256,27,0.0,1,1
256,28,70.0,1,1
256,29,21.0,1,1
256,30,32.0,1,1
256,31,8.0,1,1
256,32,25.0,1,1
256,33,22.0,1,1
257,0,118.0,1,1
257,1,113.0,1,1
257,2,108.0,1,1
257,3,62.0,1,1
257,4,37.0,1,1
257,5,75.0,1,1
257,6,0.0,1,1
257,7,140.0,1,1
257,8,43.0,1,1
257,9,0.0,1,1
257,10,16.0,1,1
257,11,93.0,1,1
257,12,51.0,1,1
257,13,2.0,1,1
257,14,43.0,1,1
257,15,139.0,1,1
257,16,9.0,1,1
257,17,128.0,1,1
257,18,198.0,1,1
257,19,58.0,1,1
257,20,53.0,1,1
257,21,89.0,1,1
257,22,21.0,1,1
257,23,64.0,1,1
257,24,4.0,1,1
257,25,24.0,1,1
257,26,29.0,1,1
257,27,0.0,1,1
257,28,32.0,1,1
257,29,21.0,1,1
257,30,40.0,1,1
257,31,8.0,1,1
257,32,24.0,1,1
257,33,12.0,1,1
258,0,124.0,1,1
258,1,112.0,1,1
258,2,108.0,1,1
258,3,67.0,1,1
258,4,40.0,1,1
258,5,79.0,1,1
258,6,0.0,1,1
258,7,137.0,1,1
258,8,190.0,1,1
258,9,0.0,1,1
258,10,20.0,1,1
258,11,84.0,1,1
258,12,68.0,1,1
258,13,0.0,1,1
258,14,46.0,1,1
258,15,137.0,1,1
258,16,6.0,1,1
258,17,153.0,1,1
258,18,223.0,1,1
258,19,47.0,1,1
258,20,48.0,1,1
258,21,92.0,1,1
258,22,22.0,1,1
258,23,66.0,1,1
258,24,4.0,1,1
258,25,17.0,1,1
258,26,38.0,1,1
258,27,0.0,1,1
258,28,36.0,1,1
258,29,13.0,1,1
258,30,30.0,1,1
258,31,8.0,1,1
258,32,27.0,1,1
258,33,7.0,1,1
259,0,103.0,1,1
259,1,106.0,1,1
259,2,120.0,1,1
259,3,61.0,1,1
259,4,34.0,1,1
259,5,72.0,1,1
259,6,0.0,1,1
259,7,135.0,1,1
259,8,32.0,1,1
259,9,0.0,1,1
259,10,19.0,1,1
259,11,89.0,1,1
259,12,37.0,1,1
259,13,1.0,1,1
259,14,49.0,1,1
259,15,183.0,1,1
259,16,5.0,1,1
259,17,145.0,1,1
259,18,195.0,1,1
259,19,37.0,1,1
259,20,53.0,1,1
259,21,51.0,1,1
259,22,13.0,1,1
259,23,72.0,1,1
259,24,3.0,1,1
259,25,16.0,1,1
259,26,36.0,1,1
259,27,0.0,1,1
259,28,31.0,1,1
259,29,14.0,1,1
259,30,38.0,1,1
259,31,10.0,1,1
259,32,29.0,1,1
259,33,13.0,1,1
260,0,97.0,1,1
260,1,106.0,1,1
260,2,105.0,1,1
260,3,54.0,1,1
260,4,25.0,1,1
260,5,63.0,1,1
260,6,0.0,1,1
260,7,151.0,1,1
260,8,34.0,1,1
260,9,0.0,1,1
260,10,18.0,1,1
260,11,103.0,1,1
260,12,69.0,1,1
260,13,0.0,1,1
260,14,58.0,1,1
260,15,126.0,1,1
260,16,8.0,1,1
260,17,133.0,1,1
260,18,178.0,1,1
260,19,46.0,1,1
260,20,36.0,1,1
260,21,57.0,1,1
260,22,17.0,1,1
260,23,59.0,1,1
260,24,7.0,1,1
260,25,20.0,1,1
260,26,30.0,1,1
260,27,0.0,1,1
260,28,41.0,1,1
260,29,21.0,1,1
260,30,27.0,1,1
260,31,6.0,1,1
260,32,22.0,1,1
260,33,20.0,1,1
261,0,87.0,1,1
261,1,105.0,1,1
261,2,97.0,1,1
261,3,45.0,1,1
261,4,38.0,1,1
261,5,66.0,1,1
261,6,0.0,1,1
261,7,102.0,1,1
261,8,27.0,1,1
261,9,0.0,1,1
261,10,20.0,1,1
261,11,77.0,1,1
261,12,55.0,1,1
261,13,3.0,1,1
261,14,53.0,1,1
261,15,170.0,1,1
261,16,4.0,1,1
261,17,100.0,1,1
261,18,165.0,1,1
261,19,28.0,1,1
261,20,33.0,1,1
261,21,61.0,1,1
261,22,9.0,1,1
261,23,59.0,1,1
261,24,1.0,1,1
261,25,19.0,1,1
261,26,24.0,1,1
261,27,0.0,1,1
261,28,49.0,1,1
261,29,19.0,1,1
261,30,30.0,1,1
261,31,14.0,1,1
261,32,30.0,1,1
261,33,21.0,1,1
262,0,118.0,1,1
262,1,108.0,1,1
262,2,98.0,1,1
262,3,38.0,1,1
262,4,23.0,1,1
262,5,74.0,1,1
262,6,0.0,1,1
262,7,102.0,1,1
262,8,27.0,1,1
262,9,0.0,1,1
262,10,16.0,1,1
262,11,62.0,1,1
262,12,32.0,1,1
262,13,1.0,1,1
262,14,53.0,1,1
262,15,115.0,1,1
262,16,4.0,1,1
262,17,106.0,1,1
262,18,150.0,1,1
262,19,40.0,1,1
262,20,37.0,1,1
262,21,57.0,1,1
262,22,17.0,1,1
262,23,42.0,1,1
262,24,2.0,1,1
262,25,12.0,1,1
262,26,31.0,1,1
262,27,0.0,1,1
262,28,27.0,1,1
262,29,11.0,1,1
262,30,21.0,1,1
262,31,5.0,1,1
262,32,23.0,1,1
262,33,13.0,1,1
263,0,127.0,1,1
263,1,104.0,1,1
263,2,75.0,1,1
263,3,97.0,1,1
263,4,40.0,1,1
263,5,59.0,1,1
263,6,0.0,1,1
263,7,117.0,1,1
263,8,37.0,1,1
263,9,0.0,1,1
263,10,12.0,1,1
263,11,67.0,1,1
263,12,27.0,1,1
263,13,2.0,1,1
263,14,49.0,1,1
263,15,112.0,1,1
263,16,6.0,1,1
263,17,118.0,1,1
263,18,162.0,1,1
263,19,42.0,1,1
263,20,40.0,1,1
263,21,50.0,1,1
263,22,16.0,1,1
263,23,56.0,1,1
263,24,4.0,1,1
263,25,17.0,1,1
263,26,18.0,1,1
263,27,0.0,1,1
263,28,35.0,1,1
263,29,15.0,1,1
263,30,29.0,1,1
263,31,10.0,1,1
263,32,17.0,1,1
263,33,14.0,1,1
264,0,105.0,1,1
264,1,91.0,1,1
264,2,68.0,1,1
264,3,38.0,1,1
264,4,20.0,1,1
264,5,63.0,1,1
264,6,0.0,1,1
264,7,101.0,1,1
264,8,25.0,1,1
264,9,0.0,1,1
264,10,16.0,1,1
264,11,82.0,1,1
264,12,24.0,1,1
264,13,1.0,1,1
264,14,38.0,1,1
264,15,74.0,1,1
264,16,4.0,1,1
264,17,100.0,1,1
264,18,132.0,1,1
264,19,35.0,1,1
264,20,32.0,1,1
264,21,85.0,1,1
264,22,18.0,1,1
264,23,54.0,1,1
264,24,0.0,1,1
264,25,17.0,1,1
264,26,23.0,1,1
264,27,0.0,1,1
264,28,32.0,1,1
264,29,10.0,1,1
264,30,20.0,1,1
264,31,6.0,1,1
264,32,20.0,1,1
264,33,10.0,1,1
265,0,102.0,1,1
265,1,135.0,1,1
265,2,88.0,1,1
265,3,28.0,1,1
265,4,21.0,1,1
265,5,92.0,1,1
265,6,0.0,1,1
265,7,89.0,1,1
265,8,28.0,1,1
265,9,0.0,1,1
265,10,17.0,1,1
265,11,52.0,1,1
265,12,33.0,1,1
265,13,0.0,1,1
265,14,53.0,1,1
265,15,113.0,1,1
265,16,0.0,1,1
265,17,127.0,1,1
265,18,150.0,1,1
265,19,25.0,1,1
265,20,32.0,1,1
265,21,64.0,1,1
265,22,15.0,1,1
265,23,70.0,1,1
265,24,1.0,1,1
265,25,21.0,1,1
265,26,25.0,1,1
265,27,0.0,1,1
265,28,19.0,1,1
265,29,20.0,1,1
265,30,21.0,1,1
265,31,2.0,1,1
265,32,15.0,1,1
265,33,16.0,1,1
266,0,95.0,1,1
266,1,94.0,1,1
266,2,72.0,1,1
266,3,33.0,1,1
266,4,14.0,1,1
266,5,78.0,1,1
266,6,0.0,1,1
266,7,105.0,1,1
266,8,23.0,1,1
266,9,0.0,1,1
266,10,16.0,1,1
266,11,61.0,1,1
266,12,42.0,1,1
266,13,0.0,1,1
266,14,25.0,1,1
266,15,98.0,1,1
266,16,5.0,1,1
266,17,104.0,1,1
266,18,126.0,1,1
266,19,38.0,1,1
266,20,38.0,1,1
266,21,49.0,1,1
266,22,16.0,1,1
266,23,38.0,1,1
266,24,4.0,1,1
266,25,23.0,1,1
266,26,17.0,1,1
266,27,0.0,1,1
266,28,19.0,1,1
266,29,18.0,1,1
266,30,19.0,1,1
266,31,8.0,1,1
266,32,22.0,1,1
266,33,16.0,1,1
267,0,82.0,1,1
267,1,106.0,1,1
267,2,75.0,1,1
267,3,28.0,1,1
267,4,21.0,1,1
267,5,58.0,1,1
267,6,0.0,1,1
267,7,87.0,1,1
267,8,21.0,1,1
267,9,0.0,1,1
267,10,8.0,1,1
267,11,52.0,1,1
267,12,28.0,1,1
267,13,2.0,1,1
267,14,45.0,1,1
267,15,69.0,1,1
267,16,1.0,1,1
267,17,95.0,1,1
267,18,142.0,1,1
267,19,39.0,1,1
267,20,34.0,1,1
267,21,70.0,1,1
267,22,9.0,1,1
267,23,58.0,1,1
267,24,5.0,1,1
267,25,20.0,1,1
267,26,19.0,1,1
267,27,0.0,1,1
267,28,19.0,1,1
267,29,17.0,1,1
267,30,20.0,1,1
267,31,7.0,1,1
267,32,15.0,1,1
267,33,11.0,1,1
268,0,99.0,1,1
268,1,101.0,1,1
268,2,68.0,1,1
268,3,18.0,1,1
268,4,12.0,1,1
268,5,76.0,1,1
268,6,0.0,1,1
268,7,89.0,1,1
268,8,18.0,1,1
268,9,0.0,1,1
268,10,11.0,1,1
268,11,53.0,1,1
268,12,25.0,1,1
268,13,1.0,1,1
268,14,18.0,1,1
268,15,79.0,1,1
268,16,0.0,1,1
268,17,88.0,1,1
268,18,116.0,1,1
268,19,23.0,1,1
268,20,19.0,1,1
268,21,63.0,1,1
268,22,10.0,1,1
268,23,40.0,1,1
268,24,1.0,1,1
268,25,8.0,1,1
268,26,21.0,1,1
268,27,0.0,1,1
268,28,19.0,1,1
268,29,16.0,1,1
268,30,13.0,1,1
268,31,5.0,1,1
268,32,14.0,1,1
268,33,9.0,1,1
269,0,70.0,1,1
269,1,82.0,1,1
269,2,66.0,1,1
269,3,28.0,1,1
269,4,17.0,1,1
269,5,59.0,1,1
269,6,0.0,1,1
269,7,88.0,1,1
269,8,39.0,1,1
269,9,0.0,1,1
269,10,6.0,1,1
269,11,67.0,1,1
269,12,17.0,1,1
269,13,2.0,1,1
269,14,19.0,1,1
269,15,67.0,1,1
269,16,0.0,1,1
269,17,65.0,1,1
269,18,104.0,1,1
269,19,31.0,1,1
269,20,38.0,1,1
269,21,83.0,1,1
269,22,12.0,1,1
269,23,50.0,1,1
269,24,0.0,1,1
269,25,8.0,1,1
269,26,15.0,1,1
269,27,0.0,1,1
269,28,23.0,1,1
269,29,13.0,1,1
269,30,14.0,1,1
269,31,4.0,1,1
269,32,10.0,1,1
269,33,12.0,1,1
270,0,80.0,1,1
270,1,67.0,1,1
270,2,53.0,1,1
270,3,15.0,1,1
270,4,12.0,1,1
270,5,49.0,1,1
270,6,0.0,1,1
270,7,67.0,1,1
270,8,31.0,1,1
270,9,0.0,1,1
270,10,11.0,1,1
270,11,45.0,1,1
270,12,17.0,1,1
270,13,2.0,1,1
270,14,32.0,1,1
270,15,54.0,1,1
270,16,2.0,1,1
270,17,73.0,1,1
270,18,91.0,1,1
270,19,29.0,1,1
270,20,24.0,1,1
270,21,46.0,1,1
270,22,12.0,1,1
270,23,38.0,1,1
270,24,1.0,1,1
270,25,17.0,1,1
270,26,15.0,1,1
270,27,0.0,1,1
270,28,19.0,1,1
270,29,16.0,1,1
270,30,10.0,1,1
270,31,5.0,1,1
270,32,11.0,1,1
270,33,12.0,1,1
271,0,70.0,1,1
271,1,87.0,1,1
271,2,43.0,1,1
271,3,20.0,1,1
271,4,17.0,1,1
271,5,50.0,1,1
271,6,0.0,1,1
271,7,80.0,1,1
271,8,21.0,1,1
271,9,0.0,1,1
271,10,11.0,1,1
271,11,51.0,1,1
271,12,36.0,1,1
271,13,0.0,1,1
271,14,31.0,1,1
271,15,47.0,1,1
271,16,2.0,1,1
271,17,69.0,1,1
271,18,101.0,1,1
271,19,27.0,1,1
271,20,41.0,1,1
271,21,34.0,1,1
271,22,11.0,1,1
271,23,48.0,1,1
271,24,2.0,1,1
271,25,15.0,1,1
271,26,16.0,1,1
271,27,0.0,1,1
271,28,21.0,1,1
271,29,17.0,1,1
271,30,20.0,1,1
271,31,6.0,1,1
271,32,11.0,1,1
271,33,13.0,1,1
272,0,70.0,1,1
272,1,70.0,1,1
272,2,56.0,1,1
272,3,10.0,1,1
272,4,14.0,1,1
272,5,54.0,1,1
272,6,0.0,1,1
272,7,68.0,1,1
272,8,11.0,1,1
272,9,0.0,1,1
272,10,15.0,1,1
272,11,45.0,1,1
272,12,16.0,1,1
272,13,3.0,1,1
272,14,22.0,1,1
272,15,48.0,1,1
272,16,3.0,1,1
272,17,85.0,1,1
272,18,111.0,1,1
272,19,23.0,1,1
272,20,29.0,1,1
272,21,31.0,1,1
272,22,12.0,1,1
272,23,46.0,1,1
272,24,3.0,1,1
272,25,9.0,1,1
272,26,15.0,1,1
272,27,0.0,1,1
272,28,18.0,1,1
272,29,8.0,1,1
272,30,8.0,1,1
272,31,3.0,1,1
272,32,16.0,1,1
272,33,4.0,1,1
273,0,64.0,1,1
273,1,75.0,1,1
273,2,57.0,1,1
273,3,15.0,1,1
273,4,25.0,1,1
273,5,60.0,1,1
273,6,0.0,1,1
273,7,77.0,1,1
273,8,54.0,1,1
273,9,0.0,1,1
273,10,2.0,1,1
273,11,49.0,1,1
273,12,11.0,1,1
273,13,3.0,1,1
273,14,17.0,1,1
273,15,44.0,1,1
273,16,6.0,1,1
273,17,84.0,1,1
273,18,94.0,1,1
273,19,22.0,1,1
273,20,34.0,1,1
273,21,120.0,1,1
273,22,8.0,1,1
273,23,28.0,1,1
273,24,1.0,1,1
273,25,7.0,1,1
273,26,19.0,1,1
273,27,0.0,1,1
273,28,18.0,1,1
273,29,14.0,1,1
273,30,11.0,1,1
273,31,8.0,1,1
273,32,17.0,1,1
273,33,8.0,1,1
274,0,57.0,1,1
274,1,71.0,1,1
274,2,44.0,1,1
274,3,25.0,1,1
274,4,24.0,1,1
274,5,44.0,1,1
274,6,0.0,1,1
274,7,72.0,1,1
274,8,16.0,1,1
274,9,0.0,1,1
274,10,11.0,1,1
274,11,46.0,1,1
274,12,22.0,1,1
274,13,0.0,1,1
274,14,5.0,1,1
274,15,46.0,1,1
274,16,2.0,1,1
274,17,69.0,1,1
274,18,84.0,1,1
274,19,25.0,1,1
274,20,34.0,1,1
274,21,40.0,1,1
274,22,8.0,1,1
274,23,47.0,1,1
274,24,1.0,1,1
274,25,5.0,1,1
274,26,15.0,1,1
274,27,0.0,1,1
274,28,18.0,1,1
274,29,12.0,1,1
274,30,15.0,1,1
274,31,2.0,1,1
274,32,15.0,1,1
274,33,9.0,1,1
275,0,60.0,1,1
275,1,70.0,1,1
275,2,64.0,1,1
275,3,28.0,1,1
275,4,15.0,1,1
275,5,56.0,1,1
275,6,0.0,1,1
275,7,76.0,1,1
275,8,20.0,1,1
275,9,0.0,1,1
275,10,8.0,1,1
275,11,52.0,1,1
275,12,18.0,1,1
275,13,0.0,1,1
275,14,15.0,1,1
275,15,65.0,1,1
275,16,3.0,1,1
275,17,87.0,1,1
275,18,96.0,1,1
275,19,32.0,1,1
275,20,25.0,1,1
275,21,30.0,1,1
275,22,12.0,1,1
275,23,46.0,1,1
275,24,0.0,1,1
275,25,12.0,1,1
275,26,19.0,1,1
275,27,0.0,1,1
275,28,27.0,1,1
275,29,18.0,1,1
275,30,19.0,1,1
275,31,4.0,1,1
275,32,15.0,1,1
275,33,6.0,1,1
276,0,59.0,1,1
276,1,95.0,1,1
276,2,57.0,1,1
276,3,17.0,1,1
276,4,16.0,1,1
276,5,60.0,1,1
276,6,0.0,1,1
276,7,63.0,1,1
276,8,19.0,1,1
276,9,0.0,1,1
276,10,9.0,1,1
276,11,43.0,1,1
276,12,25.0,1,1
276,13,0.0,1,1
276,14,26.0,1,1
276,15,57.0,1,1
276,16,5.0,1,1
276,17,79.0,1,1
276,18,99.0,1,1
276,19,27.0,1,1
276,20,36.0,1,1
276,21,31.0,1,1
276,22,12.0,1,1
276,23,49.0,1,1
276,24,1.0,1,1
276,25,12.0,1,1
276,26,23.0,1,1
276,27,0.0,1,1
276,28,16.0,1,1
276,29,6.0,1,1
276,30,14.0,1,1
276,31,7.0,1,1
276,32,11.0,1,1
276,33,6.0,1,1
277,0,83.0,1,1
277,1,86.0,1,1
277,2,53.0,1,1
277,3,13.0,1,1
277,4,13.0,1,1
277,5,62.0,1,1
277,6,0.0,1,1
277,7,60.0,1,1
277,8,5.0,1,1
277,9,0.0,1,1
277,10,6.0,1,1
277,11,36.0,1,1
277,12,9.0,1,1
277,13,0.0,1,1
277,14,29.0,1,1
277,15,47.0,1,1
277,16,5.0,1,1
277,17,64.0,1,1
277,18,75.0,1,1
277,19,28.0,1,1
277,20,40.0,1,1
277,21,29.0,1,1
277,22,6.0,1,1
277,23,50.0,1,1
277,24,0.0,1,1
277,25,14.0,1,1
277,26,10.0,1,1
277,27,0.0,1,1
277,28,20.0,1,1
277,29,20.0,1,1
277,30,14.0,1,1
277,31,2.0,1,1
277,32,15.0,1,1
277,33,7.0,1,1
278,0,66.0,1,1
278,1,56.0,1,1
278,2,58.0,1,1
278,3,18.0,1,1
278,4,14.0,1,1
278,5,39.0,1,1
278,6,0.0,1,1
278,7,67.0,1,1
278,8,17.0,1,1
278,9,0.0,1,1
278,10,7.0,1,1
278,11,42.0,1,1
278,12,14.0,1,1
278,13,0.0,1,1
278,14,28.0,1,1
278,15,44.0,1,1
278,16,2.0,1,1
278,17,94.0,1,1
278,18,79.0,1,1
278,19,20.0,1,1
278,20,27.0,1,1
278,21,23.0,1,1
278,22,9.0,1,1
278,23,34.0,1,1
278,24,1.0,1,1
278,25,11.0,1,1
278,26,10.0,1,1
278,27,0.0,1,1
278,28,14.0,1,1
278,29,6.0,1,1
278,30,8.0,1,1
278,31,4.0,1,1
278,32,9.0,1,1
278,33,8.0,1,1
279,0,58.0,1,1
279,1,77.0,1,1
279,2,62.0,1,1
279,3,19.0,1,1
279,4,15.0,1,1
279,5,61.0,1,1
279,6,0.0,1,1
279,7,79.0,1,1
279,8,11.0,1,1
279,9,0.0,1,1
279,10,7.0,1,1
279,11,58.0,1,1
279,12,19.0,1,1
279,13,2.0,1,1
279,14,158.0,1,1
279,15,50.0,1,1
279,16,3.0,1,1
279,17,72.0,1,1
279,18,84.0,1,1
279,19,23.0,1,1
279,20,22.0,1,1
279,21,32.0,1,1
279,22,15.0,1,1
279,23,35.0,1,1
279,24,2.0,1,1
279,25,7.0,1,1
279,26,17.0,1,1
279,27,0.0,1,1
279,28,17.0,1,1
279,29,14.0,1,1
279,30,10.0,1,1
279,31,4.0,1,1
279,32,12.0,1,1
279,33,5.0,1,1
280,0,81.0,1,1
280,1,76.0,1,1
280,2,56.0,1,1
280,3,15.0,1,1
280,4,21.0,1,1
280,5,56.0,1,1
280,6,0.0,1,1
280,7,52.0,1,1
280,8,12.0,1,1
280,9,0.0,1,1
280,10,9.0,1,1
280,11,39.0,1,1
280,12,25.0,1,1
280,13,0.0,1,1
280,14,17.0,1,1
280,15,94.0,1,1
280,16,2.0,1,1
280,17,62.0,1,1
280,18,98.0,1,1
280,19,18.0,1,1
280,20,23.0,1,1
280,21,32.0,1,1
280,22,7.0,1,1
280,23,49.0,1,1
280,24,1.0,1,1
280,25,10.0,1,1
280,26,17.0,1,1
280,27,0.0,1,1
280,28,14.0,1,1
280,29,11.0,1,1
280,30,13.0,1,1
280,31,5.0,1,1
280,32,11.0,1,1
280,33,6.0,1,1
281,0,66.0,1,1
281,1,85.0,1,1
281,2,66.0,1,1
281,3,71.0,1,1
281,4,8.0,1,1
281,5,68.0,1,1
281,6,0.0,1,1
281,7,82.0,1,1
281,8,18.0,1,1
281,9,0.0,1,1
281,10,6.0,1,1
281,11,48.0,1,1
281,12,22.0,1,1
281,13,0.0,1,1
281,14,16.0,1,1
281,15,72.0,1,1
281,16,3.0,1,1
281,17,60.0,1,1
281,18,82.0,1,1
281,19,9.0,1,1
281,20,26.0,1,1
281,21,32.0,1,1
281,22,3.0,1,1
281,23,34.0,1,1
281,24,0.0,1,1
281,25,11.0,1,1
281,26,14.0,1,1
281,27,0.0,1,1
281,28,15.0,1,1
281,29,5.0,1,1
281,30,14.0,1,1
281,31,2.0,1,1
281,32,9.0,1,1
281,33,6.0,1,1
282,0,67.0,1,1
282,1,75.0,1,1
282,2,59.0,1,1
282,3,12.0,1,1
282,4,9.0,1,1
282,5,47.0,1,1
282,6,0.0,1,1
282,7,72.0,1,1
282,8,15.0,1,1
282,9,0.0,1,1
282,10,6.0,1,1
282,11,41.0,1,1
282,12,16.0,1,1
282,13,0.0,1,1
282,14,23.0,1,1
282,15,85.0,1,1
282,16,3.0,1,1
282,17,63.0,1,1
282,18,71.0,1,1
282,19,23.0,1,1
282,20,17.0,1,1
282,21,39.0,1,1
282,22,12.0,1,1
282,23,27.0,1,1
282,24,1.0,1,1
282,25,7.0,1,1
282,26,9.0,1,1
282,27,0.0,1,1
282,28,18.0,1,1
282,29,11.0,1,1
282,30,14.0,1,1
282,31,6.0,1,1
282,32,12.0,1,1
282,33,8.0,1,1
283,0,45.0,1,1
283,1,67.0,1,1
283,2,54.0,1,1
283,3,12.0,1,1
283,4,17.0,1,1
283,5,56.0,1,1
283,6,0.0,1,1
283,7,66.0,1,1
283,8,17.0,1,1
283,9,0.0,1,1
283,10,5.0,1,1
283,11,38.0,1,1
283,12,13.0,1,1
283,13,2.0,1,1
283,14,24.0,1,1
283,15,63.0,1,1
283,16,1.0,1,1
283,17,56.0,1,1
283,18,77.0,1,1
283,19,13.0,1,1
283,20,15.0,1,1
283,21,27.0,1,1
283,22,6.0,1,1
283,23,23.0,1,1
283,24,2.0,1,1
283,25,12.0,1,1
283,26,18.0,1,1
283,27,0.0,1,1
283,28,17.0,1,1
283,29,9.0,1,1
283,30,8.0,1,1
283,31,0.0,1,1
283,32,20.0,1,1
283,33,6.0,1,1
284,0,55.0,1,1
284,1,63.0,1,1
284,2,51.0,1,1
284,3,11.0,1,1
284,4,16.0,1,1
284,5,41.0,1,1
284,6,0.0,1,1
284,7,74.0,1,1
284,8,13.0,1,1
284,9,0.0,1,1
284,10,5.0,1,1
284,11,48.0,1,1
284,12,15.0,1,1
284,13,3.0,1,1
284,14,12.0,1,1
284,15,64.0,1,1
284,16,2.0,1,1
284,17,58.0,1,1
284,18,79.0,1,1
284,19,19.0,1,1
284,20,16.0,1,1
284,21,64.0,1,1
284,22,8.0,1,1
284,23,33.0,1,1
284,24,0.0,1,1
284,25,5.0,1,1
284,26,13.0,1,1
284,27,0.0,1,1
284,28,14.0,1,1
284,29,2.0,1,1
284,30,12.0,1,1
284,31,4.0,1,1
284,32,15.0,1,1
284,33,3.0,1,1
285,0,40.0,1,1
285,1,70.0,1,1
285,2,50.0,1,1
285,3,16.0,1,1
285,4,11.0,1,1
285,5,46.0,1,1
285,6,0.0,1,1
285,7,59.0,1,1
285,8,10.0,1,1
285,9,0.0,1,1
285,10,9.0,1,1
285,11,39.0,1,1
285,12,8.0,1,1
285,13,0.0,1,1
285,14,17.0,1,1
285,15,70.0,1,1
285,16,2.0,1,1
285,17,56.0,1,1
285,18,71.0,1,1
285,19,14.0,1,1
285,20,13.0,1,1
285,21,26.0,1,1
285,22,5.0,1,1
285,23,33.0,1,1
285,24,0.0,1,1
285,25,7.0,1,1
285,26,7.0,1,1
285,27,0.0,1,1
285,28,14.0,1,1
285,29,6.0,1,1
285,30,10.0,1,1
285,31,3.0,1,1
285,32,15.0,1,1
285,33,3.0,1,1
286,0,52.0,1,1
286,1,57.0,1,1
286,2,50.0,1,1
286,3,19.0,1,1
286,4,14.0,1,1
286,5,44.0,1,1
286,6,0.0,1,1
286,7,54.0,1,1
286,8,13.0,1,1
286,9,0.0,1,1
286,10,5.0,1,1
286,11,33.0,1,1
286,12,21.0,1,1
286,13,2.0,1,1
286,14,5.0,1,1
286,15,52.0,1,1
286,16,1.0,1,1
286,17,63.0,1,1
286,18,58.0,1,1
286,19,16.0,1,1
286,20,13.0,1,1
286,21,21.0,1,1
286,22,8.0,1,1
286,23,21.0,1,1
286,24,2.0,1,1
286,25,6.0,1,1
286,26,9.0,1,1
286,27,0.0,1,1
286,28,12.0,1,1
286,29,4.0,1,1
286,30,7.0,1,1
286,31,6.0,1,1
286,32,12.0,1,1
286,33,5.0,1,1
287,0,29.0,1,1
287,1,48.0,1,1
287,2,29.0,1,1
287,3,44.0,1,1
287,4,9.0,1,1
287,5,34.0,1,1
287,6,0.0,1,1
287,7,54.0,1,1
287,8,10.0,1,1
287,9,0.0,1,1
287,10,11.0,1,1
287,11,25.0,1,1
287,16,0.0,1,1
287,17,59.0,1,1
287,18,61.0,1,1
287,19,9.0,1,1
287,20,11.0,1,1
287,21,18.0,1,1
287,22,8.0,1,1
287,23,18.0,1,1
287,24,0.0,1,1
287,25,7.0,1,1
287,26,11.0,1,1
287,27,0.0,1,1
287,28,9.0,1,1
287,29,9.0,1,1
287,30,13.0,1,1
287,31,0.0,1,1
287,32,8.0,1,1
287,33,7.0,1,1
288,0,40.0,1,1
288,1,35.0,1,1
288,2,34.0,1,1
288,3,19.0,1,1
288,4,9.0,1,1
288,5,23.0,1,1
288,6,0.0,1,1
288,7,46.0,1,1
288,8,10.0,1,1
288,9,0.0,1,1
288,10,6.0,1,1
288,11,27.0,1,1
288,12,6.0,1,1
288,13,0.0,1,1
288,14,6.0,1,1
288,15,34.0,1,1
288,16,1.0,1,1
288,17,44.0,1,1
288,18,53.0,1,1
288,19,7.0,1,1
288,20,8.0,1,1
288,21,21.0,1,1
288,22,2.0,1,1
288,23,25.0,1,1
288,24,0.0,1,1
288,25,6.0,1,1
288,26,8.0,1,1
288,27,0.0,1,1
288,28,11.0,1,1
288,29,4.0,1,1
288,30,7.0,1,1
288,31,2.0,1,1
288,32,13.0,1,1
288,33,5.0,1,1
289,0,32.0,1,1
289,1,37.0,1,1
289,2,44.0,1,1
289,3,5.0,1,1
289,4,11.0,1,1
289,5,31.0,1,1
289,6,0.0,1,1
289,7,39.0,1,1
289,8,7.0,1,1
289,9,0.0,1,1
289,10,5.0,1,1
289,11,29.0,1,1
289,12,5.0,1,1
289,13,2.0,1,1
289,14,2.0,1,1
289,15,24.0,1,1
289,16,2.0,1,1
289,17,31.0,1,1
289,18,29.0,1,1
289,19,21.0,1,1
289,20,11.0,1,1
289,21,11.0,1,1
289,22,9.0,1,1
289,23,23.0,1,1
289,24,1.0,1,1
289,25,2.0,1,1
289,26,5.0,1,1
289,27,0.0,1,1
289,28,15.0,1,1
289,29,5.0,1,1
289,30,3.0,1,1
289,31,4.0,1,1
289,32,9.0,1,1
289,33,2.0,1,1
290,0,30.0,1,1
290,1,41.0,1,1
290,2,33.0,1,1
290,3,9.0,1,1
290,4,4.0,1,1
290,5,30.0,1,1
290,6,0.0,1,1
290,7,38.0,1,1
290,8,4.0,1,1
290,9,0.0,1,1
290,10,3.0,1,1
290,11,21.0,1,1
290,12,0.0,1,1
290,13,0.0,1,1
290,14,0.0,1,1
290,15,16.0,1,1
290,16,1.0,1,1
290,17,28.0,1,1
290,18,39.0,1,1
290,19,11.0,1,1
290,20,15.0,1,1
290,21,12.0,1,1
290,22,5.0,1,1
290,23,12.0,1,1
290,24,0.0,1,1
290,25,3.0,1,1
290,26,8.0,1,1
290,27,0.0,1,1
290,28,16.0,1,1
290,29,3.0,1,1
290,30,10.0,1,1
290,31,2.0,1,1
290,32,8.0,1,1
290,33,5.0,1,1
291,0,19.0,1,1
291,1,33.0,1,1
291,2,23.0,1,1
291,3,7.0,1,1
291,4,8.0,1,1
291,5,23.0,1,1
291,6,0.0,1,1
291,7,23.0,1,1
291,8,10.0,1,1
291,9,0.0,1,1
291,10,4.0,1,1
291,11,14.0,1,1
291,12,5.0,1,1
291,13,1.0,1,1
291,14,0.0,1,1
291,15,12.0,1,1
291,16,1.0,1,1
291,17,31.0,1,1
291,18,33.0,1,1
291,19,3.0,1,1
291,20,6.0,1,1
291,21,15.0,1,1
291,22,5.0,1,1
291,23,13.0,1,1
291,24,0.0,1,1
291,25,5.0,1,1
291,26,10.0,1,1
291,27,0.0,1,1
291,28,7.0,1,1
291,29,2.0,1,1
291,30,5.0,1,1
291,31,3.0,1,1
291,32,3.0,1,1
291,33,1.0,1,1
292,0,21.0,1,1
292,1,16.0,1,1
292,2,27.0,1,1
292,3,5.0,1,1
292,4,5.0,1,1
292,5,11.0,1,1
292,6,0.0,1,1
292,7,29.0,1,1
292,8,1.0,1,1
292,9,0.0,1,1
292,10,3.0,1,1
292,11,26.0,1,1
292,12,3.0,1,1
292,13,3.0,1,1
292,14,1.0,1,1
292,15,5.0,1,1
292,16,0.0,1,1
292,17,32.0,1,1
292,18,23.0,1,1
292,19,5.0,1,1
292,20,5.0,1,1
292,21,9.0,1,1
292,22,3.0,1,1
292,23,15.0,1,1
292,24,0.0,1,1
292,25,1.0,1,1
292,26,5.0,1,1
292,27,0.0,1,1
292,28,7.0,1,1
292,29,4.0,1,1
292,30,2.0,1,1
292,31,3.0,1,1
292,32,7.0,1,1
292,33,4.0,1,1
293,0,23.0,1,1
293,1,29.0,1,1
293,2,17.0,1,1
293,3,9.0,1,1
293,4,8.0,1,1
293,5,23.0,1,1
293,6,0.0,1,1
293,7,26.0,1,1
293,8,6.0,1,1
293,9,0.0,1,1
293,10,2.0,1,1
293,11,15.0,1,1
293,12,7.0,1,1
293,13,0.0,1,1
293,14,2.0,1,1
293,15,12.0,1,1
293,16,1.0,1,1
293,17,20.0,1,1
293,18,23.0,1,1
293,19,5.0,1,1
293,20,5.0,1,1
293,21,3.0,1,1
293,22,1.0,1,1
293,23,14.0,1,1
293,24,0.0,1,1
293,25,5.0,1,1
293,26,8.0,1,1
293,27,0.0,1,1
293,28,2.0,1,1
293,29,1.0,1,1
293,30,3.0,1,1
293,31,5.0,1,1
293,32,2.0,1,1
293,33,1.0,1,1
294,0,25.0,1,1
294,1,30.0,1,1
294,2,18.0,1,1
294,3,5.0,1,1
294,4,4.0,1,1
294,5,21.0,1,1
294,6,0.0,1,1
294,7,24.0,1,1
294,8,9.0,1,1
294,9,0.0,1,1
294,10,2.0,1,1
294,11,12.0,1,1
294,12,0.0,1,1
294,13,2.0,1,1
294,14,0.0,1,1
294,15,14.0,1,1
294,16,3.0,1,1
294,17,28.0,1,1
294,18,28.0,1,1
294,19,6.0,1,1
294,20,5.0,1,1
294,21,8.0,1,1
294,22,7.0,1,1
294,23,12.0,1,1
294,24,0.0,1,1
294,25,7.0,1,1
294,26,5.0,1,1
294,27,0.0,1,1
294,28,4.0,1,1
294,29,2.0,1,1
294,30,0.0,1,1
294,31,1.0,1,1
294,32,2.0,1,1
294,33,1.0,1,1
295,0,10.0,1,1
295,1,13.0,1,1
295,2,15.0,1,1
295,3,3.0,1,1
295,4,5.0,1,1
295,5,10.0,1,1
295,6,0.0,1,1
295,7,13.0,1,1
295,8,2.0,1,1
295,9,0.0,1,1
295,10,5.0,1,1
295,11,11.0,1,1
295,12,1.0,1,1
295,13,1.0,1,1
295,14,0.0,1,1
295,15,8.0,1,1
295,16,0.0,1,1
295,17,20.0,1,1
295,18,25.0,1,1
295,19,4.0,1,1
295,20,6.0,1,1
295,21,8.0,1,1
295,22,0.0,1,1
295,23,16.0,1,1
295,24,0.0,1,1
295,25,3.0,1,1
295,26,1.0,1,1
295,27,0.0,1,1
295,28,2.0,1,1
295,29,0.0,1,1
295,30,4.0,1,1
295,31,1.0,1,1
295,32,5.0,1,1
295,33,1.0,1,1
296,0,12.0,1,1
296,1,22.0,1,1
296,2,17.0,1,1
296,3,2.0,1,1
296,4,7.0,1,1
296,5,15.0,1,1
296,6,0.0,1,1
296,7,16.0,1,1
296,8,6.0,1,1
296,9,0.0,1,1
296,10,1.0,1,1
296,11,7.0,1,1
296,12,1.0,1,1
296,13,0.0,1,1
296,14,5.0,1,1
296,15,5.0,1,1
296,16,0.0,1,1
296,17,16.0,1,1
296,18,15.0,1,1
296,19,4.0,1,1
296,20,4.0,1,1
296,21,8.0,1,1
296,22,2.0,1,1
296,23,15.0,1,1
296,24,0.0,1,1
296,25,1.0,1,1
296,26,2.0,1,1
296,27,0.0,1,1
296,28,3.0,1,1
296,29,3.0,1,1
296,30,4.0,1,1
296,31,1.0,1,1
296,32,3.0,1,1
296,33,2.0,1,1
297,0,12.0,1,1
297,1,24.0,1,1
297,2,11.0,1,1
297,3,0.0,1,1
297,4,3.0,1,1
297,5,17.0,1,1
297,6,0.0,1,1
297,7,9.0,1,1
297,8,7.0,1,1
297,9,0.0,1,1
297,10,0.0,1,1
297,11,8.0,1,1
297,12,0.0,1,1
297,13,3.0,1,1
297,14,0.0,1,1
297,15,8.0,1,1
297,16,3.0,1,1
297,17,17.0,1,1
297,18,15.0,1,1
297,19,6.0,1,1
297,20,6.0,1,1
297,21,4.0,1,1
297,22,1.0,1,1
297,23,10.0,1,1
297,24,0.0,1,1
297,25,2.0,1,1
297,26,2.0,1,1
297,27,0.0,1,1
297,28,3.0,1,1
297,29,0.0,1,1
297,30,1.0,1,1
297,31,0.0,1,1
297,32,1.0,1,1
297,33,1.0,1,1
298,0,12.0,1,1
298,1,14.0,1,1
298,2,9.0,1,1
298,3,43.0,1,1
298,4,3.0,1,1
298,5,12.0,1,1
298,6,0.0,1,1
298,7,14.0,1,1
298,8,3.0,1,1
298,9,0.0,1,1
298,10,1.0,1,1
298,11,8.0,1,1
298,12,3.0,1,1
298,13,1.0,1,1
298,14,1.0,1,1
298,15,6.0,1,1
298,16,0.0,1,1
298,17,14.0,1,1
298,18,12.0,1,1
298,19,3.0,1,1
298,20,4.0,1,1
298,21,6.0,1,1
298,22,1.0,1,1
298,23,7.0,1,1
298,24,0.0,1,1
298,25,1.0,1,1
298,26,2.0,1,1
298,27,0.0,1,1
298,28,4.0,1,1
298,29,0.0,1,1
298,30,2.0,1,1
298,31,0.0,1,1
298,32,2.0,1,1
298,33,0.0,1,1
299,0,18.0,1,1
299,1,6.0,1,1
299,2,9.0,1,1
299,3,1.0,1,1
299,4,0.0,1,1
299,5,5.0,1,1
299,6,0.0,1,1
299,7,7.0,1,1
299,8,4.0,1,1
299,9,0.0,1,1
299,10,0.0,1,1
299,11,6.0,1,1
299,12,1.0,1,1
299,13,1.0,1,1
299,14,4.0,1,1
299,15,7.0,1,1
299,16,0.0,1,1
299,17,7.0,1,1
299,18,5.0,1,1
299,19,1.0,1,1
299,20,4.0,1,1
299,21,2.0,1,1
299,22,1.0,1,1
299,23,7.0,1,1
299,24,0.0,1,1
299,25,3.0,1,1
299,26,2.0,1,1
299,27,0.0,1,1
299,28,3.0,1,1
299,29,2.0,1,1
299,30,1.0,1,1
299,31,1.0,1,1
299,32,1.0,1,1
299,33,1.0,1,1
300,0,15.0,1,1
300,1,9.0,1,1
300,2,12.0,1,1
300,3,1.0,1,1
300,4,4.0,1,1
300,5,5.0,1,1
300,6,0.0,1,1
300,7,13.0,1,1
300,8,0.0,1,1
300,9,0.0,1,1
300,10,1.0,1,1
300,11,7.0,1,1
300,12,0.0,1,1
300,13,0.0,1,1
300,14,0.0,1,1
300,15,12.0,1,1
300,16,0.0,1,1
300,17,2.0,1,1
300,18,9.0,1,1
300,19,1.0,1,1
300,20,2.0,1,1
300,21,4.0,1,1
300,22,0.0,1,1
300,23,3.0,1,1
300,24,0.0,1,1
300,25,1.0,1,1
300,26,3.0,1,1
300,27,0.0,1,1
300,28,3.0,1,1
300,29,2.0,1,1
300,30,1.0,1,1
300,31,0.0,1,1
300,32,2.0,1,1
300,33,1.0,1,1
301,0,15.0,1,1
301,1,6.0,1,1
301,2,10.0,1,1
301,3,2.0,1,1
301,4,0.0,1,1
301,5,8.0,1,1
301,6,0.0,1,1
301,7,12.0,1,1
301,8,1.0,1,1
301,9,0.0,1,1
301,10,0.0,1,1
301,11,10.0,1,1
301,12,0.0,1,1
301,13,0.0,1,1
301,14,2.0,1,1
301,15,1.0,1,1
301,16,0.0,1,1
301,17,10.0,1,1
301,18,14.0,1,1
301,19,3.0,1,1
301,20,3.0,1,1
301,21,7.0,1,1
301,22,0.0,1,1
301,23,2.0,1,1
301,24,0.0,1,1
301,25,1.0,1,1
301,26,1.0,1,1
301,27,0.0,1,1
301,28,3.0,1,1
301,29,1.0,1,1
301,30,1.0,1,1
301,31,0.0,1,1
301,32,1.0,1,1
301,33,3.0,1,1
302,0,10.0,1,1
302,1,9.0,1,1
302,2,5.0,1,1
302,3,1.0,1,1
302,4,3.0,1,1
302,5,3.0,1,1
302,6,0.0,1,1
302,7,8.0,1,1
302,8,2.0,1,1
302,9,0.0,1,1
302,10,0.0,1,1
302,11,6.0,1,1
302,12,2.0,1,1
302,13,3.0,1,1
302,14,2.0,1,1
302,15,7.0,1,1
302,16,0.0,1,1
302,17,12.0,1,1
302,18,10.0,1,1
302,19,1.0,1,1
302,20,0.0,1,1
302,21,3.0,1,1
302,22,2.0,1,1
302,23,2.0,1,1
302,24,0.0,1,1
302,25,2.0,1,1
302,26,5.0,1,1
302,27,0.0,1,1
302,28,2.0,1,1
302,29,0.0,1,1
302,30,2.0,1,1
302,31,0.0,1,1
302,32,1.0,1,1
302,33,1.0,1,1
303,0,11.0,1,1
303,1,13.0,1,1
303,2,2.0,1,1
303,3,6.0,1,1
303,4,2.0,1,1
303,5,10.0,1,1
303,6,0.0,1,1
303,7,13.0,1,1
303,8,0.0,1,1
303,9,0.0,1,1
303,10,1.0,1,1
303,11,9.0,1,1
303,12,4.0,1,1
303,13,1.0,1,1
303,14,3.0,1,1
303,15,5.0,1,1
303,16,0.0,1,1
303,17,7.0,1,1
303,18,7.0,1,1
303,19,5.0,1,1
303,20,1.0,1,1
303,21,2.0,1,1
303,22,2.0,1,1
303,23,1.0,1,1
303,24,0.0,1,1
303,25,0.0,1,1
303,26,1.0,1,1
303,27,0.0,1,1
303,28,1.0,1,1
303,29,0.0,1,1
303,30,1.0,1,1
303,31,0.0,1,1
303,32,1.0,1,1
303,33,0.0,1,1
304,0,6.0,1,1
304,1,14.0,1,1
304,2,6.0,1,1
304,3,1.0,1,1
304,4,0.0,1,1
304,5,10.0,1,1
304,6,0.0,1,1
304,7,12.0,1,1
304,8,4.0,1,1
304,9,0.0,1,1
304,10,1.0,1,1
304,11,8.0,1,1
304,12,3.0,1,1
304,13,0.0,1,1
304,14,1.0,1,1
304,15,2.0,1,1
304,16,0.0,1,1
304,17,9.0,1,1
304,18,11.0,1,1
304,19,3.0,1,1
304,20,1.0,1,1
304,21,4.0,1,1
304,22,1.0,1,1
304,23,2.0,1,1
304,24,0.0,1,1
304,25,1.0,1,1
304,26,0.0,1,1
304,27,0.0,1,1
304,28,1.0,1,1
304,29,0.0,1,1
304,30,0.0,1,1
304,31,1.0,1,1
304,32,2.0,1,1
304,33,0.0,1,1
305,0,4.0,1,1
305,1,10.0,1,1
305,2,2.0,1,1
305,3,0.0,1,1
305,4,0.0,1,1
305,5,4.0,1,1
305,6,0.0,1,1
305,7,1.0,1,1
305,8,2.0,1,1
305,9,0.0,1,1
305,10,5.0,1,1
305,11,2.0,1,1
305,12,5.0,1,1
305,13,0.0,1,1
305,14,1.0,1,1
305,15,3.0,1,1
305,16,0.0,1,1
305,17,2.0,1,1
305,18,4.0,1,1
305,19,1.0,1,1
305,20,3.0,1,1
305,21,2.0,1,1
305,22,2.0,1,1
305,23,1.0,1,1
305,24,0.0,1,1
305,25,1.0,1,1
305,26,0.0,1,1
305,27,0.0,1,1
305,28,3.0,1,1
305,29,2.0,1,1
305,30,3.0,1,1
305,31,0.0,1,1
305,32,1.0,1,1
305,33,2.0,1,1
306,0,4.0,1,1
306,1,7.0,1,1
306,2,3.0,1,1
306,3,1.0,1,1
306,4,0.0,1,1
306,5,5.0,1,1
306,6,0.0,1,1
306,7,3.0,1,1
306,8,3.0,1,1
306,9,0.0,1,1
306,10,0.0,1,1
306,11,1.0,1,1
306,12,0.0,1,1
306,13,2.0,1,1
306,14,3.0,1,1
306,15,5.0,1,1
306,16,0.0,1,1
306,17,9.0,1,1
306,18,7.0,1,1
306,19,1.0,1,1
306,20,1.0,1,1
306,21,1.0,1,1
306,22,0.0,1,1
306,23,3.0,1,1
306,24,0.0,1,1
306,25,0.0,1,1
306,26,1.0,1,1
306,27,0.0,1,1
306,28,1.0,1,1
306,29,0.0,1,1
306,30,2.0,1,1
306,31,1.0,1,1
306,32,3.0,1,1
306,33,0.0,1,1
307,0,3.0,1,1
307,1,6.0,1,1
307,2,1.0,1,1
307,3,0.0,1,1
307,4,1.0,1,1
307,5,3.0,1,1
307,6,0.0,1,1
307,7,4.0,1,1
307,8,2.0,1,1
307,9,0.0,1,1
307,10,0.0,1,1
307,11,4.0,1,1
307,12,2.0,1,1
307,13,2.0,1,1
307,14,6.0,1,1
307,15,4.0,1,1
307,16,0.0,1,1
307,17,4.0,1,1
307,18,5.0,1,1
307,19,0.0,1,1
307,20,0.0,1,1
307,21,2.0,1,1
307,22,0.0,1,1
307,23,2.0,1,1
307,24,0.0,1,1
307,25,0.0,1,1
307,26,0.0,1,1
307,27,0.0,1,1
307,28,1.0,1,1
307,29,0.0,1,1
307,30,0.0,1,1
307,31,0.0,1,1
307,32,1.0,1,1
307,33,1.0,1,1
308,0,6.0,1,1
308,1,4.0,1,1
308,2,1.0,1,1
308,3,0.0,1,1
308,4,0.0,1,1
308,5,2.0,1,1
308,6,0.0,1,1
308,7,6.0,1,1
308,8,0.0,1,1
308,9,0.0,1,1
308,10,0.0,1,1
308,11,4.0,1,1
308,12,2.0,1,1
308,13,2.0,1,1
308,14,0.0,1,1
308,15,4.0,1,1
308,16,0.0,1,1
308,17,2.0,1,1
308,18,3.0,1,1
308,19,4.0,1,1
308,20,3.0,1,1
308,21,0.0,1,1
308,22,0.0,1,1
308,23,3.0,1,1
308,24,0.0,1,1
308,25,1.0,1,1
308,26,1.0,1,1
308,27,0.0,1,1
308,28,0.0,1,1
308,29,0.0,1,1
308,30,0.0,1,1
308,31,2.0,1,1
308,32,2.0,1,1
308,33,0.0,1,1
309,0,5.0,1,1
309,1,7.0,1,1
309,2,0.0,1,1
309,3,1.0,1,1
309,4,1.0,1,1
309,5,5.0,1,1
309,6,0.0,1,1
309,7,4.0,1,1
309,8,0.0,1,1
309,9,0.0,1,1
309,10,0.0,1,1
309,11,1.0,1,1
309,12,1.0,1,1
309,13,2.0,1,1
309,14,0.0,1,1
309,15,4.0,1,1
309,16,0.0,1,1
309,17,7.0,1,1
309,18,4.0,1,1
309,19,1.0,1,1
309,20,2.0,1,1
309,21,4.0,1,1
309,22,0.0,1,1
309,23,1.0,1,1
309,24,0.0,1,1
309,25,0.0,1,1
309,26,4.0,1,1
309,27,0.0,1,1
309,28,0.0,1,1
309,29,1.0,1,1
309,30,2.0,1,1
309,31,2.0,1,1
309,32,0.0,1,1
309,33,1.0,1,1
310,0,4.0,1,1
310,1,9.0,1,1
310,2,2.0,1,1
310,3,1.0,1,1
310,4,0.0,1,1
310,5,7.0,1,1
310,6,0.0,1,1
310,7,2.0,1,1
310,8,0.0,1,1
310,9,0.0,1,1
310,10,0.0,1,1
310,11,2.0,1,1
310,12,2.0,1,1
310,13,0.0,1,1
310,14,0.0,1,1
310,15,4.0,1,1
310,16,0.0,1,1
310,17,2.0,1,1
310,18,5.0,1,1
310,19,1.0,1,1
310,20,1.0,1,1
310,21,2.0,1,1
310,22,1.0,1,1
310,23,3.0,1,1
310,24,0.0,1,1
310,25,0.0,1,1
310,26,1.0,1,1
310,27,0.0,1,1
310,28,0.0,1,1
310,29,1.0,1,1
310,30,0.0,1,1
310,31,0.0,1,1
310,32,1.0,1,1
310,33,0.0,1,1
311,0,5.0,1,1
311,1,6.0,1,1
311,2,2.0,1,1
311,3,1.0,1,1
311,4,1.0,1,1
311,5,7.0,1,1
311,6,0.0,1,1
311,7,1.0,1,1
311,8,3.0,1,1
311,9,0.0,1,1
311,10,0.0,1,1
311,11,1.0,1,1
311,12,1.0,1,1
311,13,1.0,1,1
311,14,1.0,1,1
311,15,0.0,1,1
311,16,0.0,1,1
311,17,4.0,1,1
311,18,2.0,1,1
311,19,1.0,1,1
311,20,1.0,1,1
311,21,1.0,1,1
311,22,0.0,1,1
311,23,2.0,1,1
311,24,0.0,1,1
311,25,1.0,1,1
311,26,0.0,1,1
311,27,0.0,1,1
311,28,0.0,1,1
311,29,1.0,1,1
311,30,0.0,1,1
311,31,0.0,1,1
311,32,0.0,1,1
311,33,0.0,1,1
312,0,5.0,1,1
312,1,6.0,1,1
312,2,3.0,1,1
312,3,0.0,1,1
312,4,0.0,1,1
312,5,6.0,1,1
312,6,0.0,1,1
312,7,2.0,1,1
312,8,2.0,1,1
312,9,0.0,1,1
312,10,1.0,1,1
312,11,1.0,1,1
312,12,0.0,1,1
312,13,3.0,1,1
312,14,1.0,1,1
312,15,3.0,1,1
312,16,0.0,1,1
312,17,3.0,1,1
312,18,2.0,1,1
312,19,0.0,1,1
312,20,0.0,1,1
312,21,2.0,1,1
312,22,0.0,1,1
312,23,3.0,1,1
312,24,0.0,1,1
312,25,0.0,1,1
312,26,1.0,1,1
312,27,0.0,1,1
312,28,0.0,1,1
312,29,1.0,1,1
312,30,0.0,1,1
312,31,0.0,1,1
312,32,1.0,1,1
312,33,0.0,1,1
313,0,4.0,1,1
313,1,2.0,1,1
313,2,2.0,1,1
313,3,0.0,1,1
313,4,0.0,1,1
313,5,2.0,1,1
313,6,0.0,1,1
313,7,5.0,1,1
313,8,1.0,1,1
313,9,0.0,1,1
313,10,2.0,1,1
313,11,4.0,1,1
313,12,0.0,1,1
313,13,0.0,1,1
313,14,0.0,1,1
313,15,5.0,1,1
313,16,0.0,1,1
313,17,1.0,1,1
313,18,6.0,1,1
313,19,0.0,1,1
313,20,0.0,1,1
313,21,2.0,1,1
313,22,1.0,1,1
313,23,1.0,1,1
313,24,0.0,1,1
313,25,0.0,1,1
313,26,1.0,1,1
313,27,0.0,1,1
313,28,2.0,1,1
313,29,0.0,1,1
313,30,0.0,1,1
313,31,1.0,1,1
313,32,0.0,1,1
313,33,0.0,1,1
314,0,5.0,1,1
314,1,5.0,1,1
314,2,1.0,1,1
314,3,1.0,1,1
314,4,0.0,1,1
314,5,1.0,1,1
314,6,0.0,1,1
314,7,6.0,1,1
314,8,0.0,1,1
314,9,0.0,1,1
314,10,0.0,1,1
314,11,2.0,1,1
314,12,1.0,1,1
314,13,0.0,1,1
314,14,0.0,1,1
314,15,2.0,1,1
314,16,0.0,1,1
314,17,3.0,1,1
314,18,0.0,1,1
314,19,2.0,1,1
314,20,0.0,1,1
314,21,0.0,1,1
314,22,0.0,1,1
314,23,1.0,1,1
314,24,0.0,1,1
314,25,1.0,1,1
314,26,2.0,1,1
314,27,0.0,1,1
314,28,0.0,1,1
314,29,0.0,1,1
314,30,0.0,1,1
314,31,0.0,1,1
314,32,1.0,1,1
314,33,2.0,1,1
315,0,3.0,1,1
315,1,8.0,1,1
315,2,0.0,1,1
315,3,0.0,1,1
315,4,0.0,1,1
315,5,9.0,1,1
315,6,0.0,1,1
315,7,2.0,1,1
315,8,5.0,1,1
315,9,0.0,1,1
315,10,0.0,1,1
315,11,3.0,1,1
315,12,0.0,1,1
315,13,1.0,1,1
315,14,0.0,1,1
315,15,1.0,1,1
315,16,0.0,1,1
315,17,9.0,1,1
315,18,0.0,1,1
315,19,0.0,1,1
315,20,0.0,1,1
315,21,0.0,1,1
315,22,0.0,1,1
315,23,5.0,1,1
315,24,0.0,1,1
315,25,0.0,1,1
315,26,0.0,1,1
315,27,0.0,1,1
315,28,1.0,1,1
315,29,0.0,1,1
315,30,1.0,1,1
315,31,0.0,1,1
315,32,0.0,1,1
315,33,0.0,1,1
316,0,3.0,1,1
316,1,2.0,1,1
316,2,1.0,1,1
316,3,0.0,1,1
316,4,1.0,1,1
316,5,1.0,1,1
316,6,0.0,1,1
316,7,4.0,1,1
316,8,0.0,1,1
316,9,0.0,1,1
316,10,0.0,1,1
316,11,3.0,1,1
316,12,3.0,1,1
316,13,0.0,1,1
316,14,0.0,1,1
316,15,5.0,1,1
316,16,0.0,1,1
316,17,0.0,1,1
316,18,2.0,1,1
316,19,1.0,1,1
316,20,2.0,1,1
316,21,1.0,1,1
316,22,0.0,1,1
316,23,2.0,1,1
316,24,0.0,1,1
316,25,0.0,1,1
316,26,0.0,1,1
316,27,0.0,1,1
316,28,1.0,1,1
316,29,0.0,1,1
316,30,2.0,1,1
316,31,0.0,1,1
316,32,0.0,1,1
316,33,1.0,1,1
317,0,0.0,1,1
317,1,4.0,1,1
317,2,0.0,1,1
317,3,1.0,1,1
317,4,2.0,1,1
317,5,4.0,1,1
317,6,0.0,1,1
317,7,3.0,1,1
317,8,1.0,1,1
317,9,0.0,1,1
317,10,1.0,1,1
317,11,2.0,1,1
317,12,0.0,1,1
317,13,0.0,1,1
317,14,1.0,1,1
317,15,1.0,1,1
317,16,0.0,1,1
317,17,4.0,1,1
317,18,6.0,1,1
317,19,0.0,1,1
317,20,2.0,1,1
317,21,2.0,1,1
317,22,0.0,1,1
317,23,3.0,1,1
317,24,0.0,1,1
317,25,0.0,1,1
317,26,0.0,1,1
317,27,0.0,1,1
317,28,1.0,1,1
317,29,0.0,1,1
317,30,0.0,1,1
317,31,0.0,1,1
317,32,1.0,1,1
317,33,1.0,1,1
318,0,5.0,1,1
318,1,8.0,1,1
318,2,3.0,1,1
318,3,1.0,1,1
318,4,0.0,1,1
318,5,8.0,1,1
318,6,0.0,1,1
318,7,7.0,1,1
318,8,0.0,1,1
318,9,0.0,1,1
318,10,0.0,1,1
318,11,4.0,1,1
318,12,0.0,1,1
318,13,3.0,1,1
318,14,2.0,1,1
318,15,4.0,1,1
318,16,0.0,1,1
318,17,8.0,1,1
318,18,7.0,1,1
318,19,0.0,1,1
318,20,1.0,1,1
318,21,3.0,1,1
318,22,0.0,1,1
318,23,1.0,1,1
318,24,1.0,1,1
318,25,0.0,1,1
318,26,0.0,1,1
318,27,0.0,1,1
318,28,1.0,1,1
318,29,2.0,1,1
318,30,0.0,1,1
318,31,0.0,1,1
318,32,4.0,1,1
318,33,0.0,1,1
319,0,6.0,1,1
319,1,8.0,1,1
319,2,2.0,1,1
319,3,0.0,1,1
319,4,2.0,1,1
319,5,2.0,1,1
319,6,0.0,1,1
319,7,2.0,1,1
319,8,1.0,1,1
319,9,0.0,1,1
319,10,0.0,1,1
319,11,2.0,1,1
319,12,0.0,1,1
319,13,0.0,1,1
319,14,2.0,1,1
319,15,1.0,1,1
319,16,1.0,1,1
319,17,3.0,1,1
319,18,6.0,1,1
319,19,0.0,1,1
319,20,2.0,1,1
319,21,1.0,1,1
319,22,3.0,1,1
319,23,1.0,1,1
319,24,0.0,1,1
319,25,2.0,1,1
319,26,2.0,1,1
319,27,0.0,1,1
319,28,3.0,1,1
319,29,0.0,1,1
319,30,0.0,1,1
319,31,0.0,1,1
319,32,0.0,1,1
319,33,0.0,1,1
320,0,8.0,1,1
320,1,8.0,1,1
320,2,2.0,1,1
320,3,0.0,1,1
320,4,1.0,1,1
320,5,4.0,1,1
320,6,0.0,1,1
320,7,4.0,1,1
320,8,3.0,1,1
320,9,0.0,1,1
320,10,0.0,1,1
320,11,1.0,1,1
320,12,3.0,1,1
320,13,0.0,1,1
320,14,2.0,1,1
320,15,2.0,1,1
320,16,0.0,1,1
320,17,10.0,1,1
320,18,0.0,1,1
320,19,3.0,1,1
320,20,2.0,1,1
320,21,0.0,1,1
320,22,1.0,1,1
320,23,4.0,1,1
320,24,0.0,1,1
320,25,0.0,1,1
320,26,1.0,1,1
320,27,0.0,1,1
320,28,0.0,1,1
320,29,2.0,1,1
320,30,2.0,1,1
320,31,1.0,1,1
320,32,1.0,1,1
320,33,2.0,1,1
321,0,7.0,1,1
321,1,12.0,1,1
321,2,3.0,1,1
321,3,1.0,1,1
321,4,1.0,1,1
321,5,8.0,1,1
321,6,0.0,1,1
321,7,1.0,1,1
321,8,3.0,1,1
321,9,0.0,1,1
321,10,1.0,1,1
321,11,1.0,1,1
321,12,0.0,1,1
321,13,2.0,1,1
321,14,0.0,1,1
321,15,0.0,1,1
321,16,0.0,1,1
321,17,25.0,1,1
321,18,3.0,1,1
321,19,4.0,1,1
321,20,1.0,1,1
321,21,0.0,1,1
321,22,1.0,1,1
321,23,6.0,1,1
321,24,0.0,1,1
321,25,1.0,1,1
321,26,1.0,1,1
321,27,0.0,1,1
321,28,1.0,1,1
321,29,0.0,1,1
321,30,2.0,1,1
321,31,1.0,1,1
321,32,1.0,1,1
321,33,0.0,1,1
322,0,9.0,1,1
322,1,17.0,1,1
322,2,4.0,1,1
322,3,0.0,1,1
322,4,2.0,1,1
322,5,9.0,1,1
322,6,0.0,1,1
322,7,5.0,1,1
322,8,2.0,1,1
322,9,0.0,1,1
322,10,1.0,1,1
322,11,4.0,1,1
322,12,0.0,1,1
322,13,0.0,1,1
322,14,0.0,1,1
322,15,5.0,1,1
322,16,1.0,1,1
322,17,8.0,1,1
322,18,3.0,1,1
322,19,4.0,1,1
322,20,4.0,1,1
322,21,2.0,1,1
322,22,0.0,1,1
322,23,3.0,1,1
322,24,0.0,1,1
322,25,0.0,1,1
322,26,1.0,1,1
322,27,0.0,1,1
322,28,0.0,1,1
322,29,0.0,1,1
322,30,2.0,1,1
322,31,1.0,1,1
322,32,0.0,1,1
322,33,2.0,1,1
323,0,20.0,1,1
323,1,9.0,1,1
323,2,6.0,1,1
323,3,3.0,1,1
323,4,0.0,1,1
323,5,5.0,1,1
323,6,0.0,1,1
323,7,5.0,1,1
323,8,4.0,1,1
323,9,0.0,1,1
323,10,1.0,1,1
323,11,2.0,1,1
323,12,0.0,1,1
323,13,1.0,1,1
323,14,3.0,1,1
323,15,0.0,1,1
323,16,0.0,1,1
323,17,11.0,1,1
323,18,7.0,1,1
323,19,4.0,1,1
323,20,2.0,1,1
323,21,3.0,1,1
323,22,2.0,1,1
323,23,6.0,1,1
323,24,0.0,1,1
323,25,0.0,1,1
323,26,3.0,1,1
323,27,0.0,1,1
323,28,2.0,1,1
323,29,2.0,1,1
323,30,1.0,1,1
323,31,1.0,1,1
323,32,2.0,1,1
323,33,0.0,1,1
324,0,18.0,1,1
324,1,16.0,1,1
324,2,5.0,1,1
324,3,2.0,1,1
324,4,1.0,1,1
324,5,10.0,1,1
324,6,0.0,1,1
324,7,10.0,1,1
324,8,4.0,1,1
324,9,0.0,1,1
324,10,1.0,1,1
324,11,3.0,1,1
324,12,2.0,1,1
324,13,0.0,1,1
324,14,5.0,1,1
324,15,4.0,1,1
324,16,0.0,1,1
324,17,13.0,1,1
324,18,16.0,1,1
324,19,5.0,1,1
324,20,1.0,1,1
324,21,11.0,1,1
324,22,2.0,1,1
324,23,6.0,1,1
324,24,0.0,1,1
324,25,1.0,1,1
324,26,2.0,1,1
324,27,0.0,1,1
324,28,3.0,1,1
324,29,2.0,1,1
324,30,1.0,1,1
324,31,0.0,1,1
324,32,4.0,1,1
324,33,1.0,1,1
325,0,13.0,1,1
325,1,20.0,1,1
325,2,8.0,1,1
325,3,1.0,1,1
325,4,1.0,1,1
325,5,18.0,1,1
325,6,0.0,1,1
325,7,14.0,1,1
325,8,3.0,1,1
325,9,0.0,1,1
325,10,1.0,1,1
325,11,6.0,1,1
325,12,0.0,1,1
325,13,0.0,1,1
325,14,0.0,1,1
325,15,6.0,1,1
325,16,1.0,1,1
325,17,26.0,1,1
325,18,14.0,1,1
325,19,5.0,1,1
325,20,9.0,1,1
325,21,10.0,1,1
325,22,8.0,1,1
325,23,9.0,1,1
325,24,1.0,1,1
325,25,3.0,1,1
325,26,3.0,1,1
325,27,0.0,1,1
325,28,2.0,1,1
325,29,5.0,1,1
325,30,6.0,1,1
325,31,3.0,1,1
325,32,3.0,1,1
325,33,3.0,1,1
326,0,21.0,1,1
326,1,39.0,1,1
326,2,9.0,1,1
326,3,1.0,1,1
326,4,12.0,1,1
326,5,22.0,1,1
326,6,0.0,1,1
326,7,9.0,1,1
326,8,8.0,1,1
326,9,0.0,1,1
326,10,4.0,1,1
326,11,10.0,1,1
326,12,3.0,1,1
326,13,2.0,1,1
326,14,3.0,1,1
326,15,7.0,1,1
326,16,0.0,1,1
326,17,29.0,1,1
326,18,19.0,1,1
326,19,5.0,1,1
326,20,11.0,1,1
326,21,4.0,1,1
326,22,2.0,1,1
326,23,19.0,1,1
326,24,0.0,1,1
326,25,3.0,1,1
326,26,6.0,1,1
326,27,0.0,1,1
326,28,6.0,1,1
326,29,0.0,1,1
326,30,8.0,1,1
326,31,2.0,1,1
326,32,3.0,1,1
326,33,0.0,1,1
327,0,43.0,1,1
327,1,38.0,1,1
327,2,13.0,1,1
327,3,5.0,1,1
327,4,9.0,1,1
327,5,15.0,1,1
327,6,0.0,1,1
327,7,8.0,1,1
327,8,6.0,1,1
327,9,0.0,1,1
327,10,1.0,1,1
327,11,6.0,1,1
327,12,5.0,1,1
327,13,0.0,1,1
327,14,6.0,1,1
327,15,10.0,1,1
327,16,0.0,1,1
327,17,37.0,1,1
327,18,33.0,1,1
327,19,7.0,1,1
327,20,16.0,1,1
327,21,11.0,1,1
327,22,6.0,1,1
327,23,17.0,1,1
327,24,0.0,1,1
327,25,7.0,1,1
327,26,8.0,1,1
327,27,0.0,1,1
327,28,6.0,1,1
327,29,4.0,1,1
327,30,10.0,1,1
327,31,3.0,1,1
327,32,8.0,1,1
327,33,2.0,1,1
328,0,40.0,1,1
328,1,61.0,1,1
328,2,7.0,1,1
328,3,6.0,1,1
328,4,12.0,1,1
328,5,36.0,1,1
328,6,0.0,1,1
328,7,17.0,1,1
328,8,12.0,1,1
328,9,0.0,1,1
328,10,4.0,1,1
328,11,14.0,1,1
328,12,6.0,1,1
328,13,0.0,1,1
328,14,1.0,1,1
328,15,15.0,1,1
328,16,0.0,1,1
328,17,61.0,1,1
328,18,35.0,1,1
328,19,13.0,1,1
328,20,12.0,1,1
328,21,10.0,1,1
328,22,0.0,1,1
328,23,25.0,1,1
328,24,1.0,1,1
328,25,5.0,1,1
328,26,12.0,1,1
328,27,0.0,1,1
328,28,5.0,1,1
328,29,3.0,1,1
328,30,11.0,1,1
328,31,4.0,1,1
328,32,11.0,1,1
328,33,6.0,1,1
329,0,66.0,1,1
329,1,66.0,1,1
329,2,13.0,1,1
329,3,6.0,1,1
329,4,10.0,1,1
329,5,36.0,1,1
329,6,0.0,1,1
329,7,16.0,1,1
329,8,14.0,1,1
329,9,0.0,1,1
329,10,5.0,1,1
329,11,11.0,1,1
329,12,11.0,1,1
329,13,0.0,1,1
329,14,6.0,1,1
329,15,9.0,1,1
329,16,1.0,1,1
329,17,67.0,1,1
329,18,55.0,1,1
329,19,10.0,1,1
329,20,23.0,1,1
329,21,18.0,1,1
329,22,10.0,1,1
329,23,25.0,1,1
329,24,1.0,1,1
329,25,5.0,1,1
329,26,16.0,1,1
329,27,0.0,1,1
329,28,14.0,1,1
329,29,4.0,1,1
329,30,15.0,1,1
329,31,4.0,1,1
329,32,11.0,1,1
329,33,3.0,1,1
330,0,59.0,1,1
330,1,115.0,1,1
330,2,16.0,1,1
330,3,5.0,1,1
330,4,22.0,1,1
330,5,51.0,1,1
330,6,0.0,1,1
330,7,17.0,1,1
330,8,7.0,1,1
330,9,0.0,1,1
330,10,5.0,1,1
330,11,11.0,1,1
330,12,7.0,1,1
330,13,0.0,1,1
330,14,6.0,1,1
330,15,13.0,1,1
330,16,0.0,1,1
330,17,89.0,1,1
330,18,50.0,1,1
330,19,15.0,1,1
330,20,26.0,1,1
330,21,15.0,1,1
330,22,7.0,1,1
330,23,22.0,1,1
330,24,1.0,1,1
330,25,6.0,1,1
330,26,15.0,1,1
330,27,0.0,1,1
330,28,14.0,1,1
330,29,7.0,1,1
330,30,18.0,1,1
330,31,10.0,1,1
330,32,15.0,1,1
330,33,5.0,1,1
331,0,100.0,1,1
331,1,125.0,1,1
331,2,29.0,1,1
331,3,12.0,1,1
331,4,16.0,1,1
331,5,56.0,1,1
331,6,0.0,1,1
331,7,21.0,1,1
331,8,12.0,1,1
331,9,0.0,1,1
331,10,4.0,1,1
331,11,17.0,1,1
331,12,7.0,1,1
331,13,3.0,1,1
331,14,9.0,1,1
331,15,10.0,1,1
331,16,0.0,1,1
331,17,90.0,1,1
331,18,56.0,1,1
331,19,13.0,1,1
331,20,28.0,1,1
331,21,15.0,1,1
331,22,6.0,1,1
331,23,41.0,1,1
331,24,1.0,1,1
331,25,15.0,1,1
331,26,24.0,1,1
331,27,0.0,1,1
331,28,19.0,1,1
331,29,8.0,1,1
331,30,13.0,1,1
331,31,6.0,1,1
331,32,14.0,1,1
331,33,12.0,1,1
332,0,118.0,1,1
332,1,145.0,1,1
332,2,27.0,1,1
332,3,6.0,1,1
332,4,24.0,1,1
332,5,85.0,1,1
332,6,0.0,1,1
332,7,27.0,1,1
332,8,10.0,1,1
332,9,0.0,1,1
332,10,9.0,1,1
332,11,11.0,1,1
332,12,8.0,1,1
332,13,3.0,1,1
332,14,18.0,1,1
332,15,14.0,1,1
332,16,1.0,1,1
332,17,115.0,1,1
332,18,49.0,1,1
332,19,18.0,1,1
332,20,54.0,1,1
332,21,16.0,1,1
332,22,9.0,1,1
332,23,36.0,1,1
332,24,3.0,1,1
332,25,5.0,1,1
332,26,22.0,1,1
332,27,0.0,1,1
332,28,15.0,1,1
332,29,3.0,1,1
332,30,16.0,1,1
332,31,5.0,1,1
332,32,13.0,1,1
332,33,6.0,1,1
333,0,135.0,1,1
333,1,169.0,1,1
333,2,39.0,1,1
333,3,12.0,1,1
333,4,31.0,1,1
333,5,72.0,1,1
333,6,0.0,1,1
333,7,36.0,1,1
333,8,15.0,1,1
333,9,0.0,1,1
333,10,10.0,1,1
333,11,25.0,1,1
333,12,8.0,1,1
333,13,0.0,1,1
333,14,13.0,1,1
333,15,16.0,1,1
333,16,2.0,1,1
333,17,132.0,1,1
333,18,69.0,1,1
333,19,28.0,1,1
333,20,48.0,1,1
333,21,29.0,1,1
333,22,8.0,1,1
333,23,38.0,1,1
333,24,3.0,1,1
333,25,5.0,1,1
333,26,27.0,1,1
333,27,0.0,1,1
333,28,13.0,1,1
333,29,9.0,1,1
333,30,8.0,1,1
333,31,10.0,1,1
333,32,16.0,1,1
333,33,10.0,1,1
334,0,183.0,1,1
334,1,214.0,1,1
334,2,49.0,1,1
334,3,9.0,1,1
334,4,21.0,1,1
334,5,112.0,1,1
334,6,0.0,1,1
334,7,54.0,1,1
334,8,23.0,1,1
334,9,0.0,1,1
334,10,10.0,1,1
334,11,33.0,1,1
334,12,7.0,1,1
334,13,1.0,1,1
334,14,11.0,1,1
334,15,31.0,1,1
334,16,2.0,1,1
334,17,149.0,1,1
334,18,96.0,1,1
334,19,22.0,1,1
334,20,50.0,1,1
334,21,39.0,1,1
334,22,13.0,1,1
334,23,39.0,1,1
334,24,3.0,1,1
334,25,12.0,1,1
334,26,25.0,1,1
334,27,0.0,1,1
334,28,17.0,1,1
334,29,10.0,1,1
334,30,19.0,1,1
334,31,4.0,1,1
334,32,18.0,1,1
334,33,5.0,1,1
335,0,193.0,1,1
335,1,202.0,1,1
335,2,75.0,1,1
335,3,21.0,1,1
335,4,27.0,1,1
335,5,115.0,1,1
335,6,0.0,1,1
335,7,48.0,1,1
335,8,21.0,1,1
335,9,0.0,1,1
335,10,15.0,1,1
335,11,29.0,1,1
335,12,12.0,1,1
335,13,1.0,1,1
335,14,23.0,1,1
335,15,16.0,1,1
335,16,3.0,1,1
335,17,151.0,1,1
335,18,75.0,1,1
335,19,28.0,1,1
335,20,53.0,1,1
335,21,29.0,1,1
335,22,6.0,1,1
335,23,64.0,1,1
335,24,2.0,1,1
335,25,8.0,1,1
335,26,26.0,1,1
335,27,0.0,1,1
335,28,16.0,1,1
335,29,16.0,1,1
335,30,24.0,1,1
335,31,13.0,1,1
335,32,15.0,1,1
335,33,12.0,1,1
336,0,218.0,1,1
336,1,194.0,1,1
336,2,69.0,1,1
336,3,12.0,1,1
336,4,28.0,1,1
336,5,105.0,1,1
336,6,0.0,1,1
336,7,67.0,1,1
336,8,22.0,1,1
336,9,0.0,1,1
336,10,11.0,1,1
336,11,49.0,1,1
336,12,10.0,1,1
336,13,2.0,1,1
336,14,43.0,1,1
336,15,36.0,1,1
336,16,4.0,1,1
336,17,162.0,1,1
336,18,85.0,1,1
336,19,36.0,1,1
336,20,57.0,1,1
336,21,42.0,1,1
336,22,8.0,1,1
336,23,51.0,1,1
336,24,2.0,1,1
336,25,13.0,1,1
336,26,26.0,1,1
336,27,0.0,1,1
336,28,17.0,1,1
336,29,13.0,1,1
336,30,40.0,1,1
336,31,8.0,1,1
336,32,13.0,1,1
336,33,14.0,1,1
337,0,193.0,1,1
337,1,219.0,1,1
337,2,72.0,1,1
337,3,83.0,1,1
337,4,30.0,1,1
337,5,139.0,1,1
337,6,0.0,1,1
337,7,56.0,1,1
337,8,26.0,1,1
337,9,0.0,1,1
337,10,13.0,1,1
337,11,32.0,1,1
337,12,6.0,1,1
337,13,0.0,1,1
337,14,4.0,1,1
337,15,43.0,1,1
337,16,7.0,1,1
337,17,206.0,1,1
337,18,99.0,1,1
337,19,39.0,1,1
337,20,65.0,1,1
337,21,51.0,1,1
337,22,17.0,1,1
337,23,72.0,1,1
337,24,1.0,1,1
337,25,10.0,1,1
337,26,29.0,1,1
337,27,0.0,1,1
337,28,13.0,1,1
337,29,14.0,1,1
337,30,37.0,1,1
337,31,8.0,1,1
337,32,22.0,1,1
337,33,15.0,1,1
338,0,236.0,1,1
338,1,235.0,1,1
338,2,70.0,1,1
338,3,21.0,1,1
338,4,35.0,1,1
338,5,111.0,1,1
338,6,0.0,1,1
338,7,60.0,1,1
338,8,24.0,1,1
338,9,0.0,1,1
338,10,20.0,1,1
338,11,33.0,1,1
338,12,10.0,1,1
338,13,1.0,1,1
338,14,7.0,1,1
338,15,26.0,1,1
338,16,3.0,1,1
338,17,178.0,1,1
338,18,90.0,1,1
338,19,38.0,1,1
338,20,62.0,1,1
338,21,70.0,1,1
338,22,16.0,1,1
338,23,74.0,1,1
338,24,3.0,1,1
338,25,18.0,1,1
338,26,23.0,1,1
338,27,0.0,1,1
338,28,20.0,1,1
338,29,21.0,1,1
338,30,46.0,1,1
338,31,4.0,1,1
338,32,33.0,1,1
338,33,13.0,1,1
339,0,180.0,1,1
339,1,232.0,1,1
339,2,75.0,1,1
339,3,7.0,1,1
339,4,29.0,1,1
339,5,150.0,1,1
339,6,0.0,1,1
339,7,69.0,1,1
339,8,17.0,1,1
339,9,0.0,1,1
339,10,10.0,1,1
339,11,27.0,1,1
339,12,17.0,1,1
339,13,3.0,1,1
339,14,6.0,1,1
339,15,36.0,1,1
339,16,6.0,1,1
339,17,191.0,1,1
339,18,120.0,1,1
339,19,38.0,1,1
339,20,61.0,1,1
339,21,75.0,1,1
339,22,19.0,1,1
339,23,90.0,1,1
339,24,1.0,1,1
339,25,33.0,1,1
339,26,23.0,1,1
339,27,0.0,1,1
339,28,16.0,1,1
339,29,24.0,1,1
339,30,20.0,1,1
339,31,13.0,1,1
339,32,12.0,1,1
339,33,22.0,1,1
340,0,199.0,1,1
340,1,189.0,1,1
340,2,82.0,1,1
340,3,12.0,1,1
340,4,14.0,1,1
340,5,105.0,1,1
340,6,0.0,1,1
340,7,59.0,1,1
340,8,21.0,1,1
340,9,0.0,1,1
340,10,10.0,1,1
340,11,38.0,1,1
340,12,16.0,1,1
340,13,1.0,1,1
340,14,2.0,1,1
340,15,29.0,1,1
340,16,8.0,1,1
340,17,138.0,1,1
340,18,104.0,1,1
340,19,41.0,1,1
340,20,52.0,1,1
340,21,54.0,1,1
340,22,21.0,1,1
340,23,86.0,1,1
340,24,5.0,1,1
340,25,20.0,1,1
340,26,39.0,1,1
340,27,0.0,1,1
340,28,13.0,1,1
340,29,41.0,1,1
340,30,15.0,1,1
340,31,16.0,1,1
340,32,10.0,1,1
340,33,19.0,1,1
341,0,168.0,1,1
341,1,175.0,1,1
341,2,59.0,1,1
341,3,18.0,1,1
341,4,22.0,1,1
341,5,94.0,1,1
341,6,0.0,1,1
341,7,66.0,1,1
341,8,21.0,1,1
341,9,0.0,1,1
341,10,16.0,1,1
341,11,42.0,1,1
341,12,5.0,1,1
341,13,0.0,1,1
341,14,10.0,1,1
341,15,45.0,1,1
341,16,4.0,1,1
341,17,156.0,1,1
341,18,99.0,1,1
341,19,45.0,1,1
341,20,55.0,1,1
341,21,35.0,1,1
341,22,21.0,1,1
341,23,81.0,1,1
341,24,5.0,1,1
341,25,21.0,1,1
341,26,26.0,1,1
341,27,0.0,1,1
341,28,21.0,1,1
341,29,47.0,1,1
341,30,18.0,1,1
341,31,20.0,1,1
341,32,9.0,1,1
341,33,25.0,1,1
342,0,155.0,1,1
342,1,153.0,1,1
342,2,67.0,1,1
342,3,15.0,1,1
342,4,19.0,1,1
342,5,106.0,1,1
342,6,0.0,1,1
342,7,75.0,1,1
342,8,18.0,1,1
342,9,0.0,1,1
342,10,3.0,1,1
342,11,52.0,1,1
342,12,7.0,1,1
342,13,1.0,1,1
342,14,5.0,1,1
342,15,31.0,1,1
342,16,6.0,1,1
342,17,125.0,1,1
342,18,97.0,1,1
342,19,28.0,1,1
342,20,57.0,1,1
342,21,46.0,1,1
342,22,18.0,1,1
342,23,60.0,1,1
342,24,5.0,1,1
342,25,21.0,1,1
342,26,30.0,1,1
342,27,0.0,1,1
342,28,14.0,1,1
342,29,58.0,1,1
342,30,24.0,1,1
342,31,11.0,1,1
342,32,11.0,1,1
342,33,31.0,1,1
343,0,127.0,1,1
343,1,164.0,1,1
343,2,41.0,1,1
343,3,119.0,1,1
343,4,11.0,1,1
343,5,100.0,1,1
343,6,0.0,1,1
343,7,45.0,1,1
343,8,31.0,1,1
343,9,0.0,1,1
343,10,17.0,1,1
343,11,30.0,1,1
343,12,10.0,1,1
343,13,3.0,1,1
343,14,6.0,1,1
343,15,43.0,1,1
343,16,3.0,1,1
343,17,97.0,1,1
343,18,73.0,1,1
343,19,16.0,1,1
343,20,25.0,1,1
343,21,35.0,1,1
343,22,6.0,1,1
343,23,41.0,1,1
343,24,3.0,1,1
343,25,16.0,1,1
343,26,19.0,1,1
343,27,0.0,1,1
343,28,20.0,1,1
343,29,46.0,1,1
343,30,20.0,1,1
343,31,8.0,1,1
343,32,12.0,1,1
343,33,15.0,1,1
344,0,127.0,1,1
344,1,110.0,1,1
344,2,69.0,1,1
344,3,12.0,1,1
344,4,14.0,1,1
344,5,82.0,1,1
344,6,0.0,1,1
344,7,69.0,1,1
344,8,15.0,1,1
344,9,0.0,1,1
344,10,9.0,1,1
344,11,41.0,1,1
344,12,1.0,1,1
344,13,2.0,1,1
344,14,12.0,1,1
344,15,34.0,1,1
344,16,3.0,1,1
344,17,98.0,1,1
344,18,72.0,1,1
344,19,16.0,1,1
344,20,26.0,1,1
344,21,33.0,1,1
344,22,10.0,1,1
344,23,32.0,1,1
344,24,4.0,1,1
344,25,11.0,1,1
344,26,15.0,1,1
344,27,0.0,1,1
344,28,17.0,1,1
344,29,13.0,1,1
344,30,20.0,1,1
344,31,7.0,1,1
344,32,8.0,1,1
344,33,11.0,1,1
345,0,98.0,1,1
345,1,127.0,1,1
345,2,66.0,1,1
345,3,14.0,1,1
345,4,6.0,1,1
345,5,73.0,1,1
345,6,0.0,1,1
345,7,38.0,1,1
345,8,18.0,1,1
345,9,0.0,1,1
345,10,10.0,1,1
345,11,27.0,1,1
345,12,10.0,1,1
345,13,2.0,1,1
345,14,12.0,1,1
345,15,25.0,1,1
345,16,1.0,1,1
345,17,89.0,1,1
345,18,66.0,1,1
345,19,8.0,1,1
345,20,21.0,1,1
345,21,28.0,1,1
345,22,3.0,1,1
345,23,16.0,1,1
345,24,1.0,1,1
345,25,8.0,1,1
345,26,20.0,1,1
345,27,0.0,1,1
345,28,16.0,1,1
345,29,14.0,1,1
345,30,12.0,1,1
345,31,7.0,1,1
345,32,8.0,1,1
345,33,18.0,1,1
346,0,123.0,1,1
346,1,111.0,1,1
346,2,43.0,1,1
346,3,10.0,1,1
346,4,11.0,1,1
346,5,71.0,1,1
346,6,0.0,1,1
346,7,53.0,1,1
346,8,19.0,1,1
346,9,0.0,1,1
346,10,8.0,1,1
346,11,30.0,1,1
346,12,7.0,1,1
346,13,2.0,1,1
346,14,5.0,1,1
346,15,31.0,1,1
346,16,0.0,1,1
346,17,86.0,1,1
346,18,70.0,1,1
346,19,18.0,1,1
346,20,25.0,1,1
346,21,33.0,1,1
346,22,5.0,1,1
346,23,19.0,1,1
346,24,3.0,1,1
346,25,8.0,1,1
346,26,15.0,1,1
346,27,0.0,1,1
346,28,9.0,1,1
346,29,8.0,1,1
346,30,15.0,1,1
346,31,4.0,1,1
346,32,8.0,1,1
346,33,9.0,1,1
347,0,115.0,1,1
347,1,105.0,1,1
347,2,51.0,1,1
347,3,12.0,1,1
347,4,9.0,1,1
347,5,64.0,1,1
347,6,0.0,1,1
347,7,59.0,1,1
347,8,14.0,1,1
347,9,0.0,1,1
347,10,8.0,1,1
347,11,42.0,1,1
347,12,7.0,1,1
347,13,0.0,1,1
347,14,9.0,1,1
347,15,25.0,1,1
347,16,2.0,1,1
347,17,78.0,1,1
347,18,72.0,1,1
347,19,17.0,1,1
347,20,21.0,1,1
347,21,32.0,1,1
347,22,3.0,1,1
347,23,22.0,1,1
347,24,1.0,1,1
347,25,3.0,1,1
347,26,16.0,1,1
347,27,0.0,1,1
347,28,12.0,1,1
347,29,6.0,1,1
347,30,6.0,1,1
347,31,4.0,1,1
347,32,8.0,1,1
347,33,7.0,1,1
348,0,124.0,1,1
348,1,98.0,1,1
348,2,44.0,1,1
348,3,17.0,1,1
348,4,10.0,1,1
348,5,71.0,1,1
348,6,0.0,1,1
348,7,45.0,1,1
348,8,15.0,1,1
348,9,0.0,1,1
348,10,5.0,1,1
348,11,26.0,1,1
348,12,9.0,1,1
348,13,0.0,1,1
348,14,7.0,1,1
348,15,39.0,1,1
348,16,2.0,1,1
348,17,79.0,1,1
348,18,55.0,1,1
348,19,16.0,1,1
348,20,26.0,1,1
348,21,24.0,1,1
348,22,6.0,1,1
348,23,27.0,1,1
348,24,1.0,1,1
348,25,7.0,1,1
348,26,14.0,1,1
348,27,0.0,1,1
348,28,12.0,1,1
348,29,5.0,1,1
348,30,13.0,1,1
348,31,5.0,1,1
348,32,5.0,1,1
348,33,4.0,1,1
349,0,122.0,1,1
349,1,93.0,1,1
349,2,55.0,1,1
349,3,20.0,1,1
349,4,11.0,1,1
349,5,66.0,1,1
349,6,0.0,1,1
349,7,50.0,1,1
349,8,13.0,1,1
349,9,0.0,1,1
349,10,10.0,1,1
349,11,28.0,1,1
349,12,8.0,1,1
349,13,4.0,1,1
349,14,5.0,1,1
349,15,37.0,1,1
349,16,3.0,1,1
349,17,72.0,1,1
349,18,65.0,1,1
349,19,16.0,1,1
349,20,15.0,1,1
349,21,30.0,1,1
349,22,7.0,1,1
349,23,25.0,1,1
349,24,1.0,1,1
349,25,9.0,1,1
349,26,13.0,1,1
349,27,0.0,1,1
349,28,11.0,1,1
349,29,11.0,1,1
349,30,10.0,1,1
349,31,3.0,1,1
349,32,11.0,1,1
349,33,12.0,1,1
350,0,96.0,1,1
350,1,99.0,1,1
350,2,51.0,1,1
350,3,18.0,1,1
350,4,12.0,1,1
350,5,82.0,1,1
350,6,0.0,1,1
350,7,56.0,1,1
350,8,19.0,1,1
350,9,0.0,1,1
350,10,11.0,1,1
350,11,29.0,1,1
350,12,12.0,1,1
350,13,1.0,1,1
350,14,13.0,1,1
350,15,22.0,1,1
350,16,4.0,1,1
350,17,69.0,1,1
350,18,82.0,1,1
350,19,20.0,1,1
350,20,27.0,1,1
350,21,35.0,1,1
350,22,9.0,1,1
350,23,24.0,1,1
350,24,3.0,1,1
350,25,11.0,1,1
350,26,9.0,1,1
350,27,0.0,1,1
350,28,11.0,1,1
350,29,11.0,1,1
350,30,9.0,1,1
350,31,4.0,1,1
350,32,9.0,1,1
350,33,8.0,1,1
351,0,109.0,1,1
351,1,96.0,1,1
351,2,62.0,1,1
351,3,9.0,1,1
351,4,15.0,1,1
351,5,66.0,1,1
351,6,0.0,1,1
351,7,57.0,1,1
351,8,19.0,1,1
351,9,0.0,1,1
351,10,13.0,1,1
351,11,40.0,1,1
351,12,12.0,1,1
351,13,2.0,1,1
351,14,2.0,1,1
351,15,36.0,1,1
351,16,3.0,1,1
351,17,76.0,1,1
351,18,86.0,1,1
351,19,9.0,1,1
351,20,32.0,1,1
351,21,37.0,1,1
351,22,3.0,1,1
351,23,28.0,1,1
351,24,0.0,1,1
351,25,9.0,1,1
351,26,23.0,1,1
351,27,0.0,1,1
351,28,19.0,1,1
351,29,6.0,1,1
351,30,19.0,1,1
351,31,12.0,1,1
351,32,12.0,1,1
351,33,5.0,1,1
352,0,105.0,1,1
352,1,88.0,1,1
352,2,49.0,1,1
352,3,26.0,1,1
352,4,16.0,1,1
352,5,58.0,1,1
352,6,0.0,1,1
352,7,79.0,1,1
352,8,21.0,1,1
352,9,0.0,1,1
352,10,14.0,1,1
352,11,51.0,1,1
352,12,2.0,1,1
352,13,1.0,1,1
352,14,5.0,1,1
352,15,18.0,1,1
352,16,4.0,1,1
352,17,76.0,1,1
352,18,91.0,1,1
352,19,14.0,1,1
352,20,17.0,1,1
352,21,31.0,1,1
352,22,2.0,1,1
352,23,29.0,1,1
352,24,2.0,1,1
352,25,10.0,1,1
352,26,9.0,1,1
352,27,0.0,1,1
352,28,16.0,1,1
352,29,7.0,1,1
352,30,17.0,1,1
352,31,4.0,1,1
352,32,10.0,1,1
352,33,8.0,1,1
353,0,92.0,1,1
353,1,95.0,1,1
353,2,55.0,1,1
353,3,17.0,1,1
353,4,12.0,1,1
353,5,59.0,1,1
353,6,0.0,1,1
353,7,57.0,1,1
353,8,20.0,1,1
353,9,0.0,1,1
353,10,10.0,1,1
353,11,35.0,1,1
353,12,7.0,1,1
353,13,0.0,1,1
353,14,6.0,1,1
353,15,34.0,1,1
353,16,3.0,1,1
353,17,63.0,1,1
353,18,68.0,1,1
353,19,23.0,1,1
353,20,33.0,1,1
353,21,23.0,1,1
353,22,4.0,1,1
353,23,32.0,1,1
353,24,2.0,1,1
353,25,9.0,1,1
353,26,11.0,1,1
353,27,0.0,1,1
353,28,18.0,1,1
353,29,7.0,1,1
353,30,13.0,1,1
353,31,2.0,1,1
353,32,6.0,1,1
353,33,7.0,1,1
354,0,95.0,1,1
354,1,88.0,1,1
354,2,55.0,1,1
354,3,13.0,1,1
354,4,16.0,1,1
354,5,78.0,1,1
354,6,0.0,1,1
354,7,52.0,1,1
354,8,26.0,1,1
354,9,0.0,1,1
354,10,16.0,1,1
354,11,30.0,1,1
354,12,14.0,1,1
354,13,0.0,1,1
354,14,6.0,1,1
354,15,30.0,1,1
354,16,7.0,1,1
354,17,103.0,1,1
354,18,68.0,1,1
354,19,17.0,1,1
354,20,33.0,1,1
354,21,35.0,1,1
354,22,2.0,1,1
354,23,33.0,1,1
354,24,1.0,1,1
354,25,9.0,1,1
354,26,12.0,1,1
354,27,0.0,1,1
354,28,14.0,1,1
354,29,13.0,1,1
354,30,14.0,1,1
354,31,3.0,1,1
354,32,9.0,1,1
354,33,13.0,1,1
355,0,102.0,1,1
355,1,102.0,1,1
355,2,59.0,1,1
355,3,23.0,1,1
355,4,6.0,1,1
355,5,56.0,1,1
355,6,0.0,1,1
355,7,64.0,1,1
355,8,17.0,1,1
355,9,0.0,1,1
355,10,7.0,1,1
355,11,38.0,1,1
355,12,13.0,1,1
355,13,0.0,1,1
355,14,16.0,1,1
355,15,45.0,1,1
355,16,7.0,1,1
355,17,71.0,1,1
355,18,78.0,1,1
355,19,15.0,1,1
355,20,18.0,1,1
355,21,31.0,1,1
355,22,10.0,1,1
355,23,30.0,1,1
355,24,3.0,1,1
355,25,8.0,1,1
355,26,11.0,1,1
355,27,0.0,1,1
355,28,16.0,1,1
355,29,13.0,1,1
355,30,15.0,1,1
355,31,6.0,1,1
355,32,12.0,1,1
355,33,8.0,1,1
356,0,91.0,1,1
356,1,97.0,1,1
356,2,52.0,1,1
356,3,18.0,1,1
356,4,10.0,1,1
356,5,73.0,1,1
356,6,0.0,1,1
356,7,67.0,1,1
356,8,16.0,1,1
356,9,0.0,1,1
356,10,11.0,1,1
356,11,42.0,1,1
356,12,9.0,1,1
356,13,0.0,1,1
356,14,10.0,1,1
356,15,30.0,1,1
356,16,4.0,1,1
356,17,93.0,1,1
356,18,80.0,1,1
356,19,12.0,1,1
356,20,30.0,1,1
356,21,51.0,1,1
356,22,9.0,1,1
356,23,20.0,1,1
356,24,2.0,1,1
356,25,11.0,1,1
356,26,29.0,1,1
356,27,0.0,1,1
356,28,24.0,1,1
356,29,13.0,1,1
356,30,12.0,1,1
356,31,4.0,1,1
356,32,8.0,1,1
356,33,13.0,1,1
357,0,114.0,1,1
357,1,101.0,1,1
357,2,58.0,1,1
357,3,23.0,1,1
357,4,9.0,1,1
357,5,72.0,1,1
357,6,0.0,1,1
357,7,61.0,1,1
357,8,21.0,1,1
357,9,0.0,1,1
357,10,7.0,1,1
357,11,36.0,1,1
357,12,5.0,1,1
357,13,0.0,1,1
357,14,50.0,1,1
357,15,35.0,1,1
357,16,6.0,1,1
357,17,101.0,1,1
357,18,95.0,1,1
357,19,21.0,1,1
357,20,35.0,1,1
357,21,36.0,1,1
357,22,6.0,1,1
357,23,38.0,1,1
357,24,3.0,1,1
357,25,13.0,1,1
357,26,10.0,1,1
357,27,0.0,1,1
357,28,15.0,1,1
357,29,9.0,1,1
357,30,13.0,1,1
357,31,5.0,1,1
357,32,4.0,1,1
357,33,11.0,1,1
358,0,91.0,1,1
358,1,90.0,1,1
358,2,73.0,1,1
358,3,28.0,1,1
358,4,17.0,1,1
358,5,74.0,1,1
358,6,0.0,1,1
358,7,69.0,1,1
358,8,24.0,1,1
358,9,0.0,1,1
358,10,10.0,1,1
358,11,39.0,1,1
358,12,7.0,1,1
358,13,0.0,1,1
358,14,19.0,1,1
358,15,35.0,1,1
358,16,6.0,1,1
358,17,76.0,1,1
358,18,85.0,1,1
358,19,18.0,1,1
358,20,27.0,1,1
358,21,35.0,1,1
358,22,12.0,1,1
358,23,21.0,1,1
358,24,2.0,1,1
358,25,13.0,1,1
358,26,14.0,1,1
358,27,0.0,1,1
358,28,16.0,1,1
358,29,10.0,1,1
358,30,7.0,1,1
358,31,3.0,1,1
358,32,11.0,1,1
358,33,11.0,1,1
359,0,92.0,1,1
359,1,115.0,1,1
359,2,58.0,1,1
359,3,20.0,1,1
359,4,12.0,1,1
359,5,66.0,1,1
359,6,0.0,1,1
359,7,59.0,1,1
359,8,22.0,1,1
359,9,0.0,1,1
359,10,13.0,1,1
359,11,43.0,1,1
359,12,4.0,1,1
359,13,0.0,1,1
359,14,21.0,1,1
359,15,30.0,1,1
359,16,4.0,1,1
359,17,67.0,1,1
359,18,83.0,1,1
359,19,20.0,1,1
359,20,32.0,1,1
359,21,24.0,1,1
359,22,8.0,1,1
359,23,30.0,1,1
359,24,3.0,1,1
359,25,7.0,1,1
359,26,13.0,1,1
359,27,0.0,1,1
359,28,16.0,1,1
359,29,14.0,1,1
359,30,19.0,1,1
359,31,5.0,1,1
359,32,13.0,1,1
359,33,8.0,1,1
360,0,96.0,1,1
360,1,96.0,1,1
360,2,42.0,1,1
360,3,20.0,1,1
360,4,13.0,1,1
360,5,62.0,1,1
360,6,0.0,1,1
360,7,63.0,1,1
360,8,12.0,1,1
360,9,0.0,1,1
360,10,15.0,1,1
360,11,41.0,1,1
360,12,12.0,1,1
360,13,0.0,1,1
360,14,8.0,1,1
360,15,35.0,1,1
360,16,6.0,1,1
360,17,65.0,1,1
360,18,84.0,1,1
360,19,26.0,1,1
360,20,36.0,1,1
360,21,39.0,1,1
360,22,9.0,1,1
360,23,44.0,1,1
360,24,5.0,1,1
360,25,11.0,1,1
360,26,18.0,1,1
360,27,0.0,1,1
360,28,21.0,1,1
360,29,11.0,1,1
360,30,11.0,1,1
360,31,5.0,1,1
360,32,14.0,1,1
360,33,12.0,1,1
361,0,120.0,1,1
361,1,92.0,1,1
361,2,49.0,1,1
361,3,20.0,1,1
361,4,13.0,1,1
361,5,60.0,1,1
361,6,0.0,1,1
361,7,52.0,1,1
361,8,25.0,1,1
361,9,0.0,1,1
361,10,12.0,1,1
361,11,37.0,1,1
361,12,14.0,1,1
361,13,3.0,1,1
361,14,14.0,1,1
361,15,25.0,1,1
361,16,2.0,1,1
361,17,102.0,1,1
361,18,112.0,1,1
361,19,14.0,1,1
361,20,25.0,1,1
361,21,44.0,1,1
361,22,15.0,1,1
361,23,41.0,1,1
361,24,2.0,1,1
361,25,14.0,1,1
361,26,29.0,1,1
361,27,0.0,1,1
361,28,11.0,1,1
361,29,22.0,1,1
361,30,25.0,1,1
361,31,8.0,1,1
361,32,17.0,1,1
361,33,22.0,1,1
362,0,99.0,1,1
362,1,111.0,1,1
362,2,55.0,1,1
362,3,24.0,1,1
362,4,11.0,1,1
362,5,78.0,1,1
362,6,0.0,1,1
362,7,80.0,1,1
362,8,17.0,1,1
362,9,0.0,1,1
362,10,12.0,1,1
362,11,45.0,1,1
362,12,10.0,1,1
362,13,0.0,1,1
362,14,13.0,1,1
362,15,39.0,1,1
362,16,4.0,1,1
362,17,97.0,1,1
362,18,86.0,1,1
362,19,35.0,1,1
362,20,28.0,1,1
362,21,40.0,1,1
362,22,14.0,1,1
362,23,47.0,1,1
362,24,3.0,1,1
362,25,14.0,1,1
362,26,24.0,1,1
362,27,0.0,1,1
362,28,18.0,1,1
362,29,23.0,1,1
362,30,16.0,1,1
362,31,6.0,1,1
362,32,20.0,1,1
362,33,14.0,1,1
363,0,85.0,1,1
363,1,104.0,1,1
363,2,77.0,1,1
363,3,17.0,1,1
363,4,10.0,1,1
363,5,79.0,1,1
363,6,0.0,1,1
363,7,86.0,1,1
363,8,22.0,1,1
363,9,0.0,1,1
363,10,11.0,1,1
363,11,62.0,1,1
363,12,11.0,1,1
363,13,2.0,1,1
363,14,18.0,1,1
363,15,32.0,1,1
363,16,7.0,1,1
363,17,127.0,1,1
363,18,101.0,1,1
363,19,39.0,1,1
363,20,45.0,1,1
363,21,30.0,1,1
363,22,7.0,1,1
363,23,52.0,1,1
363,24,4.0,1,1
363,25,13.0,1,1
363,26,18.0,1,1
363,27,0.0,1,1
363,28,34.0,1,1
363,29,19.0,1,1
363,30,19.0,1,1
363,31,5.0,1,1
363,32,9.0,1,1
363,33,14.0,1,1
364,0,96.0,1,1
364,1,118.0,1,1
364,2,66.0,1,1
364,3,26.0,1,1
364,4,15.0,1,1
364,5,74.0,1,1
364,6,0.0,1,1
364,7,94.0,1,1
364,8,19.0,1,1
364,9,0.0,1,1
364,10,10.0,1,1
364,11,64.0,1,1
364,12,7.0,1,1
364,13,2.0,1,1
364,14,18.0,1,1
364,15,46.0,1,1
364,16,4.0,1,1
364,17,102.0,1,1
364,18,96.0,1,1
364,19,23.0,1,1
364,20,33.0,1,1
364,21,46.0,1,1
364,22,11.0,1,1
364,23,47.0,1,1
364,24,4.0,1,1
364,25,16.0,1,1
364,26,15.0,1,1
364,27,0.0,1,1
364,28,22.0,1,1
364,29,32.0,1,1
364,30,34.0,1,1
364,31,6.0,1,1
364,32,14.0,1,1
364,33,27.0,1,1
365,0,103.0,1,1
365,1,79.0,1,1
365,2,65.0,1,1
365,3,31.0,1,1
365,4,16.0,1,1
365,5,56.0,1,1
365,6,0.0,1,1
365,7,64.0,1,1
365,8,19.0,1,1
365,9,0.0,1,1
365,10,10.0,1,1
365,11,49.0,1,1
365,12,7.0,1,1
365,13,0.0,1,1
365,14,15.0,1,1
365,15,31.0,1,1
365,16,4.0,1,1
365,17,96.0,1,1
365,18,93.0,1,1
365,19,35.0,1,1
365,20,38.0,1,1
365,21,42.0,1,1
365,22,8.0,1,1
365,23,54.0,1,1
365,24,3.0,1,1
365,25,10.0,1,1
365,26,18.0,1,1
365,27,0.0,1,1
365,28,23.0,1,1
365,29,19.0,1,1
365,30,19.0,1,1
365,31,11.0,1,1
365,32,13.0,1,1
365,33,32.0,1,1
366,0,101.0,1,1
366,1,72.0,1,1
366,2,43.0,1,1
366,3,46.0,1,1
366,4,7.0,1,1
366,5,60.0,1,1
366,6,0.0,1,1
366,7,52.0,1,1
366,8,13.0,1,1
366,9,0.0,1,1
366,10,7.0,1,1
366,11,35.0,1,1
366,12,8.0,1,1
366,13,0.0,1,1
366,14,17.0,1,1
366,15,31.0,1,1
366,16,4.0,1,1
366,17,58.0,1,1
366,18,55.0,1,1
366,19,24.0,1,1
366,20,19.0,1,1
366,21,32.0,1,1
366,22,9.0,1,1
366,23,48.0,1,1
366,24,1.0,1,1
366,25,10.0,1,1
366,26,15.0,1,1
366,27,0.0,1,1
366,28,14.0,1,1
366,29,23.0,1,1
366,30,16.0,1,1
366,31,12.0,1,1
366,32,8.0,1,1
366,33,17.0,1,1
367,0,76.0,1,1
367,1,65.0,1,1
367,2,43.0,1,1
367,3,6.0,1,1
367,4,18.0,1,1
367,5,54.0,1,1
367,6,0.0,1,1
367,7,46.0,1,1
367,8,16.0,1,1
367,9,0.0,1,1
367,10,6.0,1,1
367,11,35.0,1,1
367,12,12.0,1,1
367,13,0.0,1,1
367,14,17.0,1,1
367,15,38.0,1,1
367,16,3.0,1,1
367,17,89.0,1,1
367,18,66.0,1,1
367,19,21.0,1,1
367,20,29.0,1,1
367,21,28.0,1,1
367,22,4.0,1,1
367,23,36.0,1,1
367,24,2.0,1,1
367,25,9.0,1,1
367,26,19.0,1,1
367,27,0.0,1,1
367,28,11.0,1,1
367,29,7.0,1,1
367,30,16.0,1,1
367,31,12.0,1,1
367,32,12.0,1,1
367,33,10.0,1,1
368,0,82.0,1,1
368,1,79.0,1,1
368,2,42.0,1,1
368,3,12.0,1,1
368,4,16.0,1,1
368,5,67.0,1,1
368,6,0.0,1,1
368,7,54.0,1,1
368,8,24.0,1,1
368,9,0.0,1,1
368,10,5.0,1,1
368,11,41.0,1,1
368,12,7.0,1,1
368,13,2.0,1,1
368,14,12.0,1,1
368,15,50.0,1,1
368,16,10.0,1,1
368,17,99.0,1,1
368,18,69.0,1,1
368,19,27.0,1,1
368,20,30.0,1,1
368,21,39.0,1,1
368,22,28.0,1,1
368,23,37.0,1,1
368,24,3.0,1,1
368,25,13.0,1,1
368,26,17.0,1,1
368,27,0.0,1,1
368,28,14.0,1,1
368,29,34.0,1,1
368,30,16.0,1,1
368,31,5.0,1,1
368,32,9.0,1,1
368,33,14.0,1,1
369,0,99.0,1,1
369,1,154.0,1,1
369,2,40.0,1,1
369,3,13.0,1,1
369,4,36.0,1,1
369,5,100.0,1,1
369,6,0.0,1,1
369,7,61.0,1,1
369,8,35.0,1,1
369,9,0.0,1,1
369,10,9.0,1,1
369,11,40.0,1,1
369,12,13.0,1,1
369,13,0.0,1,1
369,14,16.0,1,1
369,15,38.0,1,1
369,16,11.0,1,1
369,17,91.0,1,1
369,18,110.0,1,1
369,19,41.0,1,1
369,20,61.0,1,1
369,21,54.0,1,1
369,22,29.0,1,1
369,23,62.0,1,1
369,24,9.0,1,1
369,25,11.0,1,1
369,26,19.0,1,1
369,27,0.0,1,1
369,28,28.0,1,1
369,29,31.0,1,1
369,30,32.0,1,1
369,31,17.0,1,1
369,32,26.0,1,1
369,33,21.0,1,1
370,0,142.0,1,1
370,1,113.0,1,1
370,2,51.0,1,1
370,3,27.0,1,1
370,4,25.0,1,1
370,5,71.0,1,1
370,6,0.0,1,1
370,7,67.0,1,1
370,8,38.0,1,1
370,9,0.0,1,1
370,10,13.0,1,1
370,11,43.0,1,1
370,12,14.0,1,1
370,13,0.0,1,1
370,14,12.0,1,1
370,15,33.0,1,1
370,16,9.0,1,1
370,17,98.0,1,1
370,18,101.0,1,1
370,19,30.0,1,1
370,20,72.0,1,1
370,21,56.0,1,1
370,22,24.0,1,1
370,23,64.0,1,1
370,24,0.0,1,1
370,25,22.0,1,1
370,26,33.0,1,1
370,27,0.0,1,1
370,28,15.0,1,1
370,29,31.0,1,1
370,30,28.0,1,1
370,31,3.0,1,1
370,32,13.0,1,1
370,33,31.0,1,1
371,0,135.0,1,1
371,1,147.0,1,1
371,2,53.0,1,1
371,3,21.0,1,1
371,4,21.0,1,1
371,5,85.0,1,1
371,6,0.0,1,1
371,7,76.0,1,1
371,8,37.0,1,1
371,9,0.0,1,1
371,10,9.0,1,1
371,11,51.0,1,1
371,12,16.0,1,1
371,13,1.0,1,1
371,14,10.0,1,1
371,15,34.0,1,1
371,16,8.0,1,1
371,17,122.0,1,1
371,18,108.0,1,1
371,19,34.0,1,1
371,20,60.0,1,1
371,21,36.0,1,1
371,22,11.0,1,1
371,23,39.0,1,1
371,24,4.0,1,1
371,25,24.0,1,1
371,26,27.0,1,1
371,27,0.0,1,1
371,28,27.0,1,1
371,29,23.0,1,1
371,30,23.0,1,1
371,31,11.0,1,1
371,32,13.0,1,1
371,33,16.0,1,1
372,0,139.0,1,1
372,1,105.0,1,1
372,2,64.0,1,1
372,3,33.0,1,1
372,4,13.0,1,1
372,5,93.0,1,1
372,6,0.0,1,1
372,7,80.0,1,1
372,8,15.0,1,1
372,9,0.0,1,1
372,10,17.0,1,1
372,11,50.0,1,1
372,12,16.0,1,1
372,13,2.0,1,1
372,14,21.0,1,1
372,15,53.0,1,1
372,16,4.0,1,1
372,17,102.0,1,1
372,18,106.0,1,1
372,19,33.0,1,1
372,20,37.0,1,1
372,21,49.0,1,1
372,22,16.0,1,1
372,23,36.0,1,1
372,24,5.0,1,1
372,25,19.0,1,1
372,26,31.0,1,1
372,27,0.0,1,1
372,28,34.0,1,1
372,29,19.0,1,1
372,30,23.0,1,1
372,31,5.0,1,1
372,32,13.0,1,1
372,33,24.0,1,1
373,0,107.0,1,1
373,1,112.0,1,1
373,2,58.0,1,1
373,3,16.0,1,1
373,4,15.0,1,1
373,5,73.0,1,1
373,6,0.0,1,1
373,7,102.0,1,1
373,8,35.0,1,1
373,9,0.0,1,1
373,10,17.0,1,1
373,11,59.0,1,1
373,12,5.0,1,1
373,13,0.0,1,1
373,14,14.0,1,1
373,15,45.0,1,1
373,16,7.0,1,1
373,17,92.0,1,1
373,18,156.0,1,1
373,19,39.0,1,1
373,20,50.0,1,1
373,21,61.0,1,1
373,22,14.0,1,1
373,23,54.0,1,1
373,24,2.0,1,1
373,25,17.0,1,1
373,26,23.0,1,1
373,27,0.0,1,1
373,28,19.0,1,1
373,29,32.0,1,1
373,30,15.0,1,1
373,31,7.0,1,1
373,32,15.0,1,1
373,33,17.0,1,1
374,0,127.0,1,1
374,1,112.0,1,1
374,2,65.0,1,1
374,3,30.0,1,1
374,4,25.0,1,1
374,5,77.0,1,1
374,6,0.0,1,1
374,7,89.0,1,1
374,8,17.0,1,1
374,9,0.0,1,1
374,10,8.0,1,1
374,11,67.0,1,1
374,12,8.0,1,1
374,13,0.0,1,1
374,14,19.0,1,1
374,15,35.0,1,1
374,16,6.0,1,1
374,17,101.0,1,1
374,18,112.0,1,1
374,19,27.0,1,1
374,20,55.0,1,1
374,21,42.0,1,1
374,22,8.0,1,1
374,23,31.0,1,1
374,24,5.0,1,1
374,25,15.0,1,1
374,26,36.0,1,1
374,27,0.0,1,1
374,28,23.0,1,1
374,29,19.0,1,1
374,30,25.0,1,1
374,31,10.0,1,1
374,32,14.0,1,1
374,33,18.0,1,1
375,0,117.0,1,1
375,1,100.0,1,1
375,2,62.0,1,1
375,3,20.0,1,1
375,4,16.0,1,1
375,5,80.0,1,1
375,6,0.0,1,1
375,7,79.0,1,1
375,8,30.0,1,1
375,9,0.0,1,1
375,10,10.0,1,1
375,11,46.0,1,1
375,12,8.0,1,1
375,13,0.0,1,1
375,14,9.0,1,1
375,15,34.0,1,1
375,16,13.0,1,1
375,17,94.0,1,1
375,18,123.0,1,1
375,19,29.0,1,1
375,20,59.0,1,1
375,21,47.0,1,1
375,22,8.0,1,1
375,23,36.0,1,1
375,24,1.0,1,1
375,25,17.0,1,1
375,26,19.0,1,1
375,27,0.0,1,1
375,28,25.0,1,1
375,29,14.0,1,1
375,30,19.0,1,1
375,31,7.0,1,1
375,32,18.0,1,1
375,33,16.0,1,1
376,0,124.0,1,1
376,1,110.0,1,1
376,2,53.0,1,1
376,3,26.0,1,1
376,4,18.0,1,1
376,5,81.0,1,1
376,6,0.0,1,1
376,7,95.0,1,1
376,8,18.0,1,1
376,9,0.0,1,1
376,10,9.0,1,1
376,11,84.0,1,1
376,12,8.0,1,1
376,13,0.0,1,1
376,14,32.0,1,1
376,15,38.0,1,1
376,16,4.0,1,1
376,17,74.0,1,1
376,18,101.0,1,1
376,19,32.0,1,1
376,20,37.0,1,1
376,21,44.0,1,1
376,22,9.0,1,1
376,23,58.0,1,1
376,24,4.0,1,1
376,25,15.0,1,1
376,26,25.0,1,1
376,27,0.0,1,1
376,28,22.0,1,1
376,29,25.0,1,1
376,30,20.0,1,1
376,31,5.0,1,1
376,32,11.0,1,1
376,33,12.0,1,1
377,0,124.0,1,1
377,1,78.0,1,1
377,2,56.0,1,1
377,3,28.0,1,1
377,4,18.0,1,1
377,5,46.0,1,1
377,6,0.0,1,1
377,7,79.0,1,1
377,8,24.0,1,1
377,9,0.0,1,1
377,10,19.0,1,1
377,11,55.0,1,1
377,12,10.0,1,1
377,13,2.0,1,1
377,14,25.0,1,1
377,15,53.0,1,1
377,16,7.0,1,1
377,17,96.0,1,1
377,18,109.0,1,1
377,19,39.0,1,1
377,20,43.0,1,1
377,21,47.0,1,1
377,22,10.0,1,1
377,23,44.0,1,1
377,24,3.0,1,1
377,25,9.0,1,1
377,26,13.0,1,1
377,27,0.0,1,1
377,28,20.0,1,1
377,29,56.0,1,1
377,30,22.0,1,1
377,31,8.0,1,1
377,32,17.0,1,1
377,33,24.0,1,1
378,0,125.0,1,1
378,1,120.0,1,1
378,2,66.0,1,1
378,3,96.0,1,1
378,4,15.0,1,1
378,5,79.0,1,1
378,6,0.0,1,1
378,7,84.0,1,1
378,8,21.0,1,1
378,9,0.0,1,1
378,10,9.0,1,1
378,11,67.0,1,1
378,12,6.0,1,1
378,13,0.0,1,1
378,14,16.0,1,1
378,15,54.0,1,1
378,16,7.0,1,1
378,17,108.0,1,1
378,18,114.0,1,1
378,19,33.0,1,1
378,20,61.0,1,1
378,21,129.0,1,1
378,22,15.0,1,1
378,23,58.0,1,1
378,24,5.0,1,1
378,25,11.0,1,1
378,26,14.0,1,1
378,27,0.0,1,1
378,28,24.0,1,1
378,29,54.0,1,1
378,30,29.0,1,1
378,31,10.0,1,1
378,32,12.0,1,1
378,33,32.0,1,1
379,0,127.0,1,1
379,1,120.0,1,1
379,2,56.0,1,1
379,3,27.0,1,1
379,4,14.0,1,1
379,5,87.0,1,1
379,6,0.0,1,1
379,7,93.0,1,1
379,8,25.0,1,1
379,9,0.0,1,1
379,10,12.0,1,1
379,11,49.0,1,1
379,12,11.0,1,1
379,13,2.0,1,1
379,14,17.0,1,1
379,15,43.0,1,1
379,16,8.0,1,1
379,17,133.0,1,1
379,18,126.0,1,1
379,19,40.0,1,1
379,20,69.0,1,1
379,21,43.0,1,1
379,22,15.0,1,1
379,23,53.0,1,1
379,24,1.0,1,1
379,25,22.0,1,1
379,26,19.0,1,1
379,27,0.0,1,1
379,28,31.0,1,1
379,29,27.0,1,1
379,30,23.0,1,1
379,31,4.0,1,1
379,32,10.0,1,1
379,33,15.0,1,1
380,0,111.0,1,1
380,1,124.0,1,1
380,2,72.0,1,1
380,3,44.0,1,1
380,4,15.0,1,1
380,5,114.0,1,1
380,6,0.0,1,1
380,7,91.0,1,1
380,8,13.0,1,1
380,9,0.0,1,1
380,10,19.0,1,1
380,11,47.0,1,1
380,12,15.0,1,1
380,13,1.0,1,1
380,14,22.0,1,1
380,15,34.0,1,1
380,16,9.0,1,1
380,17,121.0,1,1
380,18,137.0,1,1
380,19,25.0,1,1
380,20,50.0,1,1
380,21,69.0,1,1
380,22,20.0,1,1
380,23,50.0,1,1
380,24,1.0,1,1
380,25,19.0,1,1
380,26,21.0,1,1
380,27,0.0,1,1
380,28,12.0,1,1
380,29,22.0,1,1
380,30,17.0,1,1
380,31,5.0,1,1
380,32,11.0,1,1
380,33,13.0,1,1
381,0,140.0,1,1
381,1,114.0,1,1
381,2,79.0,1,1
381,3,27.0,1,1
381,4,23.0,1,1
381,5,68.0,1,1
381,6,0.0,1,1
381,7,97.0,1,1
381,8,27.0,1,1
381,9,0.0,1,1
381,10,8.0,1,1
381,11,42.0,1,1
381,12,7.0,1,1
381,13,0.0,1,1
381,14,13.0,1,1
381,15,57.0,1,1
381,16,10.0,1,1
381,17,103.0,1,1
381,18,115.0,1,1
381,19,48.0,1,1
381,20,55.0,1,1
381,21,51.0,1,1
381,22,27.0,1,1
381,23,25.0,1,1
381,24,3.0,1,1
381,25,35.0,1,1
381,26,22.0,1,1
381,27,0.0,1,1
381,28,31.0,1,1
381,29,40.0,1,1
381,30,17.0,1,1
381,31,16.0,1,1
381,32,16.0,1,1
381,33,21.0,1,1
382,0,118.0,1,1
382,1,120.0,1,1
382,2,66.0,1,1
382,3,36.0,1,1
382,4,14.0,1,1
382,5,101.0,1,1
382,6,0.0,1,1
382,7,103.0,1,1
382,8,30.0,1,1
382,9,0.0,1,1
382,10,21.0,1,1
382,11,75.0,1,1
382,12,8.0,1,1
382,13,3.0,1,1
382,14,11.0,1,1
382,15,37.0,1,1
382,16,10.0,1,1
382,17,145.0,1,1
382,18,160.0,1,1
382,19,30.0,1,1
382,20,40.0,1,1
382,21,96.0,1,1
382,22,15.0,1,1
382,23,45.0,1,1
382,24,4.0,1,1
382,25,27.0,1,1
382,26,27.0,1,1
382,27,0.0,1,1
382,28,31.0,1,1
382,29,29.0,1,1
382,30,25.0,1,1
382,31,11.0,1,1
382,32,23.0,1,1
382,33,23.0,1,1
383,0,108.0,1,1
383,1,140.0,1,1
383,2,66.0,1,1
383,3,110.0,1,1
383,4,23.0,1,1
383,5,98.0,1,1
383,6,0.0,1,1
383,7,84.0,1,1
383,8,24.0,1,1
383,9,0.0,1,1
383,10,14.0,1,1
383,11,68.0,1,1
383,12,11.0,1,1
383,13,1.0,1,1
383,14,11.0,1,1
383,15,59.0,1,1
383,16,6.0,1,1
383,17,113.0,1,1
383,18,108.0,1,1
383,19,32.0,1,1
383,20,55.0,1,1
383,21,70.0,1,1
383,22,14.0,1,1
383,23,43.0,1,1
383,24,1.0,1,1
383,25,24.0,1,1
383,26,16.0,1,1
383,27,0.0,1,1
383,28,29.0,1,1
383,29,34.0,1,1
383,30,25.0,1,1
383,31,3.0,1,1
383,32,24.0,1,1
383,33,29.0,1,1
384,0,154.0,1,1
384,1,128.0,1,1
384,2,110.0,1,1
384,3,45.0,1,1
384,4,36.0,1,1
384,5,91.0,1,1
384,6,0.0,1,1
384,7,107.0,1,1
384,8,29.0,1,1
384,9,0.0,1,1
384,10,21.0,1,1
384,11,75.0,1,1
384,12,15.0,1,1
384,13,0.0,1,1
384,14,25.0,1,1
384,15,66.0,1,1
384,16,9.0,1,1
384,17,110.0,1,1
384,18,166.0,1,1
384,19,33.0,1,1
384,20,69.0,1,1
384,21,56.0,1,1
384,22,16.0,1,1
384,23,63.0,1,1
384,24,3.0,1,1
384,25,20.0,1,1
384,26,28.0,1,1
384,27,0.0,1,1
384,28,21.0,1,1
384,29,27.0,1,1
384,30,19.0,1,1
384,31,8.0,1,1
384,32,17.0,1,1
384,33,26.0,1,1
385,0,137.0,1,1
385,1,123.0,1,1
385,2,96.0,1,1
385,3,35.0,1,1
385,4,32.0,1,1
385,5,77.0,1,1
385,6,0.0,1,1
385,7,98.0,1,1
385,8,30.0,1,1
385,9,0.0,1,1
385,10,18.0,1,1
385,11,63.0,1,1
385,12,11.0,1,1
385,13,0.0,1,1
385,14,24.0,1,1
385,15,59.0,1,1
385,16,11.0,1,1
385,17,115.0,1,1
385,18,156.0,1,1
385,19,33.0,1,1
385,20,52.0,1,1
385,21,72.0,1,1
385,22,13.0,1,1
385,23,69.0,1,1
385,24,4.0,1,1
385,25,24.0,1,1
385,26,26.0,1,1
385,27,0.0,1,1
385,28,23.0,1,1
385,29,22.0,1,1
385,30,23.0,1,1
385,31,21.0,1,1
385,32,19.0,1,1
385,33,17.0,1,1
386,0,136.0,1,1
386,1,95.0,1,1
386,2,85.0,1,1
386,3,27.0,1,1
386,4,18.0,1,1
386,5,87.0,1,1
386,6,0.0,1,1
386,7,108.0,1,1
386,8,22.0,1,1
386,9,0.0,1,1
386,10,6.0,1,1
386,11,88.0,1,1
386,12,13.0,1,1
386,13,0.0,1,1
386,14,22.0,1,1
386,15,53.0,1,1
386,16,5.0,1,1
386,17,120.0,1,1
386,18,115.0,1,1
386,19,39.0,1,1
386,20,42.0,1,1
386,21,54.0,1,1
386,22,12.0,1,1
386,23,61.0,1,1
386,24,2.0,1,1
386,25,14.0,1,1
386,26,20.0,1,1
386,27,0.0,1,1
386,28,25.0,1,1
386,29,24.0,1,1
386,30,19.0,1,1
386,31,12.0,1,1
386,32,19.0,1,1
386,33,21.0,1,1
387,0,146.0,1,1
387,1,101.0,1,1
387,2,102.0,1,1
387,3,39.0,1,1
387,4,20.0,1,1
387,5,70.0,1,1
387,6,0.0,1,1
387,7,132.0,1,1
387,8,23.0,1,1
387,9,0.0,1,1
387,10,12.0,1,1
387,11,74.0,1,1
387,12,15.0,1,1
387,13,2.0,1,1
387,14,24.0,1,1
387,15,58.0,1,1
387,16,11.0,1,1
387,17,104.0,1,1
387,18,159.0,1,1
387,19,42.0,1,1
387,20,39.0,1,1
387,21,55.0,1,1
387,22,17.0,1,1
387,23,68.0,1,1
387,24,4.0,1,1
387,25,17.0,1,1
387,26,26.0,1,1
387,27,0.0,1,1
387,28,27.0,1,1
387,29,22.0,1,1
387,30,17.0,1,1
387,31,5.0,1,1
387,32,6.0,1,1
387,33,13.0,1,1
388,0,129.0,1,1
388,1,104.0,1,1
388,2,100.0,1,1
388,3,28.0,1,1
388,4,20.0,1,1
388,5,75.0,1,1
388,6,0.0,1,1
388,7,106.0,1,1
388,8,24.0,1,1
388,9,0.0,1,1
388,10,19.0,1,1
388,11,61.0,1,1
388,12,12.0,1,1
388,13,0.0,1,1
388,14,19.0,1,1
388,15,73.0,1,1
388,16,3.0,1,1
388,17,99.0,1,1
388,18,143.0,1,1
388,19,32.0,1,1
388,20,37.0,1,1
388,21,54.0,1,1
388,22,13.0,1,1
388,23,43.0,1,1
388,24,3.0,1,1
388,25,16.0,1,1
388,26,23.0,1,1
388,27,0.0,1,1
388,28,24.0,1,1
388,29,31.0,1,1
388,30,23.0,1,1
388,31,10.0,1,1
388,32,18.0,1,1
388,33,18.0,1,1
389,0,124.0,1,1
389,1,68.0,1,1
389,2,87.0,1,1
389,3,41.0,1,1
389,4,25.0,1,1
389,5,51.0,1,1
389,6,0.0,1,1
389,7,112.0,1,1
389,8,28.0,1,1
389,9,0.0,1,1
389,10,14.0,1,1
389,11,73.0,1,1
389,12,15.0,1,1
389,13,3.0,1,1
389,14,44.0,1,1
389,15,71.0,1,1
389,16,6.0,1,1
389,17,127.0,1,1
389,18,150.0,1,1
389,19,43.0,1,1
389,20,40.0,1,1
389,21,58.0,1,1
389,22,16.0,1,1
389,23,69.0,1,1
389,24,3.0,1,1
389,25,28.0,1,1
389,26,24.0,1,1
389,27,0.0,1,1
389,28,21.0,1,1
389,29,24.0,1,1
389,30,23.0,1,1
389,31,4.0,1,1
389,32,22.0,1,1
389,33,14.0,1,1
390,0,107.0,1,1
390,1,94.0,1,1
390,2,60.0,1,1
390,3,34.0,1,1
390,4,24.0,1,1
390,5,79.0,1,1
390,6,0.0,1,1
390,7,99.0,1,1
390,8,25.0,1,1
390,9,0.0,1,1
390,10,7.0,1,1
390,11,60.0,1,1
390,12,18.0,1,1
390,13,3.0,1,1
390,14,17.0,1,1
390,15,53.0,1,1
390,16,5.0,1,1
390,17,118.0,1,1
390,18,132.0,1,1
390,19,36.0,1,1
390,20,38.0,1,1
390,21,54.0,1,1
390,22,20.0,1,1
390,23,70.0,1,1
390,24,2.0,1,1
390,25,18.0,1,1
390,26,25.0,1,1
390,27,0.0,1,1
390,28,23.0,1,1
390,29,22.0,1,1
390,30,20.0,1,1
390,31,22.0,1,1
390,32,17.0,1,1
390,33,16.0,1,1
391,0,138.0,1,1
391,1,106.0,1,1
391,2,108.0,1,1
391,3,40.0,1,1
391,4,23.0,1,1
391,5,85.0,1,1
391,6,0.0,1,1
391,7,132.0,1,1
391,8,27.0,1,1
391,9,0.0,1,1
391,10,13.0,1,1
391,11,71.0,1,1
391,12,12.0,1,1
391,13,0.0,1,1
391,14,15.0,1,1
391,15,61.0,1,1
391,16,4.0,1,1
391,17,139.0,1,1
391,18,146.0,1,1
391,19,49.0,1,1
391,20,41.0,1,1
391,21,57.0,1,1
391,22,17.0,1,1
391,23,61.0,1,1
391,24,6.0,1,1
391,25,19.0,1,1
391,26,25.0,1,1
391,27,0.0,1,1
391,28,29.0,1,1
391,29,30.0,1,1
391,30,18.0,1,1
391,31,7.0,1,1
391,32,22.0,1,1
391,33,19.0,1,1
392,0,140.0,1,1
392,1,120.0,1,1
392,2,130.0,1,1
392,3,38.0,1,1
392,4,24.0,1,1
392,5,94.0,1,1
392,6,0.0,1,1
392,7,109.0,1,1
392,8,27.0,1,1
392,9,0.0,1,1
392,10,19.0,1,1
392,11,74.0,1,1
392,12,18.0,1,1
392,13,0.0,1,1
392,14,11.0,1,1
392,15,72.0,1,1
392,16,11.0,1,1
392,17,129.0,1,1
392,18,173.0,1,1
392,19,40.0,1,1
392,20,41.0,1,1
392,21,62.0,1,1
392,22,20.0,1,1
392,23,56.0,1,1
392,24,4.0,1,1
392,25,20.0,1,1
392,26,20.0,1,1
392,27,0.0,1,1
392,28,44.0,1,1
392,29,24.0,1,1
392,30,17.0,1,1
392,31,1.0,1,1
392,32,15.0,1,1
392,33,11.0,1,1
393,0,117.0,1,1
393,1,121.0,1,1
393,2,104.0,1,1
393,3,94.0,1,1
393,4,31.0,1,1
393,5,77.0,1,1
393,6,0.0,1,1
393,7,116.0,1,1
393,8,26.0,1,1
393,9,0.0,1,1
393,10,16.0,1,1
393,11,80.0,1,1
393,12,25.0,1,1
393,13,0.0,1,1
393,14,16.0,1,1
393,15,76.0,1,1
393,16,12.0,1,1
393,17,129.0,1,1
393,18,173.0,1,1
393,19,44.0,1,1
393,20,35.0,1,1
393,21,65.0,1,1
393,22,19.0,1,1
393,23,62.0,1,1
393,24,3.0,1,1
393,25,21.0,1,1
393,26,19.0,1,1
393,27,0.0,1,1
393,28,28.0,1,1
393,29,24.0,1,1
393,30,16.0,1,1
393,31,5.0,1,1
393,32,19.0,1,1
393,33,12.0,1,1
394,0,149.0,1,1
394,1,105.0,1,1
394,2,108.0,1,1
394,3,60.0,1,1
394,4,21.0,1,1
394,5,88.0,1,1
394,6,0.0,1,1
394,7,153.0,1,1
394,8,34.0,1,1
394,9,0.0,1,1
394,10,17.0,1,1
394,11,89.0,1,1
394,12,13.0,1,1
394,13,2.0,1,1
394,14,21.0,1,1
394,15,34.0,1,1
394,16,10.0,1,1
394,17,107.0,1,1
394,18,175.0,1,1
394,19,54.0,1,1
394,20,43.0,1,1
394,21,55.0,1,1
394,22,12.0,1,1
394,23,64.0,1,1
394,24,3.0,1,1
394,25,10.0,1,1
394,26,18.0,1,1
394,27,0.0,1,1
394,28,36.0,1,1
394,29,16.0,1,1
394,30,17.0,1,1
394,31,4.0,1,1
394,32,17.0,1,1
394,33,20.0,1,1
395,0,140.0,1,1
395,1,116.0,1,1
395,2,124.0,1,1
395,3,55.0,1,1
395,4,38.0,1,1
395,5,70.0,1,1
395,6,0.0,1,1
395,7,151.0,1,1
395,8,30.0,1,1
395,9,0.0,1,1
395,10,10.0,1,1
395,11,86.0,1,1
395,12,15.0,1,1
395,13,2.0,1,1
395,14,13.0,1,1
395,15,62.0,1,1
395,16,6.0,1,1
395,17,105.0,1,1
395,18,191.0,1,1
395,19,42.0,1,1
395,20,60.0,1,1
395,21,60.0,1,1
395,22,21.0,1,1
395,23,66.0,1,1
395,24,4.0,1,1
395,25,26.0,1,1
395,26,26.0,1,1
395,27,0.0,1,1
395,28,40.0,1,1
395,29,24.0,1,1
395,30,44.0,1,1
395,31,5.0,1,1
395,32,16.0,1,1
395,33,14.0,1,1
396,0,132.0,1,1
396,1,127.0,1,1
396,2,126.0,1,1
396,3,49.0,1,1
396,4,39.0,1,1
396,5,77.0,1,1
396,6,0.0,1,1
396,7,164.0,1,1
396,8,39.0,1,1
396,9,0.0,1,1
396,10,8.0,1,1
396,11,117.0,1,1
396,12,11.0,1,1
396,13,2.0,1,1
396,14,17.0,1,1
396,15,66.0,1,1
396,16,7.0,1,1
396,17,119.0,1,1
396,18,171.0,1,1
396,19,41.0,1,1
396,20,47.0,1,1
396,21,69.0,1,1
396,22,17.0,1,1
396,23,58.0,1,1
396,24,3.0,1,1
396,25,20.0,1,1
396,26,23.0,1,1
396,27,0.0,1,1
396,28,27.0,1,1
396,29,33.0,1,1
396,30,24.0,1,1
396,31,4.0,1,1
396,32,16.0,1,1
396,33,20.0,1,1
397,0,142.0,1,1
397,1,101.0,1,1
397,2,138.0,1,1
397,3,41.0,1,1
397,4,24.0,1,1
397,5,76.0,1,1
397,6,0.0,1,1
397,7,131.0,1,1
397,8,29.0,1,1
397,9,0.0,1,1
397,10,19.0,1,1
397,11,75.0,1,1
397,12,14.0,1,1
397,13,0.0,1,1
397,14,9.0,1,1
397,15,69.0,1,1
397,16,8.0,1,1
397,17,115.0,1,1
397,18,163.0,1,1
397,19,60.0,1,1
397,20,39.0,1,1
397,21,64.0,1,1
397,22,20.0,1,1
397,23,76.0,1,1
397,24,0.0,1,1
397,25,19.0,1,1
397,26,31.0,1,1
397,27,0.0,1,1
397,28,37.0,1,1
397,29,13.0,1,1
397,30,28.0,1,1
397,31,7.0,1,1
397,32,23.0,1,1
397,33,11.0,1,1
398,0,142.0,1,1
398,1,126.0,1,1
398,2,116.0,1,1
398,3,64.0,1,1
398,4,27.0,1,1
398,5,77.0,1,1
398,6,0.0,1,1
398,7,139.0,1,1
398,8,49.0,1,1
398,9,0.0,1,1
398,10,20.0,1,1
398,11,89.0,1,1
398,12,11.0,1,1
398,13,0.0,1,1
398,14,20.0,1,1
398,15,80.0,1,1
398,16,7.0,1,1
398,17,184.0,1,1
398,18,164.0,1,1
398,19,45.0,1,1
398,20,46.0,1,1
398,21,54.0,1,1
398,22,21.0,1,1
398,23,58.0,1,1
398,24,2.0,1,1
398,25,20.0,1,1
398,26,28.0,1,1
398,27,0.0,1,1
398,28,25.0,1,1
398,29,20.0,1,1
398,30,27.0,1,1
398,31,7.0,1,1
398,32,20.0,1,1
398,33,19.0,1,1
399,0,129.0,1,1
399,1,106.0,1,1
399,2,114.0,1,1
399,3,56.0,1,1
399,4,29.0,1,1
399,5,82.0,1,1
399,6,0.0,1,1
399,7,155.0,1,1
399,8,41.0,1,1
399,9,0.0,1,1
399,10,18.0,1,1
399,11,113.0,1,1
399,12,14.0,1,1
399,13,2.0,1,1
399,14,13.0,1,1
399,15,60.0,1,1
399,16,9.0,1,1
399,17,128.0,1,1
399,18,158.0,1,1
399,19,49.0,1,1
399,20,39.0,1,1
399,21,60.0,1,1
399,22,18.0,1,1
399,23,78.0,1,1
399,24,3.0,1,1
399,25,22.0,1,1
399,26,40.0,1,1
399,27,0.0,1,1
399,28,32.0,1,1
399,29,24.0,1,1
399,30,27.0,1,1
399,31,8.0,1,1
399,32,14.0,1,1
399,33,16.0,1,1
400,0,129.0,1,1
400,1,104.0,1,1
400,2,134.0,1,1
400,3,98.0,1,1
400,4,39.0,1,1
400,5,81.0,1,1
400,6,0.0,1,1
400,7,136.0,1,1
400,8,37.0,1,1
400,9,0.0,1,1
400,10,23.0,1,1
400,11,80.0,1,1
400,12,14.0,1,1
400,13,0.0,1,1
400,14,10.0,1,1
400,15,90.0,1,1
400,16,7.0,1,1
400,17,118.0,1,1
400,18,219.0,1,1
400,19,49.0,1,1
400,20,42.0,1,1
400,21,74.0,1,1
400,22,25.0,1,1
400,23,67.0,1,1
400,24,3.0,1,1
400,25,16.0,1,1
400,26,40.0,1,1
400,27,0.0,1,1
400,28,39.0,1,1
400,29,29.0,1,1
400,30,42.0,1,1
400,31,7.0,1,1
400,32,25.0,1,1
400,33,23.0,1,1
401,0,106.0,1,1
401,1,124.0,1,1
401,2,103.0,1,1
401,3,62.0,1,1
401,4,30.0,1,1
401,5,76.0,1,1
401,6,0.0,1,1
401,7,123.0,1,1
401,8,30.0,1,1
401,9,0.0,1,1
401,10,18.0,1,1
401,11,77.0,1,1
401,12,14.0,1,1
401,13,3.0,1,1
401,14,17.0,1,1
401,15,86.0,1,1
401,16,10.0,1,1
401,17,138.0,1,1
401,18,209.0,1,1
401,19,40.0,1,1
401,20,42.0,1,1
401,21,52.0,1,1
401,22,24.0,1,1
401,23,74.0,1,1
401,24,2.0,1,1
401,25,24.0,1,1
401,26,30.0,1,1
401,27,0.0,1,1
401,28,33.0,1,1
401,29,21.0,1,1
401,30,29.0,1,1
401,31,11.0,1,1
401,32,23.0,1,1
401,33,13.0,1,1
402,0,142.0,1,1
402,1,109.0,1,1
402,2,120.0,1,1
402,3,67.0,1,1
402,4,36.0,1,1
402,5,75.0,1,1
402,6,0.0,1,1
402,7,134.0,1,1
402,8,35.0,1,1
402,9,0.0,1,1
402,10,17.0,1,1
402,11,90.0,1,1
402,12,12.0,1,1
402,13,0.0,1,1
402,14,26.0,1,1
402,15,88.0,1,1
402,16,5.0,1,1
402,17,169.0,1,1
402,18,265.0,1,1
402,19,57.0,1,1
402,20,40.0,1,1
402,21,99.0,1,1
402,22,22.0,1,1
402,23,81.0,1,1
402,24,9.0,1,1
402,25,19.0,1,1
402,26,46.0,1,1
402,27,0.0,1,1
402,28,37.0,1,1
402,29,10.0,1,1
402,30,34.0,1,1
402,31,11.0,1,1
402,32,31.0,1,1
402,33,16.0,1,1
403,0,118.0,1,1
403,1,111.0,1,1
403,2,126.0,1,1
403,3,57.0,1,1
403,4,31.0,1,1
403,5,82.0,1,1
403,6,0.0,1,1
403,7,168.0,1,1
403,8,37.0,1,1
403,9,0.0,1,1
403,10,18.0,1,1
403,11,96.0,1,1
403,12,9.0,1,1
403,13,0.0,1,1
403,14,22.0,1,1
403,15,84.0,1,1
403,16,5.0,1,1
403,17,125.0,1,1
403,18,239.0,1,1
403,19,43.0,1,1
403,20,48.0,1,1
403,21,62.0,1,1
403,22,9.0,1,1
403,23,74.0,1,1
403,24,4.0,1,1
403,25,25.0,1,1
403,26,29.0,1,1
403,27,0.0,1,1
403,28,40.0,1,1
403,29,15.0,1,1
403,30,24.0,1,1
403,31,5.0,1,1
403,32,26.0,1,1
403,33,6.0,1,1
404,0,114.0,1,1
404,1,112.0,1,1
404,2,101.0,1,1
404,3,49.0,1,1
404,4,31.0,1,1
404,5,71.0,1,1
404,6,0.0,1,1
404,7,118.0,1,1
404,8,34.0,1,1
404,9,0.0,1,1
404,10,15.0,1,1
404,11,82.0,1,1
404,12,19.0,1,1
404,13,0.0,1,1
404,14,25.0,1,1
404,15,51.0,1,1
404,16,6.0,1,1
404,17,116.0,1,1
404,18,238.0,1,1
404,19,52.0,1,1
404,20,45.0,1,1
404,21,155.0,1,1
404,22,12.0,1,1
404,23,65.0,1,1
404,24,2.0,1,1
404,25,27.0,1,1
404,26,29.0,1,1
404,27,0.0,1,1
404,28,49.0,1,1
404,29,24.0,1,1
404,30,32.0,1,1
404,31,3.0,1,1
404,32,36.0,1,1
404,33,20.0,1,1
405,0,108.0,1,1
405,1,111.0,1,1
405,2,87.0,1,1
405,3,52.0,1,1
405,4,30.0,1,1
405,5,72.0,1,1
405,6,0.0,1,1
405,7,125.0,1,1
405,8,44.0,1,1
405,9,0.0,1,1
405,10,22.0,1,1
405,11,81.0,1,1
405,12,10.0,1,1
405,13,0.0,1,1
405,14,26.0,1,1
405,15,53.0,1,1
405,16,5.0,1,1
405,17,112.0,1,1
405,18,171.0,1,1
405,19,41.0,1,1
405,20,32.0,1,1
405,21,107.0,1,1
405,22,21.0,1,1
405,23,51.0,1,1
405,24,6.0,1,1
405,25,18.0,1,1
405,26,25.0,1,1
405,27,0.0,1,1
405,28,32.0,1,1
405,29,22.0,1,1
405,30,25.0,1,1
405,31,6.0,1,1
405,32,19.0,1,1
405,33,16.0,1,1
406,0,99.0,1,1
406,1,129.0,1,1
406,2,89.0,1,1
406,3,48.0,1,1
406,4,28.0,1,1
406,5,75.0,1,1
406,6,0.0,1,1
406,7,137.0,1,1
406,8,36.0,1,1
406,9,0.0,1,1
406,10,23.0,1,1
406,11,86.0,1,1
406,12,13.0,1,1
406,13,0.0,1,1
406,14,24.0,1,1
406,15,66.0,1,1
406,16,1.0,1,1
406,17,127.0,1,1
406,18,166.0,1,1
406,19,35.0,1,1
406,20,45.0,1,1
406,21,73.0,1,1
406,22,13.0,1,1
406,23,62.0,1,1
406,24,8.0,1,1
406,25,14.0,1,1
406,26,34.0,1,1
406,27,0.0,1,1
406,28,29.0,1,1
406,29,26.0,1,1
406,30,29.0,1,1
406,31,4.0,1,1
406,32,13.0,1,1
406,33,15.0,1,1
407,0,117.0,1,1
407,1,140.0,1,1
407,2,90.0,1,1
407,3,44.0,1,1
407,4,33.0,1,1
407,5,83.0,1,1
407,6,0.0,1,1
407,7,129.0,1,1
407,8,31.0,1,1
407,9,0.0,1,1
407,10,18.0,1,1
407,11,68.0,1,1
407,12,13.0,1,1
407,13,0.0,1,1
407,14,26.0,1,1
407,15,55.0,1,1
407,16,4.0,1,1
407,17,123.0,1,1
407,18,134.0,1,1
407,19,39.0,1,1
407,20,36.0,1,1
407,21,50.0,1,1
407,22,16.0,1,1
407,23,86.0,1,1
407,24,4.0,1,1
407,25,18.0,1,1
407,26,25.0,1,1
407,27,0.0,1,1
407,28,25.0,1,1
407,29,22.0,1,1
407,30,26.0,1,1
407,31,10.0,1,1
407,32,20.0,1,1
407,33,20.0,1,1
408,0,130.0,1,1
408,1,105.0,1,1
408,2,96.0,1,1
408,3,79.0,1,1
408,4,22.0,1,1
408,5,72.0,1,1
408,6,0.0,1,1
408,7,135.0,1,1
408,8,28.0,1,1
408,9,0.0,1,1
408,10,19.0,1,1
408,11,79.0,1,1
408,12,16.0,1,1
408,13,3.0,1,1
408,14,16.0,1,1
408,15,48.0,1,1
408,16,3.0,1,1
408,17,119.0,1,1
408,18,191.0,1,1
408,19,33.0,1,1
408,20,42.0,1,1
408,21,66.0,1,1
408,22,28.0,1,1
408,23,53.0,1,1
408,24,3.0,1,1
408,25,21.0,1,1
408,26,22.0,1,1
408,27,0.0,1,1
408,28,19.0,1,1
408,29,22.0,1,1
408,30,27.0,1,1
408,31,5.0,1,1
408,32,23.0,1,1
408,33,17.0,1,1
409,0,121.0,1,1
409,1,115.0,1,1
409,2,97.0,1,1
409,3,30.0,1,1
409,4,27.0,1,1
409,5,73.0,1,1
409,6,0.0,1,1
409,7,109.0,1,1
409,8,41.0,1,1
409,9,0.0,1,1
409,10,20.0,1,1
409,11,85.0,1,1
409,12,12.0,1,1
409,13,0.0,1,1
409,14,20.0,1,1
409,15,57.0,1,1
409,16,1.0,1,1
409,17,100.0,1,1
409,18,129.0,1,1
409,19,36.0,1,1
409,20,41.0,1,1
409,21,52.0,1,1
409,22,20.0,1,1
409,23,54.0,1,1
409,24,3.0,1,1
409,25,15.0,1,1
409,26,21.0,1,1
409,27,0.0,1,1
409,28,20.0,1,1
409,29,17.0,1,1
409,30,25.0,1,1
409,31,9.0,1,1
409,32,18.0,1,1
409,33,13.0,1,1
410,0,112.0,1,1
410,1,95.0,1,1
410,2,92.0,1,1
410,3,29.0,1,1
410,4,19.0,1,1
410,5,84.0,1,1
410,6,0.0,1,1
410,7,92.0,1,1
410,8,35.0,1,1
410,9,0.0,1,1
410,10,15.0,1,1
410,11,61.0,1,1
410,12,12.0,1,1
410,13,2.0,1,1
410,14,17.0,1,1
410,15,51.0,1,1
410,16,5.0,1,1
410,17,107.0,1,1
410,18,129.0,1,1
410,19,32.0,1,1
410,20,44.0,1,1
410,21,36.0,1,1
410,22,15.0,1,1
410,23,47.0,1,1
410,24,5.0,1,1
410,25,17.0,1,1
410,26,25.0,1,1
410,27,0.0,1,1
410,28,10.0,1,1
410,29,16.0,1,1
410,30,18.0,1,1
410,31,7.0,1,1
410,32,12.0,1,1
410,33,5.0,1,1
411,0,98.0,1,1
411,1,103.0,1,1
411,2,80.0,1,1
411,3,19.0,1,1
411,4,26.0,1,1
411,5,75.0,1,1
411,6,0.0,1,1
411,7,95.0,1,1
411,8,30.0,1,1
411,9,0.0,1,1
411,10,12.0,1,1
411,11,60.0,1,1
411,12,7.0,1,1
411,13,3.0,1,1
411,14,20.0,1,1
411,15,35.0,1,1
411,16,1.0,1,1
411,17,101.0,1,1
411,18,153.0,1,1
411,19,42.0,1,1
411,20,45.0,1,1
411,21,49.0,1,1
411,22,10.0,1,1
411,23,46.0,1,1
411,24,2.0,1,1
411,25,10.0,1,1
411,26,21.0,1,1
411,27,0.0,1,1
411,28,32.0,1,1
411,29,19.0,1,1
411,30,25.0,1,1
411,31,8.0,1,1
411,32,15.0,1,1
411,33,15.0,1,1
412,0,99.0,1,1
412,1,94.0,1,1
412,2,61.0,1,1
412,3,22.0,1,1
412,4,22.0,1,1
412,5,60.0,1,1
412,6,0.0,1,1
412,7,78.0,1,1
412,8,27.0,1,1
412,9,0.0,1,1
412,10,18.0,1,1
412,11,66.0,1,1
412,12,13.0,1,1
412,13,0.0,1,1
412,14,29.0,1,1
412,15,131.0,1,1
412,16,3.0,1,1
412,17,77.0,1,1
412,18,125.0,1,1
412,19,36.0,1,1
412,20,39.0,1,1
412,21,59.0,1,1
412,22,10.0,1,1
412,23,65.0,1,1
412,24,0.0,1,1
412,25,12.0,1,1
412,26,17.0,1,1
412,27,0.0,1,1
412,28,17.0,1,1
412,29,20.0,1,1
412,30,18.0,1,1
412,31,6.0,1,1
412,32,21.0,1,1
412,33,14.0,1,1
413,0,76.0,1,1
413,1,85.0,1,1
413,2,60.0,1,1
413,3,16.0,1,1
413,4,18.0,1,1
413,5,62.0,1,1
413,6,0.0,1,1
413,7,88.0,1,1
413,8,23.0,1,1
413,9,0.0,1,1
413,10,7.0,1,1
413,11,53.0,1,1
413,12,15.0,1,1
413,13,2.0,1,1
413,14,13.0,1,1
413,15,33.0,1,1
413,16,2.0,1,1
413,17,88.0,1,1
413,18,118.0,1,1
413,19,19.0,1,1
413,20,31.0,1,1
413,21,44.0,1,1
413,22,12.0,1,1
413,23,44.0,1,1
413,24,5.0,1,1
413,25,16.0,1,1
413,26,11.0,1,1
413,27,0.0,1,1
413,28,19.0,1,1
413,29,20.0,1,1
413,30,13.0,1,1
413,31,9.0,1,1
413,32,14.0,1,1
413,33,7.0,1,1
414,0,71.0,1,1
414,1,66.0,1,1
414,2,74.0,1,1
414,3,17.0,1,1
414,4,17.0,1,1
414,5,45.0,1,1
414,6,0.0,1,1
414,7,88.0,1,1
414,8,12.0,1,1
414,9,0.0,1,1
414,10,12.0,1,1
414,11,65.0,1,1
414,12,29.0,1,1
414,13,0.0,1,1
414,14,10.0,1,1
414,15,43.0,1,1
414,16,3.0,1,1
414,17,81.0,1,1
414,18,128.0,1,1
414,19,24.0,1,1
414,20,31.0,1,1
414,21,45.0,1,1
414,22,12.0,1,1
414,23,41.0,1,1
414,24,2.0,1,1
414,25,10.0,1,1
414,26,17.0,1,1
414,27,0.0,1,1
414,28,11.0,1,1
414,29,17.0,1,1
414,30,16.0,1,1
414,31,2.0,1,1
414,32,16.0,1,1
414,33,5.0,1,1
415,0,66.0,1,1
415,1,90.0,1,1
415,2,56.0,1,1
415,3,12.0,1,1
415,4,22.0,1,1
415,5,56.0,1,1
415,6,0.0,1,1
415,7,69.0,1,1
415,8,12.0,1,1
415,9,0.0,1,1
415,10,12.0,1,1
415,11,45.0,1,1
415,12,8.0,1,1
415,13,2.0,1,1
415,14,10.0,1,1
415,15,34.0,1,1
415,16,5.0,1,1
415,17,66.0,1,1
415,18,101.0,1,1
415,19,20.0,1,1
415,20,30.0,1,1
415,21,42.0,1,1
415,22,14.0,1,1
415,23,46.0,1,1
415,24,1.0,1,1
415,25,12.0,1,1
415,26,12.0,1,1
415,27,0.0,1,1
415,28,11.0,1,1
415,29,11.0,1,1
415,30,14.0,1,1
415,31,4.0,1,1
415,32,22.0,1,1
415,33,4.0,1,1
416,0,63.0,1,1
416,1,72.0,1,1
416,2,58.0,1,1
416,3,17.0,1,1
416,4,12.0,1,1
416,5,51.0,1,1
416,6,0.0,1,1
416,7,69.0,1,1
416,8,19.0,1,1
416,9,0.0,1,1
416,10,10.0,1,1
416,11,52.0,1,1
416,12,14.0,1,1
416,13,0.0,1,1
416,14,16.0,1,1
416,15,24.0,1,1
416,16,2.0,1,1
416,17,80.0,1,1
416,18,83.0,1,1
416,19,30.0,1,1
416,20,38.0,1,1
416,21,36.0,1,1
416,22,11.0,1,1
416,23,40.0,1,1
416,24,2.0,1,1
416,25,12.0,1,1
416,26,13.0,1,1
416,27,0.0,1,1
416,28,22.0,1,1
416,29,8.0,1,1
416,30,14.0,1,1
416,31,5.0,1,1
416,32,9.0,1,1
416,33,4.0,1,1
417,0,61.0,1,1
417,1,80.0,1,1
417,2,55.0,1,1
417,3,16.0,1,1
417,4,14.0,1,1
417,5,48.0,1,1
417,6,0.0,1,1
417,7,81.0,1,1
417,8,18.0,1,1
417,9,0.0,1,1
417,10,15.0,1,1
417,11,52.0,1,1
417,12,13.0,1,1
417,13,2.0,1,1
417,14,18.0,1,1
417,15,44.0,1,1
417,16,0.0,1,1
417,17,68.0,1,1
417,18,91.0,1,1
417,19,24.0,1,1
417,20,33.0,1,1
417,21,31.0,1,1
417,22,9.0,1,1
417,23,39.0,1,1
417,24,3.0,1,1
417,25,12.0,1,1
417,26,15.0,1,1
417,27,0.0,1,1
417,28,15.0,1,1
417,29,10.0,1,1
417,30,11.0,1,1
417,31,3.0,1,1
417,32,10.0,1,1
417,33,6.0,1,1
418,0,70.0,1,1
418,1,83.0,1,1
418,2,47.0,1,1
418,3,7.0,1,1
418,4,9.0,1,1
418,5,59.0,1,1
418,6,0.0,1,1
418,7,59.0,1,1
418,8,10.0,1,1
418,9,0.0,1,1
418,10,11.0,1,1
418,11,33.0,1,1
418,12,10.0,1,1
418,13,0.0,1,1
418,14,10.0,1,1
418,15,31.0,1,1
418,16,2.0,1,1
418,17,66.0,1,1
418,18,61.0,1,1
418,19,19.0,1,1
418,20,59.0,1,1
418,21,23.0,1,1
418,22,5.0,1,1
418,23,30.0,1,1
418,24,3.0,1,1
418,25,6.0,1,1
418,26,16.0,1,1
418,27,0.0,1,1
418,28,15.0,1,1
418,29,10.0,1,1
418,30,14.0,1,1
418,31,4.0,1,1
418,32,9.0,1,1
418,33,10.0,1,1
419,0,66.0,1,1
419,1,82.0,1,1
419,2,45.0,1,1
419,3,21.0,1,1
419,4,12.0,1,1
419,5,76.0,1,1
419,6,0.0,1,1
419,7,73.0,1,1
419,8,8.0,1,1
419,9,0.0,1,1
419,10,9.0,1,1
419,11,51.0,1,1
419,12,17.0,1,1
419,13,0.0,1,1
419,14,13.0,1,1
419,15,38.0,1,1
419,16,1.0,1,1
419,17,77.0,1,1
419,18,107.0,1,1
419,19,31.0,1,1
419,20,36.0,1,1
419,21,94.0,1,1
419,22,9.0,1,1
419,23,53.0,1,1
419,24,3.0,1,1
419,25,11.0,1,1
419,26,28.0,1,1
419,27,0.0,1,1
419,28,10.0,1,1
419,29,9.0,1,1
419,30,13.0,1,1
419,31,2.0,1,1
419,32,11.0,1,1
419,33,9.0,1,1
420,0,71.0,1,1
420,1,88.0,1,1
420,2,54.0,1,1
420,3,57.0,1,1
420,4,17.0,1,1
420,5,55.0,1,1
420,6,0.0,1,1
420,7,85.0,1,1
420,8,15.0,1,1
420,9,0.0,1,1
420,10,6.0,1,1
420,11,52.0,1,1
420,12,11.0,1,1
420,13,0.0,1,1
420,14,9.0,1,1
420,15,38.0,1,1
420,16,4.0,1,1
420,17,59.0,1,1
420,18,100.0,1,1
420,19,42.0,1,1
420,20,26.0,1,1
420,21,39.0,1,1
420,22,10.0,1,1
420,23,42.0,1,1
420,24,0.0,1,1
420,25,11.0,1,1
420,26,9.0,1,1
420,27,0.0,1,1
420,28,20.0,1,1
420,29,16.0,1,1
420,30,11.0,1,1
420,31,4.0,1,1
420,32,15.0,1,1
420,33,7.0,1,1
421,0,74.0,1,1
421,1,84.0,1,1
421,2,57.0,1,1
421,3,24.0,1,1
421,4,21.0,1,1
421,5,79.0,1,1
421,6,0.0,1,1
421,7,70.0,1,1
421,8,29.0,1,1
421,9,0.0,1,1
421,10,11.0,1,1
421,11,64.0,1,1
421,12,9.0,1,1
421,13,2.0,1,1
421,14,7.0,1,1
421,15,50.0,1,1
421,16,8.0,1,1
421,17,81.0,1,1
421,18,105.0,1,1
421,19,33.0,1,1
421,20,47.0,1,1
421,21,40.0,1,1
421,22,15.0,1,1
421,23,38.0,1,1
421,24,1.0,1,1
421,25,10.0,1,1
421,26,17.0,1,1
421,27,0.0,1,1
421,28,32.0,1,1
421,29,13.0,1,1
421,30,13.0,1,1
421,31,3.0,1,1
421,32,11.0,1,1
421,33,11.0,1,1
422,0,73.0,1,1
422,1,88.0,1,1
422,2,49.0,1,1
422,3,16.0,1,1
422,4,9.0,1,1
422,5,46.0,1,1
422,6,0.0,1,1
422,7,74.0,1,1
422,8,17.0,1,1
422,9,0.0,1,1
422,10,0.0,1,1
422,11,42.0,1,1
422,12,16.0,1,1
422,13,0.0,1,1
422,14,4.0,1,1
422,15,38.0,1,1
422,16,0.0,1,1
422,17,65.0,1,1
422,18,85.0,1,1
422,19,21.0,1,1
422,20,27.0,1,1
422,21,27.0,1,1
422,22,13.0,1,1
422,23,27.0,1,1
422,24,0.0,1,1
422,25,14.0,1,1
422,26,13.0,1,1
422,27,0.0,1,1
422,28,9.0,1,1
422,29,14.0,1,1
422,30,15.0,1,1
422,31,2.0,1,1
422,32,18.0,1,1
422,33,5.0,1,1
423,0,81.0,1,1
423,1,78.0,1,1
423,2,59.0,1,1
423,3,13.0,1,1
423,4,18.0,1,1
423,5,62.0,1,1
423,6,0.0,1,1
423,7,76.0,1,1
423,8,10.0,1,1
423,9,0.0,1,1
423,10,10.0,1,1
423,11,59.0,1,1
423,12,4.0,1,1
423,13,0.0,1,1
423,14,3.0,1,1
423,15,49.0,1,1
423,16,0.0,1,1
423,17,64.0,1,1
423,18,102.0,1,1
423,19,19.0,1,1
423,20,23.0,1,1
423,21,49.0,1,1
423,22,6.0,1,1
423,23,36.0,1,1
423,24,0.0,1,1
423,25,4.0,1,1
423,26,12.0,1,1
423,27,0.0,1,1
423,28,10.0,1,1
423,29,7.0,1,1
423,30,13.0,1,1
423,31,5.0,1,1
423,32,13.0,1,1
423,33,9.0,1,1
424,0,69.0,1,1
424,1,82.0,1,1
424,2,54.0,1,1
424,3,21.0,1,1
424,4,17.0,1,1
424,5,57.0,1,1
424,6,0.0,1,1
424,7,88.0,1,1
424,8,18.0,1,1
424,9,0.0,1,1
424,10,10.0,1,1
424,11,54.0,1,1
424,12,13.0,1,1
424,13,0.0,1,1
424,14,8.0,1,1
424,15,30.0,1,1
424,16,1.0,1,1
424,17,71.0,1,1
424,18,105.0,1,1
424,19,15.0,1,1
424,20,18.0,1,1
424,21,27.0,1,1
424,22,11.0,1,1
424,23,39.0,1,1
424,24,2.0,1,1
424,25,9.0,1,1
424,26,12.0,1,1
424,27,0.0,1,1
424,28,19.0,1,1
424,29,10.0,1,1
424,30,14.0,1,1
424,31,3.0,1,1
424,32,15.0,1,1
424,33,3.0,1,1
425,0,62.0,1,1
425,1,104.0,1,1
425,2,52.0,1,1
425,3,96.0,1,1
425,4,24.0,1,1
425,5,77.0,1,1
425,6,0.0,1,1
425,7,70.0,1,1
425,8,8.0,1,1
425,9,0.0,1,1
425,10,7.0,1,1
425,11,58.0,1,1
425,12,8.0,1,1
425,13,2.0,1,1
425,14,10.0,1,1
425,15,28.0,1,1
425,16,1.0,1,1
425,17,69.0,1,1
425,18,91.0,1,1
425,19,17.0,1,1
425,20,21.0,1,1
425,21,27.0,1,1
425,22,6.0,1,1
425,23,34.0,1,1
425,24,0.0,1,1
425,25,12.0,1,1
425,26,19.0,1,1
425,27,0.0,1,1
425,28,17.0,1,1
425,29,7.0,1,1
425,30,16.0,1,1
425,31,5.0,1,1
425,32,11.0,1,1
425,33,4.0,1,1
426,0,64.0,1,1
426,1,82.0,1,1
426,2,46.0,1,1
426,3,14.0,1,1
426,4,24.0,1,1
426,5,61.0,1,1
426,6,0.0,1,1
426,7,68.0,1,1
426,8,10.0,1,1
426,9,0.0,1,1
426,10,4.0,1,1
426,11,42.0,1,1
426,12,13.0,1,1
426,13,2.0,1,1
426,14,6.0,1,1
426,15,33.0,1,1
426,16,3.0,1,1
426,17,59.0,1,1
426,18,112.0,1,1
426,19,23.0,1,1
426,20,28.0,1,1
426,21,40.0,1,1
426,22,5.0,1,1
426,23,34.0,1,1
426,24,0.0,1,1
426,25,7.0,1,1
426,26,16.0,1,1
426,27,0.0,1,1
426,28,25.0,1,1
426,29,9.0,1,1
426,30,14.0,1,1
426,31,2.0,1,1
426,32,14.0,1,1
426,33,10.0,1,1
427,0,52.0,1,1
427,1,90.0,1,1
427,2,55.0,1,1
427,3,12.0,1,1
427,4,10.0,1,1
427,5,63.0,1,1
427,6,0.0,1,1
427,7,59.0,1,1
427,8,17.0,1,1
427,9,0.0,1,1
427,10,9.0,1,1
427,11,51.0,1,1
427,12,10.0,1,1
427,13,2.0,1,1
427,14,12.0,1,1
427,15,25.0,1,1
427,16,3.0,1,1
427,17,88.0,1,1
427,18,98.0,1,1
427,19,35.0,1,1
427,20,22.0,1,1
427,21,72.0,1,1
427,22,7.0,1,1
427,23,35.0,1,1
427,24,1.0,1,1
427,25,8.0,1,1
427,26,19.0,1,1
427,27,0.0,1,1
427,28,19.0,1,1
427,29,4.0,1,1
427,30,8.0,1,1
427,31,1.0,1,1
427,32,14.0,1,1
427,33,5.0,1,1
428,0,74.0,1,1
428,1,90.0,1,1
428,2,68.0,1,1
428,3,7.0,1,1
428,4,13.0,1,1
428,5,72.0,1,1
428,6,0.0,1,1
428,7,73.0,1,1
428,8,9.0,1,1
428,9,0.0,1,1
428,10,5.0,1,1
428,11,48.0,1,1
428,12,6.0,1,1
428,13,0.0,1,1
428,14,10.0,1,1
428,15,28.0,1,1
428,16,1.0,1,1
428,17,65.0,1,1
428,18,84.0,1,1
428,19,32.0,1,1
428,20,22.0,1,1
428,21,26.0,1,1
428,22,11.0,1,1
428,23,35.0,1,1
428,24,0.0,1,1
428,25,6.0,1,1
428,26,17.0,1,1
428,27,0.0,1,1
428,28,13.0,1,1
428,29,9.0,1,1
428,30,12.0,1,1
428,31,6.0,1,1
428,32,13.0,1,1
428,33,7.0,1,1
429,0,56.0,1,1
429,1,91.0,1,1
429,2,55.0,1,1
429,3,11.0,1,1
429,4,12.0,1,1
429,5,51.0,1,1
429,6,0.0,1,1
429,7,57.0,1,1
429,8,11.0,1,1
429,9,0.0,1,1
429,10,4.0,1,1
429,11,37.0,1,1
429,16,1.0,1,1
429,17,59.0,1,1
429,18,68.0,1,1
429,19,21.0,1,1
429,20,16.0,1,1
429,21,20.0,1,1
429,22,12.0,1,1
429,23,30.0,1,1
429,24,2.0,1,1
429,25,4.0,1,1
429,26,7.0,1,1
429,27,0.0,1,1
429,28,15.0,1,1
429,29,7.0,1,1
429,30,20.0,1,1
429,31,7.0,1,1
429,32,13.0,1,1
429,33,9.0,1,1
430,0,57.0,1,1
430,1,57.0,1,1
430,2,44.0,1,1
430,3,11.0,1,1
430,4,6.0,1,1
430,5,70.0,1,1
430,6,0.0,1,1
430,7,59.0,1,1
430,8,10.0,1,1
430,9,0.0,1,1
430,10,8.0,1,1
430,11,44.0,1,1
430,12,6.0,1,1
430,13,0.0,1,1
430,14,1.0,1,1
430,15,17.0,1,1
430,16,0.0,1,1
430,17,45.0,1,1
430,18,74.0,1,1
430,19,13.0,1,1
430,20,17.0,1,1
430,21,30.0,1,1
430,22,4.0,1,1
430,23,34.0,1,1
430,24,1.0,1,1
430,25,6.0,1,1
430,26,10.0,1,1
430,27,0.0,1,1
430,28,12.0,1,1
430,29,10.0,1,1
430,30,11.0,1,1
430,31,4.0,1,1
430,32,11.0,1,1
430,33,9.0,1,1
431,0,42.0,1,1
431,1,42.0,1,1
431,2,52.0,1,1
431,3,8.0,1,1
431,4,9.0,1,1
431,5,33.0,1,1
431,6,0.0,1,1
431,7,50.0,1,1
431,8,10.0,1,1
431,9,0.0,1,1
431,10,7.0,1,1
431,11,32.0,1,1
431,12,5.0,1,1
431,13,0.0,1,1
431,14,1.0,1,1
431,15,33.0,1,1
431,16,2.0,1,1
431,17,47.0,1,1
431,18,72.0,1,1
431,19,18.0,1,1
431,20,13.0,1,1
431,21,25.0,1,1
431,22,3.0,1,1
431,23,28.0,1,1
431,24,1.0,1,1
431,25,5.0,1,1
431,26,15.0,1,1
431,27,0.0,1,1
431,28,16.0,1,1
431,29,5.0,1,1
431,30,5.0,1,1
431,31,3.0,1,1
431,32,6.0,1,1
431,33,5.0,1,1
432,0,47.0,1,1
432,1,55.0,1,1
432,2,46.0,1,1
432,3,14.0,1,1
432,4,10.0,1,1
432,5,38.0,1,1
432,6,0.0,1,1
432,7,37.0,1,1
432,8,14.0,1,1
432,9,0.0,1,1
432,10,1.0,1,1
432,11,22.0,1,1
432,12,2.0,1,1
432,13,1.0,1,1
432,14,3.0,1,1
432,15,25.0,1,1
432,16,1.0,1,1
432,17,51.0,1,1
432,18,61.0,1,1
432,19,16.0,1,1
432,20,24.0,1,1
432,21,23.0,1,1
432,22,8.0,1,1
432,23,42.0,1,1
432,24,2.0,1,1
432,25,13.0,1,1
432,26,7.0,1,1
432,27,0.0,1,1
432,28,13.0,1,1
432,29,12.0,1,1
432,30,10.0,1,1
432,31,3.0,1,1
432,32,17.0,1,1
432,33,10.0,1,1
433,0,59.0,1,1
433,1,57.0,1,1
433,2,43.0,1,1
433,3,9.0,1,1
433,4,9.0,1,1
433,5,41.0,1,1
433,6,0.0,1,1
433,7,43.0,1,1
433,8,11.0,1,1
433,9,0.0,1,1
433,10,4.0,1,1
433,11,31.0,1,1
433,12,0.0,1,1
433,13,0.0,1,1
433,14,4.0,1,1
433,15,10.0,1,1
433,16,2.0,1,1
433,17,46.0,1,1
433,18,40.0,1,1
433,19,14.0,1,1
433,20,15.0,1,1
433,21,18.0,1,1
433,22,5.0,1,1
433,23,24.0,1,1
433,24,1.0,1,1
433,25,7.0,1,1
433,26,10.0,1,1
433,27,0.0,1,1
433,28,9.0,1,1
433,29,8.0,1,1
433,30,8.0,1,1
433,31,2.0,1,1
433,32,10.0,1,1
433,33,7.0,1,1
434,0,54.0,1,1
434,1,42.0,1,1
434,2,36.0,1,1
434,3,7.0,1,1
434,4,8.0,1,1
434,5,40.0,1,1
434,6,0.0,1,1
434,7,46.0,1,1
434,8,8.0,1,1
434,9,0.0,1,1
434,10,3.0,1,1
434,11,30.0,1,1
434,12,3.0,1,1
434,13,0.0,1,1
434,14,0.0,1,1
434,15,14.0,1,1
434,16,0.0,1,1
434,17,34.0,1,1
434,18,59.0,1,1
434,19,15.0,1,1
434,20,8.0,1,1
434,21,20.0,1,1
434,22,0.0,1,1
434,23,25.0,1,1
434,24,2.0,1,1
434,25,8.0,1,1
434,26,10.0,1,1
434,27,0.0,1,1
434,28,13.0,1,1
434,29,6.0,1,1
434,30,6.0,1,1
434,31,3.0,1,1
434,32,10.0,1,1
434,33,3.0,1,1
435,0,34.0,1,1
435,1,50.0,1,1
435,2,38.0,1,1
435,3,12.0,1,1
435,4,9.0,1,1
435,5,33.0,1,1
435,6,0.0,1,1
435,7,46.0,1,1
435,8,2.0,1,1
435,9,0.0,1,1
435,10,4.0,1,1
435,11,25.0,1,1
435,12,1.0,1,1
435,13,0.0,1,1
435,14,2.0,1,1
435,15,11.0,1,1
435,16,0.0,1,1
435,17,38.0,1,1
435,18,38.0,1,1
435,19,8.0,1,1
435,20,6.0,1,1
435,21,12.0,1,1
435,22,3.0,1,1
435,23,17.0,1,1
435,24,0.0,1,1
435,25,3.0,1,1
435,26,7.0,1,1
435,27,0.0,1,1
435,28,6.0,1,1
435,29,2.0,1,1
435,30,8.0,1,1
435,31,1.0,1,1
435,32,6.0,1,1
435,33,1.0,1,1
436,0,38.0,1,1
436,1,36.0,1,1
436,2,29.0,1,1
436,3,2.0,1,1
436,4,11.0,1,1
436,5,17.0,1,1
436,6,0.0,1,1
436,7,36.0,1,1
436,8,8.0,1,1
436,9,0.0,1,1
436,10,1.0,1,1
436,11,24.0,1,1
436,12,0.0,1,1
436,13,0.0,1,1
436,14,1.0,1,1
436,15,12.0,1,1
436,16,0.0,1,1
436,17,33.0,1,1
436,18,37.0,1,1
436,19,7.0,1,1
436,20,10.0,1,1
436,21,17.0,1,1
436,22,6.0,1,1
436,23,15.0,1,1
436,24,2.0,1,1
436,25,4.0,1,1
436,26,7.0,1,1
436,27,0.0,1,1
436,28,15.0,1,1
436,29,6.0,1,1
436,30,4.0,1,1
436,31,2.0,1,1
436,32,6.0,1,1
436,33,3.0,1,1
437,0,26.0,1,1
437,1,35.0,1,1
437,2,36.0,1,1
437,3,7.0,1,1
437,4,6.0,1,1
437,5,35.0,1,1
437,6,0.0,1,1
437,7,33.0,1,1
437,8,8.0,1,1
437,9,0.0,1,1
437,10,4.0,1,1
437,11,23.0,1,1
437,12,3.0,1,1
437,13,0.0,1,1
437,14,0.0,1,1
437,15,5.0,1,1
437,16,1.0,1,1
437,17,41.0,1,1
437,18,34.0,1,1
437,19,10.0,1,1
437,20,14.0,1,1
437,21,10.0,1,1
437,22,6.0,1,1
437,23,18.0,1,1
437,24,1.0,1,1
437,25,4.0,1,1
437,26,6.0,1,1
437,27,0.0,1,1
437,28,10.0,1,1
437,29,7.0,1,1
437,30,4.0,1,1
437,31,3.0,1,1
437,32,5.0,1,1
437,33,1.0,1,1
438,0,26.0,1,1
438,1,35.0,1,1
438,2,29.0,1,1
438,3,9.0,1,1
438,4,4.0,1,1
438,5,19.0,1,1
438,6,0.0,1,1
438,7,31.0,1,1
438,8,8.0,1,1
438,9,0.0,1,1
438,10,1.0,1,1
438,11,22.0,1,1
438,12,1.0,1,1
438,13,0.0,1,1
438,14,1.0,1,1
438,15,9.0,1,1
438,16,0.0,1,1
438,17,37.0,1,1
438,18,35.0,1,1
438,19,4.0,1,1
438,20,2.0,1,1
438,21,14.0,1,1
438,22,2.0,1,1
438,23,20.0,1,1
438,24,0.0,1,1
438,25,6.0,1,1
438,26,11.0,1,1
438,27,0.0,1,1
438,28,9.0,1,1
438,29,2.0,1,1
438,30,6.0,1,1
438,31,2.0,1,1
438,32,8.0,1,1
438,33,1.0,1,1
439,0,33.0,1,1
439,1,27.0,1,1
439,2,20.0,1,1
439,3,6.0,1,1
439,4,5.0,1,1
439,5,15.0,1,1
439,6,0.0,1,1
439,7,23.0,1,1
439,8,4.0,1,1
439,9,0.0,1,1
439,10,0.0,1,1
439,11,15.0,1,1
439,12,0.0,1,1
439,13,0.0,1,1
439,14,0.0,1,1
439,15,7.0,1,1
439,16,0.0,1,1
439,17,28.0,1,1
439,18,37.0,1,1
439,19,7.0,1,1
439,20,3.0,1,1
439,21,13.0,1,1
439,22,2.0,1,1
439,23,7.0,1,1
439,24,1.0,1,1
439,25,3.0,1,1
439,26,6.0,1,1
439,27,0.0,1,1
439,28,5.0,1,1
439,29,7.0,1,1
439,30,3.0,1,1
439,31,1.0,1,1
439,32,7.0,1,1
439,33,4.0,1,1
440,0,25.0,1,1
440,1,17.0,1,1
440,2,19.0,1,1
440,3,0.0,1,1
440,4,11.0,1,1
440,5,22.0,1,1
440,6,0.0,1,1
440,7,20.0,1,1
440,8,7.0,1,1
440,9,0.0,1,1
440,10,2.0,1,1
440,11,14.0,1,1
440,12,0.0,1,1
440,13,1.0,1,1
440,14,0.0,1,1
440,15,3.0,1,1
440,16,0.0,1,1
440,17,21.0,1,1
440,18,27.0,1,1
440,19,3.0,1,1
440,20,3.0,1,1
440,21,12.0,1,1
440,22,1.0,1,1
440,23,11.0,1,1
440,24,0.0,1,1
440,25,0.0,1,1
440,26,5.0,1,1
440,27,0.0,1,1
440,28,5.0,1,1
440,29,1.0,1,1
440,30,1.0,1,1
440,31,1.0,1,1
440,32,5.0,1,1
440,33,0.0,1,1
441,0,25.0,1,1
441,1,21.0,1,1
441,2,10.0,1,1
441,3,4.0,1,1
441,4,6.0,1,1
441,5,16.0,1,1
441,6,0.0,1,1
441,7,19.0,1,1
441,8,5.0,1,1
441,9,0.0,1,1
441,10,0.0,1,1
441,11,11.0,1,1
441,12,0.0,1,1
441,13,0.0,1,1
441,14,2.0,1,1
441,15,9.0,1,1
441,16,0.0,1,1
441,17,23.0,1,1
441,18,11.0,1,1
441,19,9.0,1,1
441,20,3.0,1,1
441,21,7.0,1,1
441,22,1.0,1,1
441,23,11.0,1,1
441,24,1.0,1,1
441,25,2.0,1,1
441,26,2.0,1,1
441,27,0.0,1,1
441,28,4.0,1,1
441,29,2.0,1,1
441,30,2.0,1,1
441,31,1.0,1,1
441,32,2.0,1,1
441,33,2.0,1,1
442,0,18.0,1,1
442,1,22.0,1,1
442,2,7.0,1,1
442,3,0.0,1,1
442,4,0.0,1,1
442,5,14.0,1,1
442,6,0.0,1,1
442,7,26.0,1,1
442,8,6.0,1,1
442,9,0.0,1,1
442,10,2.0,1,1
442,11,15.0,1,1
442,12,0.0,1,1
442,13,0.0,1,1
442,14,2.0,1,1
442,15,2.0,1,1
442,16,3.0,1,1
442,17,16.0,1,1
442,18,30.0,1,1
442,19,7.0,1,1
442,20,5.0,1,1
442,21,8.0,1,1
442,22,0.0,1,1
442,23,6.0,1,1
442,24,0.0,1,1
442,25,1.0,1,1
442,26,3.0,1,1
442,27,0.0,1,1
442,28,2.0,1,1
442,29,4.0,1,1
442,30,2.0,1,1
442,31,1.0,1,1
442,32,6.0,1,1
442,33,4.0,1,1
443,0,7.0,1,1
443,1,19.0,1,1
443,2,14.0,1,1
443,3,0.0,1,1
443,4,2.0,1,1
443,5,15.0,1,1
443,6,0.0,1,1
443,7,11.0,1,1
443,8,1.0,1,1
443,9,0.0,1,1
443,10,1.0,1,1
443,11,8.0,1,1
443,12,0.0,1,1
443,13,0.0,1,1
443,14,1.0,1,1
443,15,5.0,1,1
443,16,0.0,1,1
443,17,32.0,1,1
443,18,15.0,1,1
443,19,3.0,1,1
443,20,4.0,1,1
443,21,7.0,1,1
443,22,3.0,1,1
443,23,11.0,1,1
443,24,1.0,1,1
443,25,2.0,1,1
443,26,2.0,1,1
443,27,0.0,1,1
443,28,8.0,1,1
443,29,1.0,1,1
443,30,2.0,1,1
443,31,0.0,1,1
443,32,5.0,1,1
443,33,2.0,1,1
444,0,12.0,1,1
444,1,15.0,1,1
444,2,12.0,1,1
444,3,5.0,1,1
444,4,6.0,1,1
444,5,7.0,1,1
444,6,0.0,1,1
444,7,9.0,1,1
444,8,2.0,1,1
444,9,0.0,1,1
444,10,2.0,1,1
444,11,4.0,1,1
444,12,0.0,1,1
444,13,0.0,1,1
444,14,2.0,1,1
444,15,5.0,1,1
444,16,0.0,1,1
444,17,17.0,1,1
444,18,7.0,1,1
444,19,4.0,1,1
444,20,5.0,1,1
444,21,4.0,1,1
444,22,0.0,1,1
444,23,6.0,1,1
444,24,0.0,1,1
444,25,3.0,1,1
444,26,1.0,1,1
444,27,0.0,1,1
444,28,2.0,1,1
444,29,3.0,1,1
444,30,3.0,1,1
444,31,0.0,1,1
444,32,2.0,1,1
444,33,3.0,1,1
445,0,14.0,1,1
445,1,20.0,1,1
445,2,6.0,1,1
445,3,0.0,1,1
445,4,1.0,1,1
445,5,16.0,1,1
445,6,0.0,1,1
445,7,23.0,1,1
445,8,1.0,1,1
445,9,0.0,1,1
445,10,2.0,1,1
445,11,16.0,1,1
445,12,2.0,1,1
445,13,0.0,1,1
445,14,3.0,1,1
445,15,2.0,1,1
445,16,1.0,1,1
445,17,9.0,1,1
445,18,13.0,1,1
445,19,5.0,1,1
445,20,7.0,1,1
445,21,4.0,1,1
445,22,3.0,1,1
445,23,7.0,1,1
445,24,0.0,1,1
445,25,2.0,1,1
445,26,5.0,1,1
445,27,0.0,1,1
445,28,3.0,1,1
445,29,1.0,1,1
445,30,2.0,1,1
445,31,0.0,1,1
445,32,2.0,1,1
445,33,2.0,1,1
446,0,14.0,1,1
446,1,12.0,1,1
446,2,5.0,1,1
446,3,1.0,1,1
446,4,2.0,1,1
446,5,12.0,1,1
446,6,0.0,1,1
446,7,14.0,1,1
446,8,1.0,1,1
446,9,0.0,1,1
446,10,0.0,1,1
446,11,11.0,1,1
446,12,0.0,1,1
446,13,0.0,1,1
446,14,3.0,1,1
446,15,5.0,1,1
446,16,0.0,1,1
446,17,9.0,1,1
446,18,20.0,1,1
446,19,4.0,1,1
446,20,5.0,1,1
446,21,6.0,1,1
446,22,1.0,1,1
446,23,4.0,1,1
446,24,0.0,1,1
446,25,6.0,1,1
446,26,7.0,1,1
446,27,0.0,1,1
446,28,1.0,1,1
446,29,2.0,1,1
446,30,2.0,1,1
446,31,1.0,1,1
446,32,8.0,1,1
446,33,1.0,1,1
447,0,9.0,1,1
447,1,10.0,1,1
447,2,4.0,1,1
447,3,4.0,1,1
447,4,3.0,1,1
447,5,9.0,1,1
447,6,0.0,1,1
447,7,10.0,1,1
447,8,3.0,1,1
447,9,0.0,1,1
447,10,1.0,1,1
447,11,4.0,1,1
447,12,3.0,1,1
447,13,0.0,1,1
447,14,0.0,1,1
447,15,3.0,1,1
447,16,1.0,1,1
447,17,9.0,1,1
447,18,13.0,1,1
447,19,4.0,1,1
447,20,5.0,1,1
447,21,4.0,1,1
447,22,1.0,1,1
447,23,11.0,1,1
447,24,0.0,1,1
447,25,0.0,1,1
447,26,2.0,1,1
447,27,0.0,1,1
447,28,1.0,1,1
447,29,0.0,1,1
447,30,3.0,1,1
447,31,1.0,1,1
447,32,2.0,1,1
447,33,0.0,1,1
448,0,14.0,1,1
448,1,18.0,1,1
448,2,6.0,1,1
448,3,3.0,1,1
448,4,1.0,1,1
448,5,11.0,1,1
448,6,0.0,1,1
448,7,10.0,1,1
448,8,4.0,1,1
448,9,0.0,1,1
448,10,2.0,1,1
448,11,2.0,1,1
448,12,0.0,1,1
448,13,0.0,1,1
448,14,1.0,1,1
448,15,2.0,1,1
448,16,0.0,1,1
448,17,9.0,1,1
448,18,15.0,1,1
448,19,1.0,1,1
448,20,2.0,1,1
448,21,5.0,1,1
448,22,0.0,1,1
448,23,4.0,1,1
448,24,0.0,1,1
448,25,1.0,1,1
448,26,2.0,1,1
448,27,0.0,1,1
448,28,2.0,1,1
448,29,1.0,1,1
448,30,2.0,1,1
448,31,1.0,1,1
448,32,1.0,1,1
448,33,0.0,1,1
449,0,6.0,1,1
449,1,11.0,1,1
449,2,3.0,1,1
449,3,3.0,1,1
449,4,3.0,1,1
449,5,10.0,1,1
449,6,0.0,1,1
449,7,5.0,1,1
449,8,2.0,1,1
449,9,0.0,1,1
449,10,3.0,1,1
449,11,6.0,1,1
449,12,1.0,1,1
449,13,0.0,1,1
449,14,0.0,1,1
449,15,1.0,1,1
449,16,0.0,1,1
449,17,7.0,1,1
449,18,4.0,1,1
449,19,2.0,1,1
449,20,4.0,1,1
449,21,3.0,1,1
449,22,3.0,1,1
449,23,5.0,1,1
449,24,0.0,1,1
449,25,2.0,1,1
449,26,0.0,1,1
449,27,0.0,1,1
449,28,3.0,1,1
449,29,1.0,1,1
449,30,6.0,1,1
449,31,0.0,1,1
449,32,1.0,1,1
449,33,1.0,1,1
450,0,6.0,1,1
450,1,17.0,1,1
450,2,6.0,1,1
450,3,1.0,1,1
450,4,2.0,1,1
450,5,11.0,1,1
450,6,0.0,1,1
450,7,6.0,1,1
450,8,1.0,1,1
450,9,0.0,1,1
450,10,1.0,1,1
450,11,4.0,1,1
450,12,0.0,1,1
450,13,1.0,1,1
450,14,0.0,1,1
450,15,4.0,1,1
450,16,0.0,1,1
450,17,3.0,1,1
450,18,9.0,1,1
450,19,4.0,1,1
450,20,1.0,1,1
450,21,1.0,1,1
450,22,0.0,1,1
450,23,2.0,1,1
450,24,0.0,1,1
450,25,0.0,1,1
450,26,0.0,1,1
450,27,0.0,1,1
450,28,2.0,1,1
450,29,2.0,1,1
450,30,0.0,1,1
450,31,1.0,1,1
450,32,1.0,1,1
450,33,1.0,1,1
451,0,6.0,1,1
451,1,10.0,1,1
451,2,2.0,1,1
451,3,0.0,1,1
451,4,0.0,1,1
451,5,6.0,1,1
451,6,0.0,1,1
451,7,9.0,1,1
451,8,3.0,1,1
451,9,0.0,1,1
451,10,0.0,1,1
451,11,7.0,1,1
451,12,0.0,1,1
451,13,0.0,1,1
451,14,0.0,1,1
451,15,3.0,1,1
451,16,1.0,1,1
451,17,0.0,1,1
451,18,6.0,1,1
451,19,2.0,1,1
451,20,2.0,1,1
451,21,1.0,1,1
451,22,2.0,1,1
451,23,4.0,1,1
451,24,0.0,1,1
451,25,1.0,1,1
451,26,0.0,1,1
451,27,0.0,1,1
451,28,2.0,1,1
451,29,2.0,1,1
451,30,0.0,1,1
451,31,0.0,1,1
451,32,2.0,1,1
451,33,0.0,1,1
452,0,4.0,1,1
452,1,9.0,1,1
452,2,6.0,1,1
452,3,2.0,1,1
452,4,1.0,1,1
452,5,9.0,1,1
452,6,0.0,1,1
452,7,6.0,1,1
452,8,1.0,1,1
452,9,0.0,1,1
452,10,0.0,1,1
452,11,5.0,1,1
452,12,0.0,1,1
452,13,0.0,1,1
452,14,1.0,1,1
452,15,3.0,1,1
452,16,0.0,1,1
452,17,11.0,1,1
452,18,2.0,1,1
452,19,1.0,1,1
452,20,0.0,1,1
452,21,2.0,1,1
452,22,0.0,1,1
452,23,3.0,1,1
452,24,0.0,1,1
452,25,0.0,1,1
452,26,4.0,1,1
452,27,0.0,1,1
452,28,1.0,1,1
452,29,0.0,1,1
452,30,3.0,1,1
452,31,1.0,1,1
452,32,3.0,1,1
452,33,0.0,1,1
453,0,6.0,1,1
453,1,6.0,1,1
453,2,0.0,1,1
453,3,0.0,1,1
453,4,2.0,1,1
453,5,6.0,1,1
453,6,0.0,1,1
453,7,8.0,1,1
453,8,2.0,1,1
453,9,0.0,1,1
453,10,0.0,1,1
453,11,8.0,1,1
453,12,4.0,1,1
453,13,0.0,1,1
453,14,1.0,1,1
453,15,1.0,1,1
453,16,0.0,1,1
453,17,7.0,1,1
453,18,9.0,1,1
453,19,0.0,1,1
453,20,1.0,1,1
453,21,1.0,1,1
453,22,0.0,1,1
453,23,1.0,1,1
453,24,0.0,1,1
453,25,1.0,1,1
453,26,3.0,1,1
453,27,0.0,1,1
453,28,1.0,1,1
453,29,0.0,1,1
453,30,1.0,1,1
453,31,0.0,1,1
453,32,1.0,1,1
453,33,1.0,1,1
454,0,3.0,1,1
454,1,4.0,1,1
454,2,5.0,1,1
454,3,1.0,1,1
454,4,1.0,1,1
454,5,4.0,1,1
454,6,0.0,1,1
454,7,6.0,1,1
454,8,0.0,1,1
454,9,0.0,1,1
454,10,0.0,1,1
454,11,4.0,1,1
454,12,1.0,1,1
454,13,0.0,1,1
454,14,1.0,1,1
454,15,0.0,1,1
454,16,1.0,1,1
454,17,3.0,1,1
454,18,4.0,1,1
454,19,4.0,1,1
454,20,0.0,1,1
454,21,1.0,1,1
454,22,0.0,1,1
454,23,0.0,1,1
454,24,0.0,1,1
454,25,1.0,1,1
454,26,1.0,1,1
454,27,0.0,1,1
454,28,0.0,1,1
454,29,0.0,1,1
454,30,0.0,1,1
454,31,0.0,1,1
454,32,1.0,1,1
454,33,0.0,1,1
455,0,12.0,1,1
455,1,5.0,1,1
455,2,2.0,1,1
455,3,0.0,1,1
455,4,1.0,1,1
455,5,4.0,1,1
455,6,0.0,1,1
455,7,8.0,1,1
455,8,0.0,1,1
455,9,0.0,1,1
455,10,1.0,1,1
455,11,7.0,1,1
455,12,1.0,1,1
455,13,0.0,1,1
455,14,1.0,1,1
455,15,1.0,1,1
455,16,1.0,1,1
455,17,1.0,1,1
455,18,4.0,1,1
455,19,2.0,1,1
455,20,1.0,1,1
455,21,2.0,1,1
455,22,0.0,1,1
455,23,2.0,1,1
455,24,0.0,1,1
455,25,0.0,1,1
455,26,0.0,1,1
455,27,0.0,1,1
455,28,1.0,1,1
455,29,1.0,1,1
455,30,0.0,1,1
455,31,0.0,1,1
455,32,0.0,1,1
455,33,0.0,1,1
456,0,5.0,1,1
456,1,7.0,1,1
456,2,3.0,1,1
456,3,2.0,1,1
456,4,3.0,1,1
456,5,7.0,1,1
456,6,0.0,1,1
456,7,11.0,1,1
456,8,0.0,1,1
456,9,0.0,1,1
456,10,1.0,1,1
456,11,2.0,1,1
456,12,1.0,1,1
456,13,1.0,1,1
456,14,1.0,1,1
456,15,3.0,1,1
456,16,0.0,1,1
456,17,5.0,1,1
456,18,3.0,1,1
456,19,2.0,1,1
456,20,0.0,1,1
456,21,1.0,1,1
456,22,0.0,1,1
456,23,2.0,1,1
456,24,0.0,1,1
456,25,1.0,1,1
456,26,2.0,1,1
456,27,0.0,1,1
456,28,3.0,1,1
456,29,0.0,1,1
456,30,0.0,1,1
456,31,0.0,1,1
456,32,2.0,1,1
456,33,0.0,1,1
457,0,5.0,1,1
457,1,8.0,1,1
457,2,3.0,1,1
457,3,0.0,1,1
457,4,0.0,1,1
457,5,4.0,1,1
457,6,0.0,1,1
457,7,4.0,1,1
457,8,0.0,1,1
457,9,0.0,1,1
457,10,0.0,1,1
457,11,2.0,1,1
457,12,2.0,1,1
457,13,0.0,1,1
457,14,1.0,1,1
457,15,1.0,1,1
457,16,0.0,1,1
457,17,4.0,1,1
457,18,4.0,1,1
457,19,1.0,1,1
457,20,3.0,1,1
457,21,0.0,1,1
457,22,0.0,1,1
457,23,1.0,1,1
457,24,0.0,1,1
457,25,0.0,1,1
457,26,0.0,1,1
457,27,0.0,1,1
457,28,2.0,1,1
457,29,1.0,1,1
457,30,0.0,1,1
457,31,1.0,1,1
457,32,0.0,1,1
457,33,1.0,1,1
458,0,4.0,1,1
458,1,5.0,1,1
458,2,2.0,1,1
458,3,1.0,1,1
458,4,0.0,1,1
458,5,3.0,1,1
458,6,0.0,1,1
458,7,4.0,1,1
458,8,0.0,1,1
458,9,0.0,1,1
458,10,1.0,1,1
458,11,2.0,1,1
458,12,1.0,1,1
458,13,1.0,1,1
458,14,0.0,1,1
458,15,1.0,1,1
458,16,0.0,1,1
458,17,4.0,1,1
458,18,1.0,1,1
458,19,1.0,1,1
458,20,0.0,1,1
458,21,0.0,1,1
458,22,0.0,1,1
458,23,4.0,1,1
458,24,0.0,1,1
458,25,0.0,1,1
458,26,0.0,1,1
458,27,0.0,1,1
458,28,0.0,1,1
458,29,0.0,1,1
458,30,0.0,1,1
458,31,0.0,1,1
458,32,0.0,1,1
458,33,1.0,1,1
459,0,2.0,1,1
459,1,6.0,1,1
459,2,2.0,1,1
459,3,3.0,1,1
459,4,1.0,1,1
459,5,5.0,1,1
459,6,0.0,1,1
459,7,7.0,1,1
459,8,0.0,1,1
459,9,0.0,1,1
459,10,1.0,1,1
459,11,6.0,1,1
459,12,1.0,1,1
459,13,0.0,1,1
459,14,0.0,1,1
459,15,2.0,1,1
459,16,0.0,1,1
459,17,6.0,1,1
459,18,2.0,1,1
459,19,0.0,1,1
459,20,4.0,1,1
459,21,0.0,1,1
459,22,1.0,1,1
459,23,3.0,1,1
459,24,0.0,1,1
459,25,1.0,1,1
459,26,3.0,1,1
459,27,0.0,1,1
459,28,2.0,1,1
459,29,1.0,1,1
459,30,1.0,1,1
459,31,0.0,1,1
459,32,2.0,1,1
459,33,0.0,1,1
460,0,1.0,1,1
460,1,5.0,1,1
460,2,1.0,1,1
460,3,2.0,1,1
460,4,1.0,1,1
460,5,3.0,1,1
460,6,0.0,1,1
460,7,6.0,1,1
460,8,2.0,1,1
460,9,0.0,1,1
460,10,0.0,1,1
460,11,6.0,1,1
460,12,1.0,1,1
460,13,0.0,1,1
460,14,0.0,1,1
460,15,2.0,1,1
460,16,0.0,1,1
460,17,3.0,1,1
460,18,5.0,1,1
460,19,2.0,1,1
460,20,0.0,1,1
460,21,3.0,1,1
460,22,0.0,1,1
460,23,1.0,1,1
460,24,0.0,1,1
460,25,0.0,1,1
460,26,0.0,1,1
460,27,0.0,1,1
460,28,1.0,1,1
460,29,1.0,1,1
460,30,0.0,1,1
460,31,0.0,1,1
460,32,0.0,1,1
460,33,1.0,1,1
461,0,3.0,1,1
461,1,8.0,1,1
461,2,0.0,1,1
461,3,0.0,1,1
461,4,1.0,1,1
461,5,5.0,1,1
461,6,0.0,1,1
461,7,2.0,1,1
461,8,0.0,1,1
461,9,0.0,1,1
461,10,0.0,1,1
461,11,0.0,1,1
461,12,0.0,1,1
461,13,0.0,1,1
461,14,1.0,1,1
461,15,0.0,1,1
461,16,0.0,1,1
461,17,7.0,1,1
461,18,3.0,1,1
461,19,2.0,1,1
461,20,4.0,1,1
461,21,0.0,1,1
461,22,0.0,1,1
461,23,1.0,1,1
461,24,0.0,1,1
461,25,2.0,1,1
461,26,2.0,1,1
461,27,0.0,1,1
461,28,0.0,1,1
461,29,1.0,1,1
461,30,1.0,1,1
461,31,0.0,1,1
461,32,0.0,1,1
461,33,0.0,1,1
462,0,3.0,1,1
462,1,7.0,1,1
462,2,1.0,1,1
462,3,3.0,1,1
462,4,0.0,1,1
462,5,4.0,1,1
462,6,0.0,1,1
462,7,4.0,1,1
462,8,0.0,1,1
462,9,0.0,1,1
462,10,0.0,1,1
462,11,2.0,1,1
462,12,0.0,1,1
462,13,1.0,1,1
462,14,1.0,1,1
462,15,1.0,1,1
462,16,0.0,1,1
462,17,4.0,1,1
462,18,4.0,1,1
462,19,1.0,1,1
462,20,0.0,1,1
462,21,1.0,1,1
462,22,0.0,1,1
462,23,1.0,1,1
462,24,0.0,1,1
462,25,0.0,1,1
462,26,1.0,1,1
462,27,0.0,1,1
462,28,0.0,1,1
462,29,0.0,1,1
462,30,3.0,1,1
462,31,0.0,1,1
462,32,0.0,1,1
462,33,0.0,1,1
463,0,8.0,1,1
463,1,6.0,1,1
463,2,5.0,1,1
463,3,0.0,1,1
463,4,0.0,1,1
463,5,4.0,1,1
463,6,0.0,1,1
463,7,6.0,1,1
463,8,0.0,1,1
463,9,0.0,1,1
463,10,0.0,1,1
463,11,4.0,1,1
463,12,1.0,1,1
463,13,1.0,1,1
463,14,0.0,1,1
463,15,0.0,1,1
463,16,0.0,1,1
463,17,2.0,1,1
463,18,5.0,1,1
463,19,0.0,1,1
463,20,2.0,1,1
463,21,5.0,1,1
463,22,1.0,1,1
463,23,1.0,1,1
463,24,0.0,1,1
463,25,1.0,1,1
463,26,2.0,1,1
463,27,0.0,1,1
463,28,1.0,1,1
463,29,1.0,1,1
463,30,2.0,1,1
463,31,1.0,1,1
463,32,0.0,1,1
463,33,1.0,1,1
464,0,8.0,1,1
464,1,10.0,1,1
464,2,1.0,1,1
464,3,3.0,1,1
464,4,3.0,1,1
464,5,6.0,1,1
464,6,0.0,1,1
464,7,13.0,1,1
464,8,0.0,1,1
464,9,0.0,1,1
464,10,0.0,1,1
464,11,5.0,1,1
464,12,1.0,1,1
464,13,0.0,1,1
464,14,0.0,1,1
464,15,0.0,1,1
464,16,0.0,1,1
464,17,4.0,1,1
464,18,8.0,1,1
464,19,3.0,1,1
464,20,2.0,1,1
464,21,4.0,1,1
464,22,0.0,1,1
464,23,1.0,1,1
464,24,0.0,1,1
464,25,1.0,1,1
464,26,1.0,1,1
464,27,0.0,1,1
464,28,0.0,1,1
464,29,0.0,1,1
464,30,2.0,1,1
464,31,3.0,1,1
464,32,2.0,1,1
464,33,0.0,1,1
465,0,6.0,1,1
465,1,8.0,1,1
465,2,4.0,1,1
465,3,1.0,1,1
465,4,2.0,1,1
465,5,5.0,1,1
465,6,0.0,1,1
465,7,3.0,1,1
465,8,2.0,1,1
465,9,0.0,1,1
465,10,0.0,1,1
465,11,3.0,1,1
465,12,0.0,1,1
465,13,0.0,1,1
465,14,0.0,1,1
465,15,1.0,1,1
465,16,0.0,1,1
465,17,7.0,1,1
465,18,5.0,1,1
465,19,1.0,1,1
465,20,3.0,1,1
465,21,4.0,1,1
465,22,0.0,1,1
465,23,9.0,1,1
465,24,0.0,1,1
465,25,0.0,1,1
465,26,4.0,1,1
465,27,0.0,1,1
465,28,1.0,1,1
465,29,1.0,1,1
465,30,3.0,1,1
465,31,1.0,1,1
465,32,0.0,1,1
465,33,0.0,1,1
466,0,15.0,1,1
466,1,18.0,1,1
466,2,7.0,1,1
466,3,1.0,1,1
466,4,0.0,1,1
466,5,10.0,1,1
466,6,0.0,1,1
466,7,4.0,1,1
466,8,3.0,1,1
466,9,0.0,1,1
466,10,2.0,1,1
466,11,2.0,1,1
466,12,1.0,1,1
466,13,0.0,1,1
466,14,4.0,1,1
466,15,3.0,1,1
466,16,0.0,1,1
466,17,8.0,1,1
466,18,5.0,1,1
466,19,2.0,1,1
466,20,2.0,1,1
466,21,2.0,1,1
466,22,2.0,1,1
466,23,1.0,1,1
466,24,0.0,1,1
466,25,0.0,1,1
466,26,0.0,1,1
466,27,0.0,1,1
466,28,3.0,1,1
466,29,0.0,1,1
466,30,1.0,1,1
466,31,1.0,1,1
466,32,0.0,1,1
466,33,0.0,1,1
467,0,9.0,1,1
467,1,7.0,1,1
467,2,5.0,1,1
467,3,1.0,1,1
467,4,1.0,1,1
467,5,3.0,1,1
467,6,0.0,1,1
467,7,12.0,1,1
467,8,2.0,1,1
467,9,0.0,1,1
467,10,2.0,1,1
467,11,7.0,1,1
467,12,0.0,1,1
467,13,0.0,1,1
467,14,1.0,1,1
467,15,2.0,1,1
467,16,0.0,1,1
467,17,10.0,1,1
467,18,13.0,1,1
467,19,2.0,1,1
467,20,0.0,1,1
467,21,5.0,1,1
467,22,1.0,1,1
467,23,2.0,1,1
467,24,0.0,1,1
467,25,0.0,1,1
467,26,2.0,1,1
467,27,0.0,1,1
467,28,0.0,1,1
467,29,1.0,1,1
467,30,1.0,1,1
467,31,2.0,1,1
467,32,4.0,1,1
467,33,0.0,1,1
468,0,17.0,1,1
468,1,15.0,1,1
468,2,5.0,1,1
468,3,4.0,1,1
468,4,2.0,1,1
468,5,6.0,1,1
468,6,0.0,1,1
468,7,8.0,1,1
468,8,3.0,1,1
468,9,0.0,1,1
468,10,2.0,1,1
468,11,6.0,1,1
468,12,0.0,1,1
468,13,0.0,1,1
468,14,0.0,1,1
468,15,5.0,1,1
468,16,0.0,1,1
468,17,18.0,1,1
468,18,11.0,1,1
468,19,6.0,1,1
468,20,3.0,1,1
468,21,5.0,1,1
468,22,3.0,1,1
468,23,11.0,1,1
468,24,1.0,1,1
468,25,1.0,1,1
468,26,1.0,1,1
468,27,0.0,1,1
468,28,2.0,1,1
468,29,3.0,1,1
468,30,3.0,1,1
468,31,2.0,1,1
468,32,2.0,1,1
468,33,3.0,1,1
469,0,13.0,1,1
469,1,26.0,1,1
469,2,7.0,1,1
469,3,5.0,1,1
469,4,4.0,1,1
469,5,15.0,1,1
469,6,0.0,1,1
469,7,8.0,1,1
469,8,5.0,1,1
469,9,0.0,1,1
469,10,8.0,1,1
469,11,6.0,1,1
469,12,0.0,1,1
469,13,0.0,1,1
469,14,0.0,1,1
469,15,0.0,1,1
469,16,1.0,1,1
469,17,22.0,1,1
469,18,14.0,1,1
469,19,3.0,1,1
469,20,5.0,1,1
469,21,9.0,1,1
469,22,4.0,1,1
469,23,10.0,1,1
469,24,0.0,1,1
469,25,2.0,1,1
469,26,5.0,1,1
469,27,0.0,1,1
469,28,5.0,1,1
469,29,2.0,1,1
469,30,0.0,1,1
469,31,1.0,1,1
469,32,5.0,1,1
469,33,3.0,1,1
470,0,28.0,1,1
470,1,40.0,1,1
470,2,11.0,1,1
470,3,1.0,1,1
470,4,2.0,1,1
470,5,23.0,1,1
470,6,0.0,1,1
470,7,6.0,1,1
470,8,4.0,1,1
470,9,0.0,1,1
470,10,2.0,1,1
470,11,6.0,1,1
470,12,1.0,1,1
470,13,2.0,1,1
470,14,0.0,1,1
470,15,3.0,1,1
470,16,0.0,1,1
470,17,24.0,1,1
470,18,9.0,1,1
470,19,6.0,1,1
470,20,4.0,1,1
470,21,2.0,1,1
470,22,4.0,1,1
470,23,10.0,1,1
470,24,0.0,1,1
470,25,4.0,1,1
470,26,5.0,1,1
470,27,0.0,1,1
470,28,3.0,1,1
470,29,2.0,1,1
470,30,4.0,1,1
470,31,1.0,1,1
470,32,2.0,1,1
470,33,2.0,1,1
471,0,32.0,1,1
471,1,42.0,1,1
471,2,10.0,1,1
471,3,3.0,1,1
471,4,6.0,1,1
471,5,28.0,1,1
471,6,0.0,1,1
471,7,7.0,1,1
471,8,4.0,1,1
471,9,0.0,1,1
471,10,2.0,1,1
471,11,8.0,1,1
471,12,0.0,1,1
471,13,0.0,1,1
471,14,1.0,1,1
471,15,9.0,1,1
471,16,0.0,1,1
471,17,43.0,1,1
471,18,16.0,1,1
471,19,4.0,1,1
471,20,14.0,1,1
471,21,23.0,1,1
471,22,2.0,1,1
471,23,17.0,1,1
471,24,0.0,1,1
471,25,4.0,1,1
471,26,10.0,1,1
471,27,0.0,1,1
471,28,4.0,1,1
471,29,3.0,1,1
471,30,6.0,1,1
471,31,2.0,1,1
471,32,5.0,1,1
471,33,0.0,1,1
472,0,39.0,1,1
472,1,53.0,1,1
472,2,8.0,1,1
472,3,5.0,1,1
472,4,4.0,1,1
472,5,25.0,1,1
472,6,0.0,1,1
472,7,19.0,1,1
472,8,7.0,1,1
472,9,0.0,1,1
472,10,7.0,1,1
472,11,12.0,1,1
472,12,3.0,1,1
472,13,0.0,1,1
472,14,5.0,1,1
472,15,1.0,1,1
472,16,1.0,1,1
472,17,33.0,1,1
472,18,27.0,1,1
472,19,13.0,1,1
472,20,13.0,1,1
472,21,8.0,1,1
472,22,1.0,1,1
472,23,15.0,1,1
472,24,0.0,1,1
472,25,2.0,1,1
472,26,3.0,1,1
472,27,0.0,1,1
472,28,3.0,1,1
472,29,1.0,1,1
472,30,7.0,1,1
472,31,0.0,1,1
472,32,3.0,1,1
472,33,2.0,1,1
473,0,50.0,1,1
473,1,54.0,1,1
473,2,18.0,1,1
473,3,3.0,1,1
473,4,8.0,1,1
473,5,30.0,1,1
473,6,0.0,1,1
473,7,9.0,1,1
473,8,8.0,1,1
473,9,0.0,1,1
473,10,3.0,1,1
473,11,7.0,1,1
473,12,7.0,1,1
473,13,0.0,1,1
473,14,7.0,1,1
473,15,6.0,1,1
473,16,0.0,1,1
473,17,40.0,1,1
473,18,24.0,1,1
473,19,8.0,1,1
473,20,20.0,1,1
473,21,6.0,1,1
473,22,2.0,1,1
473,23,20.0,1,1
473,24,0.0,1,1
473,25,1.0,1,1
473,26,9.0,1,1
473,27,0.0,1,1
473,28,8.0,1,1
473,29,1.0,1,1
473,30,9.0,1,1
473,31,2.0,1,1
473,32,3.0,1,1
473,33,2.0,1,1
474,0,40.0,1,1
474,1,72.0,1,1
474,2,17.0,1,1
474,3,10.0,1,1
474,4,12.0,1,1
474,5,40.0,1,1
474,6,0.0,1,1
474,7,28.0,1,1
474,8,9.0,1,1
474,9,0.0,1,1
474,10,4.0,1,1
474,11,16.0,1,1
474,12,0.0,1,1
474,13,1.0,1,1
474,14,6.0,1,1
474,15,8.0,1,1
474,16,1.0,1,1
474,17,58.0,1,1
474,18,43.0,1,1
474,19,8.0,1,1
474,20,14.0,1,1
474,21,16.0,1,1
474,22,3.0,1,1
474,23,19.0,1,1
474,24,1.0,1,1
474,25,5.0,1,1
474,26,11.0,1,1
474,27,0.0,1,1
474,28,10.0,1,1
474,29,4.0,1,1
474,30,7.0,1,1
474,31,6.0,1,1
474,32,4.0,1,1
474,33,1.0,1,1
475,0,67.0,1,1
475,1,89.0,1,1
475,2,23.0,1,1
475,3,6.0,1,1
475,4,16.0,1,1
475,5,47.0,1,1
475,6,0.0,1,1
475,7,16.0,1,1
475,8,5.0,1,1
475,9,0.0,1,1
475,10,6.0,1,1
475,11,15.0,1,1
475,12,1.0,1,1
475,13,0.0,1,1
475,14,7.0,1,1
475,15,9.0,1,1
475,16,0.0,1,1
475,17,61.0,1,1
475,18,45.0,1,1
475,19,6.0,1,1
475,20,17.0,1,1
475,21,16.0,1,1
475,22,2.0,1,1
475,23,13.0,1,1
475,24,0.0,1,1
475,25,2.0,1,1
475,26,15.0,1,1
475,27,0.0,1,1
475,28,14.0,1,1
475,29,2.0,1,1
475,30,5.0,1,1
475,31,1.0,1,1
475,32,8.0,1,1
475,33,6.0,1,1
476,0,72.0,1,1
476,1,90.0,1,1
476,2,20.0,1,1
476,3,8.0,1,1
476,4,18.0,1,1
476,5,50.0,1,1
476,6,0.0,1,1
476,7,31.0,1,1
476,8,7.0,1,1
476,9,0.0,1,1
476,10,5.0,1,1
476,11,16.0,1,1
476,12,10.0,1,1
476,13,0.0,1,1
476,14,12.0,1,1
476,15,5.0,1,1
476,16,1.0,1,1
476,17,76.0,1,1
476,18,50.0,1,1
476,19,9.0,1,1
476,20,17.0,1,1
476,21,18.0,1,1
476,22,4.0,1,1
476,23,28.0,1,1
476,24,2.0,1,1
476,25,3.0,1,1
476,26,18.0,1,1
476,27,0.0,1,1
476,28,12.0,1,1
476,29,7.0,1,1
476,30,8.0,1,1
476,31,3.0,1,1
476,32,5.0,1,1
476,33,4.0,1,1
477,0,107.0,1,1
477,1,98.0,1,1
477,2,30.0,1,1
477,3,10.0,1,1
477,4,21.0,1,1
477,5,39.0,1,1
477,6,0.0,1,1
477,7,43.0,1,1
477,8,11.0,1,1
477,9,0.0,1,1
477,10,10.0,1,1
477,11,17.0,1,1
477,12,12.0,1,1
477,13,0.0,1,1
477,14,5.0,1,1
477,15,14.0,1,1
477,16,0.0,1,1
477,17,87.0,1,1
477,18,46.0,1,1
477,19,16.0,1,1
477,20,18.0,1,1
477,21,16.0,1,1
477,22,5.0,1,1
477,23,36.0,1,1
477,24,0.0,1,1
477,25,2.0,1,1
477,26,23.0,1,1
477,27,0.0,1,1
477,28,5.0,1,1
477,29,3.0,1,1
477,30,6.0,1,1
477,31,3.0,1,1
477,32,7.0,1,1
477,33,7.0,1,1
478,0,96.0,1,1
478,1,137.0,1,1
478,2,46.0,1,1
478,3,15.0,1,1
478,4,18.0,1,1
478,5,71.0,1,1
478,6,0.0,1,1
478,7,43.0,1,1
478,8,10.0,1,1
478,9,0.0,1,1
478,10,21.0,1,1
478,11,18.0,1,1
478,12,7.0,1,1
478,13,0.0,1,1
478,14,26.0,1,1
478,15,13.0,1,1
478,16,1.0,1,1
478,17,76.0,1,1
478,18,52.0,1,1
478,19,13.0,1,1
478,20,31.0,1,1
478,21,14.0,1,1
478,22,8.0,1,1
478,23,28.0,1,1
478,24,1.0,1,1
478,25,4.0,1,1
478,26,16.0,1,1
478,27,0.0,1,1
478,28,9.0,1,1
478,29,9.0,1,1
478,30,8.0,1,1
478,31,6.0,1,1
478,32,10.0,1,1
478,33,6.0,1,1
479,0,146.0,1,1
479,1,134.0,1,1
479,2,34.0,1,1
479,3,16.0,1,1
479,4,16.0,1,1
479,5,71.0,1,1
479,6,0.0,1,1
479,7,46.0,1,1
479,8,17.0,1,1
479,9,0.0,1,1
479,10,10.0,1,1
479,11,30.0,1,1
479,12,10.0,1,1
479,13,0.0,1,1
479,14,8.0,1,1
479,15,12.0,1,1
479,16,1.0,1,1
479,17,94.0,1,1
479,18,70.0,1,1
479,19,17.0,1,1
479,20,18.0,1,1
479,21,20.0,1,1
479,22,5.0,1,1
479,23,25.0,1,1
479,24,1.0,1,1
479,25,6.0,1,1
479,26,21.0,1,1
479,27,0.0,1,1
479,28,10.0,1,1
479,29,7.0,1,1
479,30,14.0,1,1
479,31,3.0,1,1
479,32,13.0,1,1
479,33,2.0,1,1
480,0,132.0,1,1
480,1,154.0,1,1
480,2,40.0,1,1
480,3,14.0,1,1
480,4,15.0,1,1
480,5,95.0,1,1
480,6,0.0,1,1
480,7,38.0,1,1
480,8,8.0,1,1
480,9,0.0,1,1
480,10,9.0,1,1
480,11,24.0,1,1
480,12,16.0,1,1
480,13,1.0,1,1
480,14,42.0,1,1
480,15,20.0,1,1
480,16,0.0,1,1
480,17,109.0,1,1
480,18,62.0,1,1
480,19,18.0,1,1
480,20,22.0,1,1
480,21,70.0,1,1
480,22,6.0,1,1
480,23,20.0,1,1
480,24,2.0,1,1
480,25,1.0,1,1
480,26,18.0,1,1
480,27,0.0,1,1
480,28,13.0,1,1
480,29,5.0,1,1
480,30,19.0,1,1
480,31,2.0,1,1
480,32,7.0,1,1
480,33,7.0,1,1
481,0,135.0,1,1
481,1,153.0,1,1
481,2,55.0,1,1
481,3,20.0,1,1
481,4,17.0,1,1
481,5,68.0,1,1
481,6,0.0,1,1
481,7,38.0,1,1
481,8,15.0,1,1
481,9,0.0,1,1
481,10,6.0,1,1
481,11,20.0,1,1
481,12,11.0,1,1
481,13,1.0,1,1
481,14,35.0,1,1
481,15,26.0,1,1
481,16,1.0,1,1
481,17,99.0,1,1
481,18,51.0,1,1
481,19,14.0,1,1
481,20,19.0,1,1
481,21,48.0,1,1
481,22,6.0,1,1
481,23,20.0,1,1
481,24,0.0,1,1
481,25,4.0,1,1
481,26,10.0,1,1
481,27,0.0,1,1
481,28,10.0,1,1
481,29,3.0,1,1
481,30,12.0,1,1
481,31,4.0,1,1
481,32,3.0,1,1
481,33,3.0,1,1
482,0,164.0,1,1
482,1,158.0,1,1
482,2,53.0,1,1
482,3,19.0,1,1
482,4,16.0,1,1
482,5,102.0,1,1
482,6,0.0,1,1
482,7,58.0,1,1
482,8,13.0,1,1
482,9,0.0,1,1
482,10,7.0,1,1
482,11,38.0,1,1
482,12,13.0,1,1
482,13,1.0,1,1
482,14,37.0,1,1
482,15,19.0,1,1
482,16,3.0,1,1
482,17,107.0,1,1
482,18,48.0,1,1
482,19,18.0,1,1
482,20,27.0,1,1
482,21,21.0,1,1
482,22,8.0,1,1
482,23,25.0,1,1
482,24,0.0,1,1
482,25,5.0,1,1
482,26,16.0,1,1
482,27,0.0,1,1
482,28,15.0,1,1
482,29,5.0,1,1
482,30,13.0,1,1
482,31,2.0,1,1
482,32,8.0,1,1
482,33,3.0,1,1
483,0,143.0,1,1
483,1,181.0,1,1
483,2,48.0,1,1
483,3,12.0,1,1
483,4,8.0,1,1
483,5,102.0,1,1
483,6,0.0,1,1
483,7,55.0,1,1
483,8,14.0,1,1
483,9,0.0,1,1
483,10,8.0,1,1
483,11,28.0,1,1
483,12,13.0,1,1
483,13,0.0,1,1
483,14,6.0,1,1
483,15,16.0,1,1
483,16,3.0,1,1
483,17,100.0,1,1
483,18,62.0,1,1
483,19,18.0,1,1
483,20,36.0,1,1
483,21,18.0,1,1
483,22,12.0,1,1
483,23,34.0,1,1
483,24,0.0,1,1
483,25,8.0,1,1
483,26,12.0,1,1
483,27,0.0,1,1
483,28,4.0,1,1
483,29,10.0,1,1
483,30,7.0,1,1
483,31,2.0,1,1
483,32,10.0,1,1
483,33,4.0,1,1
484,0,208.0,1,1
484,1,148.0,1,1
484,2,63.0,1,1
484,3,17.0,1,1
484,4,21.0,1,1
484,5,83.0,1,1
484,6,0.0,1,1
484,7,46.0,1,1
484,8,23.0,1,1
484,9,0.0,1,1
484,10,9.0,1,1
484,11,28.0,1,1
484,12,10.0,1,1
484,13,0.0,1,1
484,14,36.0,1,1
484,15,23.0,1,1
484,16,5.0,1,1
484,17,101.0,1,1
484,18,64.0,1,1
484,19,29.0,1,1
484,20,16.0,1,1
484,21,30.0,1,1
484,22,10.0,1,1
484,23,30.0,1,1
484,24,0.0,1,1
484,25,4.0,1,1
484,26,17.0,1,1
484,27,0.0,1,1
484,28,9.0,1,1
484,29,5.0,1,1
484,30,9.0,1,1
484,31,2.0,1,1
484,32,9.0,1,1
484,33,4.0,1,1
485,0,131.0,1,1
485,1,163.0,1,1
485,2,58.0,1,1
485,3,22.0,1,1
485,4,15.0,1,1
485,5,95.0,1,1
485,6,0.0,1,1
485,7,56.0,1,1
485,8,11.0,1,1
485,9,0.0,1,1
485,10,13.0,1,1
485,11,39.0,1,1
485,12,12.0,1,1
485,13,0.0,1,1
485,14,32.0,1,1
485,15,29.0,1,1
485,16,4.0,1,1
485,17,121.0,1,1
485,18,57.0,1,1
485,19,20.0,1,1
485,20,23.0,1,1
485,21,25.0,1,1
485,22,9.0,1,1
485,23,41.0,1,1
485,24,1.0,1,1
485,25,8.0,1,1
485,26,19.0,1,1
485,27,0.0,1,1
485,28,12.0,1,1
485,29,10.0,1,1
485,30,16.0,1,1
485,31,5.0,1,1
485,32,7.0,1,1
485,33,6.0,1,1
486,0,151.0,1,1
486,1,150.0,1,1
486,2,51.0,1,1
486,3,20.0,1,1
486,4,10.0,1,1
486,5,96.0,1,1
486,6,0.0,1,1
486,7,49.0,1,1
486,8,22.0,1,1
486,9,0.0,1,1
486,10,9.0,1,1
486,11,33.0,1,1
486,12,8.0,1,1
486,13,0.0,1,1
486,14,11.0,1,1
486,15,21.0,1,1
486,16,2.0,1,1
486,17,106.0,1,1
486,18,86.0,1,1
486,19,9.0,1,1
486,20,22.0,1,1
486,21,20.0,1,1
486,22,7.0,1,1
486,23,40.0,1,1
486,24,3.0,1,1
486,25,8.0,1,1
486,26,26.0,1,1
486,27,0.0,1,1
486,28,15.0,1,1
486,29,12.0,1,1
486,30,13.0,1,1
486,31,2.0,1,1
486,32,8.0,1,1
486,33,9.0,1,1
487,0,126.0,1,1
487,1,145.0,1,1
487,2,53.0,1,1
487,3,14.0,1,1
487,4,14.0,1,1
487,5,67.0,1,1
487,6,0.0,1,1
487,7,53.0,1,1
487,8,18.0,1,1
487,9,0.0,1,1
487,10,4.0,1,1
487,11,37.0,1,1
487,12,7.0,1,1
487,13,1.0,1,1
487,14,4.0,1,1
487,15,25.0,1,1
487,16,2.0,1,1
487,17,77.0,1,1
487,18,61.0,1,1
487,19,25.0,1,1
487,20,35.0,1,1
487,21,26.0,1,1
487,22,7.0,1,1
487,23,43.0,1,1
487,24,2.0,1,1
487,25,4.0,1,1
487,26,13.0,1,1
487,27,0.0,1,1
487,28,9.0,1,1
487,29,12.0,1,1
487,30,7.0,1,1
487,31,2.0,1,1
487,32,5.0,1,1
487,33,12.0,1,1
488,0,127.0,1,1
488,1,89.0,1,1
488,2,49.0,1,1
488,3,25.0,1,1
488,4,7.0,1,1
488,5,70.0,1,1
488,6,0.0,1,1
488,7,62.0,1,1
488,8,31.0,1,1
488,9,0.0,1,1
488,10,16.0,1,1
488,11,27.0,1,1
488,12,18.0,1,1
488,13,1.0,1,1
488,14,7.0,1,1
488,15,17.0,1,1
488,16,5.0,1,1
488,17,76.0,1,1
488,18,86.0,1,1
488,19,15.0,1,1
488,20,19.0,1,1
488,21,57.0,1,1
488,22,10.0,1,1
488,23,24.0,1,1
488,24,2.0,1,1
488,25,7.0,1,1
488,26,15.0,1,1
488,27,0.0,1,1
488,28,14.0,1,1
488,29,2.0,1,1
488,30,21.0,1,1
488,31,7.0,1,1
488,32,3.0,1,1
488,33,3.0,1,1
489,0,123.0,1,1
489,1,126.0,1,1
489,2,49.0,1,1
489,3,14.0,1,1
489,4,10.0,1,1
489,5,58.0,1,1
489,6,0.0,1,1
489,7,37.0,1,1
489,8,12.0,1,1
489,9,0.0,1,1
489,10,18.0,1,1
489,11,24.0,1,1
489,12,10.0,1,1
489,13,1.0,1,1
489,14,5.0,1,1
489,15,21.0,1,1
489,16,0.0,1,1
489,17,75.0,1,1
489,18,70.0,1,1
489,19,6.0,1,1
489,20,23.0,1,1
489,21,68.0,1,1
489,22,9.0,1,1
489,23,27.0,1,1
489,24,1.0,1,1
489,25,13.0,1,1
489,26,18.0,1,1
489,27,0.0,1,1
489,28,17.0,1,1
489,29,13.0,1,1
489,30,9.0,1,1
489,31,4.0,1,1
489,32,9.0,1,1
489,33,10.0,1,1
490,0,138.0,1,1
490,1,113.0,1,1
490,2,66.0,1,1
490,3,13.0,1,1
490,4,8.0,1,1
490,5,82.0,1,1
490,6,0.0,1,1
490,7,78.0,1,1
490,8,16.0,1,1
490,9,0.0,1,1
490,10,13.0,1,1
490,11,53.0,1,1
490,12,15.0,1,1
490,13,1.0,1,1
490,14,6.0,1,1
490,15,17.0,1,1
490,16,2.0,1,1
490,17,71.0,1,1
490,18,85.0,1,1
490,19,13.0,1,1
490,20,15.0,1,1
490,21,29.0,1,1
490,22,4.0,1,1
490,23,29.0,1,1
490,24,0.0,1,1
490,25,6.0,1,1
490,26,15.0,1,1
490,27,0.0,1,1
490,28,18.0,1,1
490,29,12.0,1,1
490,30,21.0,1,1
490,31,7.0,1,1
490,32,13.0,1,1
490,33,8.0,1,1
491,0,116.0,1,1
491,1,118.0,1,1
491,2,57.0,1,1
491,3,16.0,1,1
491,4,10.0,1,1
491,5,63.0,1,1
491,6,0.0,1,1
491,7,73.0,1,1
491,8,22.0,1,1
491,9,0.0,1,1
491,10,12.0,1,1
491,11,47.0,1,1
491,12,11.0,1,1
491,13,1.0,1,1
491,14,8.0,1,1
491,15,18.0,1,1
491,16,4.0,1,1
491,17,90.0,1,1
491,18,88.0,1,1
491,19,17.0,1,1
491,20,23.0,1,1
491,21,26.0,1,1
491,22,6.0,1,1
491,23,39.0,1,1
491,24,5.0,1,1
491,25,6.0,1,1
491,26,18.0,1,1
491,27,0.0,1,1
491,28,14.0,1,1
491,29,10.0,1,1
491,30,20.0,1,1
491,31,1.0,1,1
491,32,7.0,1,1
491,33,10.0,1,1
492,0,143.0,1,1
492,1,96.0,1,1
492,2,50.0,1,1
492,3,19.0,1,1
492,4,14.0,1,1
492,5,73.0,1,1
492,6,0.0,1,1
492,7,67.0,1,1
492,8,25.0,1,1
492,9,0.0,1,1
492,10,11.0,1,1
492,11,41.0,1,1
492,12,42.0,1,1
492,13,0.0,1,1
492,14,9.0,1,1
492,15,17.0,1,1
492,16,8.0,1,1
492,17,82.0,1,1
492,18,83.0,1,1
492,19,30.0,1,1
492,20,18.0,1,1
492,21,35.0,1,1
492,22,12.0,1,1
492,23,44.0,1,1
492,24,2.0,1,1
492,25,10.0,1,1
492,26,19.0,1,1
492,27,0.0,1,1
492,28,13.0,1,1
492,29,5.0,1,1
492,30,13.0,1,1
492,31,5.0,1,1
492,32,5.0,1,1
492,33,10.0,1,1
493,0,89.0,1,1
493,1,119.0,1,1
493,2,64.0,1,1
493,3,23.0,1,1
493,4,16.0,1,1
493,5,68.0,1,1
493,6,0.0,1,1
493,7,67.0,1,1
493,8,12.0,1,1
493,9,0.0,1,1
493,10,19.0,1,1
493,11,37.0,1,1
493,12,7.0,1,1
493,13,0.0,1,1
493,14,14.0,1,1
493,15,25.0,1,1
493,16,3.0,1,1
493,17,90.0,1,1
493,18,80.0,1,1
493,19,20.0,1,1
493,20,21.0,1,1
493,21,31.0,1,1
493,22,10.0,1,1
493,23,39.0,1,1
493,24,4.0,1,1
493,25,9.0,1,1
493,26,21.0,1,1
493,27,0.0,1,1
493,28,16.0,1,1
493,29,17.0,1,1
493,30,8.0,1,1
493,31,9.0,1,1
493,32,4.0,1,1
493,33,9.0,1,1
494,0,96.0,1,1
494,1,109.0,1,1
494,2,49.0,1,1
494,3,28.0,1,1
494,4,12.0,1,1
494,5,64.0,1,1
494,6,0.0,1,1
494,7,60.0,1,1
494,8,16.0,1,1
494,9,0.0,1,1
494,10,13.0,1,1
494,11,42.0,1,1
494,12,17.0,1,1
494,13,0.0,1,1
494,14,11.0,1,1
494,15,23.0,1,1
494,16,3.0,1,1
494,17,69.0,1,1
494,18,71.0,1,1
494,19,13.0,1,1
494,20,21.0,1,1
494,21,23.0,1,1
494,22,5.0,1,1
494,23,37.0,1,1
494,24,0.0,1,1
494,25,9.0,1,1
494,26,17.0,1,1
494,27,0.0,1,1
494,28,17.0,1,1
494,29,12.0,1,1
494,30,17.0,1,1
494,31,0.0,1,1
494,32,10.0,1,1
494,33,19.0,1,1
495,0,125.0,1,1
495,1,122.0,1,1
495,2,59.0,1,1
495,3,65.0,1,1
495,4,10.0,1,1
495,5,77.0,1,1
495,6,0.0,1,1
495,7,76.0,1,1
495,8,15.0,1,1
495,9,0.0,1,1
495,10,12.0,1,1
495,11,40.0,1,1
495,12,11.0,1,1
495,13,0.0,1,1
495,14,17.0,1,1
495,15,22.0,1,1
495,16,3.0,1,1
495,17,88.0,1,1
495,18,74.0,1,1
495,19,17.0,1,1
495,20,31.0,1,1
495,21,47.0,1,1
495,22,4.0,1,1
495,23,43.0,1,1
495,24,0.0,1,1
495,25,9.0,1,1
495,26,20.0,1,1
495,27,0.0,1,1
495,28,23.0,1,1
495,29,13.0,1,1
495,30,19.0,1,1
495,31,1.0,1,1
495,32,10.0,1,1
495,33,14.0,1,1
496,0,126.0,1,1
496,1,112.0,1,1
496,2,78.0,1,1
496,3,23.0,1,1
496,4,10.0,1,1
496,5,82.0,1,1
496,6,0.0,1,1
496,7,86.0,1,1
496,8,14.0,1,1
496,9,0.0,1,1
496,10,12.0,1,1
496,11,54.0,1,1
496,12,42.0,1,1
496,13,0.0,1,1
496,14,9.0,1,1
496,15,17.0,1,1
496,16,3.0,1,1
496,17,82.0,1,1
496,18,84.0,1,1
496,19,16.0,1,1
496,20,20.0,1,1
496,21,36.0,1,1
496,22,9.0,1,1
496,23,35.0,1,1
496,24,2.0,1,1
496,25,12.0,1,1
496,26,22.0,1,1
496,27,0.0,1,1
496,28,22.0,1,1
496,29,9.0,1,1
496,30,13.0,1,1
496,31,0.0,1,1
496,32,8.0,1,1
496,33,12.0,1,1
497,0,115.0,1,1
497,1,112.0,1,1
497,2,78.0,1,1
497,3,18.0,1,1
497,4,20.0,1,1
497,5,76.0,1,1
497,6,0.0,1,1
497,7,87.0,1,1
497,8,17.0,1,1
497,9,0.0,1,1
497,10,17.0,1,1
497,11,58.0,1,1
497,12,6.0,1,1
497,13,0.0,1,1
497,14,7.0,1,1
497,15,24.0,1,1
497,16,1.0,1,1
497,17,97.0,1,1
497,18,99.0,1,1
497,19,14.0,1,1
497,20,17.0,1,1
497,21,31.0,1,1
497,22,13.0,1,1
497,23,40.0,1,1
497,24,3.0,1,1
497,25,16.0,1,1
497,26,18.0,1,1
497,27,0.0,1,1
497,28,21.0,1,1
497,29,18.0,1,1
497,30,18.0,1,1
497,31,2.0,1,1
497,32,10.0,1,1
497,33,15.0,1,1
498,0,125.0,1,1
498,1,111.0,1,1
498,2,74.0,1,1
498,3,24.0,1,1
498,4,22.0,1,1
498,5,82.0,1,1
498,6,0.0,1,1
498,7,72.0,1,1
498,8,24.0,1,1
498,9,0.0,1,1
498,10,14.0,1,1
498,11,45.0,1,1
498,12,13.0,1,1
498,13,0.0,1,1
498,14,6.0,1,1
498,15,17.0,1,1
498,16,5.0,1,1
498,17,76.0,1,1
498,18,89.0,1,1
498,19,22.0,1,1
498,20,31.0,1,1
498,21,30.0,1,1
498,22,10.0,1,1
498,23,30.0,1,1
498,24,1.0,1,1
498,25,11.0,1,1
498,26,21.0,1,1
498,27,0.0,1,1
498,28,19.0,1,1
498,29,12.0,1,1
498,30,17.0,1,1
498,31,6.0,1,1
498,32,8.0,1,1
498,33,13.0,1,1
499,0,107.0,1,1
499,1,130.0,1,1
499,2,63.0,1,1
499,3,19.0,1,1
499,4,11.0,1,1
499,5,74.0,1,1
499,6,0.0,1,1
499,7,84.0,1,1
499,8,23.0,1,1
499,9,0.0,1,1
499,10,12.0,1,1
499,11,53.0,1,1
499,12,12.0,1,1
499,13,0.0,1,1
499,14,9.0,1,1
499,15,23.0,1,1
499,16,11.0,1,1
499,17,76.0,1,1
499,18,104.0,1,1
499,19,20.0,1,1
499,20,35.0,1,1
499,21,36.0,1,1
499,22,8.0,1,1
499,23,45.0,1,1
499,24,2.0,1,1
499,25,13.0,1,1
499,26,16.0,1,1
499,27,0.0,1,1
499,28,16.0,1,1
499,29,18.0,1,1
499,30,17.0,1,1
499,31,7.0,1,1
499,32,16.0,1,1
499,33,12.0,1,1
500,0,142.0,1,1
500,1,126.0,1,1
500,2,81.0,1,1
500,3,23.0,1,1
500,4,14.0,1,1
500,5,78.0,1,1
500,6,0.0,1,1
500,7,81.0,1,1
500,8,24.0,1,1
500,9,0.0,1,1
500,10,13.0,1,1
500,11,51.0,1,1
500,12,115.0,1,1
500,13,0.0,1,1
500,14,11.0,1,1
500,15,22.0,1,1
500,16,2.0,1,1
500,17,107.0,1,1
500,18,110.0,1,1
500,19,14.0,1,1
500,20,28.0,1,1
500,21,39.0,1,1
500,22,9.0,1,1
500,23,48.0,1,1
500,24,1.0,1,1
500,25,8.0,1,1
500,26,21.0,1,1
500,27,0.0,1,1
500,28,23.0,1,1
500,29,8.0,1,1
500,30,22.0,1,1
500,31,3.0,1,1
500,32,22.0,1,1
500,33,17.0,1,1
501,0,109.0,1,1
501,1,124.0,1,1
501,2,63.0,1,1
501,3,32.0,1,1
501,4,24.0,1,1
501,5,87.0,1,1
501,6,0.0,1,1
501,7,79.0,1,1
501,8,18.0,1,1
501,9,0.0,1,1
501,10,19.0,1,1
501,11,54.0,1,1
501,12,7.0,1,1
501,13,1.0,1,1
501,14,13.0,1,1
501,15,33.0,1,1
501,16,8.0,1,1
501,17,101.0,1,1
501,18,120.0,1,1
501,19,36.0,1,1
501,20,24.0,1,1
501,21,45.0,1,1
501,22,13.0,1,1
501,23,40.0,1,1
501,24,2.0,1,1
501,25,19.0,1,1
501,26,36.0,1,1
501,27,0.0,1,1
501,28,20.0,1,1
501,29,18.0,1,1
501,30,23.0,1,1
501,31,9.0,1,1
501,32,9.0,1,1
501,33,15.0,1,1
502,0,144.0,1,1
502,1,139.0,1,1
502,2,82.0,1,1
502,3,30.0,1,1
502,4,14.0,1,1
502,5,103.0,1,1
502,6,0.0,1,1
502,7,69.0,1,1
502,8,26.0,1,1
502,9,0.0,1,1
502,10,14.0,1,1
502,11,53.0,1,1
502,12,35.0,1,1
502,13,0.0,1,1
502,14,9.0,1,1
502,15,25.0,1,1
502,16,10.0,1,1
502,17,111.0,1,1
502,18,110.0,1,1
502,19,39.0,1,1
502,20,43.0,1,1
502,21,46.0,1,1
502,22,15.0,1,1
502,23,48.0,1,1
502,24,3.0,1,1
502,25,10.0,1,1
502,26,27.0,1,1
502,27,0.0,1,1
502,28,18.0,1,1
502,29,21.0,1,1
502,30,23.0,1,1
502,31,4.0,1,1
502,32,14.0,1,1
502,33,20.0,1,1
503,0,120.0,1,1
503,1,137.0,1,1
503,2,66.0,1,1
503,3,20.0,1,1
503,4,20.0,1,1
503,5,96.0,1,1
503,6,0.0,1,1
503,7,87.0,1,1
503,8,30.0,1,1
503,9,0.0,1,1
503,10,9.0,1,1
503,11,56.0,1,1
503,12,10.0,1,1
503,13,1.0,1,1
503,14,7.0,1,1
503,15,27.0,1,1
503,16,7.0,1,1
503,17,132.0,1,1
503,18,92.0,1,1
503,19,29.0,1,1
503,20,40.0,1,1
503,21,44.0,1,1
503,22,8.0,1,1
503,23,64.0,1,1
503,24,1.0,1,1
503,25,14.0,1,1
503,26,37.0,1,1
503,27,0.0,1,1
503,28,16.0,1,1
503,29,19.0,1,1
503,30,22.0,1,1
503,31,11.0,1,1
503,32,15.0,1,1
503,33,16.0,1,1
504,0,138.0,1,1
504,1,143.0,1,1
504,2,74.0,1,1
504,3,28.0,1,1
504,4,26.0,1,1
504,5,102.0,1,1
504,6,0.0,1,1
504,7,89.0,1,1
504,8,23.0,1,1
504,9,0.0,1,1
504,10,16.0,1,1
504,11,51.0,1,1
504,12,18.0,1,1
504,13,1.0,1,1
504,14,10.0,1,1
504,15,25.0,1,1
504,16,6.0,1,1
504,17,125.0,1,1
504,18,124.0,1,1
504,19,25.0,1,1
504,20,23.0,1,1
504,21,61.0,1,1
504,22,18.0,1,1
504,23,52.0,1,1
504,24,3.0,1,1
504,25,11.0,1,1
504,26,25.0,1,1
504,27,0.0,1,1
504,28,24.0,1,1
504,29,22.0,1,1
504,30,25.0,1,1
504,31,5.0,1,1
504,32,11.0,1,1
504,33,15.0,1,1
505,0,118.0,1,1
505,1,136.0,1,1
505,2,68.0,1,1
505,3,24.0,1,1
505,4,24.0,1,1
505,5,92.0,1,1
505,6,0.0,1,1
505,7,88.0,1,1
505,8,25.0,1,1
505,9,0.0,1,1
505,10,14.0,1,1
505,11,54.0,1,1
505,12,13.0,1,1
505,13,0.0,1,1
505,14,13.0,1,1
505,15,23.0,1,1
505,16,8.0,1,1
505,17,135.0,1,1
505,18,131.0,1,1
505,19,43.0,1,1
505,20,31.0,1,1
505,21,61.0,1,1
505,22,11.0,1,1
505,23,46.0,1,1
505,24,2.0,1,1
505,25,11.0,1,1
505,26,24.0,1,1
505,27,0.0,1,1
505,28,24.0,1,1
505,29,22.0,1,1
505,30,30.0,1,1
505,31,7.0,1,1
505,32,14.0,1,1
505,33,21.0,1,1
506,0,149.0,1,1
506,1,130.0,1,1
506,2,98.0,1,1
506,3,22.0,1,1
506,4,17.0,1,1
506,5,88.0,1,1
506,6,0.0,1,1
506,7,88.0,1,1
506,8,30.0,1,1
506,9,0.0,1,1
506,10,15.0,1,1
506,11,61.0,1,1
506,12,9.0,1,1
506,13,1.0,1,1
506,14,13.0,1,1
506,15,31.0,1,1
506,16,1.0,1,1
506,17,137.0,1,1
506,18,139.0,1,1
506,19,31.0,1,1
506,20,36.0,1,1
506,21,50.0,1,1
506,22,9.0,1,1
506,23,49.0,1,1
506,24,3.0,1,1
506,25,6.0,1,1
506,26,28.0,1,1
506,27,0.0,1,1
506,28,34.0,1,1
506,29,22.0,1,1
506,30,28.0,1,1
506,31,8.0,1,1
506,32,15.0,1,1
506,33,23.0,1,1
507,0,141.0,1,1
507,1,150.0,1,1
507,2,78.0,1,1
507,3,31.0,1,1
507,4,25.0,1,1
507,5,87.0,1,1
507,6,0.0,1,1
507,7,87.0,1,1
507,8,29.0,1,1
507,9,0.0,1,1
507,10,13.0,1,1
507,11,75.0,1,1
507,12,8.0,1,1
507,13,1.0,1,1
507,14,8.0,1,1
507,15,22.0,1,1
507,16,8.0,1,1
507,17,130.0,1,1
507,18,130.0,1,1
507,19,34.0,1,1
507,20,46.0,1,1
507,21,49.0,1,1
507,22,13.0,1,1
507,23,56.0,1,1
507,24,2.0,1,1
507,25,20.0,1,1
507,26,22.0,1,1
507,27,0.0,1,1
507,28,19.0,1,1
507,29,16.0,1,1
507,30,28.0,1,1
507,31,15.0,1,1
507,32,12.0,1,1
507,33,18.0,1,1
508,0,154.0,1,1
508,1,164.0,1,1
508,2,91.0,1,1
508,3,29.0,1,1
508,4,17.0,1,1
508,5,113.0,1,1
508,6,0.0,1,1
508,7,106.0,1,1
508,8,24.0,1,1
508,9,0.0,1,1
508,10,17.0,1,1
508,11,71.0,1,1
508,12,8.0,1,1
508,13,1.0,1,1
508,14,8.0,1,1
508,15,23.0,1,1
508,16,5.0,1,1
508,17,147.0,1,1
508,18,127.0,1,1
508,19,42.0,1,1
508,20,36.0,1,1
508,21,52.0,1,1
508,22,14.0,1,1
508,23,61.0,1,1
508,24,4.0,1,1
508,25,13.0,1,1
508,26,29.0,1,1
508,27,0.0,1,1
508,28,41.0,1,1
508,29,16.0,1,1
508,30,35.0,1,1
508,31,12.0,1,1
508,32,14.0,1,1
508,33,26.0,1,1
509,0,165.0,1,1
509,1,168.0,1,1
509,2,80.0,1,1
509,3,44.0,1,1
509,4,27.0,1,1
509,5,118.0,1,1
509,6,0.0,1,1
509,7,121.0,1,1
509,8,23.0,1,1
509,9,0.0,1,1
509,10,20.0,1,1
509,11,77.0,1,1
509,12,9.0,1,1
509,13,0.0,1,1
509,14,7.0,1,1
509,15,26.0,1,1
509,16,7.0,1,1
509,17,129.0,1,1
509,18,133.0,1,1
509,19,34.0,1,1
509,20,46.0,1,1
509,21,43.0,1,1
509,22,7.0,1,1
509,23,57.0,1,1
509,24,7.0,1,1
509,25,8.0,1,1
509,26,26.0,1,1
509,27,0.0,1,1
509,28,34.0,1,1
509,29,15.0,1,1
509,30,27.0,1,1
509,31,15.0,1,1
509,32,16.0,1,1
509,33,24.0,1,1
510,0,176.0,1,1
510,1,140.0,1,1
510,2,91.0,1,1
510,3,28.0,1,1
510,4,14.0,1,1
510,5,101.0,1,1
510,6,0.0,1,1
510,7,95.0,1,1
510,8,27.0,1,1
510,9,0.0,1,1
510,10,9.0,1,1
510,11,58.0,1,1
510,12,11.0,1,1
510,13,0.0,1,1
510,14,6.0,1,1
510,15,13.0,1,1
510,16,9.0,1,1
510,17,169.0,1,1
510,18,141.0,1,1
510,19,39.0,1,1
510,20,52.0,1,1
510,21,57.0,1,1
510,22,10.0,1,1
510,23,61.0,1,1
510,24,4.0,1,1
510,25,16.0,1,1
510,26,30.0,1,1
510,27,0.0,1,1
510,28,26.0,1,1
510,29,17.0,1,1
510,30,34.0,1,1
510,31,7.0,1,1
510,32,15.0,1,1
510,33,10.0,1,1
511,0,165.0,1,1
511,1,171.0,1,1
511,2,91.0,1,1
511,3,77.0,1,1
511,4,21.0,1,1
511,5,121.0,1,1
511,6,0.0,1,1
511,7,85.0,1,1
511,8,19.0,1,1
511,9,0.0,1,1
511,10,15.0,1,1
511,11,65.0,1,1
511,12,10.0,1,1
511,13,1.0,1,1
511,14,7.0,1,1
511,15,15.0,1,1
511,16,7.0,1,1
511,17,124.0,1,1
511,18,114.0,1,1
511,19,28.0,1,1
511,20,42.0,1,1
511,21,36.0,1,1
511,22,8.0,1,1
511,23,53.0,1,1
511,24,6.0,1,1
511,25,14.0,1,1
511,26,29.0,1,1
511,27,0.0,1,1
511,28,34.0,1,1
511,29,16.0,1,1
511,30,24.0,1,1
511,31,12.0,1,1
511,32,18.0,1,1
511,33,13.0,1,1
512,0,158.0,1,1
512,1,140.0,1,1
512,2,98.0,1,1
512,3,42.0,1,1
512,4,20.0,1,1
512,5,79.0,1,1
512,6,0.0,1,1
512,7,105.0,1,1
512,8,25.0,1,1
512,9,0.0,1,1
512,10,11.0,1,1
512,11,69.0,1,1
512,12,21.0,1,1
512,13,1.0,1,1
512,14,5.0,1,1
512,15,22.0,1,1
512,16,5.0,1,1
512,17,120.0,1,1
512,18,129.0,1,1
512,19,40.0,1,1
512,20,36.0,1,1
512,21,68.0,1,1
512,22,15.0,1,1
512,23,53.0,1,1
512,24,1.0,1,1
512,25,14.0,1,1
512,26,29.0,1,1
512,27,0.0,1,1
512,28,22.0,1,1
512,29,16.0,1,1
512,30,30.0,1,1
512,31,7.0,1,1
512,32,17.0,1,1
512,33,21.0,1,1
513,0,168.0,1,1
513,1,184.0,1,1
513,2,90.0,1,1
513,3,20.0,1,1
513,4,30.0,1,1
513,5,102.0,1,1
513,6,0.0,1,1
513,7,99.0,1,1
513,8,24.0,1,1
513,9,0.0,1,1
513,10,11.0,1,1
513,11,53.0,1,1
513,12,9.0,1,1
513,13,1.0,1,1
513,14,6.0,1,1
513,15,26.0,1,1
513,16,9.0,1,1
513,17,127.0,1,1
513,18,127.0,1,1
513,19,31.0,1,1
513,20,46.0,1,1
513,21,48.0,1,1
513,22,25.0,1,1
513,23,63.0,1,1
513,24,1.0,1,1
513,25,13.0,1,1
513,26,33.0,1,1
513,27,0.0,1,1
513,28,23.0,1,1
513,29,29.0,1,1
513,30,34.0,1,1
513,31,15.0,1,1
513,32,17.0,1,1
513,33,13.0,1,1
514,0,173.0,1,1
514,1,171.0,1,1
514,2,75.0,1,1
514,3,42.0,1,1
514,4,38.0,1,1
514,5,109.0,1,1
514,6,0.0,1,1
514,7,109.0,1,1
514,8,26.0,1,1
514,9,0.0,1,1
514,10,17.0,1,1
514,11,64.0,1,1
514,12,18.0,1,1
514,13,0.0,1,1
514,14,10.0,1,1
514,15,33.0,1,1
514,16,3.0,1,1
514,17,121.0,1,1
514,18,159.0,1,1
514,19,30.0,1,1
514,20,50.0,1,1
514,21,78.0,1,1
514,22,21.0,1,1
514,23,63.0,1,1
514,24,1.0,1,1
514,25,15.0,1,1
514,26,28.0,1,1
514,27,0.0,1,1
514,28,26.0,1,1
514,29,20.0,1,1
514,30,30.0,1,1
514,31,7.0,1,1
514,32,9.0,1,1
514,33,24.0,1,1
515,0,159.0,1,1
515,1,134.0,1,1
515,2,100.0,1,1
515,3,26.0,1,1
515,4,23.0,1,1
515,5,99.0,1,1
515,6,0.0,1,1
515,7,121.0,1,1
515,8,22.0,1,1
515,9,0.0,1,1
515,10,11.0,1,1
515,11,89.0,1,1
515,12,10.0,1,1
515,13,0.0,1,1
515,14,15.0,1,1
515,15,26.0,1,1
515,16,9.0,1,1
515,17,120.0,1,1
515,18,157.0,1,1
515,19,40.0,1,1
515,20,52.0,1,1
515,21,70.0,1,1
515,22,16.0,1,1
515,23,65.0,1,1
515,24,5.0,1,1
515,25,18.0,1,1
515,26,22.0,1,1
515,27,0.0,1,1
515,28,39.0,1,1
515,29,16.0,1,1
515,30,30.0,1,1
515,31,3.0,1,1
515,32,16.0,1,1
515,33,22.0,1,1
516,0,165.0,1,1
516,1,165.0,1,1
516,2,83.0,1,1
516,3,37.0,1,1
516,4,22.0,1,1
516,5,98.0,1,1
516,6,0.0,1,1
516,7,102.0,1,1
516,8,22.0,1,1
516,9,0.0,1,1
516,10,15.0,1,1
516,11,70.0,1,1
516,12,17.0,1,1
516,13,0.0,1,1
516,14,19.0,1,1
516,15,29.0,1,1
516,16,6.0,1,1
516,17,117.0,1,1
516,18,157.0,1,1
516,19,41.0,1,1
516,20,56.0,1,1
516,21,56.0,1,1
516,22,10.0,1,1
516,23,58.0,1,1
516,24,1.0,1,1
516,25,17.0,1,1
516,26,25.0,1,1
516,27,0.0,1,1
516,28,23.0,1,1
516,29,16.0,1,1
516,30,36.0,1,1
516,31,2.0,1,1
516,32,18.0,1,1
516,33,13.0,1,1
517,0,153.0,1,1
517,1,140.0,1,1
517,2,95.0,1,1
517,3,21.0,1,1
517,4,34.0,1,1
517,5,100.0,1,1
517,6,0.0,1,1
517,7,102.0,1,1
517,8,24.0,1,1
517,9,0.0,1,1
517,10,12.0,1,1
517,11,72.0,1,1
517,12,16.0,1,1
517,13,0.0,1,1
517,14,14.0,1,1
517,15,31.0,1,1
517,16,4.0,1,1
517,17,122.0,1,1
517,18,126.0,1,1
517,19,30.0,1,1
517,20,60.0,1,1
517,21,53.0,1,1
517,22,12.0,1,1
517,23,59.0,1,1
517,24,1.0,1,1
517,25,9.0,1,1
517,26,28.0,1,1
517,27,0.0,1,1
517,28,26.0,1,1
517,29,19.0,1,1
517,30,28.0,1,1
517,31,14.0,1,1
517,32,21.0,1,1
517,33,19.0,1,1
518,0,119.0,1,1
518,1,147.0,1,1
518,2,91.0,1,1
518,3,28.0,1,1
518,4,25.0,1,1
518,5,90.0,1,1
518,6,0.0,1,1
518,7,95.0,1,1
518,8,26.0,1,1
518,9,0.0,1,1
518,10,12.0,1,1
518,11,73.0,1,1
518,12,8.0,1,1
518,13,0.0,1,1
518,14,7.0,1,1
518,15,31.0,1,1
518,16,5.0,1,1
518,17,128.0,1,1
518,18,147.0,1,1
518,19,34.0,1,1
518,20,40.0,1,1
518,21,58.0,1,1
518,22,20.0,1,1
518,23,48.0,1,1
518,24,2.0,1,1
518,25,27.0,1,1
518,26,25.0,1,1
518,27,0.0,1,1
518,28,24.0,1,1
518,29,14.0,1,1
518,30,34.0,1,1
518,31,8.0,1,1
518,32,17.0,1,1
518,33,12.0,1,1
519,0,105.0,1,1
519,1,151.0,1,1
519,2,82.0,1,1
519,3,39.0,1,1
519,4,23.0,1,1
519,5,100.0,1,1
519,6,0.0,1,1
519,7,113.0,1,1
519,8,30.0,1,1
519,9,0.0,1,1
519,10,15.0,1,1
519,11,72.0,1,1
519,12,8.0,1,1
519,13,0.0,1,1
519,14,8.0,1,1
519,15,36.0,1,1
519,16,1.0,1,1
519,17,111.0,1,1
519,18,142.0,1,1
519,19,25.0,1,1
519,20,28.0,1,1
519,21,64.0,1,1
519,22,13.0,1,1
519,23,51.0,1,1
519,24,4.0,1,1
519,25,24.0,1,1
519,26,42.0,1,1
519,27,0.0,1,1
519,28,27.0,1,1
519,29,20.0,1,1
519,30,23.0,1,1
519,31,8.0,1,1
519,32,20.0,1,1
519,33,17.0,1,1
520,0,142.0,1,1
520,1,144.0,1,1
520,2,90.0,1,1
520,3,42.0,1,1
520,4,22.0,1,1
520,5,116.0,1,1
520,6,0.0,1,1
520,7,113.0,1,1
520,8,31.0,1,1
520,9,0.0,1,1
520,10,13.0,1,1
520,11,93.0,1,1
520,12,15.0,1,1
520,13,1.0,1,1
520,14,13.0,1,1
520,15,37.0,1,1
520,16,3.0,1,1
520,17,117.0,1,1
520,18,175.0,1,1
520,19,26.0,1,1
520,20,45.0,1,1
520,21,51.0,1,1
520,22,12.0,1,1
520,23,52.0,1,1
520,24,3.0,1,1
520,25,14.0,1,1
520,26,25.0,1,1
520,27,0.0,1,1
520,28,19.0,1,1
520,29,18.0,1,1
520,30,24.0,1,1
520,31,11.0,1,1
520,32,19.0,1,1
520,33,13.0,1,1
521,0,184.0,1,1
521,1,140.0,1,1
521,2,98.0,1,1
521,3,29.0,1,1
521,4,21.0,1,1
521,5,97.0,1,1
521,6,0.0,1,1
521,7,123.0,1,1
521,8,24.0,1,1
521,9,0.0,1,1
521,10,18.0,1,1
521,11,76.0,1,1
521,12,13.0,1,1
521,13,1.0,1,1
521,14,15.0,1,1
521,15,35.0,1,1
521,16,10.0,1,1
521,17,93.0,1,1
521,18,142.0,1,1
521,19,43.0,1,1
521,20,39.0,1,1
521,21,56.0,1,1
521,22,11.0,1,1
521,23,59.0,1,1
521,24,6.0,1,1
521,25,11.0,1,1
521,26,27.0,1,1
521,27,0.0,1,1
521,28,32.0,1,1
521,29,16.0,1,1
521,30,23.0,1,1
521,31,7.0,1,1
521,32,19.0,1,1
521,33,11.0,1,1
522,0,155.0,1,1
522,1,100.0,1,1
522,2,97.0,1,1
522,3,34.0,1,1
522,4,24.0,1,1
522,5,59.0,1,1
522,6,0.0,1,1
522,7,95.0,1,1
522,8,26.0,1,1
522,9,0.0,1,1
522,10,13.0,1,1
522,11,83.0,1,1
522,12,11.0,1,1
522,13,1.0,1,1
522,14,13.0,1,1
522,15,35.0,1,1
522,16,4.0,1,1
522,17,91.0,1,1
522,18,131.0,1,1
522,19,43.0,1,1
522,20,44.0,1,1
522,21,49.0,1,1
522,22,6.0,1,1
522,23,50.0,1,1
522,24,3.0,1,1
522,25,17.0,1,1
522,26,30.0,1,1
522,27,0.0,1,1
522,28,23.0,1,1
522,29,21.0,1,1
522,30,28.0,1,1
522,31,9.0,1,1
522,32,20.0,1,1
522,33,12.0,1,1
523,0,129.0,1,1
523,1,147.0,1,1
523,2,90.0,1,1
523,3,38.0,1,1
523,4,20.0,1,1
523,5,105.0,1,1
523,6,0.0,1,1
523,7,110.0,1,1
523,8,28.0,1,1
523,9,0.0,1,1
523,10,9.0,1,1
523,11,67.0,1,1
523,12,11.0,1,1
523,13,0.0,1,1
523,14,12.0,1,1
523,15,21.0,1,1
523,16,4.0,1,1
523,17,111.0,1,1
523,18,164.0,1,1
523,19,27.0,1,1
523,20,36.0,1,1
523,21,63.0,1,1
523,22,16.0,1,1
523,23,50.0,1,1
523,24,3.0,1,1
523,25,15.0,1,1
523,26,20.0,1,1
523,27,0.0,1,1
523,28,34.0,1,1
523,29,15.0,1,1
523,30,25.0,1,1
523,31,3.0,1,1
523,32,21.0,1,1
523,33,9.0,1,1
524,0,133.0,1,1
524,1,127.0,1,1
524,2,94.0,1,1
524,3,34.0,1,1
524,4,18.0,1,1
524,5,83.0,1,1
524,6,0.0,1,1
524,7,115.0,1,1
524,8,32.0,1,1
524,9,0.0,1,1
524,10,15.0,1,1
524,11,69.0,1,1
524,12,14.0,1,1
524,13,1.0,1,1
524,14,7.0,1,1
524,15,45.0,1,1
524,16,10.0,1,1
524,17,94.0,1,1
524,18,141.0,1,1
524,19,48.0,1,1
524,20,44.0,1,1
524,21,65.0,1,1
524,22,12.0,1,1
524,23,48.0,1,1
524,24,1.0,1,1
524,25,19.0,1,1
524,26,21.0,1,1
524,27,0.0,1,1
524,28,31.0,1,1
524,29,19.0,1,1
524,30,20.0,1,1
524,31,3.0,1,1
524,32,16.0,1,1
524,33,20.0,1,1
525,0,113.0,1,1
525,1,106.0,1,1
525,2,105.0,1,1
525,3,30.0,1,1
525,4,22.0,1,1
525,5,78.0,1,1
525,6,0.0,1,1
525,7,118.0,1,1
525,8,31.0,1,1
525,9,0.0,1,1
525,10,17.0,1,1
525,11,66.0,1,1
525,12,8.0,1,1
525,13,0.0,1,1
525,14,11.0,1,1
525,15,35.0,1,1
525,16,9.0,1,1
525,17,113.0,1,1
525,18,134.0,1,1
525,19,46.0,1,1
525,20,36.0,1,1
525,21,56.0,1,1
525,22,14.0,1,1
525,23,52.0,1,1
525,24,3.0,1,1
525,25,15.0,1,1
525,26,20.0,1,1
525,27,0.0,1,1
525,28,18.0,1,1
525,29,19.0,1,1
525,30,30.0,1,1
525,31,4.0,1,1
525,32,17.0,1,1
525,33,13.0,1,1
526,0,112.0,1,1
526,1,127.0,1,1
526,2,84.0,1,1
526,3,36.0,1,1
526,4,21.0,1,1
526,5,83.0,1,1
526,6,0.0,1,1
526,7,119.0,1,1
526,8,18.0,1,1
526,9,0.0,1,1
526,10,12.0,1,1
526,11,85.0,1,1
526,12,20.0,1,1
526,13,0.0,1,1
526,14,14.0,1,1
526,15,44.0,1,1
526,16,2.0,1,1
526,17,149.0,1,1
526,18,145.0,1,1
526,19,33.0,1,1
526,20,48.0,1,1
526,21,62.0,1,1
526,22,18.0,1,1
526,23,59.0,1,1
526,24,2.0,1,1
526,25,10.0,1,1
526,26,23.0,1,1
526,27,0.0,1,1
526,28,26.0,1,1
526,29,23.0,1,1
526,30,26.0,1,1
526,31,9.0,1,1
526,32,26.0,1,1
526,33,11.0,1,1
527,0,139.0,1,1
527,1,121.0,1,1
527,2,100.0,1,1
527,3,32.0,1,1
527,4,21.0,1,1
527,5,107.0,1,1
527,6,0.0,1,1
527,7,114.0,1,1
527,8,21.0,1,1
527,9,0.0,1,1
527,10,10.0,1,1
527,11,77.0,1,1
527,12,7.0,1,1
527,13,1.0,1,1
527,14,11.0,1,1
527,15,41.0,1,1
527,16,4.0,1,1
527,17,115.0,1,1
527,18,138.0,1,1
527,19,29.0,1,1
527,20,41.0,1,1
527,21,55.0,1,1
527,22,13.0,1,1
527,23,52.0,1,1
527,24,6.0,1,1
527,25,17.0,1,1
527,26,31.0,1,1
527,27,0.0,1,1
527,28,29.0,1,1
527,29,18.0,1,1
527,30,19.0,1,1
527,31,2.0,1,1
527,32,21.0,1,1
527,33,18.0,1,1
528,0,141.0,1,1
528,1,119.0,1,1
528,2,118.0,1,1
528,3,47.0,1,1
528,4,21.0,1,1
528,5,78.0,1,1
528,6,0.0,1,1
528,7,114.0,1,1
528,8,22.0,1,1
528,9,0.0,1,1
528,10,14.0,1,1
528,11,77.0,1,1
528,12,15.0,1,1
528,13,0.0,1,1
528,14,13.0,1,1
528,15,35.0,1,1
528,16,4.0,1,1
528,17,103.0,1,1
528,18,172.0,1,1
528,19,38.0,1,1
528,20,36.0,1,1
528,21,73.0,1,1
528,22,13.0,1,1
528,23,41.0,1,1
528,24,7.0,1,1
528,25,18.0,1,1
528,26,31.0,1,1
528,27,0.0,1,1
528,28,29.0,1,1
528,29,24.0,1,1
528,30,21.0,1,1
528,31,2.0,1,1
528,32,20.0,1,1
528,33,14.0,1,1
529,0,149.0,1,1
529,1,100.0,1,1
529,2,99.0,1,1
529,3,38.0,1,1
529,4,25.0,1,1
529,5,90.0,1,1
529,6,0.0,1,1
529,7,142.0,1,1
529,8,72.0,1,1
529,9,0.0,1,1
529,10,17.0,1,1
529,11,75.0,1,1
529,12,17.0,1,1
529,13,0.0,1,1
529,14,18.0,1,1
529,15,32.0,1,1
529,16,6.0,1,1
529,17,103.0,1,1
529,18,153.0,1,1
529,19,39.0,1,1
529,20,55.0,1,1
529,21,56.0,1,1
529,22,19.0,1,1
529,23,56.0,1,1
529,24,1.0,1,1
529,25,20.0,1,1
529,26,16.0,1,1
529,27,0.0,1,1
529,28,25.0,1,1
529,29,11.0,1,1
529,30,26.0,1,1
529,31,8.0,1,1
529,32,16.0,1,1
529,33,11.0,1,1
530,0,133.0,1,1
530,1,146.0,1,1
530,2,81.0,1,1
530,3,44.0,1,1
530,4,13.0,1,1
530,5,105.0,1,1
530,6,0.0,1,1
530,7,117.0,1,1
530,8,34.0,1,1
530,9,0.0,1,1
530,10,13.0,1,1
530,11,92.0,1,1
530,12,13.0,1,1
530,13,0.0,1,1
530,14,7.0,1,1
530,15,43.0,1,1
530,16,5.0,1,1
530,17,130.0,1,1
530,18,170.0,1,1
530,19,38.0,1,1
530,20,60.0,1,1
530,21,81.0,1,1
530,22,18.0,1,1
530,23,76.0,1,1
530,24,5.0,1,1
530,25,13.0,1,1
530,26,23.0,1,1
530,27,0.0,1,1
530,28,29.0,1,1
530,29,12.0,1,1
530,30,28.0,1,1
530,31,7.0,1,1
530,32,18.0,1,1
530,33,15.0,1,1
531,0,122.0,1,1
531,1,140.0,1,1
531,2,95.0,1,1
531,3,46.0,1,1
531,4,24.0,1,1
531,5,99.0,1,1
531,6,0.0,1,1
531,7,122.0,1,1
531,8,29.0,1,1
531,9,0.0,1,1
531,10,14.0,1,1
531,11,76.0,1,1
531,12,16.0,1,1
531,13,0.0,1,1
531,14,17.0,1,1
531,15,42.0,1,1
531,16,3.0,1,1
531,17,138.0,1,1
531,18,173.0,1,1
531,19,44.0,1,1
531,20,39.0,1,1
531,21,53.0,1,1
531,22,16.0,1,1
531,23,46.0,1,1
531,24,8.0,1,1
531,25,15.0,1,1
531,26,31.0,1,1
531,27,0.0,1,1
531,28,33.0,1,1
531,29,24.0,1,1
531,30,16.0,1,1
531,31,3.0,1,1
531,32,30.0,1,1
531,33,9.0,1,1
532,0,146.0,1,1
532,1,125.0,1,1
532,2,103.0,1,1
532,3,50.0,1,1
532,4,22.0,1,1
532,5,96.0,1,1
532,6,0.0,1,1
532,7,125.0,1,1
532,8,90.0,1,1
532,9,0.0,1,1
532,10,12.0,1,1
532,11,68.0,1,1
532,12,14.0,1,1
532,13,1.0,1,1
532,14,22.0,1,1
532,15,48.0,1,1
532,16,4.0,1,1
532,17,131.0,1,1
532,18,140.0,1,1
532,19,33.0,1,1
532,20,27.0,1,1
532,21,59.0,1,1
532,22,19.0,1,1
532,23,49.0,1,1
532,24,2.0,1,1
532,25,17.0,1,1
532,26,31.0,1,1
532,27,0.0,1,1
532,28,33.0,1,1
532,29,31.0,1,1
532,30,26.0,1,1
532,31,6.0,1,1
532,32,26.0,1,1
532,33,14.0,1,1
533,0,125.0,1,1
533,1,125.0,1,1
533,2,80.0,1,1
533,3,36.0,1,1
533,4,27.0,1,1
533,5,82.0,1,1
533,6,0.0,1,1
533,7,106.0,1,1
533,8,41.0,1,1
533,9,0.0,1,1
533,10,14.0,1,1
533,11,70.0,1,1
533,12,13.0,1,1
533,13,1.0,1,1
533,14,21.0,1,1
533,15,46.0,1,1
533,16,9.0,1,1
533,17,105.0,1,1
533,18,165.0,1,1
533,19,47.0,1,1
533,20,45.0,1,1
533,21,60.0,1,1
533,22,11.0,1,1
533,23,64.0,1,1
533,24,2.0,1,1
533,25,24.0,1,1
533,26,29.0,1,1
533,27,0.0,1,1
533,28,26.0,1,1
533,29,21.0,1,1
533,30,27.0,1,1
533,31,13.0,1,1
533,32,22.0,1,1
533,33,18.0,1,1
534,0,120.0,1,1
534,1,108.0,1,1
534,2,101.0,1,1
534,3,40.0,1,1
534,4,25.0,1,1
534,5,98.0,1,1
534,6,0.0,1,1
534,7,121.0,1,1
534,8,31.0,1,1
534,9,0.0,1,1
534,10,16.0,1,1
534,11,69.0,1,1
534,12,16.0,1,1
534,13,0.0,1,1
534,14,12.0,1,1
534,15,63.0,1,1
534,16,7.0,1,1
534,17,140.0,1,1
534,18,148.0,1,1
534,19,31.0,1,1
534,20,38.0,1,1
534,21,131.0,1,1
534,22,18.0,1,1
534,23,50.0,1,1
534,24,6.0,1,1
534,25,18.0,1,1
534,26,35.0,1,1
534,27,0.0,1,1
534,28,27.0,1,1
534,29,19.0,1,1
534,30,26.0,1,1
534,31,10.0,1,1
534,32,19.0,1,1
534,33,13.0,1,1
535,0,128.0,1,1
535,1,168.0,1,1
535,2,93.0,1,1
535,3,36.0,1,1
535,4,28.0,1,1
535,5,99.0,1,1
535,6,0.0,1,1
535,7,136.0,1,1
535,8,24.0,1,1
535,9,0.0,1,1
535,10,14.0,1,1
535,11,110.0,1,1
535,12,17.0,1,1
535,13,0.0,1,1
535,14,9.0,1,1
535,15,47.0,1,1
535,16,5.0,1,1
535,17,172.0,1,1
535,18,196.0,1,1
535,19,28.0,1,1
535,20,50.0,1,1
535,21,68.0,1,1
535,22,15.0,1,1
535,23,89.0,1,1
535,24,2.0,1,1
535,25,20.0,1,1
535,26,27.0,1,1
535,27,0.0,1,1
535,28,25.0,1,1
535,29,20.0,1,1
535,30,20.0,1,1
535,31,6.0,1,1
535,32,22.0,1,1
535,33,14.0,1,1
536,0,178.0,1,1
536,1,153.0,1,1
536,2,122.0,1,1
536,3,44.0,1,1
536,4,33.0,1,1
536,5,105.0,1,1
536,6,0.0,1,1
536,7,141.0,1,1
536,8,36.0,1,1
536,9,0.0,1,1
536,10,20.0,1,1
536,11,89.0,1,1
536,12,18.0,1,1
536,13,0.0,1,1
536,14,11.0,1,1
536,15,47.0,1,1
536,16,5.0,1,1
536,17,144.0,1,1
536,18,169.0,1,1
536,19,49.0,1,1
536,20,43.0,1,1
536,21,65.0,1,1
536,22,17.0,1,1
536,23,48.0,1,1
536,24,2.0,1,1
536,25,22.0,1,1
536,26,33.0,1,1
536,27,0.0,1,1
536,28,42.0,1,1
536,29,27.0,1,1
536,30,25.0,1,1
536,31,5.0,1,1
536,32,16.0,1,1
536,33,11.0,1,1
537,0,141.0,1,1
537,1,156.0,1,1
537,2,106.0,1,1
537,3,65.0,1,1
537,4,27.0,1,1
537,5,99.0,1,1
537,6,0.0,1,1
537,7,126.0,1,1
537,8,32.0,1,1
537,9,0.0,1,1
537,10,15.0,1,1
537,11,81.0,1,1
537,12,13.0,1,1
537,13,0.0,1,1
537,14,20.0,1,1
537,15,43.0,1,1
537,16,8.0,1,1
537,17,144.0,1,1
537,18,190.0,1,1
537,19,43.0,1,1
537,20,37.0,1,1
537,21,95.0,1,1
537,22,11.0,1,1
537,23,72.0,1,1
537,24,3.0,1,1
537,25,15.0,1,1
537,26,41.0,1,1
537,27,0.0,1,1
537,28,34.0,1,1
537,29,14.0,1,1
537,30,24.0,1,1
537,31,8.0,1,1
537,32,22.0,1,1
537,33,17.0,1,1
538,0,152.0,1,1
538,1,113.0,1,1
538,2,126.0,1,1
538,3,48.0,1,1
538,4,24.0,1,1
538,5,108.0,1,1
538,6,0.0,1,1
538,7,136.0,1,1
538,8,17.0,1,1
538,9,0.0,1,1
538,10,14.0,1,1
538,11,91.0,1,1
538,12,12.0,1,1
538,13,0.0,1,1
538,14,21.0,1,1
538,15,46.0,1,1
538,16,4.0,1,1
538,17,147.0,1,1
538,18,172.0,1,1
538,19,50.0,1,1
538,20,51.0,1,1
538,21,67.0,1,1
538,22,18.0,1,1
538,23,55.0,1,1
538,24,5.0,1,1
538,25,25.0,1,1
538,26,40.0,1,1
538,27,0.0,1,1
538,28,25.0,1,1
538,29,32.0,1,1
538,30,27.0,1,1
538,31,10.0,1,1
538,32,22.0,1,1
538,33,32.0,1,1
539,0,139.0,1,1
539,1,141.0,1,1
539,2,93.0,1,1
539,3,58.0,1,1
539,4,24.0,1,1
539,5,112.0,1,1
539,6,0.0,1,1
539,7,157.0,1,1
539,8,51.0,1,1
539,9,0.0,1,1
539,10,19.0,1,1
539,11,96.0,1,1
539,12,22.0,1,1
539,13,0.0,1,1
539,14,8.0,1,1
539,15,51.0,1,1
539,16,5.0,1,1
539,17,182.0,1,1
539,18,223.0,1,1
539,19,43.0,1,1
539,20,49.0,1,1
539,21,85.0,1,1
539,22,12.0,1,1
539,23,83.0,1,1
539,24,7.0,1,1
539,25,20.0,1,1
539,26,30.0,1,1
539,27,0.0,1,1
539,28,43.0,1,1
539,29,22.0,1,1
539,30,32.0,1,1
539,31,8.0,1,1
539,32,28.0,1,1
539,33,32.0,1,1
540,0,160.0,1,1
540,1,140.0,1,1
540,2,131.0,1,1
540,3,47.0,1,1
540,4,27.0,1,1
540,5,95.0,1,1
540,6,0.0,1,1
540,7,140.0,1,1
540,8,39.0,1,1
540,9,0.0,1,1
540,10,13.0,1,1
540,11,115.0,1,1
540,12,95.0,1,1
540,13,0.0,1,1
540,14,17.0,1,1
540,15,57.0,1,1
540,16,5.0,1,1
540,17,174.0,1,1
540,18,186.0,1,1
540,19,45.0,1,1
540,20,49.0,1,1
540,21,82.0,1,1
540,22,22.0,1,1
540,23,79.0,1,1
540,24,4.0,1,1
540,25,17.0,1,1
540,26,34.0,1,1
540,27,0.0,1,1
540,28,39.0,1,1
540,29,20.0,1,1
540,30,29.0,1,1
540,31,6.0,1,1
540,32,25.0,1,1
540,33,23.0,1,1
541,0,158.0,1,1
541,1,164.0,1,1
541,2,118.0,1,1
541,3,63.0,1,1
541,4,39.0,1,1
541,5,127.0,1,1
541,6,0.0,1,1
541,7,148.0,1,1
541,8,35.0,1,1
541,9,0.0,1,1
541,10,18.0,1,1
541,11,91.0,1,1
541,12,19.0,1,1
541,13,0.0,1,1
541,14,14.0,1,1
541,15,49.0,1,1
541,16,6.0,1,1
541,17,187.0,1,1
541,18,194.0,1,1
541,19,42.0,1,1
541,20,54.0,1,1
541,21,71.0,1,1
541,22,25.0,1,1
541,23,65.0,1,1
541,24,8.0,1,1
541,25,19.0,1,1
541,26,27.0,1,1
541,27,0.0,1,1
541,28,34.0,1,1
541,29,19.0,1,1
541,30,31.0,1,1
541,31,6.0,1,1
541,32,20.0,1,1
541,33,13.0,1,1
542,0,148.0,1,1
542,1,128.0,1,1
542,2,106.0,1,1
542,3,52.0,1,1
542,4,34.0,1,1
542,5,98.0,1,1
542,6,0.0,1,1
542,7,146.0,1,1
542,8,26.0,1,1
542,9,0.0,1,1
542,10,19.0,1,1
542,11,99.0,1,1
542,12,24.0,1,1
542,13,0.0,1,1
542,14,19.0,1,1
542,15,57.0,1,1
542,16,6.0,1,1
542,17,154.0,1,1
542,18,191.0,1,1
542,19,45.0,1,1
542,20,51.0,1,1
542,21,84.0,1,1
542,22,12.0,1,1
542,23,71.0,1,1
542,24,7.0,1,1
542,25,20.0,1,1
542,26,35.0,1,1
542,27,0.0,1,1
542,28,34.0,1,1
542,29,27.0,1,1
542,30,36.0,1,1
542,31,5.0,1,1
542,32,28.0,1,1
542,33,16.0,1,1
543,0,157.0,1,1
543,1,149.0,1,1
543,2,113.0,1,1
543,3,64.0,1,1
543,4,24.0,1,1
543,5,109.0,1,1
543,6,0.0,1,1
543,7,145.0,1,1
543,8,35.0,1,1
543,9,0.0,1,1
543,10,16.0,1,1
543,11,78.0,1,1
543,12,15.0,1,1
543,13,1.0,1,1
543,14,22.0,1,1
543,15,31.0,1,1
543,16,7.0,1,1
543,17,135.0,1,1
543,18,214.0,1,1
543,19,45.0,1,1
543,20,50.0,1,1
543,21,53.0,1,1
543,22,23.0,1,1
543,23,58.0,1,1
543,24,6.0,1,1
543,25,25.0,1,1
543,26,25.0,1,1
543,27,0.0,1,1
543,28,35.0,1,1
543,29,29.0,1,1
543,30,26.0,1,1
543,31,14.0,1,1
543,32,24.0,1,1
543,33,15.0,1,1
544,0,164.0,1,1
544,1,138.0,1,1
544,2,101.0,1,1
544,3,50.0,1,1
544,4,26.0,1,1
544,5,90.0,1,1
544,6,0.0,1,1
544,7,141.0,1,1
544,8,48.0,1,1
544,9,0.0,1,1
544,10,12.0,1,1
544,11,109.0,1,1
544,12,28.0,1,1
544,13,0.0,1,1
544,14,13.0,1,1
544,15,43.0,1,1
544,16,3.0,1,1
544,17,136.0,1,1
544,18,192.0,1,1
544,19,47.0,1,1
544,20,51.0,1,1
544,21,79.0,1,1
544,22,17.0,1,1
544,23,62.0,1,1
544,24,10.0,1,1
544,25,20.0,1,1
544,26,32.0,1,1
544,27,0.0,1,1
544,28,34.0,1,1
544,29,29.0,1,1
544,30,23.0,1,1
544,31,9.0,1,1
544,32,31.0,1,1
544,33,22.0,1,1
545,0,142.0,1,1
545,1,134.0,1,1
545,2,142.0,1,1
545,3,51.0,1,1
545,4,26.0,1,1
545,5,96.0,1,1
545,6,0.0,1,1
545,7,115.0,1,1
545,8,41.0,1,1
545,9,0.0,1,1
545,10,19.0,1,1
545,11,88.0,1,1
545,12,12.0,1,1
545,13,1.0,1,1
545,14,23.0,1,1
545,15,42.0,1,1
545,16,4.0,1,1
545,17,153.0,1,1
545,18,173.0,1,1
545,19,42.0,1,1
545,20,37.0,1,1
545,21,61.0,1,1
545,22,16.0,1,1
545,23,62.0,1,1
545,24,8.0,1,1
545,25,20.0,1,1
545,26,30.0,1,1
545,27,0.0,1,1
545,28,34.0,1,1
545,29,26.0,1,1
545,30,30.0,1,1
545,31,13.0,1,1
545,32,30.0,1,1
545,33,24.0,1,1
546,0,130.0,1,1
546,1,147.0,1,1
546,2,88.0,1,1
546,3,65.0,1,1
546,4,26.0,1,1
546,5,101.0,1,1
546,6,0.0,1,1
546,7,134.0,1,1
546,8,39.0,1,1
546,9,0.0,1,1
546,10,16.0,1,1
546,11,88.0,1,1
546,12,16.0,1,1
546,13,0.0,1,1
546,14,15.0,1,1
546,15,46.0,1,1
546,16,2.0,1,1
546,17,146.0,1,1
546,18,179.0,1,1
546,19,49.0,1,1
546,20,51.0,1,1
546,21,72.0,1,1
546,22,12.0,1,1
546,23,65.0,1,1
546,24,8.0,1,1
546,25,20.0,1,1
546,26,29.0,1,1
546,27,0.0,1,1
546,28,19.0,1,1
546,29,15.0,1,1
546,30,17.0,1,1
546,31,12.0,1,1
546,32,25.0,1,1
546,33,14.0,1,1
547,0,150.0,1,1
547,1,126.0,1,1
547,2,133.0,1,1
547,3,60.0,1,1
547,4,30.0,1,1
547,5,111.0,1,1
547,6,0.0,1,1
547,7,158.0,1,1
547,8,32.0,1,1
547,9,0.0,1,1
547,10,12.0,1,1
547,11,92.0,1,1
547,12,25.0,1,1
547,13,0.0,1,1
547,14,16.0,1,1
547,15,59.0,1,1
547,16,6.0,1,1
547,17,131.0,1,1
547,18,188.0,1,1
547,19,46.0,1,1
547,20,39.0,1,1
547,21,60.0,1,1
547,22,8.0,1,1
547,23,71.0,1,1
547,24,4.0,1,1
547,25,14.0,1,1
547,26,32.0,1,1
547,27,0.0,1,1
547,28,35.0,1,1
547,29,17.0,1,1
547,30,22.0,1,1
547,31,13.0,1,1
547,32,22.0,1,1
547,33,8.0,1,1
548,0,116.0,1,1
548,1,141.0,1,1
548,2,123.0,1,1
548,3,47.0,1,1
548,4,25.0,1,1
548,5,97.0,1,1
548,6,0.0,1,1
548,7,162.0,1,1
548,8,33.0,1,1
548,9,0.0,1,1
548,10,21.0,1,1
548,11,98.0,1,1
548,12,19.0,1,1
548,13,1.0,1,1
548,14,32.0,1,1
548,15,57.0,1,1
548,16,6.0,1,1
548,17,141.0,1,1
548,18,160.0,1,1
548,19,45.0,1,1
548,20,53.0,1,1
548,21,77.0,1,1
548,22,7.0,1,1
548,23,52.0,1,1
548,24,4.0,1,1
548,25,22.0,1,1
548,26,30.0,1,1
548,27,0.0,1,1
548,28,37.0,1,1
548,29,25.0,1,1
548,30,33.0,1,1
548,31,5.0,1,1
548,32,35.0,1,1
548,33,16.0,1,1
549,0,138.0,1,1
549,1,120.0,1,1
549,2,98.0,1,1
549,3,64.0,1,1
549,4,26.0,1,1
549,5,89.0,1,1
549,6,0.0,1,1
549,7,142.0,1,1
549,8,36.0,1,1
549,9,0.0,1,1
549,10,19.0,1,1
549,11,104.0,1,1
549,12,21.0,1,1
549,13,1.0,1,1
549,14,15.0,1,1
549,15,39.0,1,1
549,16,6.0,1,1
549,17,144.0,1,1
549,18,190.0,1,1
549,19,44.0,1,1
549,20,39.0,1,1
549,21,72.0,1,1
549,22,12.0,1,1
549,23,53.0,1,1
549,24,4.0,1,1
549,25,75.0,1,1
549,26,28.0,1,1
549,27,0.0,1,1
549,28,49.0,1,1
549,29,18.0,1,1
549,30,27.0,1,1
549,31,6.0,1,1
549,32,22.0,1,1
549,33,23.0,1,1
550,0,137.0,1,1
550,1,144.0,1,1
550,2,91.0,1,1
550,3,146.0,1,1
550,4,32.0,1,1
550,5,98.0,1,1
550,6,0.0,1,1
550,7,146.0,1,1
550,8,54.0,1,1
550,9,0.0,1,1
550,10,19.0,1,1
550,11,99.0,1,1
550,12,20.0,1,1
550,13,1.0,1,1
550,14,23.0,1,1
550,15,36.0,1,1
550,16,3.0,1,1
550,17,146.0,1,1
550,18,190.0,1,1
550,19,45.0,1,1
550,20,46.0,1,1
550,21,68.0,1,1
550,22,16.0,1,1
550,23,56.0,1,1
550,24,7.0,1,1
550,25,20.0,1,1
550,26,31.0,1,1
550,27,0.0,1,1
550,28,28.0,1,1
550,29,24.0,1,1
550,30,25.0,1,1
550,31,14.0,1,1
550,32,25.0,1,1
550,33,14.0,1,1
551,0,162.0,1,1
551,1,133.0,1,1
551,2,111.0,1,1
551,3,38.0,1,1
551,4,37.0,1,1
551,5,108.0,1,1
551,6,0.0,1,1
551,7,126.0,1,1
551,8,39.0,1,1
551,9,0.0,1,1
551,10,23.0,1,1
551,11,86.0,1,1
551,12,10.0,1,1
551,13,0.0,1,1
551,14,16.0,1,1
551,15,36.0,1,1
551,16,5.0,1,1
551,17,151.0,1,1
551,18,165.0,1,1
551,19,37.0,1,1
551,20,53.0,1,1
551,21,73.0,1,1
551,22,16.0,1,1
551,23,69.0,1,1
551,24,3.0,1,1
551,25,23.0,1,1
551,26,37.0,1,1
551,27,0.0,1,1
551,28,32.0,1,1
551,29,17.0,1,1
551,30,24.0,1,1
551,31,10.0,1,1
551,32,23.0,1,1
551,33,17.0,1,1
552,0,111.0,1,1
552,1,127.0,1,1
552,2,100.0,1,1
552,3,30.0,1,1
552,4,24.0,1,1
552,5,79.0,1,1
552,6,0.0,1,1
552,7,145.0,1,1
552,8,30.0,1,1
552,9,0.0,1,1
552,10,22.0,1,1
552,11,102.0,1,1
552,12,9.0,1,1
552,13,0.0,1,1
552,14,13.0,1,1
552,15,39.0,1,1
552,16,6.0,1,1
552,17,123.0,1,1
552,18,170.0,1,1
552,19,57.0,1,1
552,20,44.0,1,1
552,21,62.0,1,1
552,22,20.0,1,1
552,23,66.0,1,1
552,24,1.0,1,1
552,25,18.0,1,1
552,26,20.0,1,1
552,27,0.0,1,1
552,28,34.0,1,1
552,29,27.0,1,1
552,30,29.0,1,1
552,31,8.0,1,1
552,32,30.0,1,1
552,33,20.0,1,1
553,0,125.0,1,1
553,1,127.0,1,1
553,2,85.0,1,1
553,3,44.0,1,1
553,4,23.0,1,1
553,5,93.0,1,1
553,6,0.0,1,1
553,7,106.0,1,1
553,8,34.0,1,1
553,9,0.0,1,1
553,10,20.0,1,1
553,11,76.0,1,1
553,12,19.0,1,1
553,13,0.0,1,1
553,14,17.0,1,1
553,15,26.0,1,1
553,16,3.0,1,1
553,17,115.0,1,1
553,18,175.0,1,1
553,19,44.0,1,1
553,20,34.0,1,1
553,21,63.0,1,1
553,22,26.0,1,1
553,23,60.0,1,1
553,24,3.0,1,1
553,25,16.0,1,1
553,26,31.0,1,1
553,27,0.0,1,1
553,28,32.0,1,1
553,29,19.0,1,1
553,30,31.0,1,1
553,31,9.0,1,1
553,32,23.0,1,1
553,33,17.0,1,1
554,0,104.0,1,1
554,1,95.0,1,1
554,2,83.0,1,1
554,3,26.0,1,1
554,4,30.0,1,1
554,5,70.0,1,1
554,6,0.0,1,1
554,7,108.0,1,1
554,8,25.0,1,1
554,9,0.0,1,1
554,10,11.0,1,1
554,11,72.0,1,1
554,12,14.0,1,1
554,13,0.0,1,1
554,14,14.0,1,1
554,15,36.0,1,1
554,16,5.0,1,1
554,17,127.0,1,1
554,18,154.0,1,1
554,19,35.0,1,1
554,20,42.0,1,1
554,21,64.0,1,1
554,22,15.0,1,1
554,23,54.0,1,1
554,24,4.0,1,1
554,25,16.0,1,1
554,26,26.0,1,1
554,27,0.0,1,1
554,28,27.0,1,1
554,29,17.0,1,1
554,30,21.0,1,1
554,31,5.0,1,1
554,32,13.0,1,1
554,33,23.0,1,1
555,0,96.0,1,1
555,1,117.0,1,1
555,2,72.0,1,1
555,3,35.0,1,1
555,4,21.0,1,1
555,5,85.0,1,1
555,6,0.0,1,1
555,7,107.0,1,1
555,8,36.0,1,1
555,9,0.0,1,1
555,10,16.0,1,1
555,11,63.0,1,1
555,12,10.0,1,1
555,13,0.0,1,1
555,14,9.0,1,1
555,15,31.0,1,1
555,16,4.0,1,1
555,17,102.0,1,1
555,18,131.0,1,1
555,19,36.0,1,1
555,20,30.0,1,1
555,21,94.0,1,1
555,22,12.0,1,1
555,23,43.0,1,1
555,24,1.0,1,1
555,25,10.0,1,1
555,26,20.0,1,1
555,27,0.0,1,1
555,28,25.0,1,1
555,29,16.0,1,1
555,30,15.0,1,1
555,31,10.0,1,1
555,32,10.0,1,1
555,33,15.0,1,1
556,0,135.0,1,1
556,1,78.0,1,1
556,2,65.0,1,1
556,3,20.0,1,1
556,4,16.0,1,1
556,5,61.0,1,1
556,6,0.0,1,1
556,7,92.0,1,1
556,8,15.0,1,1
556,9,0.0,1,1
556,10,19.0,1,1
556,11,60.0,1,1
556,12,11.0,1,1
556,13,0.0,1,1
556,14,17.0,1,1
556,15,33.0,1,1
556,16,0.0,1,1
556,17,71.0,1,1
556,18,127.0,1,1
556,19,31.0,1,1
556,20,24.0,1,1
556,21,47.0,1,1
556,22,14.0,1,1
556,23,35.0,1,1
556,24,1.0,1,1
556,25,12.0,1,1
556,26,12.0,1,1
556,27,0.0,1,1
556,28,29.0,1,1
556,29,13.0,1,1
556,30,17.0,1,1
556,31,1.0,1,1
556,32,18.0,1,1
556,33,13.0,1,1
557,0,86.0,1,1
557,1,81.0,1,1
557,2,58.0,1,1
557,3,30.0,1,1
557,4,20.0,1,1
557,5,57.0,1,1
557,6,0.0,1,1
557,7,85.0,1,1
557,8,19.0,1,1
557,9,0.0,1,1
557,10,17.0,1,1
557,11,64.0,1,1
557,12,10.0,1,1
557,13,0.0,1,1
557,14,14.0,1,1
557,15,22.0,1,1
557,16,4.0,1,1
557,17,83.0,1,1
557,18,103.0,1,1
557,19,30.0,1,1
557,20,32.0,1,1
557,21,57.0,1,1
557,22,11.0,1,1
557,23,49.0,1,1
557,24,1.0,1,1
557,25,11.0,1,1
557,26,19.0,1,1
557,27,0.0,1,1
557,28,17.0,1,1
557,29,14.0,1,1
557,30,20.0,1,1
557,31,2.0,1,1
557,32,12.0,1,1
557,33,12.0,1,1
558,0,81.0,1,1
558,1,71.0,1,1
558,2,57.0,1,1
558,3,25.0,1,1
558,4,19.0,1,1
558,5,59.0,1,1
558,6,0.0,1,1
558,7,75.0,1,1
558,8,17.0,1,1
558,9,0.0,1,1
558,10,11.0,1,1
558,11,57.0,1,1
558,12,12.0,1,1
558,13,0.0,1,1
558,14,14.0,1,1
558,15,24.0,1,1
558,16,5.0,1,1
558,17,95.0,1,1
558,18,102.0,1,1
558,19,28.0,1,1
558,20,33.0,1,1
558,21,47.0,1,1
558,22,14.0,1,1
558,23,54.0,1,1
558,24,2.0,1,1
558,25,14.0,1,1
558,26,25.0,1,1
558,27,0.0,1,1
558,28,21.0,1,1
558,29,21.0,1,1
558,30,19.0,1,1
558,31,7.0,1,1
558,32,15.0,1,1
558,33,12.0,1,1
559,0,78.0,1,1
559,1,112.0,1,1
559,2,59.0,1,1
559,3,22.0,1,1
559,4,22.0,1,1
559,5,68.0,1,1
559,6,0.0,1,1
559,7,71.0,1,1
559,8,22.0,1,1
559,9,0.0,1,1
559,10,16.0,1,1
559,11,48.0,1,1
559,12,3.0,1,1
559,13,0.0,1,1
559,14,7.0,1,1
559,15,30.0,1,1
559,16,1.0,1,1
559,17,81.0,1,1
559,18,101.0,1,1
559,19,31.0,1,1
559,20,35.0,1,1
559,21,42.0,1,1
559,22,8.0,1,1
559,23,34.0,1,1
559,24,1.0,1,1
559,25,13.0,1,1
559,26,17.0,1,1
559,27,0.0,1,1
559,28,22.0,1,1
559,29,11.0,1,1
559,30,14.0,1,1
559,31,1.0,1,1
559,32,14.0,1,1
559,33,13.0,1,1
560,0,86.0,1,1
560,1,104.0,1,1
560,2,45.0,1,1
560,3,30.0,1,1
560,4,18.0,1,1
560,5,77.0,1,1
560,6,0.0,1,1
560,7,78.0,1,1
560,8,19.0,1,1
560,9,0.0,1,1
560,10,8.0,1,1
560,11,51.0,1,1
560,12,5.0,1,1
560,13,0.0,1,1
560,14,5.0,1,1
560,15,24.0,1,1
560,16,0.0,1,1
560,17,91.0,1,1
560,18,101.0,1,1
560,19,28.0,1,1
560,20,23.0,1,1
560,21,39.0,1,1
560,22,5.0,1,1
560,23,37.0,1,1
560,24,0.0,1,1
560,25,12.0,1,1
560,26,17.0,1,1
560,27,0.0,1,1
560,28,18.0,1,1
560,29,8.0,1,1
560,30,16.0,1,1
560,31,8.0,1,1
560,32,14.0,1,1
560,33,13.0,1,1
561,0,83.0,1,1
561,1,86.0,1,1
561,2,52.0,1,1
561,3,26.0,1,1
561,4,13.0,1,1
561,5,73.0,1,1
561,6,0.0,1,1
561,7,67.0,1,1
561,8,17.0,1,1
561,9,0.0,1,1
561,10,10.0,1,1
561,11,46.0,1,1
561,12,9.0,1,1
561,13,1.0,1,1
561,14,8.0,1,1
561,15,29.0,1,1
561,16,2.0,1,1
561,17,64.0,1,1
561,18,82.0,1,1
561,19,26.0,1,1
561,20,27.0,1,1
561,21,31.0,1,1
561,22,13.0,1,1
561,23,21.0,1,1
561,24,0.0,1,1
561,25,13.0,1,1
561,26,13.0,1,1
561,27,0.0,1,1
561,28,17.0,1,1
561,29,7.0,1,1
561,30,16.0,1,1
561,31,1.0,1,1
561,32,10.0,1,1
561,33,14.0,1,1
562,0,74.0,1,1
562,1,87.0,1,1
562,2,49.0,1,1
562,3,31.0,1,1
562,4,15.0,1,1
562,5,66.0,1,1
562,6,0.0,1,1
562,7,53.0,1,1
562,8,16.0,1,1
562,9,0.0,1,1
562,10,10.0,1,1
562,11,38.0,1,1
562,12,6.0,1,1
562,13,0.0,1,1
562,14,9.0,1,1
562,15,25.0,1,1
562,16,2.0,1,1
562,17,64.0,1,1
562,18,80.0,1,1
562,19,26.0,1,1
562,20,24.0,1,1
562,21,31.0,1,1
562,22,12.0,1,1
562,23,31.0,1,1
562,24,1.0,1,1
562,25,6.0,1,1
562,26,17.0,1,1
562,27,0.0,1,1
562,28,17.0,1,1
562,29,8.0,1,1
562,30,14.0,1,1
562,31,3.0,1,1
562,32,14.0,1,1
562,33,6.0,1,1
563,0,76.0,1,1
563,1,87.0,1,1
563,2,55.0,1,1
563,3,25.0,1,1
563,4,15.0,1,1
563,5,51.0,1,1
563,6,0.0,1,1
563,7,62.0,1,1
563,8,16.0,1,1
563,9,0.0,1,1
563,10,6.0,1,1
563,11,37.0,1,1
563,12,9.0,1,1
563,13,0.0,1,1
563,14,4.0,1,1
563,15,25.0,1,1
563,16,0.0,1,1
563,17,79.0,1,1
563,18,75.0,1,1
563,19,21.0,1,1
563,20,31.0,1,1
563,21,72.0,1,1
563,22,9.0,1,1
563,23,44.0,1,1
563,24,1.0,1,1
563,25,11.0,1,1
563,26,19.0,1,1
563,27,0.0,1,1
563,28,18.0,1,1
563,29,9.0,1,1
563,30,16.0,1,1
563,31,6.0,1,1
563,32,15.0,1,1
563,33,10.0,1,1
564,0,87.0,1,1
564,1,99.0,1,1
564,2,38.0,1,1
564,3,14.0,1,1
564,4,18.0,1,1
564,5,82.0,1,1
564,6,0.0,1,1
564,7,57.0,1,1
564,8,22.0,1,1
564,9,0.0,1,1
564,10,7.0,1,1
564,11,37.0,1,1
564,12,9.0,1,1
564,13,0.0,1,1
564,14,9.0,1,1
564,15,23.0,1,1
564,16,1.0,1,1
564,17,94.0,1,1
564,18,90.0,1,1
564,19,30.0,1,1
564,20,30.0,1,1
564,21,29.0,1,1
564,22,10.0,1,1
564,23,56.0,1,1
564,24,1.0,1,1
564,25,10.0,1,1
564,26,26.0,1,1
564,27,0.0,1,1
564,28,19.0,1,1
564,29,15.0,1,1
564,30,19.0,1,1
564,31,5.0,1,1
564,32,17.0,1,1
564,33,11.0,1,1
565,0,108.0,1,1
565,1,95.0,1,1
565,2,56.0,1,1
565,3,21.0,1,1
565,4,26.0,1,1
565,5,65.0,1,1
565,6,0.0,1,1
565,7,84.0,1,1
565,8,21.0,1,1
565,9,0.0,1,1
565,10,1.0,1,1
565,11,57.0,1,1
565,12,15.0,1,1
565,13,1.0,1,1
565,14,5.0,1,1
565,15,22.0,1,1
565,16,4.0,1,1
565,17,104.0,1,1
565,18,91.0,1,1
565,19,32.0,1,1
565,20,47.0,1,1
565,21,35.0,1,1
565,22,6.0,1,1
565,23,54.0,1,1
565,24,3.0,1,1
565,25,13.0,1,1
565,26,20.0,1,1
565,27,0.0,1,1
565,28,23.0,1,1
565,29,14.0,1,1
565,30,11.0,1,1
565,31,5.0,1,1
565,32,6.0,1,1
565,33,7.0,1,1
566,0,85.0,1,1
566,1,124.0,1,1
566,2,79.0,1,1
566,3,15.0,1,1
566,4,21.0,1,1
566,5,76.0,1,1
566,6,0.0,1,1
566,7,78.0,1,1
566,8,24.0,1,1
566,9,0.0,1,1
566,10,10.0,1,1
566,11,56.0,1,1
566,12,7.0,1,1
566,13,0.0,1,1
566,14,5.0,1,1
566,15,22.0,1,1
566,16,2.0,1,1
566,17,98.0,1,1
566,18,130.0,1,1
566,19,37.0,1,1
566,20,32.0,1,1
566,21,37.0,1,1
566,22,12.0,1,1
566,23,63.0,1,1
566,24,4.0,1,1
566,25,8.0,1,1
566,26,27.0,1,1
566,27,0.0,1,1
566,28,25.0,1,1
566,29,15.0,1,1
566,30,22.0,1,1
566,31,5.0,1,1
566,32,17.0,1,1
566,33,12.0,1,1
567,0,96.0,1,1
567,1,109.0,1,1
567,2,73.0,1,1
567,3,25.0,1,1
567,4,27.0,1,1
567,5,72.0,1,1
567,6,0.0,1,1
567,7,95.0,1,1
567,8,29.0,1,1
567,9,0.0,1,1
567,10,5.0,1,1
567,11,64.0,1,1
567,12,4.0,1,1
567,13,0.0,1,1
567,14,1.0,1,1
567,15,31.0,1,1
567,16,2.0,1,1
567,17,83.0,1,1
567,18,100.0,1,1
567,19,30.0,1,1
567,20,29.0,1,1
567,21,69.0,1,1
567,22,7.0,1,1
567,23,53.0,1,1
567,24,0.0,1,1
567,25,14.0,1,1
567,26,16.0,1,1
567,27,0.0,1,1
567,28,18.0,1,1
567,29,12.0,1,1
567,30,14.0,1,1
567,31,12.0,1,1
567,32,18.0,1,1
567,33,7.0,1,1
568,0,62.0,1,1
568,1,98.0,1,1
568,2,70.0,1,1
568,3,19.0,1,1
568,4,19.0,1,1
568,5,73.0,1,1
568,6,0.0,1,1
568,7,89.0,1,1
568,8,9.0,1,1
568,9,0.0,1,1
568,10,12.0,1,1
568,11,71.0,1,1
568,12,3.0,1,1
568,13,0.0,1,1
568,14,7.0,1,1
568,15,26.0,1,1
568,16,0.0,1,1
568,17,96.0,1,1
568,18,125.0,1,1
568,19,20.0,1,1
568,20,31.0,1,1
568,21,47.0,1,1
568,22,9.0,1,1
568,23,48.0,1,1
568,24,3.0,1,1
568,25,7.0,1,1
568,26,20.0,1,1
568,27,0.0,1,1
568,28,15.0,1,1
568,29,14.0,1,1
568,30,20.0,1,1
568,31,6.0,1,1
568,32,17.0,1,1
568,33,9.0,1,1
569,0,79.0,1,1
569,1,93.0,1,1
569,2,68.0,1,1
569,3,22.0,1,1
569,4,24.0,1,1
569,5,70.0,1,1
569,6,0.0,1,1
569,7,90.0,1,1
569,8,14.0,1,1
569,9,0.0,1,1
569,10,7.0,1,1
569,11,65.0,1,1
569,12,7.0,1,1
569,13,1.0,1,1
569,14,7.0,1,1
569,15,29.0,1,1
569,16,1.0,1,1
569,17,78.0,1,1
569,18,125.0,1,1
569,19,19.0,1,1
569,20,27.0,1,1
569,21,33.0,1,1
569,22,9.0,1,1
569,23,47.0,1,1
569,24,0.0,1,1
569,25,13.0,1,1
569,26,25.0,1,1
569,27,0.0,1,1
569,28,31.0,1,1
569,29,9.0,1,1
569,30,13.0,1,1
569,31,8.0,1,1
569,32,21.0,1,1
569,33,10.0,1,1
570,0,86.0,1,1
570,1,96.0,1,1
570,2,70.0,1,1
570,3,15.0,1,1
570,4,23.0,1,1
570,5,73.0,1,1
570,6,0.0,1,1
570,7,83.0,1,1
570,8,17.0,1,1
570,9,0.0,1,1
570,10,4.0,1,1
570,11,65.0,1,1
570,12,8.0,1,1
570,13,0.0,1,1
570,14,8.0,1,1
570,15,29.0,1,1
570,16,5.0,1,1
570,17,87.0,1,1
570,18,96.0,1,1
570,19,25.0,1,1
570,20,25.0,1,1
570,21,31.0,1,1
570,22,12.0,1,1
570,23,40.0,1,1
570,24,1.0,1,1
570,25,12.0,1,1
570,26,21.0,1,1
570,27,0.0,1,1
570,28,15.0,1,1
570,29,15.0,1,1
570,30,10.0,1,1
570,31,3.0,1,1
570,32,12.0,1,1
570,33,10.0,1,1
571,0,67.0,1,1
571,1,99.0,1,1
571,2,55.0,1,1
571,3,14.0,1,1
571,4,23.0,1,1
571,5,67.0,1,1
571,6,0.0,1,1
571,7,62.0,1,1
571,8,12.0,1,1
571,9,0.0,1,1
571,10,3.0,1,1
571,11,41.0,1,1
571,16,0.0,1,1
571,17,73.0,1,1
571,18,96.0,1,1
571,19,28.0,1,1
571,20,19.0,1,1
571,21,48.0,1,1
571,22,6.0,1,1
571,23,47.0,1,1
571,24,1.0,1,1
571,25,8.0,1,1
571,26,29.0,1,1
571,27,0.0,1,1
571,28,18.0,1,1
571,29,11.0,1,1
571,30,10.0,1,1
571,31,3.0,1,1
571,32,13.0,1,1
571,33,6.0,1,1
572,0,85.0,1,1
572,1,86.0,1,1
572,2,66.0,1,1
572,3,14.0,1,1
572,4,18.0,1,1
572,5,72.0,1,1
572,6,0.0,1,1
572,7,72.0,1,1
572,8,15.0,1,1
572,9,0.0,1,1
572,10,5.0,1,1
572,11,48.0,1,1
572,12,3.0,1,1
572,13,3.0,1,1
572,14,3.0,1,1
572,15,38.0,1,1
572,16,1.0,1,1
572,17,82.0,1,1
572,18,89.0,1,1
572,19,16.0,1,1
572,20,28.0,1,1
572,21,27.0,1,1
572,22,9.0,1,1
572,23,38.0,1,1
572,24,2.0,1,1
572,25,4.0,1,1
572,26,12.0,1,1
572,27,0.0,1,1
572,28,27.0,1,1
572,29,6.0,1,1
572,30,15.0,1,1
572,31,3.0,1,1
572,32,8.0,1,1
572,33,8.0,1,1
573,0,71.0,1,1
573,1,93.0,1,1
573,2,53.0,1,1
573,3,27.0,1,1
573,4,7.0,1,1
573,5,70.0,1,1
573,6,0.0,1,1
573,7,62.0,1,1
573,8,16.0,1,1
573,9,0.0,1,1
573,10,4.0,1,1
573,11,52.0,1,1
573,12,10.0,1,1
573,13,0.0,1,1
573,14,4.0,1,1
573,15,40.0,1,1
573,16,3.0,1,1
573,17,79.0,1,1
573,18,85.0,1,1
573,19,19.0,1,1
573,20,27.0,1,1
573,21,27.0,1,1
573,22,11.0,1,1
573,23,39.0,1,1
573,24,1.0,1,1
573,25,8.0,1,1
573,26,18.0,1,1
573,27,0.0,1,1
573,28,22.0,1,1
573,29,4.0,1,1
573,30,12.0,1,1
573,31,5.0,1,1
573,32,18.0,1,1
573,33,6.0,1,1
574,0,76.0,1,1
574,1,83.0,1,1
574,2,53.0,1,1
574,3,17.0,1,1
574,4,17.0,1,1
574,5,62.0,1,1
574,6,0.0,1,1
574,7,64.0,1,1
574,8,9.0,1,1
574,9,0.0,1,1
574,10,8.0,1,1
574,11,48.0,1,1
574,12,5.0,1,1
574,13,3.0,1,1
574,14,2.0,1,1
574,15,29.0,1,1
574,16,3.0,1,1
574,17,79.0,1,1
574,18,75.0,1,1
574,19,28.0,1,1
574,20,20.0,1,1
574,21,56.0,1,1
574,22,10.0,1,1
574,23,31.0,1,1
574,24,2.0,1,1
574,25,6.0,1,1
574,26,15.0,1,1
574,27,0.0,1,1
574,28,17.0,1,1
574,29,10.0,1,1
574,30,7.0,1,1
574,31,6.0,1,1
574,32,12.0,1,1
574,33,4.0,1,1
575,0,67.0,1,1
575,1,81.0,1,1
575,2,55.0,1,1
575,3,19.0,1,1
575,4,25.0,1,1
575,5,50.0,1,1
575,6,0.0,1,1
575,7,63.0,1,1
575,8,14.0,1,1
575,9,0.0,1,1
575,10,16.0,1,1
575,11,40.0,1,1
575,12,4.0,1,1
575,13,3.0,1,1
575,14,0.0,1,1
575,15,31.0,1,1
575,16,3.0,1,1
575,17,68.0,1,1
575,18,93.0,1,1
575,19,12.0,1,1
575,20,18.0,1,1
575,21,39.0,1,1
575,22,6.0,1,1
575,23,42.0,1,1
575,24,3.0,1,1
575,25,4.0,1,1
575,26,12.0,1,1
575,27,0.0,1,1
575,28,12.0,1,1
575,29,11.0,1,1
575,30,15.0,1,1
575,31,2.0,1,1
575,32,7.0,1,1
575,33,6.0,1,1
576,0,66.0,1,1
576,1,52.0,1,1
576,2,48.0,1,1
576,3,12.0,1,1
576,4,10.0,1,1
576,5,47.0,1,1
576,6,0.0,1,1
576,7,57.0,1,1
576,8,15.0,1,1
576,9,0.0,1,1
576,10,4.0,1,1
576,11,45.0,1,1
576,12,3.0,1,1
576,13,0.0,1,1
576,14,6.0,1,1
576,15,20.0,1,1
576,16,1.0,1,1
576,17,59.0,1,1
576,18,63.0,1,1
576,19,14.0,1,1
576,20,13.0,1,1
576,21,36.0,1,1
576,22,5.0,1,1
576,23,31.0,1,1
576,24,1.0,1,1
576,25,6.0,1,1
576,26,14.0,1,1
576,27,0.0,1,1
576,28,15.0,1,1
576,29,8.0,1,1
576,30,10.0,1,1
576,31,3.0,1,1
576,32,10.0,1,1
576,33,5.0,1,1
577,0,46.0,1,1
577,1,64.0,1,1
577,2,53.0,1,1
577,3,8.0,1,1
577,4,7.0,1,1
577,5,40.0,1,1
577,6,0.0,1,1
577,7,61.0,1,1
577,8,6.0,1,1
577,9,0.0,1,1
577,10,10.0,1,1
577,11,44.0,1,1
577,12,6.0,1,1
577,13,2.0,1,1
577,14,15.0,1,1
577,15,51.0,1,1
577,16,3.0,1,1
577,17,52.0,1,1
577,18,74.0,1,1
577,19,18.0,1,1
577,20,10.0,1,1
577,21,28.0,1,1
577,22,4.0,1,1
577,23,12.0,1,1
577,24,1.0,1,1
577,25,10.0,1,1
577,26,14.0,1,1
577,27,0.0,1,1
577,28,10.0,1,1
577,29,2.0,1,1
577,30,9.0,1,1
577,31,2.0,1,1
577,32,11.0,1,1
577,33,7.0,1,1
578,0,59.0,1,1
578,1,49.0,1,1
578,2,54.0,1,1
578,3,12.0,1,1
578,4,11.0,1,1
578,5,36.0,1,1
578,6,0.0,1,1
578,7,56.0,1,1
578,8,12.0,1,1
578,9,0.0,1,1
578,10,6.0,1,1
578,11,41.0,1,1
578,12,3.0,1,1
578,13,0.0,1,1
578,14,5.0,1,1
578,15,48.0,1,1
578,16,2.0,1,1
578,17,50.0,1,1
578,18,64.0,1,1
578,19,11.0,1,1
578,20,11.0,1,1
578,21,20.0,1,1
578,22,3.0,1,1
578,23,32.0,1,1
578,24,1.0,1,1
578,25,9.0,1,1
578,26,11.0,1,1
578,27,0.0,1,1
578,28,16.0,1,1
578,29,3.0,1,1
578,30,11.0,1,1
578,31,5.0,1,1
578,32,9.0,1,1
578,33,6.0,1,1
579,0,44.0,1,1
579,1,50.0,1,1
579,2,43.0,1,1
579,3,8.0,1,1
579,4,18.0,1,1
579,5,29.0,1,1
579,6,0.0,1,1
579,7,44.0,1,1
579,8,15.0,1,1
579,9,0.0,1,1
579,10,6.0,1,1
579,11,32.0,1,1
579,12,4.0,1,1
579,13,0.0,1,1
579,14,7.0,1,1
579,15,56.0,1,1
579,16,1.0,1,1
579,17,36.0,1,1
579,18,71.0,1,1
579,19,9.0,1,1
579,20,13.0,1,1
579,21,51.0,1,1
579,22,6.0,1,1
579,23,16.0,1,1
579,24,1.0,1,1
579,25,5.0,1,1
579,26,16.0,1,1
579,27,0.0,1,1
579,28,14.0,1,1
579,29,5.0,1,1
579,30,5.0,1,1
579,31,4.0,1,1
579,32,9.0,1,1
579,33,5.0,1,1
580,0,48.0,1,1
580,1,41.0,1,1
580,2,35.0,1,1
580,3,17.0,1,1
580,4,8.0,1,1
580,5,27.0,1,1
580,6,0.0,1,1
580,7,42.0,1,1
580,8,5.0,1,1
580,9,0.0,1,1
580,10,1.0,1,1
580,11,25.0,1,1
580,12,5.0,1,1
580,13,1.0,1,1
580,14,6.0,1,1
580,15,61.0,1,1
580,16,0.0,1,1
580,17,44.0,1,1
580,18,60.0,1,1
580,19,15.0,1,1
580,20,11.0,1,1
580,21,23.0,1,1
580,22,3.0,1,1
580,23,20.0,1,1
580,24,0.0,1,1
580,25,4.0,1,1
580,26,11.0,1,1
580,27,0.0,1,1
580,28,9.0,1,1
580,29,5.0,1,1
580,30,7.0,1,1
580,31,2.0,1,1
580,32,11.0,1,1
580,33,5.0,1,1
581,0,39.0,1,1
581,1,43.0,1,1
581,2,27.0,1,1
581,3,9.0,1,1
581,4,15.0,1,1
581,5,37.0,1,1
581,6,0.0,1,1
581,7,44.0,1,1
581,8,5.0,1,1
581,9,0.0,1,1
581,10,0.0,1,1
581,11,29.0,1,1
581,12,12.0,1,1
581,13,0.0,1,1
581,14,11.0,1,1
581,15,34.0,1,1
581,16,1.0,1,1
581,17,44.0,1,1
581,18,49.0,1,1
581,19,10.0,1,1
581,20,8.0,1,1
581,21,19.0,1,1
581,22,9.0,1,1
581,23,21.0,1,1
581,24,0.0,1,1
581,25,4.0,1,1
581,26,5.0,1,1
581,27,0.0,1,1
581,28,7.0,1,1
581,29,5.0,1,1
581,30,5.0,1,1
581,31,3.0,1,1
581,32,6.0,1,1
581,33,2.0,1,1
582,0,32.0,1,1
582,1,43.0,1,1
582,2,35.0,1,1
582,3,11.0,1,1
582,4,8.0,1,1
582,5,25.0,1,1
582,6,0.0,1,1
582,7,45.0,1,1
582,8,5.0,1,1
582,9,0.0,1,1
582,10,0.0,1,1
582,11,32.0,1,1
582,12,12.0,1,1
582,13,3.0,1,1
582,14,7.0,1,1
582,15,36.0,1,1
582,16,1.0,1,1
582,17,57.0,1,1
582,18,48.0,1,1
582,19,7.0,1,1
582,20,11.0,1,1
582,21,14.0,1,1
582,22,2.0,1,1
582,23,17.0,1,1
582,24,0.0,1,1
582,25,3.0,1,1
582,26,5.0,1,1
582,27,0.0,1,1
582,28,11.0,1,1
582,29,2.0,1,1
582,30,7.0,1,1
582,31,1.0,1,1
582,32,12.0,1,1
582,33,3.0,1,1
583,0,34.0,1,1
583,1,37.0,1,1
583,2,39.0,1,1
583,3,18.0,1,1
583,4,12.0,1,1
583,5,23.0,1,1
583,6,0.0,1,1
583,7,39.0,1,1
583,8,7.0,1,1
583,9,0.0,1,1
583,10,2.0,1,1
583,11,24.0,1,1
583,12,6.0,1,1
583,13,0.0,1,1
583,14,6.0,1,1
583,15,27.0,1,1
583,16,0.0,1,1
583,17,32.0,1,1
583,18,38.0,1,1
583,19,13.0,1,1
583,20,14.0,1,1
583,21,9.0,1,1
583,22,3.0,1,1
583,23,15.0,1,1
583,24,1.0,1,1
583,25,3.0,1,1
583,26,9.0,1,1
583,27,0.0,1,1
583,28,6.0,1,1
583,29,4.0,1,1
583,30,7.0,1,1
583,31,5.0,1,1
583,32,6.0,1,1
583,33,1.0,1,1
584,0,34.0,1,1
584,1,34.0,1,1
584,2,25.0,1,1
584,3,8.0,1,1
584,4,5.0,1,1
584,5,35.0,1,1
584,6,0.0,1,1
584,7,28.0,1,1
584,8,3.0,1,1
584,9,0.0,1,1
584,10,3.0,1,1
584,11,17.0,1,1
584,12,5.0,1,1
584,13,3.0,1,1
584,14,0.0,1,1
584,15,40.0,1,1
584,16,3.0,1,1
584,17,39.0,1,1
584,18,39.0,1,1
584,19,16.0,1,1
584,20,6.0,1,1
584,21,21.0,1,1
584,22,2.0,1,1
584,23,18.0,1,1
584,24,1.0,1,1
584,25,5.0,1,1
584,26,1.0,1,1
584,27,0.0,1,1
584,28,6.0,1,1
584,29,4.0,1,1
584,30,5.0,1,1
584,31,0.0,1,1
584,32,6.0,1,1
584,33,1.0,1,1
585,0,28.0,1,1
585,1,33.0,1,1
585,2,23.0,1,1
585,3,7.0,1,1
585,4,8.0,1,1
585,5,19.0,1,1
585,6,0.0,1,1
585,7,21.0,1,1
585,8,5.0,1,1
585,9,0.0,1,1
585,10,1.0,1,1
585,11,12.0,1,1
585,12,7.0,1,1
585,13,0.0,1,1
585,14,10.0,1,1
585,15,32.0,1,1
585,16,0.0,1,1
585,17,27.0,1,1
585,18,24.0,1,1
585,19,10.0,1,1
585,20,7.0,1,1
585,21,12.0,1,1
585,22,2.0,1,1
585,23,14.0,1,1
585,24,0.0,1,1
585,25,5.0,1,1
585,26,10.0,1,1
585,27,0.0,1,1
585,28,3.0,1,1
585,29,3.0,1,1
585,30,1.0,1,1
585,31,0.0,1,1
585,32,3.0,1,1
585,33,3.0,1,1
586,0,17.0,1,1
586,1,30.0,1,1
586,2,23.0,1,1
586,3,8.0,1,1
586,4,6.0,1,1
586,5,24.0,1,1
586,6,0.0,1,1
586,7,37.0,1,1
586,8,5.0,1,1
586,9,0.0,1,1
586,10,7.0,1,1
586,11,23.0,1,1
586,12,7.0,1,1
586,13,0.0,1,1
586,14,7.0,1,1
586,15,29.0,1,1
586,16,2.0,1,1
586,17,21.0,1,1
586,18,32.0,1,1
586,19,12.0,1,1
586,20,11.0,1,1
586,21,8.0,1,1
586,22,2.0,1,1
586,23,11.0,1,1
586,24,0.0,1,1
586,25,2.0,1,1
586,26,2.0,1,1
586,27,0.0,1,1
586,28,7.0,1,1
586,29,7.0,1,1
586,30,2.0,1,1
586,31,2.0,1,1
586,32,7.0,1,1
586,33,4.0,1,1
587,0,22.0,1,1
587,1,30.0,1,1
587,2,17.0,1,1
587,3,5.0,1,1
587,4,1.0,1,1
587,5,20.0,1,1
587,6,0.0,1,1
587,7,20.0,1,1
587,8,4.0,1,1
587,9,0.0,1,1
587,10,1.0,1,1
587,11,13.0,1,1
587,12,5.0,1,1
587,13,2.0,1,1
587,14,0.0,1,1
587,15,19.0,1,1
587,16,0.0,1,1
587,17,26.0,1,1
587,18,21.0,1,1
587,19,7.0,1,1
587,20,9.0,1,1
587,21,21.0,1,1
587,22,2.0,1,1
587,23,11.0,1,1
587,24,0.0,1,1
587,25,3.0,1,1
587,26,3.0,1,1
587,27,0.0,1,1
587,28,5.0,1,1
587,29,4.0,1,1
587,30,4.0,1,1
587,31,0.0,1,1
587,32,3.0,1,1
587,33,5.0,1,1
588,0,26.0,1,1
588,1,28.0,1,1
588,2,16.0,1,1
588,3,4.0,1,1
588,4,8.0,1,1
588,5,17.0,1,1
588,6,0.0,1,1
588,7,22.0,1,1
588,8,1.0,1,1
588,9,0.0,1,1
588,10,2.0,1,1
588,11,13.0,1,1
588,12,9.0,1,1
588,13,1.0,1,1
588,14,6.0,1,1
588,15,21.0,1,1
588,16,0.0,1,1
588,17,20.0,1,1
588,18,35.0,1,1
588,19,6.0,1,1
588,20,9.0,1,1
588,21,7.0,1,1
588,22,2.0,1,1
588,23,12.0,1,1
588,24,1.0,1,1
588,25,1.0,1,1
588,26,3.0,1,1
588,27,0.0,1,1
588,28,3.0,1,1
588,29,4.0,1,1
588,30,2.0,1,1
588,31,1.0,1,1
588,32,10.0,1,1
588,33,5.0,1,1
589,0,15.0,1,1
589,1,17.0,1,1
589,2,11.0,1,1
589,3,2.0,1,1
589,4,8.0,1,1
589,5,14.0,1,1
589,6,0.0,1,1
589,7,19.0,1,1
589,8,3.0,1,1
589,9,0.0,1,1
589,10,0.0,1,1
589,11,11.0,1,1
589,12,7.0,1,1
589,13,1.0,1,1
589,14,8.0,1,1
589,15,20.0,1,1
589,16,0.0,1,1
589,17,18.0,1,1
589,18,23.0,1,1
589,19,5.0,1,1
589,20,6.0,1,1
589,21,8.0,1,1
589,22,2.0,1,1
589,23,7.0,1,1
589,24,0.0,1,1
589,25,0.0,1,1
589,26,2.0,1,1
589,27,0.0,1,1
589,28,3.0,1,1
589,29,4.0,1,1
589,30,4.0,1,1
589,31,1.0,1,1
589,32,5.0,1,1
589,33,1.0,1,1
590,0,12.0,1,1
590,1,15.0,1,1
590,2,12.0,1,1
590,3,2.0,1,1
590,4,3.0,1,1
590,5,16.0,1,1
590,6,0.0,1,1
590,7,17.0,1,1
590,8,3.0,1,1
590,9,0.0,1,1
590,10,0.0,1,1
590,11,9.0,1,1
590,12,10.0,1,1
590,13,0.0,1,1
590,14,10.0,1,1
590,15,33.0,1,1
590,16,0.0,1,1
590,17,16.0,1,1
590,18,18.0,1,1
590,19,1.0,1,1
590,20,2.0,1,1
590,21,11.0,1,1
590,22,1.0,1,1
590,23,5.0,1,1
590,24,0.0,1,1
590,25,6.0,1,1
590,26,4.0,1,1
590,27,0.0,1,1
590,28,4.0,1,1
590,29,2.0,1,1
590,30,1.0,1,1
590,31,0.0,1,1
590,32,4.0,1,1
590,33,0.0,1,1
591,0,7.0,1,1
591,1,15.0,1,1
591,2,5.0,1,1
591,3,1.0,1,1
591,4,6.0,1,1
591,5,8.0,1,1
591,6,0.0,1,1
591,7,19.0,1,1
591,8,2.0,1,1
591,9,0.0,1,1
591,10,1.0,1,1
591,11,11.0,1,1
591,12,0.0,1,1
591,13,0.0,1,1
591,14,3.0,1,1
591,15,16.0,1,1
591,16,0.0,1,1
591,17,12.0,1,1
591,18,14.0,1,1
591,19,6.0,1,1
591,20,4.0,1,1
591,21,5.0,1,1
591,22,0.0,1,1
591,23,4.0,1,1
591,24,0.0,1,1
591,25,1.0,1,1
591,26,2.0,1,1
591,27,0.0,1,1
591,28,6.0,1,1
591,29,2.0,1,1
591,30,2.0,1,1
591,31,1.0,1,1
591,32,3.0,1,1
591,33,1.0,1,1
592,0,10.0,1,1
592,1,16.0,1,1
592,2,5.0,1,1
592,3,0.0,1,1
592,4,0.0,1,1
592,5,14.0,1,1
592,6,0.0,1,1
592,7,14.0,1,1
592,8,5.0,1,1
592,9,0.0,1,1
592,10,1.0,1,1
592,11,12.0,1,1
592,12,4.0,1,1
592,13,0.0,1,1
592,14,1.0,1,1
592,15,22.0,1,1
592,16,0.0,1,1
592,17,15.0,1,1
592,18,13.0,1,1
592,19,2.0,1,1
592,20,5.0,1,1
592,21,5.0,1,1
592,22,2.0,1,1
592,23,3.0,1,1
592,24,0.0,1,1
592,25,0.0,1,1
592,26,5.0,1,1
592,27,0.0,1,1
592,28,1.0,1,1
592,29,1.0,1,1
592,30,0.0,1,1
592,31,1.0,1,1
592,32,0.0,1,1
592,33,0.0,1,1
593,0,15.0,1,1
593,1,15.0,1,1
593,2,4.0,1,1
593,3,2.0,1,1
593,4,2.0,1,1
593,5,11.0,1,1
593,6,0.0,1,1
593,7,11.0,1,1
593,8,2.0,1,1
593,9,0.0,1,1
593,10,0.0,1,1
593,11,9.0,1,1
593,12,2.0,1,1
593,13,0.0,1,1
593,14,5.0,1,1
593,15,11.0,1,1
593,16,1.0,1,1
593,17,16.0,1,1
593,18,10.0,1,1
593,19,6.0,1,1
593,20,0.0,1,1
593,21,5.0,1,1
593,22,2.0,1,1
593,23,5.0,1,1
593,24,0.0,1,1
593,25,2.0,1,1
593,26,0.0,1,1
593,27,0.0,1,1
593,28,2.0,1,1
593,29,0.0,1,1
593,30,1.0,1,1
593,31,0.0,1,1
593,32,4.0,1,1
593,33,0.0,1,1
594,0,8.0,1,1
594,1,8.0,1,1
594,2,2.0,1,1
594,3,0.0,1,1
594,4,0.0,1,1
594,5,4.0,1,1
594,6,0.0,1,1
594,7,12.0,1,1
594,8,0.0,1,1
594,9,0.0,1,1
594,10,0.0,1,1
594,11,4.0,1,1
594,12,1.0,1,1
594,13,2.0,1,1
594,14,0.0,1,1
594,15,8.0,1,1
594,16,0.0,1,1
594,17,4.0,1,1
594,18,8.0,1,1
594,19,3.0,1,1
594,20,1.0,1,1
594,21,1.0,1,1
594,22,1.0,1,1
594,23,7.0,1,1
594,24,0.0,1,1
594,25,1.0,1,1
594,26,1.0,1,1
594,27,0.0,1,1
594,28,3.0,1,1
594,29,1.0,1,1
594,30,1.0,1,1
594,31,2.0,1,1
594,32,4.0,1,1
594,33,0.0,1,1
595,0,8.0,1,1
595,1,11.0,1,1
595,2,4.0,1,1
595,3,3.0,1,1
595,4,3.0,1,1
595,5,9.0,1,1
595,6,0.0,1,1
595,7,11.0,1,1
595,8,1.0,1,1
595,9,0.0,1,1
595,10,2.0,1,1
595,11,6.0,1,1
595,12,0.0,1,1
595,13,2.0,1,1
595,14,2.0,1,1
595,15,13.0,1,1
595,16,1.0,1,1
595,17,11.0,1,1
595,18,13.0,1,1
595,19,3.0,1,1
595,20,0.0,1,1
595,21,4.0,1,1
595,22,1.0,1,1
595,23,3.0,1,1
595,24,0.0,1,1
595,25,1.0,1,1
595,26,1.0,1,1
595,27,0.0,1,1
595,28,6.0,1,1
595,29,1.0,1,1
595,30,3.0,1,1
595,31,1.0,1,1
595,32,3.0,1,1
595,33,0.0,1,1
596,0,10.0,1,1
596,1,11.0,1,1
596,2,2.0,1,1
596,3,5.0,1,1
596,4,2.0,1,1
596,5,10.0,1,1
596,6,0.0,1,1
596,7,8.0,1,1
596,8,2.0,1,1
596,9,0.0,1,1
596,10,2.0,1,1
596,11,5.0,1,1
596,12,2.0,1,1
596,13,0.0,1,1
596,14,0.0,1,1
596,15,9.0,1,1
596,16,0.0,1,1
596,17,7.0,1,1
596,18,5.0,1,1
596,19,4.0,1,1
596,20,2.0,1,1
596,21,3.0,1,1
596,22,1.0,1,1
596,23,5.0,1,1
596,24,0.0,1,1
596,25,1.0,1,1
596,26,0.0,1,1
596,27,0.0,1,1
596,28,1.0,1,1
596,29,0.0,1,1
596,30,0.0,1,1
596,31,0.0,1,1
596,32,0.0,1,1
596,33,0.0,1,1
597,0,12.0,1,1
597,1,6.0,1,1
597,2,0.0,1,1
597,3,2.0,1,1
597,4,3.0,1,1
597,5,3.0,1,1
597,6,0.0,1,1
597,7,7.0,1,1
597,8,1.0,1,1
597,9,0.0,1,1
597,10,0.0,1,1
597,11,3.0,1,1
597,12,0.0,1,1
597,13,0.0,1,1
597,14,2.0,1,1
597,15,7.0,1,1
597,16,0.0,1,1
597,17,4.0,1,1
597,18,6.0,1,1
597,19,0.0,1,1
597,20,0.0,1,1
597,21,3.0,1,1
597,22,0.0,1,1
597,23,1.0,1,1
597,24,0.0,1,1
597,25,1.0,1,1
597,26,1.0,1,1
597,27,0.0,1,1
597,28,0.0,1,1
597,29,0.0,1,1
597,30,0.0,1,1
597,31,0.0,1,1
597,32,2.0,1,1
597,33,0.0,1,1
598,0,7.0,1,1
598,1,10.0,1,1
598,2,6.0,1,1
598,3,0.0,1,1
598,4,5.0,1,1
598,5,13.0,1,1
598,6,0.0,1,1
598,7,8.0,1,1
598,8,7.0,1,1
598,9,0.0,1,1
598,10,0.0,1,1
598,11,7.0,1,1
598,12,0.0,1,1
598,13,3.0,1,1
598,14,1.0,1,1
598,15,20.0,1,1
598,16,0.0,1,1
598,17,12.0,1,1
598,18,9.0,1,1
598,19,0.0,1,1
598,20,1.0,1,1
598,21,3.0,1,1
598,22,0.0,1,1
598,23,4.0,1,1
598,24,0.0,1,1
598,25,0.0,1,1
598,26,1.0,1,1
598,27,0.0,1,1
598,28,1.0,1,1
598,29,2.0,1,1
598,30,0.0,1,1
598,31,0.0,1,1
598,32,0.0,1,1
598,33,0.0,1,1
599,0,4.0,1,1
599,1,8.0,1,1
599,2,2.0,1,1
599,3,1.0,1,1
599,4,0.0,1,1
599,5,6.0,1,1
599,6,0.0,1,1
599,7,8.0,1,1
599,8,1.0,1,1
599,9,0.0,1,1
599,10,0.0,1,1
599,11,6.0,1,1
599,12,2.0,1,1
599,13,0.0,1,1
599,14,3.0,1,1
599,15,5.0,1,1
599,16,0.0,1,1
599,17,4.0,1,1
599,18,7.0,1,1
599,19,0.0,1,1
599,20,0.0,1,1
599,21,3.0,1,1
599,22,0.0,1,1
599,23,2.0,1,1
599,24,0.0,1,1
599,25,1.0,1,1
599,26,1.0,1,1
599,27,0.0,1,1
599,28,4.0,1,1
599,29,4.0,1,1
599,30,0.0,1,1
599,31,1.0,1,1
599,32,3.0,1,1
599,33,0.0,1,1
600,0,10.0,1,1
600,1,2.0,1,1
600,2,1.0,1,1
600,3,2.0,1,1
600,4,1.0,1,1
600,5,7.0,1,1
600,6,0.0,1,1
600,7,10.0,1,1
600,8,1.0,1,1
600,9,0.0,1,1
600,10,0.0,1,1
600,11,7.0,1,1
600,12,0.0,1,1
600,13,0.0,1,1
600,14,2.0,1,1
600,15,6.0,1,1
600,16,0.0,1,1
600,17,9.0,1,1
600,18,7.0,1,1
600,19,1.0,1,1
600,20,2.0,1,1
600,21,3.0,1,1
600,22,0.0,1,1
600,23,7.0,1,1
600,24,0.0,1,1
600,25,1.0,1,1
600,26,1.0,1,1
600,27,0.0,1,1
600,28,3.0,1,1
600,29,0.0,1,1
600,30,0.0,1,1
600,31,1.0,1,1
600,32,0.0,1,1
600,33,1.0,1,1
601,0,6.0,1,1
601,1,4.0,1,1
601,2,2.0,1,1
601,3,0.0,1,1
601,4,1.0,1,1
601,5,2.0,1,1
601,6,0.0,1,1
601,7,5.0,1,1
601,8,2.0,1,1
601,9,0.0,1,1
601,10,0.0,1,1
601,11,2.0,1,1
601,12,0.0,1,1
601,13,0.0,1,1
601,14,0.0,1,1
601,15,2.0,1,1
601,16,2.0,1,1
601,17,5.0,1,1
601,18,7.0,1,1
601,19,4.0,1,1
601,20,1.0,1,1
601,21,3.0,1,1
601,22,0.0,1,1
601,23,3.0,1,1
601,24,0.0,1,1
601,25,1.0,1,1
601,26,2.0,1,1
601,27,0.0,1,1
601,28,3.0,1,1
601,29,0.0,1,1
601,30,1.0,1,1
601,31,0.0,1,1
601,32,0.0,1,1
601,33,0.0,1,1
602,0,4.0,1,1
602,1,4.0,1,1
602,2,3.0,1,1
602,3,2.0,1,1
602,4,0.0,1,1
602,5,3.0,1,1
602,6,0.0,1,1
602,7,8.0,1,1
602,8,2.0,1,1
602,9,0.0,1,1
602,10,1.0,1,1
602,11,4.0,1,1
602,12,0.0,1,1
602,13,1.0,1,1
602,14,0.0,1,1
602,15,4.0,1,1
602,16,0.0,1,1
602,17,7.0,1,1
602,18,6.0,1,1
602,19,0.0,1,1
602,20,2.0,1,1
602,21,4.0,1,1
602,22,0.0,1,1
602,23,5.0,1,1
602,24,0.0,1,1
602,25,0.0,1,1
602,26,3.0,1,1
602,27,0.0,1,1
602,28,2.0,1,1
602,29,1.0,1,1
602,30,3.0,1,1
602,31,1.0,1,1
602,32,0.0,1,1
602,33,0.0,1,1
603,0,6.0,1,1
603,1,11.0,1,1
603,2,5.0,1,1
603,3,0.0,1,1
603,4,0.0,1,1
603,5,11.0,1,1
603,6,0.0,1,1
603,7,7.0,1,1
603,8,3.0,1,1
603,9,0.0,1,1
603,10,0.0,1,1
603,11,4.0,1,1
603,12,1.0,1,1
603,13,3.0,1,1
603,14,0.0,1,1
603,15,3.0,1,1
603,16,0.0,1,1
603,17,3.0,1,1
603,18,3.0,1,1
603,19,1.0,1,1
603,20,0.0,1,1
603,21,0.0,1,1
603,22,1.0,1,1
603,23,2.0,1,1
603,24,0.0,1,1
603,25,0.0,1,1
603,26,0.0,1,1
603,27,0.0,1,1
603,28,0.0,1,1
603,29,0.0,1,1
603,30,0.0,1,1
603,31,0.0,1,1
603,32,4.0,1,1
603,33,0.0,1,1
604,0,6.0,1,1
604,1,7.0,1,1
604,2,0.0,1,1
604,3,3.0,1,1
604,4,5.0,1,1
604,5,3.0,1,1
604,6,0.0,1,1
604,7,4.0,1,1
604,8,0.0,1,1
604,9,0.0,1,1
604,10,0.0,1,1
604,11,3.0,1,1
604,12,2.0,1,1
604,13,0.0,1,1
604,14,0.0,1,1
604,15,8.0,1,1
604,16,0.0,1,1
604,17,0.0,1,1
604,18,2.0,1,1
604,19,2.0,1,1
604,20,1.0,1,1
604,21,1.0,1,1
604,22,0.0,1,1
604,23,5.0,1,1
604,24,0.0,1,1
604,25,0.0,1,1
604,26,0.0,1,1
604,27,0.0,1,1
604,28,0.0,1,1
604,29,0.0,1,1
604,30,0.0,1,1
604,31,0.0,1,1
604,32,1.0,1,1
604,33,2.0,1,1
605,0,4.0,1,1
605,1,7.0,1,1
605,2,1.0,1,1
605,3,0.0,1,1
605,4,0.0,1,1
605,5,3.0,1,1
605,6,0.0,1,1
605,7,5.0,1,1
605,8,2.0,1,1
605,9,0.0,1,1
605,10,1.0,1,1
605,11,2.0,1,1
605,12,0.0,1,1
605,13,3.0,1,1
605,14,0.0,1,1
605,15,8.0,1,1
605,16,1.0,1,1
605,17,6.0,1,1
605,18,4.0,1,1
605,19,1.0,1,1
605,20,1.0,1,1
605,21,2.0,1,1
605,22,0.0,1,1
605,23,4.0,1,1
605,24,0.0,1,1
605,25,0.0,1,1
605,26,1.0,1,1
605,27,0.0,1,1
605,28,0.0,1,1
605,29,1.0,1,1
605,30,0.0,1,1
605,31,0.0,1,1
605,32,1.0,1,1
605,33,1.0,1,1
606,0,10.0,1,1
606,1,6.0,1,1
606,2,0.0,1,1
606,3,0.0,1,1
606,4,0.0,1,1
606,5,4.0,1,1
606,6,0.0,1,1
606,7,4.0,1,1
606,8,2.0,1,1
606,9,0.0,1,1
606,10,0.0,1,1
606,11,2.0,1,1
606,12,0.0,1,1
606,13,0.0,1,1
606,14,6.0,1,1
606,15,5.0,1,1
606,16,0.0,1,1
606,17,8.0,1,1
606,18,2.0,1,1
606,19,3.0,1,1
606,20,3.0,1,1
606,21,1.0,1,1
606,22,0.0,1,1
606,23,5.0,1,1
606,24,0.0,1,1
606,25,0.0,1,1
606,26,2.0,1,1
606,27,0.0,1,1
606,28,2.0,1,1
606,29,2.0,1,1
606,30,1.0,1,1
606,31,0.0,1,1
606,32,0.0,1,1
606,33,1.0,1,1
607,0,9.0,1,1
607,1,6.0,1,1
607,2,3.0,1,1
607,3,1.0,1,1
607,4,0.0,1,1
607,5,3.0,1,1
607,6,0.0,1,1
607,7,3.0,1,1
607,8,1.0,1,1
607,9,0.0,1,1
607,10,0.0,1,1
607,11,3.0,1,1
607,12,2.0,1,1
607,13,0.0,1,1
607,14,5.0,1,1
607,15,3.0,1,1
607,16,0.0,1,1
607,17,3.0,1,1
607,18,4.0,1,1
607,19,2.0,1,1
607,20,4.0,1,1
607,21,1.0,1,1
607,22,0.0,1,1
607,23,3.0,1,1
607,24,0.0,1,1
607,25,2.0,1,1
607,26,0.0,1,1
607,27,0.0,1,1
607,28,0.0,1,1
607,29,1.0,1,1
607,30,3.0,1,1
607,31,0.0,1,1
607,32,1.0,1,1
607,33,1.0,1,1
608,0,5.0,1,1
608,1,10.0,1,1
608,2,2.0,1,1
608,3,0.0,1,1
608,4,0.0,1,1
608,5,14.0,1,1
608,6,0.0,1,1
608,7,3.0,1,1
608,8,1.0,1,1
608,9,0.0,1,1
608,10,0.0,1,1
608,11,1.0,1,1
608,12,0.0,1,1
608,13,1.0,1,1
608,14,0.0,1,1
608,15,9.0,1,1
608,16,0.0,1,1
608,17,6.0,1,1
608,18,1.0,1,1
608,19,3.0,1,1
608,20,2.0,1,1
608,21,2.0,1,1
608,22,1.0,1,1
608,23,0.0,1,1
608,24,0.0,1,1
608,25,2.0,1,1
608,26,1.0,1,1
608,27,0.0,1,1
608,28,1.0,1,1
608,29,0.0,1,1
608,30,1.0,1,1
608,31,0.0,1,1
608,32,1.0,1,1
608,33,0.0,1,1
609,0,11.0,1,1
609,1,5.0,1,1
609,2,1.0,1,1
609,3,0.0,1,1
609,4,3.0,1,1
609,5,4.0,1,1
609,6,0.0,1,1
609,7,2.0,1,1
609,8,1.0,1,1
609,9,0.0,1,1
609,10,1.0,1,1
609,11,0.0,1,1
609,12,0.0,1,1
609,13,2.0,1,1
609,14,6.0,1,1
609,15,4.0,1,1
609,16,0.0,1,1
609,17,3.0,1,1
609,18,2.0,1,1
609,19,2.0,1,1
609,20,4.0,1,1
609,21,1.0,1,1
609,22,3.0,1,1
609,23,2.0,1,1
609,24,0.0,1,1
609,25,2.0,1,1
609,26,0.0,1,1
609,27,0.0,1,1
609,28,0.0,1,1
609,29,2.0,1,1
609,30,1.0,1,1
609,31,0.0,1,1
609,32,3.0,1,1
609,33,0.0,1,1
610,0,11.0,1,1
610,1,12.0,1,1
610,2,8.0,1,1
610,3,2.0,1,1
610,4,2.0,1,1
610,5,7.0,1,1
610,6,0.0,1,1
610,7,4.0,1,1
610,8,2.0,1,1
610,9,0.0,1,1
610,10,1.0,1,1
610,11,2.0,1,1
610,12,1.0,1,1
610,13,0.0,1,1
610,14,1.0,1,1
610,15,1.0,1,1
610,16,0.0,1,1
610,17,8.0,1,1
610,18,4.0,1,1
610,19,2.0,1,1
610,20,2.0,1,1
610,21,0.0,1,1
610,22,1.0,1,1
610,23,2.0,1,1
610,24,0.0,1,1
610,25,0.0,1,1
610,26,1.0,1,1
610,27,0.0,1,1
610,28,0.0,1,1
610,29,0.0,1,1
610,30,0.0,1,1
610,31,0.0,1,1
610,32,1.0,1,1
610,33,0.0,1,1
611,0,9.0,1,1
611,1,16.0,1,1
611,2,8.0,1,1
611,3,1.0,1,1
611,4,3.0,1,1
611,5,13.0,1,1
611,6,0.0,1,1
611,7,9.0,1,1
611,8,0.0,1,1
611,9,0.0,1,1
611,10,2.0,1,1
611,11,6.0,1,1
611,12,5.0,1,1
611,13,1.0,1,1
611,14,0.0,1,1
611,15,3.0,1,1
611,16,0.0,1,1
611,17,12.0,1,1
611,18,4.0,1,1
611,19,4.0,1,1
611,20,2.0,1,1
611,21,1.0,1,1
611,22,3.0,1,1
611,23,5.0,1,1
611,24,0.0,1,1
611,25,2.0,1,1
611,26,1.0,1,1
611,27,0.0,1,1
611,28,3.0,1,1
611,29,0.0,1,1
611,30,1.0,1,1
611,31,2.0,1,1
611,32,1.0,1,1
611,33,1.0,1,1
612,0,9.0,1,1
612,1,9.0,1,1
612,2,6.0,1,1
612,3,2.0,1,1
612,4,2.0,1,1
612,5,6.0,1,1
612,6,0.0,1,1
612,7,5.0,1,1
612,8,1.0,1,1
612,9,0.0,1,1
612,10,0.0,1,1
612,11,4.0,1,1
612,12,5.0,1,1
612,13,3.0,1,1
612,14,7.0,1,1
612,15,8.0,1,1
612,16,0.0,1,1
612,17,8.0,1,1
612,18,12.0,1,1
612,19,2.0,1,1
612,20,3.0,1,1
612,21,3.0,1,1
612,22,0.0,1,1
612,23,9.0,1,1
612,24,0.0,1,1
612,25,0.0,1,1
612,26,2.0,1,1
612,27,0.0,1,1
612,28,1.0,1,1
612,29,2.0,1,1
612,30,2.0,1,1
612,31,1.0,1,1
612,32,2.0,1,1
612,33,1.0,1,1
613,0,19.0,1,1
613,1,23.0,1,1
613,2,7.0,1,1
613,3,2.0,1,1
613,4,1.0,1,1
613,5,12.0,1,1
613,6,0.0,1,1
613,7,7.0,1,1
613,8,2.0,1,1
613,9,0.0,1,1
613,10,1.0,1,1
613,11,7.0,1,1
613,12,7.0,1,1
613,13,0.0,1,1
613,14,8.0,1,1
613,15,15.0,1,1
613,16,0.0,1,1
613,17,10.0,1,1
613,18,8.0,1,1
613,19,5.0,1,1
613,20,4.0,1,1
613,21,0.0,1,1
613,22,6.0,1,1
613,23,6.0,1,1
613,24,0.0,1,1
613,25,1.0,1,1
613,26,3.0,1,1
613,27,0.0,1,1
613,28,1.0,1,1
613,29,0.0,1,1
613,30,0.0,1,1
613,31,0.0,1,1
613,32,3.0,1,1
613,33,1.0,1,1
614,0,13.0,1,1
614,1,26.0,1,1
614,2,5.0,1,1
614,3,4.0,1,1
614,4,1.0,1,1
614,5,14.0,1,1
614,6,0.0,1,1
614,7,8.0,1,1
614,8,3.0,1,1
614,9,0.0,1,1
614,10,2.0,1,1
614,11,6.0,1,1
614,12,7.0,1,1
614,13,0.0,1,1
614,14,7.0,1,1
614,15,16.0,1,1
614,16,0.0,1,1
614,17,18.0,1,1
614,18,12.0,1,1
614,19,3.0,1,1
614,20,5.0,1,1
614,21,6.0,1,1
614,22,1.0,1,1
614,23,6.0,1,1
614,24,0.0,1,1
614,25,2.0,1,1
614,26,5.0,1,1
614,27,0.0,1,1
614,28,4.0,1,1
614,29,1.0,1,1
614,30,6.0,1,1
614,31,0.0,1,1
614,32,1.0,1,1
614,33,1.0,1,1
615,0,21.0,1,1
615,1,35.0,1,1
615,2,5.0,1,1
615,3,2.0,1,1
615,4,3.0,1,1
615,5,18.0,1,1
615,6,0.0,1,1
615,7,7.0,1,1
615,8,0.0,1,1
615,9,0.0,1,1
615,10,4.0,1,1
615,11,5.0,1,1
615,12,5.0,1,1
615,13,1.0,1,1
615,14,13.0,1,1
615,15,8.0,1,1
615,16,1.0,1,1
615,17,24.0,1,1
615,18,8.0,1,1
615,19,7.0,1,1
615,20,6.0,1,1
615,21,5.0,1,1
615,22,0.0,1,1
615,23,7.0,1,1
615,24,0.0,1,1
615,25,0.0,1,1
615,26,7.0,1,1
615,27,0.0,1,1
615,28,6.0,1,1
615,29,1.0,1,1
615,30,3.0,1,1
615,31,0.0,1,1
615,32,0.0,1,1
615,33,5.0,1,1
616,0,27.0,1,1
616,1,25.0,1,1
616,2,6.0,1,1
616,3,6.0,1,1
616,4,5.0,1,1
616,5,15.0,1,1
616,6,0.0,1,1
616,7,11.0,1,1
616,8,3.0,1,1
616,9,0.0,1,1
616,10,3.0,1,1
616,11,8.0,1,1
616,12,4.0,1,1
616,13,0.0,1,1
616,14,4.0,1,1
616,15,13.0,1,1
616,16,0.0,1,1
616,17,14.0,1,1
616,18,9.0,1,1
616,19,3.0,1,1
616,20,0.0,1,1
616,21,3.0,1,1
616,22,1.0,1,1
616,23,4.0,1,1
616,24,0.0,1,1
616,25,0.0,1,1
616,26,1.0,1,1
616,27,0.0,1,1
616,28,3.0,1,1
616,29,1.0,1,1
616,30,4.0,1,1
616,31,1.0,1,1
616,32,1.0,1,1
616,33,0.0,1,1
617,0,24.0,1,1
617,1,32.0,1,1
617,2,9.0,1,1
617,3,2.0,1,1
617,4,5.0,1,1
617,5,19.0,1,1
617,6,0.0,1,1
617,7,10.0,1,1
617,8,1.0,1,1
617,9,0.0,1,1
617,10,4.0,1,1
617,11,5.0,1,1
617,12,9.0,1,1
617,13,3.0,1,1
617,14,11.0,1,1
617,15,14.0,1,1
617,16,0.0,1,1
617,17,24.0,1,1
617,18,16.0,1,1
617,19,2.0,1,1
617,20,6.0,1,1
617,21,5.0,1,1
617,22,3.0,1,1
617,23,8.0,1,1
617,24,3.0,1,1
617,25,1.0,1,1
617,26,7.0,1,1
617,27,0.0,1,1
617,28,3.0,1,1
617,29,0.0,1,1
617,30,3.0,1,1
617,31,2.0,1,1
617,32,3.0,1,1
617,33,4.0,1,1
618,0,38.0,1,1
618,1,36.0,1,1
618,2,6.0,1,1
618,3,8.0,1,1
618,4,6.0,1,1
618,5,23.0,1,1
618,6,0.0,1,1
618,7,17.0,1,1
618,8,6.0,1,1
618,9,0.0,1,1
618,10,4.0,1,1
618,11,8.0,1,1
618,12,4.0,1,1
618,13,0.0,1,1
618,14,0.0,1,1
618,15,19.0,1,1
618,16,0.0,1,1
618,17,26.0,1,1
618,18,21.0,1,1
618,19,4.0,1,1
618,20,4.0,1,1
618,21,6.0,1,1
618,22,4.0,1,1
618,23,14.0,1,1
618,24,1.0,1,1
618,25,2.0,1,1
618,26,8.0,1,1
618,27,0.0,1,1
618,28,5.0,1,1
618,29,2.0,1,1
618,30,3.0,1,1
618,31,2.0,1,1
618,32,2.0,1,1
618,33,2.0,1,1
619,0,31.0,1,1
619,1,28.0,1,1
619,2,14.0,1,1
619,3,6.0,1,1
619,4,10.0,1,1
619,5,22.0,1,1
619,6,0.0,1,1
619,7,23.0,1,1
619,8,11.0,1,1
619,9,0.0,1,1
619,10,5.0,1,1
619,11,15.0,1,1
619,12,2.0,1,1
619,13,0.0,1,1
619,14,15.0,1,1
619,15,19.0,1,1
619,16,0.0,1,1
619,17,32.0,1,1
619,18,30.0,1,1
619,19,2.0,1,1
619,20,14.0,1,1
619,21,10.0,1,1
619,22,1.0,1,1
619,23,16.0,1,1
619,24,0.0,1,1
619,25,0.0,1,1
619,26,8.0,1,1
619,27,0.0,1,1
619,28,11.0,1,1
619,29,4.0,1,1
619,30,3.0,1,1
619,31,4.0,1,1
619,32,4.0,1,1
619,33,2.0,1,1
620,0,32.0,1,1
620,1,61.0,1,1
620,2,21.0,1,1
620,3,7.0,1,1
620,4,9.0,1,1
620,5,38.0,1,1
620,6,0.0,1,1
620,7,26.0,1,1
620,8,5.0,1,1
620,9,0.0,1,1
620,10,6.0,1,1
620,11,11.0,1,1
620,12,8.0,1,1
620,13,3.0,1,1
620,14,10.0,1,1
620,15,14.0,1,1
620,16,0.0,1,1
620,17,30.0,1,1
620,18,31.0,1,1
620,19,8.0,1,1
620,20,10.0,1,1
620,21,9.0,1,1
620,22,3.0,1,1
620,23,12.0,1,1
620,24,1.0,1,1
620,25,3.0,1,1
620,26,10.0,1,1
620,27,0.0,1,1
620,28,17.0,1,1
620,29,3.0,1,1
620,30,7.0,1,1
620,31,3.0,1,1
620,32,3.0,1,1
620,33,1.0,1,1
621,0,36.0,1,1
621,1,46.0,1,1
621,2,30.0,1,1
621,3,9.0,1,1
621,4,9.0,1,1
621,5,28.0,1,1
621,6,0.0,1,1
621,7,34.0,1,1
621,8,8.0,1,1
621,9,0.0,1,1
621,10,11.0,1,1
621,11,18.0,1,1
621,12,5.0,1,1
621,13,0.0,1,1
621,14,6.0,1,1
621,15,10.0,1,1
621,16,0.0,1,1
621,17,32.0,1,1
621,18,48.0,1,1
621,19,3.0,1,1
621,20,8.0,1,1
621,21,15.0,1,1
621,22,3.0,1,1
621,23,14.0,1,1
621,24,1.0,1,1
621,25,2.0,1,1
621,26,4.0,1,1
621,27,0.0,1,1
621,28,10.0,1,1
621,29,1.0,1,1
621,30,3.0,1,1
621,31,3.0,1,1
621,32,5.0,1,1
621,33,1.0,1,1
622,0,44.0,1,1
622,1,39.0,1,1
622,2,41.0,1,1
622,3,12.0,1,1
622,4,5.0,1,1
622,5,24.0,1,1
622,6,0.0,1,1
622,7,39.0,1,1
622,8,10.0,1,1
622,9,0.0,1,1
622,10,10.0,1,1
622,11,25.0,1,1
622,12,10.0,1,1
622,13,0.0,1,1
622,14,21.0,1,1
622,15,33.0,1,1
622,16,0.0,1,1
622,17,42.0,1,1
622,18,42.0,1,1
622,19,5.0,1,1
622,20,12.0,1,1
622,21,10.0,1,1
622,22,3.0,1,1
622,23,10.0,1,1
622,24,0.0,1,1
622,25,2.0,1,1
622,26,11.0,1,1
622,27,0.0,1,1
622,28,14.0,1,1
622,29,6.0,1,1
622,30,7.0,1,1
622,31,0.0,1,1
622,32,4.0,1,1
622,33,5.0,1,1
623,0,43.0,1,1
623,1,55.0,1,1
623,2,33.0,1,1
623,3,13.0,1,1
623,4,10.0,1,1
623,5,41.0,1,1
623,6,0.0,1,1
623,7,42.0,1,1
623,8,6.0,1,1
623,9,0.0,1,1
623,10,7.0,1,1
623,11,17.0,1,1
623,12,10.0,1,1
623,13,0.0,1,1
623,14,20.0,1,1
623,15,23.0,1,1
623,16,1.0,1,1
623,17,39.0,1,1
623,18,36.0,1,1
623,19,9.0,1,1
623,20,3.0,1,1
623,21,16.0,1,1
623,22,4.0,1,1
623,23,18.0,1,1
623,24,3.0,1,1
623,25,5.0,1,1
623,26,7.0,1,1
623,27,0.0,1,1
623,28,11.0,1,1
623,29,3.0,1,1
623,30,6.0,1,1
623,31,2.0,1,1
623,32,2.0,1,1
623,33,3.0,1,1
624,0,26.0,1,1
624,1,52.0,1,1
624,2,21.0,1,1
624,3,12.0,1,1
624,4,11.0,1,1
624,5,23.0,1,1
624,6,0.0,1,1
624,7,37.0,1,1
624,8,7.0,1,1
624,9,0.0,1,1
624,10,9.0,1,1
624,11,20.0,1,1
624,12,6.0,1,1
624,13,1.0,1,1
624,14,33.0,1,1
624,15,31.0,1,1
624,16,2.0,1,1
624,17,31.0,1,1
624,18,34.0,1,1
624,19,4.0,1,1
624,20,12.0,1,1
624,21,11.0,1,1
624,22,7.0,1,1
624,23,11.0,1,1
624,24,0.0,1,1
624,25,2.0,1,1
624,26,5.0,1,1
624,27,0.0,1,1
624,28,10.0,1,1
624,29,3.0,1,1
624,30,5.0,1,1
624,31,2.0,1,1
624,32,4.0,1,1
624,33,1.0,1,1
625,0,72.0,1,1
625,1,42.0,1,1
625,2,45.0,1,1
625,3,14.0,1,1
625,4,5.0,1,1
625,5,38.0,1,1
625,6,0.0,1,1
625,7,37.0,1,1
625,8,8.0,1,1
625,9,0.0,1,1
625,10,9.0,1,1
625,11,24.0,1,1
625,12,5.0,1,1
625,13,1.0,1,1
625,14,24.0,1,1
625,15,25.0,1,1
625,16,1.0,1,1
625,17,39.0,1,1
625,18,47.0,1,1
625,19,5.0,1,1
625,20,14.0,1,1
625,21,9.0,1,1
625,22,3.0,1,1
625,23,16.0,1,1
625,24,1.0,1,1
625,25,4.0,1,1
625,26,10.0,1,1
625,27,0.0,1,1
625,28,8.0,1,1
625,29,6.0,1,1
625,30,5.0,1,1
625,31,1.0,1,1
625,32,3.0,1,1
625,33,5.0,1,1
626,0,58.0,1,1
626,1,70.0,1,1
626,2,29.0,1,1
626,3,9.0,1,1
626,4,11.0,1,1
626,5,34.0,1,1
626,6,0.0,1,1
626,7,56.0,1,1
626,8,3.0,1,1
626,9,0.0,1,1
626,10,8.0,1,1
626,11,23.0,1,1
626,12,18.0,1,1
626,13,0.0,1,1
626,14,26.0,1,1
626,15,27.0,1,1
626,16,0.0,1,1
626,17,57.0,1,1
626,18,41.0,1,1
626,19,4.0,1,1
626,20,15.0,1,1
626,21,15.0,1,1
626,22,6.0,1,1
626,23,17.0,1,1
626,24,1.0,1,1
626,25,4.0,1,1
626,26,7.0,1,1
626,27,0.0,1,1
626,28,11.0,1,1
626,29,0.0,1,1
626,30,15.0,1,1
626,31,1.0,1,1
626,32,2.0,1,1
626,33,1.0,1,1
627,0,53.0,1,1
627,1,50.0,1,1
627,2,32.0,1,1
627,3,9.0,1,1
627,4,3.0,1,1
627,5,37.0,1,1
627,6,0.0,1,1
627,7,52.0,1,1
627,8,10.0,1,1
627,9,0.0,1,1
627,10,8.0,1,1
627,11,27.0,1,1
627,12,12.0,1,1
627,13,0.0,1,1
627,14,17.0,1,1
627,15,20.0,1,1
627,16,3.0,1,1
627,17,39.0,1,1
627,18,58.0,1,1
627,19,13.0,1,1
627,20,16.0,1,1
627,21,20.0,1,1
627,22,9.0,1,1
627,23,19.0,1,1
627,24,0.0,1,1
627,25,7.0,1,1
627,26,14.0,1,1
627,27,0.0,1,1
627,28,13.0,1,1
627,29,10.0,1,1
627,30,8.0,1,1
627,31,2.0,1,1
627,32,3.0,1,1
627,33,4.0,1,1
628,0,77.0,1,1
628,1,68.0,1,1
628,2,37.0,1,1
628,3,11.0,1,1
628,4,8.0,1,1
628,5,37.0,1,1
628,6,0.0,1,1
628,7,53.0,1,1
628,8,8.0,1,1
628,9,0.0,1,1
628,10,9.0,1,1
628,11,31.0,1,1
628,12,20.0,1,1
628,13,2.0,1,1
628,14,36.0,1,1
628,15,36.0,1,1
628,16,3.0,1,1
628,17,40.0,1,1
628,18,67.0,1,1
628,19,9.0,1,1
628,20,19.0,1,1
628,21,17.0,1,1
628,22,9.0,1,1
628,23,21.0,1,1
628,24,1.0,1,1
628,25,5.0,1,1
628,26,8.0,1,1
628,27,0.0,1,1
628,28,15.0,1,1
628,29,5.0,1,1
628,30,5.0,1,1
628,31,3.0,1,1
628,32,5.0,1,1
628,33,9.0,1,1
629,0,53.0,1,1
629,1,60.0,1,1
629,2,35.0,1,1
629,3,16.0,1,1
629,4,7.0,1,1
629,5,40.0,1,1
629,6,0.0,1,1
629,7,38.0,1,1
629,8,11.0,1,1
629,9,0.0,1,1
629,10,11.0,1,1
629,11,20.0,1,1
629,12,14.0,1,1
629,13,0.0,1,1
629,14,29.0,1,1
629,15,29.0,1,1
629,16,4.0,1,1
629,17,39.0,1,1
629,18,52.0,1,1
629,19,11.0,1,1
629,20,12.0,1,1
629,21,22.0,1,1
629,22,8.0,1,1
629,23,19.0,1,1
629,24,1.0,1,1
629,25,5.0,1,1
629,26,11.0,1,1
629,27,0.0,1,1
629,28,14.0,1,1
629,29,6.0,1,1
629,30,7.0,1,1
629,31,4.0,1,1
629,32,3.0,1,1
629,33,9.0,1,1
630,0,46.0,1,1
630,1,58.0,1,1
630,2,35.0,1,1
630,3,11.0,1,1
630,4,4.0,1,1
630,5,35.0,1,1
630,6,0.0,1,1
630,7,42.0,1,1
630,8,14.0,1,1
630,9,0.0,1,1
630,10,8.0,1,1
630,11,27.0,1,1
630,12,22.0,1,1
630,13,0.0,1,1
630,14,47.0,1,1
630,15,31.0,1,1
630,16,1.0,1,1
630,17,52.0,1,1
630,18,46.0,1,1
630,19,13.0,1,1
630,20,13.0,1,1
630,21,17.0,1,1
630,22,10.0,1,1
630,23,26.0,1,1
630,24,0.0,1,1
630,25,7.0,1,1
630,26,19.0,1,1
630,27,0.0,1,1
630,28,10.0,1,1
630,29,7.0,1,1
630,30,12.0,1,1
630,31,6.0,1,1
630,32,6.0,1,1
630,33,1.0,1,1
631,0,56.0,1,1
631,1,72.0,1,1
631,2,31.0,1,1
631,3,17.0,1,1
631,4,10.0,1,1
631,5,36.0,1,1
631,6,0.0,1,1
631,7,59.0,1,1
631,8,10.0,1,1
631,9,0.0,1,1
631,10,13.0,1,1
631,11,27.0,1,1
631,12,16.0,1,1
631,13,0.0,1,1
631,14,20.0,1,1
631,15,22.0,1,1
631,16,1.0,1,1
631,17,64.0,1,1
631,18,56.0,1,1
631,19,18.0,1,1
631,20,18.0,1,1
631,21,15.0,1,1
631,22,7.0,1,1
631,23,30.0,1,1
631,24,1.0,1,1
631,25,4.0,1,1
631,26,13.0,1,1
631,27,0.0,1,1
631,28,16.0,1,1
631,29,10.0,1,1
631,30,14.0,1,1
631,31,4.0,1,1
631,32,10.0,1,1
631,33,10.0,1,1
632,0,52.0,1,1
632,1,68.0,1,1
632,2,38.0,1,1
632,3,12.0,1,1
632,4,10.0,1,1
632,5,36.0,1,1
632,6,0.0,1,1
632,7,50.0,1,1
632,8,23.0,1,1
632,9,0.0,1,1
632,10,7.0,1,1
632,11,29.0,1,1
632,12,12.0,1,1
632,13,0.0,1,1
632,14,21.0,1,1
632,15,33.0,1,1
632,16,4.0,1,1
632,17,45.0,1,1
632,18,53.0,1,1
632,19,17.0,1,1
632,20,28.0,1,1
632,21,15.0,1,1
632,22,22.0,1,1
632,23,24.0,1,1
632,24,0.0,1,1
632,25,9.0,1,1
632,26,16.0,1,1
632,27,0.0,1,1
632,28,11.0,1,1
632,29,8.0,1,1
632,30,6.0,1,1
632,31,4.0,1,1
632,32,6.0,1,1
632,33,9.0,1,1
633,0,74.0,1,1
633,1,66.0,1,1
633,2,53.0,1,1
633,3,15.0,1,1
633,4,14.0,1,1
633,5,45.0,1,1
633,6,0.0,1,1
633,7,51.0,1,1
633,8,19.0,1,1
633,9,0.0,1,1
633,10,22.0,1,1
633,11,33.0,1,1
633,12,13.0,1,1
633,13,0.0,1,1
633,14,25.0,1,1
633,15,38.0,1,1
633,16,6.0,1,1
633,17,51.0,1,1
633,18,49.0,1,1
633,19,20.0,1,1
633,20,9.0,1,1
633,21,17.0,1,1
633,22,13.0,1,1
633,23,15.0,1,1
633,24,3.0,1,1
633,25,8.0,1,1
633,26,14.0,1,1
633,27,0.0,1,1
633,28,8.0,1,1
633,29,15.0,1,1
633,30,11.0,1,1
633,31,6.0,1,1
633,32,5.0,1,1
633,33,9.0,1,1
634,0,63.0,1,1
634,1,80.0,1,1
634,2,43.0,1,1
634,3,10.0,1,1
634,4,10.0,1,1
634,5,45.0,1,1
634,6,0.0,1,1
634,7,43.0,1,1
634,8,19.0,1,1
634,9,0.0,1,1
634,10,17.0,1,1
634,11,28.0,1,1
634,12,17.0,1,1
634,13,0.0,1,1
634,14,29.0,1,1
634,15,55.0,1,1
634,16,3.0,1,1
634,17,45.0,1,1
634,18,56.0,1,1
634,19,10.0,1,1
634,20,16.0,1,1
634,21,14.0,1,1
634,22,5.0,1,1
634,23,24.0,1,1
634,24,2.0,1,1
634,25,10.0,1,1
634,26,18.0,1,1
634,27,0.0,1,1
634,28,19.0,1,1
634,29,6.0,1,1
634,30,15.0,1,1
634,31,3.0,1,1
634,32,9.0,1,1
634,33,11.0,1,1
635,0,71.0,1,1
635,1,49.0,1,1
635,2,42.0,1,1
635,3,21.0,1,1
635,4,9.0,1,1
635,5,31.0,1,1
635,6,0.0,1,1
635,7,52.0,1,1
635,8,26.0,1,1
635,9,0.0,1,1
635,10,8.0,1,1
635,11,27.0,1,1
635,12,32.0,1,1
635,13,3.0,1,1
635,14,45.0,1,1
635,15,34.0,1,1
635,16,2.0,1,1
635,17,55.0,1,1
635,18,64.0,1,1
635,19,16.0,1,1
635,20,14.0,1,1
635,21,22.0,1,1
635,22,14.0,1,1
635,23,29.0,1,1
635,24,0.0,1,1
635,25,9.0,1,1
635,26,15.0,1,1
635,27,0.0,1,1
635,28,15.0,1,1
635,29,9.0,1,1
635,30,14.0,1,1
635,31,2.0,1,1
635,32,13.0,1,1
635,33,10.0,1,1
636,0,72.0,1,1
636,1,75.0,1,1
636,2,44.0,1,1
636,3,41.0,1,1
636,4,9.0,1,1
636,5,55.0,1,1
636,6,0.0,1,1
636,7,61.0,1,1
636,8,23.0,1,1
636,9,0.0,1,1
636,10,17.0,1,1
636,11,37.0,1,1
636,12,13.0,1,1
636,13,0.0,1,1
636,14,32.0,1,1
636,15,81.0,1,1
636,16,1.0,1,1
636,17,63.0,1,1
636,18,72.0,1,1
636,19,10.0,1,1
636,20,16.0,1,1
636,21,16.0,1,1
636,22,12.0,1,1
636,23,38.0,1,1
636,24,1.0,1,1
636,25,10.0,1,1
636,26,17.0,1,1
636,27,0.0,1,1
636,28,12.0,1,1
636,29,7.0,1,1
636,30,14.0,1,1
636,31,0.0,1,1
636,32,7.0,1,1
636,33,15.0,1,1
637,0,63.0,1,1
637,1,73.0,1,1
637,2,53.0,1,1
637,3,12.0,1,1
637,4,9.0,1,1
637,5,44.0,1,1
637,6,0.0,1,1
637,7,48.0,1,1
637,8,20.0,1,1
637,9,0.0,1,1
637,10,14.0,1,1
637,11,31.0,1,1
637,12,28.0,1,1
637,13,1.0,1,1
637,14,27.0,1,1
637,15,96.0,1,1
637,16,3.0,1,1
637,17,50.0,1,1
637,18,65.0,1,1
637,19,12.0,1,1
637,20,23.0,1,1
637,21,26.0,1,1
637,22,7.0,1,1
637,23,27.0,1,1
637,24,1.0,1,1
637,25,9.0,1,1
637,26,18.0,1,1
637,27,0.0,1,1
637,28,20.0,1,1
637,29,16.0,1,1
637,30,12.0,1,1
637,31,3.0,1,1
637,32,8.0,1,1
637,33,24.0,1,1
638,0,63.0,1,1
638,1,62.0,1,1
638,2,48.0,1,1
638,3,22.0,1,1
638,4,10.0,1,1
638,5,38.0,1,1
638,6,0.0,1,1
638,7,79.0,1,1
638,8,15.0,1,1
638,9,0.0,1,1
638,10,15.0,1,1
638,11,50.0,1,1
638,12,32.0,1,1
638,13,1.0,1,1
638,14,40.0,1,1
638,15,42.0,1,1
638,16,2.0,1,1
638,17,66.0,1,1
638,18,89.0,1,1
638,19,15.0,1,1
638,20,15.0,1,1
638,21,110.0,1,1
638,22,10.0,1,1
638,23,44.0,1,1
638,24,1.0,1,1
638,25,9.0,1,1
638,26,15.0,1,1
638,27,0.0,1,1
638,28,19.0,1,1
638,29,13.0,1,1
638,30,17.0,1,1
638,31,4.0,1,1
638,32,12.0,1,1
638,33,11.0,1,1
639,0,52.0,1,1
639,1,74.0,1,1
639,2,65.0,1,1
639,3,22.0,1,1
639,4,15.0,1,1
639,5,41.0,1,1
639,6,0.0,1,1
639,7,67.0,1,1
639,8,13.0,1,1
639,9,0.0,1,1
639,10,16.0,1,1
639,11,40.0,1,1
639,12,43.0,1,1
639,13,0.0,1,1
639,14,43.0,1,1
639,15,40.0,1,1
639,16,3.0,1,1
639,17,61.0,1,1
639,18,89.0,1,1
639,19,9.0,1,1
639,20,16.0,1,1
639,21,33.0,1,1
639,22,6.0,1,1
639,23,32.0,1,1
639,24,0.0,1,1
639,25,14.0,1,1
639,26,28.0,1,1
639,27,0.0,1,1
639,28,22.0,1,1
639,29,19.0,1,1
639,30,11.0,1,1
639,31,2.0,1,1
639,32,11.0,1,1
639,33,14.0,1,1
640,0,59.0,1,1
640,1,98.0,1,1
640,2,58.0,1,1
640,3,16.0,1,1
640,4,9.0,1,1
640,5,64.0,1,1
640,6,0.0,1,1
640,7,72.0,1,1
640,8,19.0,1,1
640,9,0.0,1,1
640,10,14.0,1,1
640,11,38.0,1,1
640,12,21.0,1,1
640,13,1.0,1,1
640,14,66.0,1,1
640,15,94.0,1,1
640,16,6.0,1,1
640,17,70.0,1,1
640,18,92.0,1,1
640,19,20.0,1,1
640,20,18.0,1,1
640,21,24.0,1,1
640,22,5.0,1,1
640,23,37.0,1,1
640,24,3.0,1,1
640,25,10.0,1,1
640,26,24.0,1,1
640,27,0.0,1,1
640,28,15.0,1,1
640,29,13.0,1,1
640,30,10.0,1,1
640,31,3.0,1,1
640,32,16.0,1,1
640,33,21.0,1,1
641,0,88.0,1,1
641,1,77.0,1,1
641,2,51.0,1,1
641,3,23.0,1,1
641,4,10.0,1,1
641,5,51.0,1,1
641,6,0.0,1,1
641,7,73.0,1,1
641,8,14.0,1,1
641,9,0.0,1,1
641,10,24.0,1,1
641,11,38.0,1,1
641,12,19.0,1,1
641,13,0.0,1,1
641,14,62.0,1,1
641,15,54.0,1,1
641,16,2.0,1,1
641,17,64.0,1,1
641,18,75.0,1,1
641,19,11.0,1,1
641,20,18.0,1,1
641,21,21.0,1,1
641,22,11.0,1,1
641,23,28.0,1,1
641,24,1.0,1,1
641,25,9.0,1,1
641,26,26.0,1,1
641,27,0.0,1,1
641,28,29.0,1,1
641,29,17.0,1,1
641,30,17.0,1,1
641,31,10.0,1,1
641,32,16.0,1,1
641,33,16.0,1,1
642,0,86.0,1,1
642,1,84.0,1,1
642,2,61.0,1,1
642,3,18.0,1,1
642,4,16.0,1,1
642,5,54.0,1,1
642,6,0.0,1,1
642,7,57.0,1,1
642,8,24.0,1,1
642,9,0.0,1,1
642,10,29.0,1,1
642,11,41.0,1,1
642,12,71.0,1,1
642,13,2.0,1,1
642,14,24.0,1,1
642,15,59.0,1,1
642,16,5.0,1,1
642,17,69.0,1,1
642,18,99.0,1,1
642,19,8.0,1,1
642,20,31.0,1,1
642,21,31.0,1,1
642,22,10.0,1,1
642,23,43.0,1,1
642,24,3.0,1,1
642,25,14.0,1,1
642,26,23.0,1,1
642,27,0.0,1,1
642,28,29.0,1,1
642,29,29.0,1,1
642,30,27.0,1,1
642,31,4.0,1,1
642,32,12.0,1,1
642,33,16.0,1,1
643,0,73.0,1,1
643,1,87.0,1,1
643,2,75.0,1,1
643,3,45.0,1,1
643,4,17.0,1,1
643,5,56.0,1,1
643,6,0.0,1,1
643,7,64.0,1,1
643,8,15.0,1,1
643,9,0.0,1,1
643,10,15.0,1,1
643,11,45.0,1,1
643,12,25.0,1,1
643,13,1.0,1,1
643,14,36.0,1,1
643,15,50.0,1,1
643,16,6.0,1,1
643,17,77.0,1,1
643,18,110.0,1,1
643,19,22.0,1,1
643,20,22.0,1,1
643,21,26.0,1,1
643,22,13.0,1,1
643,23,28.0,1,1
643,24,1.0,1,1
643,25,16.0,1,1
643,26,21.0,1,1
643,27,0.0,1,1
643,28,40.0,1,1
643,29,15.0,1,1
643,30,19.0,1,1
643,31,6.0,1,1
643,32,12.0,1,1
643,33,18.0,1,1
644,0,76.0,1,1
644,1,102.0,1,1
644,2,67.0,1,1
644,3,24.0,1,1
644,4,12.0,1,1
644,5,52.0,1,1
644,6,0.0,1,1
644,7,83.0,1,1
644,8,22.0,1,1
644,9,0.0,1,1
644,10,25.0,1,1
644,11,40.0,1,1
644,12,14.0,1,1
644,13,0.0,1,1
644,14,50.0,1,1
644,15,38.0,1,1
644,16,4.0,1,1
644,17,84.0,1,1
644,18,112.0,1,1
644,19,31.0,1,1
644,20,22.0,1,1
644,21,37.0,1,1
644,22,13.0,1,1
644,23,48.0,1,1
644,24,0.0,1,1
644,25,10.0,1,1
644,26,29.0,1,1
644,27,0.0,1,1
644,28,27.0,1,1
644,29,30.0,1,1
644,30,29.0,1,1
644,31,4.0,1,1
644,32,16.0,1,1
644,33,26.0,1,1
645,0,85.0,1,1
645,1,95.0,1,1
645,2,69.0,1,1
645,3,21.0,1,1
645,4,14.0,1,1
645,5,54.0,1,1
645,6,0.0,1,1
645,7,66.0,1,1
645,8,23.0,1,1
645,9,0.0,1,1
645,10,16.0,1,1
645,11,43.0,1,1
645,12,28.0,1,1
645,13,0.0,1,1
645,14,55.0,1,1
645,15,63.0,1,1
645,16,2.0,1,1
645,17,70.0,1,1
645,18,109.0,1,1
645,19,15.0,1,1
645,20,20.0,1,1
645,21,40.0,1,1
645,22,11.0,1,1
645,23,47.0,1,1
645,24,3.0,1,1
645,25,10.0,1,1
645,26,27.0,1,1
645,27,0.0,1,1
645,28,26.0,1,1
645,29,23.0,1,1
645,30,36.0,1,1
645,31,5.0,1,1
645,32,14.0,1,1
645,33,26.0,1,1
646,0,97.0,1,1
646,1,93.0,1,1
646,2,55.0,1,1
646,3,20.0,1,1
646,4,10.0,1,1
646,5,70.0,1,1
646,6,0.0,1,1
646,7,81.0,1,1
646,8,17.0,1,1
646,9,0.0,1,1
646,10,28.0,1,1
646,11,43.0,1,1
646,12,21.0,1,1
646,13,0.0,1,1
646,14,72.0,1,1
646,15,78.0,1,1
646,16,2.0,1,1
646,17,78.0,1,1
646,18,101.0,1,1
646,19,19.0,1,1
646,20,27.0,1,1
646,21,34.0,1,1
646,22,13.0,1,1
646,23,40.0,1,1
646,24,3.0,1,1
646,25,13.0,1,1
646,26,30.0,1,1
646,27,0.0,1,1
646,28,31.0,1,1
646,29,19.0,1,1
646,30,18.0,1,1
646,31,8.0,1,1
646,32,13.0,1,1
646,33,18.0,1,1
647,0,108.0,1,1
647,1,113.0,1,1
647,2,59.0,1,1
647,3,34.0,1,1
647,4,14.0,1,1
647,5,82.0,1,1
647,6,0.0,1,1
647,7,90.0,1,1
647,8,17.0,1,1
647,9,0.0,1,1
647,10,18.0,1,1
647,11,57.0,1,1
647,12,36.0,1,1
647,13,3.0,1,1
647,14,51.0,1,1
647,15,98.0,1,1
647,16,0.0,1,1
647,17,95.0,1,1
647,18,117.0,1,1
647,19,28.0,1,1
647,20,40.0,1,1
647,21,30.0,1,1
647,22,13.0,1,1
647,23,45.0,1,1
647,24,4.0,1,1
647,25,15.0,1,1
647,26,31.0,1,1
647,27,0.0,1,1
647,28,30.0,1,1
647,29,21.0,1,1
647,30,24.0,1,1
647,31,6.0,1,1
647,32,21.0,1,1
647,33,21.0,1,1
648,0,106.0,1,1
648,1,119.0,1,1
648,2,69.0,1,1
648,3,25.0,1,1
648,4,15.0,1,1
648,5,79.0,1,1
648,6,0.0,1,1
648,7,77.0,1,1
648,8,29.0,1,1
648,9,0.0,1,1
648,10,27.0,1,1
648,11,52.0,1,1
648,12,38.0,1,1
648,13,0.0,1,1
648,14,41.0,1,1
648,15,69.0,1,1
648,16,4.0,1,1
648,17,113.0,1,1
648,18,119.0,1,1
648,19,23.0,1,1
648,20,34.0,1,1
648,21,41.0,1,1
648,22,23.0,1,1
648,23,52.0,1,1
648,24,3.0,1,1
648,25,13.0,1,1
648,26,41.0,1,1
648,27,0.0,1,1
648,28,23.0,1,1
648,29,25.0,1,1
648,30,32.0,1,1
648,31,11.0,1,1
648,32,13.0,1,1
648,33,25.0,1,1
649,0,122.0,1,1
649,1,125.0,1,1
649,2,78.0,1,1
649,3,30.0,1,1
649,4,12.0,1,1
649,5,87.0,1,1
649,6,0.0,1,1
649,7,69.0,1,1
649,8,18.0,1,1
649,9,0.0,1,1
649,10,12.0,1,1
649,11,50.0,1,1
649,12,15.0,1,1
649,13,0.0,1,1
649,14,42.0,1,1
649,15,117.0,1,1
649,16,8.0,1,1
649,17,139.0,1,1
649,18,106.0,1,1
649,19,34.0,1,1
649,20,38.0,1,1
649,21,44.0,1,1
649,22,18.0,1,1
649,23,54.0,1,1
649,24,8.0,1,1
649,25,16.0,1,1
649,26,34.0,1,1
649,27,0.0,1,1
649,28,34.0,1,1
649,29,27.0,1,1
649,30,30.0,1,1
649,31,6.0,1,1
649,32,20.0,1,1
649,33,19.0,1,1
650,0,140.0,1,1
650,1,109.0,1,1
650,2,62.0,1,1
650,3,26.0,1,1
650,4,16.0,1,1
650,5,77.0,1,1
650,6,0.0,1,1
650,7,97.0,1,1
650,8,34.0,1,1
650,9,0.0,1,1
650,10,14.0,1,1
650,11,50.0,1,1
650,12,42.0,1,1
650,13,2.0,1,1
650,14,35.0,1,1
650,15,83.0,1,1
650,16,11.0,1,1
650,17,92.0,1,1
650,18,133.0,1,1
650,19,35.0,1,1
650,20,34.0,1,1
650,21,49.0,1,1
650,22,15.0,1,1
650,23,56.0,1,1
650,24,2.0,1,1
650,25,13.0,1,1
650,26,27.0,1,1
650,27,0.0,1,1
650,28,31.0,1,1
650,29,28.0,1,1
650,30,24.0,1,1
650,31,3.0,1,1
650,32,25.0,1,1
650,33,35.0,1,1
651,0,119.0,1,1
651,1,141.0,1,1
651,2,81.0,1,1
651,3,33.0,1,1
651,4,14.0,1,1
651,5,79.0,1,1
651,6,0.0,1,1
651,7,81.0,1,1
651,8,14.0,1,1
651,9,0.0,1,1
651,10,12.0,1,1
651,11,63.0,1,1
651,12,32.0,1,1
651,13,0.0,1,1
651,14,76.0,1,1
651,15,92.0,1,1
651,16,4.0,1,1
651,17,129.0,1,1
651,18,118.0,1,1
651,19,43.0,1,1
651,20,29.0,1,1
651,21,88.0,1,1
651,22,27.0,1,1
651,23,55.0,1,1
651,24,5.0,1,1
651,25,17.0,1,1
651,26,42.0,1,1
651,27,0.0,1,1
651,28,40.0,1,1
651,29,30.0,1,1
651,30,23.0,1,1
651,31,7.0,1,1
651,32,17.0,1,1
651,33,17.0,1,1
652,0,142.0,1,1
652,1,149.0,1,1
652,2,77.0,1,1
652,3,36.0,1,1
652,4,16.0,1,1
652,5,96.0,1,1
652,6,0.0,1,1
652,7,102.0,1,1
652,8,30.0,1,1
652,9,0.0,1,1
652,10,21.0,1,1
652,11,64.0,1,1
652,12,27.0,1,1
652,13,2.0,1,1
652,14,55.0,1,1
652,15,91.0,1,1
652,16,4.0,1,1
652,17,130.0,1,1
652,18,159.0,1,1
652,19,41.0,1,1
652,20,39.0,1,1
652,21,51.0,1,1
652,22,15.0,1,1
652,23,57.0,1,1
652,24,1.0,1,1
652,25,10.0,1,1
652,26,29.0,1,1
652,27,0.0,1,1
652,28,39.0,1,1
652,29,24.0,1,1
652,30,37.0,1,1
652,31,3.0,1,1
652,32,10.0,1,1
652,33,17.0,1,1
653,0,136.0,1,1
653,1,149.0,1,1
653,2,76.0,1,1
653,3,38.0,1,1
653,4,30.0,1,1
653,5,107.0,1,1
653,6,0.0,1,1
653,7,127.0,1,1
653,8,29.0,1,1
653,9,0.0,1,1
653,10,12.0,1,1
653,11,68.0,1,1
653,12,23.0,1,1
653,13,0.0,1,1
653,14,45.0,1,1
653,15,96.0,1,1
653,16,9.0,1,1
653,17,145.0,1,1
653,18,157.0,1,1
653,19,33.0,1,1
653,20,39.0,1,1
653,21,59.0,1,1
653,22,22.0,1,1
653,23,63.0,1,1
653,24,2.0,1,1
653,25,22.0,1,1
653,26,38.0,1,1
653,27,0.0,1,1
653,28,51.0,1,1
653,29,31.0,1,1
653,30,39.0,1,1
653,31,9.0,1,1
653,32,19.0,1,1
653,33,31.0,1,1
654,0,130.0,1,1
654,1,150.0,1,1
654,2,72.0,1,1
654,3,29.0,1,1
654,4,18.0,1,1
654,5,100.0,1,1
654,6,0.0,1,1
654,7,85.0,1,1
654,8,16.0,1,1
654,9,0.0,1,1
654,10,26.0,1,1
654,11,52.0,1,1
654,12,34.0,1,1
654,13,0.0,1,1
654,14,61.0,1,1
654,15,109.0,1,1
654,16,4.0,1,1
654,17,148.0,1,1
654,18,174.0,1,1
654,19,38.0,1,1
654,20,50.0,1,1
654,21,61.0,1,1
654,22,17.0,1,1
654,23,70.0,1,1
654,24,4.0,1,1
654,25,15.0,1,1
654,26,30.0,1,1
654,27,0.0,1,1
654,28,38.0,1,1
654,29,26.0,1,1
654,30,24.0,1,1
654,31,4.0,1,1
654,32,21.0,1,1
654,33,18.0,1,1
655,0,136.0,1,1
655,1,143.0,1,1
655,2,85.0,1,1
655,3,24.0,1,1
655,4,23.0,1,1
655,5,90.0,1,1
655,6,0.0,1,1
655,7,95.0,1,1
655,8,28.0,1,1
655,9,0.0,1,1
655,10,8.0,1,1
655,11,73.0,1,1
655,12,24.0,1,1
655,13,1.0,1,1
655,14,55.0,1,1
655,15,136.0,1,1
655,16,6.0,1,1
655,17,136.0,1,1
655,18,141.0,1,1
655,19,39.0,1,1
655,20,41.0,1,1
655,21,55.0,1,1
655,22,18.0,1,1
655,23,59.0,1,1
655,24,1.0,1,1
655,25,22.0,1,1
655,26,29.0,1,1
655,27,0.0,1,1
655,28,32.0,1,1
655,29,20.0,1,1
655,30,43.0,1,1
655,31,3.0,1,1
655,32,33.0,1,1
655,33,23.0,1,1
656,0,131.0,1,1
656,1,168.0,1,1
656,2,62.0,1,1
656,3,34.0,1,1
656,4,16.0,1,1
656,5,98.0,1,1
656,6,0.0,1,1
656,7,109.0,1,1
656,8,34.0,1,1
656,9,0.0,1,1
656,10,15.0,1,1
656,11,81.0,1,1
656,12,20.0,1,1
656,13,2.0,1,1
656,14,38.0,1,1
656,15,114.0,1,1
656,16,7.0,1,1
656,17,146.0,1,1
656,18,151.0,1,1
656,19,37.0,1,1
656,20,33.0,1,1
656,21,59.0,1,1
656,22,22.0,1,1
656,23,59.0,1,1
656,24,9.0,1,1
656,25,19.0,1,1
656,26,36.0,1,1
656,27,0.0,1,1
656,28,38.0,1,1
656,29,40.0,1,1
656,30,28.0,1,1
656,31,5.0,1,1
656,32,17.0,1,1
656,33,17.0,1,1
657,0,164.0,1,1
657,1,168.0,1,1
657,2,78.0,1,1
657,3,30.0,1,1
657,4,30.0,1,1
657,5,116.0,1,1
657,6,0.0,1,1
657,7,100.0,1,1
657,8,23.0,1,1
657,9,0.0,1,1
657,10,12.0,1,1
657,11,72.0,1,1
657,12,9.0,1,1
657,13,0.0,1,1
657,14,33.0,1,1
657,15,36.0,1,1
657,16,6.0,1,1
657,17,161.0,1,1
657,18,187.0,1,1
657,19,42.0,1,1
657,20,51.0,1,1
657,21,66.0,1,1
657,22,26.0,1,1
657,23,64.0,1,1
657,24,11.0,1,1
657,25,21.0,1,1
657,26,44.0,1,1
657,27,0.0,1,1
657,28,46.0,1,1
657,29,26.0,1,1
657,30,39.0,1,1
657,31,7.0,1,1
657,32,25.0,1,1
657,33,27.0,1,1
658,0,161.0,1,1
658,1,178.0,1,1
658,2,80.0,1,1
658,3,24.0,1,1
658,4,35.0,1,1
658,5,119.0,1,1
658,6,0.0,1,1
658,7,82.0,1,1
658,8,26.0,1,1
658,9,0.0,1,1
658,10,19.0,1,1
658,11,59.0,1,1
658,12,32.0,1,1
658,13,0.0,1,1
658,14,37.0,1,1
658,15,24.0,1,1
658,16,6.0,1,1
658,17,186.0,1,1
658,18,168.0,1,1
658,19,40.0,1,1
658,20,61.0,1,1
658,21,61.0,1,1
658,22,15.0,1,1
658,23,74.0,1,1
658,24,3.0,1,1
658,25,30.0,1,1
658,26,41.0,1,1
658,27,0.0,1,1
658,28,41.0,1,1
658,29,37.0,1,1
658,30,30.0,1,1
658,31,12.0,1,1
658,32,21.0,1,1
658,33,26.0,1,1
659,0,137.0,1,1
659,1,180.0,1,1
659,2,84.0,1,1
659,3,27.0,1,1
659,4,22.0,1,1
659,5,120.0,1,1
659,6,0.0,1,1
659,7,102.0,1,1
659,8,20.0,1,1
659,9,0.0,1,1
659,10,14.0,1,1
659,11,58.0,1,1
659,12,47.0,1,1
659,13,2.0,1,1
659,14,43.0,1,1
659,15,14.0,1,1
659,16,6.0,1,1
659,17,172.0,1,1
659,18,190.0,1,1
659,19,30.0,1,1
659,20,47.0,1,1
659,21,76.0,1,1
659,22,21.0,1,1
659,23,74.0,1,1
659,24,5.0,1,1
659,25,20.0,1,1
659,26,45.0,1,1
659,27,0.0,1,1
659,28,43.0,1,1
659,29,25.0,1,1
659,30,34.0,1,1
659,31,6.0,1,1
659,32,22.0,1,1
659,33,25.0,1,1
660,0,187.0,1,1
660,1,149.0,1,1
660,2,110.0,1,1
660,3,38.0,1,1
660,4,25.0,1,1
660,5,98.0,1,1
660,6,0.0,1,1
660,7,107.0,1,1
660,8,19.0,1,1
660,9,0.0,1,1
660,10,21.0,1,1
660,11,63.0,1,1
660,12,22.0,1,1
660,13,0.0,1,1
660,14,69.0,1,1
660,15,12.0,1,1
660,16,8.0,1,1
660,17,131.0,1,1
660,18,168.0,1,1
660,19,49.0,1,1
660,20,44.0,1,1
660,21,65.0,1,1
660,22,27.0,1,1
660,23,58.0,1,1
660,24,5.0,1,1
660,25,17.0,1,1
660,26,51.0,1,1
660,27,0.0,1,1
660,28,42.0,1,1
660,29,32.0,1,1
660,30,37.0,1,1
660,31,8.0,1,1
660,32,21.0,1,1
660,33,24.0,1,1
661,0,174.0,1,1
661,1,170.0,1,1
661,2,78.0,1,1
661,3,22.0,1,1
661,4,27.0,1,1
661,5,112.0,1,1
661,6,0.0,1,1
661,7,139.0,1,1
661,8,30.0,1,1
661,9,0.0,1,1
661,10,16.0,1,1
661,11,91.0,1,1
661,12,32.0,1,1
661,13,0.0,1,1
661,14,36.0,1,1
661,15,14.0,1,1
661,16,5.0,1,1
661,17,163.0,1,1
661,18,190.0,1,1
661,19,50.0,1,1
661,20,43.0,1,1
661,21,75.0,1,1
661,22,22.0,1,1
661,23,68.0,1,1
661,24,5.0,1,1
661,25,24.0,1,1
661,26,51.0,1,1
661,27,0.0,1,1
661,28,46.0,1,1
661,29,37.0,1,1
661,30,39.0,1,1
661,31,7.0,1,1
661,32,26.0,1,1
661,33,29.0,1,1
662,0,154.0,1,1
662,1,146.0,1,1
662,2,94.0,1,1
662,3,35.0,1,1
662,4,24.0,1,1
662,5,129.0,1,1
662,6,0.0,1,1
662,7,138.0,1,1
662,8,26.0,1,1
662,9,0.0,1,1
662,10,22.0,1,1
662,11,82.0,1,1
662,12,35.0,1,1
662,13,0.0,1,1
662,14,25.0,1,1
662,15,13.0,1,1
662,16,6.0,1,1
662,17,183.0,1,1
662,18,194.0,1,1
662,19,54.0,1,1
662,20,43.0,1,1
662,21,62.0,1,1
662,22,18.0,1,1
662,23,72.0,1,1
662,24,6.0,1,1
662,25,22.0,1,1
662,26,45.0,1,1
662,27,0.0,1,1
662,28,48.0,1,1
662,29,32.0,1,1
662,30,31.0,1,1
662,31,4.0,1,1
662,32,25.0,1,1
662,33,25.0,1,1
663,0,154.0,1,1
663,1,168.0,1,1
663,2,95.0,1,1
663,3,35.0,1,1
663,4,23.0,1,1
663,5,115.0,1,1
663,6,0.0,1,1
663,7,116.0,1,1
663,8,45.0,1,1
663,9,0.0,1,1
663,10,11.0,1,1
663,11,99.0,1,1
663,12,16.0,1,1
663,13,0.0,1,1
663,14,29.0,1,1
663,15,10.0,1,1
663,16,5.0,1,1
663,17,157.0,1,1
663,18,196.0,1,1
663,19,40.0,1,1
663,20,60.0,1,1
663,21,74.0,1,1
663,22,16.0,1,1
663,23,71.0,1,1
663,24,10.0,1,1
663,25,30.0,1,1
663,26,48.0,1,1
663,27,0.0,1,1
663,28,57.0,1,1
663,29,38.0,1,1
663,30,25.0,1,1
663,31,11.0,1,1
663,32,25.0,1,1
663,33,36.0,1,1
664,0,149.0,1,1
664,1,139.0,1,1
664,2,67.0,1,1
664,3,27.0,1,1
664,4,21.0,1,1
664,5,100.0,1,1
664,6,0.0,1,1
664,7,117.0,1,1
664,8,25.0,1,1
664,9,0.0,1,1
664,10,11.0,1,1
664,11,67.0,1,1
664,12,24.0,1,1
664,13,0.0,1,1
664,14,39.0,1,1
664,15,26.0,1,1
664,16,5.0,1,1
664,17,153.0,1,1
664,18,185.0,1,1
664,19,37.0,1,1
664,20,39.0,1,1
664,21,67.0,1,1
664,22,25.0,1,1
664,23,65.0,1,1
664,24,5.0,1,1
664,25,22.0,1,1
664,26,46.0,1,1
664,27,0.0,1,1
664,28,43.0,1,1
664,29,36.0,1,1
664,30,33.0,1,1
664,31,1.0,1,1
664,32,24.0,1,1
664,33,25.0,1,1
665,0,141.0,1,1
665,1,152.0,1,1
665,2,85.0,1,1
665,3,39.0,1,1
665,4,28.0,1,1
665,5,96.0,1,1
665,6,0.0,1,1
665,7,138.0,1,1
665,8,32.0,1,1
665,9,0.0,1,1
665,10,15.0,1,1
665,11,89.0,1,1
665,12,43.0,1,1
665,13,0.0,1,1
665,14,40.0,1,1
665,15,20.0,1,1
665,16,4.0,1,1
665,17,171.0,1,1
665,18,187.0,1,1
665,19,35.0,1,1
665,20,41.0,1,1
665,21,77.0,1,1
665,22,11.0,1,1
665,23,71.0,1,1
665,24,8.0,1,1
665,25,18.0,1,1
665,26,39.0,1,1
665,27,0.0,1,1
665,28,46.0,1,1
665,29,21.0,1,1
665,30,37.0,1,1
665,31,3.0,1,1
665,32,27.0,1,1
665,33,25.0,1,1
666,0,145.0,1,1
666,1,137.0,1,1
666,2,66.0,1,1
666,3,32.0,1,1
666,4,27.0,1,1
666,5,111.0,1,1
666,6,0.0,1,1
666,7,105.0,1,1
666,8,31.0,1,1
666,9,0.0,1,1
666,10,18.0,1,1
666,11,56.0,1,1
666,12,70.0,1,1
666,13,0.0,1,1
666,14,91.0,1,1
666,15,63.0,1,1
666,16,7.0,1,1
666,17,135.0,1,1
666,18,170.0,1,1
666,19,44.0,1,1
666,20,45.0,1,1
666,21,66.0,1,1
666,22,14.0,1,1
666,23,55.0,1,1
666,24,6.0,1,1
666,25,24.0,1,1
666,26,39.0,1,1
666,27,0.0,1,1
666,28,38.0,1,1
666,29,27.0,1,1
666,30,28.0,1,1
666,31,7.0,1,1
666,32,28.0,1,1
666,33,30.0,1,1
667,0,141.0,1,1
667,1,116.0,1,1
667,2,82.0,1,1
667,3,34.0,1,1
667,4,31.0,1,1
667,5,73.0,1,1
667,6,0.0,1,1
667,7,103.0,1,1
667,8,25.0,1,1
667,9,0.0,1,1
667,10,11.0,1,1
667,11,96.0,1,1
667,12,27.0,1,1
667,13,1.0,1,1
667,14,47.0,1,1
667,15,166.0,1,1
667,16,7.0,1,1
667,17,116.0,1,1
667,18,181.0,1,1
667,19,39.0,1,1
667,20,44.0,1,1
667,21,61.0,1,1
667,22,22.0,1,1
667,23,67.0,1,1
667,24,7.0,1,1
667,25,22.0,1,1
667,26,34.0,1,1
667,27,0.0,1,1
667,28,52.0,1,1
667,29,38.0,1,1
667,30,34.0,1,1
667,31,8.0,1,1
667,32,26.0,1,1
667,33,30.0,1,1
668,0,150.0,1,1
668,1,156.0,1,1
668,2,76.0,1,1
668,3,23.0,1,1
668,4,27.0,1,1
668,5,111.0,1,1
668,6,0.0,1,1
668,7,119.0,1,1
668,8,24.0,1,1
668,9,0.0,1,1
668,10,13.0,1,1
668,11,82.0,1,1
668,12,25.0,1,1
668,13,1.0,1,1
668,14,69.0,1,1
668,15,103.0,1,1
668,16,3.0,1,1
668,17,165.0,1,1
668,18,161.0,1,1
668,19,37.0,1,1
668,20,50.0,1,1
668,21,63.0,1,1
668,22,12.0,1,1
668,23,78.0,1,1
668,24,5.0,1,1
668,25,21.0,1,1
668,26,44.0,1,1
668,27,0.0,1,1
668,28,40.0,1,1
668,29,38.0,1,1
668,30,33.0,1,1
668,31,17.0,1,1
668,32,25.0,1,1
668,33,24.0,1,1
669,0,122.0,1,1
669,1,152.0,1,1
669,2,62.0,1,1
669,3,32.0,1,1
669,4,19.0,1,1
669,5,95.0,1,1
669,6,0.0,1,1
669,7,95.0,1,1
669,8,32.0,1,1
669,9,0.0,1,1
669,10,15.0,1,1
669,11,66.0,1,1
669,12,20.0,1,1
669,13,2.0,1,1
669,14,40.0,1,1
669,15,122.0,1,1
669,16,7.0,1,1
669,17,157.0,1,1
669,18,159.0,1,1
669,19,37.0,1,1
669,20,38.0,1,1
669,21,67.0,1,1
669,22,18.0,1,1
669,23,58.0,1,1
669,24,5.0,1,1
669,25,24.0,1,1
669,26,41.0,1,1
669,27,0.0,1,1
669,28,49.0,1,1
669,29,31.0,1,1
669,30,35.0,1,1
669,31,6.0,1,1
669,32,21.0,1,1
669,33,18.0,1,1
670,0,166.0,1,1
670,1,141.0,1,1
670,2,92.0,1,1
670,3,33.0,1,1
670,4,34.0,1,1
670,5,114.0,1,1
670,6,0.0,1,1
670,7,109.0,1,1
670,8,36.0,1,1
670,9,0.0,1,1
670,10,18.0,1,1
670,11,61.0,1,1
670,12,36.0,1,1
670,13,3.0,1,1
670,14,30.0,1,1
670,15,113.0,1,1
670,16,6.0,1,1
670,17,168.0,1,1
670,18,157.0,1,1
670,19,48.0,1,1
670,20,56.0,1,1
670,21,61.0,1,1
670,22,12.0,1,1
670,23,69.0,1,1
670,24,5.0,1,1
670,25,21.0,1,1
670,26,51.0,1,1
670,27,0.0,1,1
670,28,44.0,1,1
670,29,37.0,1,1
670,30,31.0,1,1
670,31,8.0,1,1
670,32,33.0,1,1
670,33,23.0,1,1
671,0,141.0,1,1
671,1,148.0,1,1
671,2,67.0,1,1
671,3,36.0,1,1
671,4,22.0,1,1
671,5,121.0,1,1
671,6,0.0,1,1
671,7,105.0,1,1
671,8,17.0,1,1
671,9,0.0,1,1
671,10,21.0,1,1
671,11,73.0,1,1
671,12,41.0,1,1
671,13,0.0,1,1
671,14,43.0,1,1
671,15,174.0,1,1
671,16,4.0,1,1
671,17,159.0,1,1
671,18,150.0,1,1
671,19,32.0,1,1
671,20,43.0,1,1
671,21,55.0,1,1
671,22,14.0,1,1
671,23,60.0,1,1
671,24,6.0,1,1
671,25,26.0,1,1
671,26,45.0,1,1
671,27,0.0,1,1
671,28,36.0,1,1
671,29,39.0,1,1
671,30,35.0,1,1
671,31,12.0,1,1
671,32,22.0,1,1
671,33,36.0,1,1
672,0,168.0,1,1
672,1,115.0,1,1
672,2,104.0,1,1
672,3,44.0,1,1
672,4,32.0,1,1
672,5,93.0,1,1
672,6,0.0,1,1
672,7,123.0,1,1
672,8,30.0,1,1
672,9,0.0,1,1
672,10,14.0,1,1
672,11,61.0,1,1
672,12,19.0,1,1
672,13,2.0,1,1
672,14,67.0,1,1
672,15,129.0,1,1
672,16,11.0,1,1
672,17,140.0,1,1
672,18,171.0,1,1
672,19,46.0,1,1
672,20,57.0,1,1
672,21,55.0,1,1
672,22,13.0,1,1
672,23,73.0,1,1
672,24,7.0,1,1
672,25,19.0,1,1
672,26,34.0,1,1
672,27,0.0,1,1
672,28,33.0,1,1
672,29,33.0,1,1
672,30,30.0,1,1
672,31,10.0,1,1
672,32,23.0,1,1
672,33,24.0,1,1
673,0,123.0,1,1
673,1,150.0,1,1
673,2,96.0,1,1
673,3,36.0,1,1
673,4,28.0,1,1
673,5,114.0,1,1
673,6,0.0,1,1
673,7,140.0,1,1
673,8,28.0,1,1
673,9,0.0,1,1
673,10,29.0,1,1
673,11,98.0,1,1
673,12,28.0,1,1
673,13,3.0,1,1
673,14,53.0,1,1
673,15,176.0,1,1
673,16,7.0,1,1
673,17,155.0,1,1
673,18,164.0,1,1
673,19,47.0,1,1
673,20,47.0,1,1
673,21,60.0,1,1
673,22,20.0,1,1
673,23,68.0,1,1
673,24,4.0,1,1
673,25,17.0,1,1
673,26,41.0,1,1
673,27,0.0,1,1
673,28,54.0,1,1
673,29,19.0,1,1
673,30,41.0,1,1
673,31,10.0,1,1
673,32,26.0,1,1
673,33,27.0,1,1
674,0,139.0,1,1
674,1,136.0,1,1
674,2,103.0,1,1
674,3,38.0,1,1
674,4,32.0,1,1
674,5,97.0,1,1
674,6,0.0,1,1
674,7,142.0,1,1
674,8,25.0,1,1
674,9,0.0,1,1
674,10,21.0,1,1
674,11,97.0,1,1
674,12,33.0,1,1
674,13,3.0,1,1
674,14,53.0,1,1
674,15,127.0,1,1
674,16,6.0,1,1
674,17,158.0,1,1
674,18,177.0,1,1
674,19,48.0,1,1
674,20,55.0,1,1
674,21,70.0,1,1
674,22,10.0,1,1
674,23,53.0,1,1
674,24,7.0,1,1
674,25,24.0,1,1
674,26,29.0,1,1
674,27,0.0,1,1
674,28,41.0,1,1
674,29,28.0,1,1
674,30,25.0,1,1
674,31,4.0,1,1
674,32,19.0,1,1
674,33,30.0,1,1
675,0,131.0,1,1
675,1,126.0,1,1
675,2,88.0,1,1
675,3,31.0,1,1
675,4,20.0,1,1
675,5,99.0,1,1
675,6,0.0,1,1
675,7,132.0,1,1
675,8,26.0,1,1
675,9,0.0,1,1
675,10,16.0,1,1
675,11,84.0,1,1
675,12,42.0,1,1
675,13,0.0,1,1
675,14,38.0,1,1
675,15,189.0,1,1
675,16,9.0,1,1
675,17,141.0,1,1
675,18,183.0,1,1
675,19,33.0,1,1
675,20,42.0,1,1
675,21,66.0,1,1
675,22,17.0,1,1
675,23,46.0,1,1
675,24,2.0,1,1
675,25,21.0,1,1
675,26,36.0,1,1
675,27,0.0,1,1
675,28,35.0,1,1
675,29,18.0,1,1
675,30,36.0,1,1
675,31,8.0,1,1
675,32,22.0,1,1
675,33,32.0,1,1
676,0,161.0,1,1
676,1,139.0,1,1
676,2,102.0,1,1
676,3,40.0,1,1
676,4,30.0,1,1
676,5,100.0,1,1
676,6,0.0,1,1
676,7,128.0,1,1
676,8,38.0,1,1
676,9,0.0,1,1
676,10,16.0,1,1
676,11,94.0,1,1
676,12,31.0,1,1
676,13,0.0,1,1
676,14,55.0,1,1
676,15,160.0,1,1
676,16,5.0,1,1
676,17,156.0,1,1
676,18,173.0,1,1
676,19,47.0,1,1
676,20,33.0,1,1
676,21,57.0,1,1
676,22,18.0,1,1
676,23,82.0,1,1
676,24,1.0,1,1
676,25,21.0,1,1
676,26,36.0,1,1
676,27,0.0,1,1
676,28,42.0,1,1
676,29,34.0,1,1
676,30,29.0,1,1
676,31,7.0,1,1
676,32,22.0,1,1
676,33,24.0,1,1
677,0,154.0,1,1
677,1,133.0,1,1
677,2,90.0,1,1
677,3,44.0,1,1
677,4,30.0,1,1
677,5,97.0,1,1
677,6,0.0,1,1
677,7,129.0,1,1
677,8,27.0,1,1
677,9,0.0,1,1
677,10,29.0,1,1
677,11,82.0,1,1
677,12,27.0,1,1
677,13,3.0,1,1
677,14,78.0,1,1
677,15,178.0,1,1
677,16,2.0,1,1
677,17,152.0,1,1
677,18,176.0,1,1
677,19,37.0,1,1
677,20,50.0,1,1
677,21,64.0,1,1
677,22,15.0,1,1
677,23,71.0,1,1
677,24,7.0,1,1
677,25,17.0,1,1
677,26,34.0,1,1
677,27,0.0,1,1
677,28,38.0,1,1
677,29,25.0,1,1
677,30,29.0,1,1
677,31,11.0,1,1
677,32,24.0,1,1
677,33,26.0,1,1
678,0,153.0,1,1
678,1,114.0,1,1
678,2,74.0,1,1
678,3,40.0,1,1
678,4,36.0,1,1
678,5,90.0,1,1
678,6,0.0,1,1
678,7,113.0,1,1
678,8,24.0,1,1
678,9,0.0,1,1
678,10,18.0,1,1
678,11,79.0,1,1
678,12,36.0,1,1
678,13,3.0,1,1
678,14,44.0,1,1
678,15,160.0,1,1
678,16,4.0,1,1
678,17,178.0,1,1
678,18,173.0,1,1
678,19,55.0,1,1
678,20,34.0,1,1
678,21,60.0,1,1
678,22,16.0,1,1
678,23,61.0,1,1
678,24,5.0,1,1
678,25,17.0,1,1
678,26,39.0,1,1
678,27,0.0,1,1
678,28,41.0,1,1
678,29,35.0,1,1
678,30,36.0,1,1
678,31,16.0,1,1
678,32,33.0,1,1
678,33,18.0,1,1
679,0,158.0,1,1
679,1,174.0,1,1
679,2,96.0,1,1
679,3,26.0,1,1
679,4,33.0,1,1
679,5,103.0,1,1
679,6,0.0,1,1
679,7,113.0,1,1
679,8,48.0,1,1
679,9,0.0,1,1
679,10,27.0,1,1
679,11,85.0,1,1
679,12,39.0,1,1
679,13,0.0,1,1
679,14,49.0,1,1
679,15,151.0,1,1
679,16,5.0,1,1
679,17,175.0,1,1
679,18,151.0,1,1
679,19,41.0,1,1
679,20,52.0,1,1
679,21,72.0,1,1
679,22,19.0,1,1
679,23,88.0,1,1
679,24,4.0,1,1
679,25,23.0,1,1
679,26,40.0,1,1
679,27,0.0,1,1
679,28,50.0,1,1
679,29,24.0,1,1
679,30,29.0,1,1
679,31,11.0,1,1
679,32,21.0,1,1
679,33,21.0,1,1
680,0,143.0,1,1
680,1,163.0,1,1
680,2,82.0,1,1
680,3,39.0,1,1
680,4,44.0,1,1
680,5,122.0,1,1
680,6,0.0,1,1
680,7,115.0,1,1
680,8,31.0,1,1
680,9,0.0,1,1
680,10,21.0,1,1
680,11,77.0,1,1
680,12,26.0,1,1
680,13,0.0,1,1
680,14,39.0,1,1
680,15,178.0,1,1
680,16,7.0,1,1
680,17,174.0,1,1
680,18,172.0,1,1
680,19,53.0,1,1
680,20,52.0,1,1
680,21,56.0,1,1
680,22,19.0,1,1
680,23,61.0,1,1
680,24,6.0,1,1
680,25,16.0,1,1
680,26,45.0,1,1
680,27,0.0,1,1
680,28,40.0,1,1
680,29,23.0,1,1
680,30,28.0,1,1
680,31,10.0,1,1
680,32,16.0,1,1
680,33,25.0,1,1
681,0,180.0,1,1
681,1,130.0,1,1
681,2,86.0,1,1
681,3,42.0,1,1
681,4,30.0,1,1
681,5,80.0,1,1
681,6,0.0,1,1
681,7,122.0,1,1
681,8,31.0,1,1
681,9,0.0,1,1
681,10,14.0,1,1
681,11,91.0,1,1
681,12,24.0,1,1
681,13,2.0,1,1
681,14,73.0,1,1
681,15,133.0,1,1
681,16,7.0,1,1
681,17,134.0,1,1
681,18,169.0,1,1
681,19,43.0,1,1
681,20,53.0,1,1
681,21,68.0,1,1
681,22,23.0,1,1
681,23,61.0,1,1
681,24,5.0,1,1
681,25,20.0,1,1
681,26,34.0,1,1
681,27,0.0,1,1
681,28,42.0,1,1
681,29,26.0,1,1
681,30,30.0,1,1
681,31,4.0,1,1
681,32,40.0,1,1
681,33,38.0,1,1
682,0,176.0,1,1
682,1,138.0,1,1
682,2,68.0,1,1
682,3,37.0,1,1
682,4,27.0,1,1
682,5,103.0,1,1
682,6,0.0,1,1
682,7,131.0,1,1
682,8,45.0,1,1
682,9,0.0,1,1
682,10,25.0,1,1
682,11,82.0,1,1
682,12,31.0,1,1
682,13,1.0,1,1
682,14,63.0,1,1
682,15,173.0,1,1
682,16,4.0,1,1
682,17,156.0,1,1
682,18,187.0,1,1
682,19,47.0,1,1
682,20,57.0,1,1
682,21,67.0,1,1
682,22,18.0,1,1
682,23,73.0,1,1
682,24,8.0,1,1
682,25,28.0,1,1
682,26,36.0,1,1
682,27,0.0,1,1
682,28,33.0,1,1
682,29,34.0,1,1
682,30,25.0,1,1
682,31,5.0,1,1
682,32,31.0,1,1
682,33,31.0,1,1
683,0,172.0,1,1
683,1,137.0,1,1
683,2,88.0,1,1
683,3,39.0,1,1
683,4,32.0,1,1
683,5,97.0,1,1
683,6,0.0,1,1
683,7,110.0,1,1
683,8,32.0,1,1
683,9,0.0,1,1
683,10,15.0,1,1
683,11,80.0,1,1
683,12,33.0,1,1
683,13,0.0,1,1
683,14,62.0,1,1
683,15,139.0,1,1
683,16,4.0,1,1
683,17,172.0,1,1
683,18,181.0,1,1
683,19,43.0,1,1
683,20,43.0,1,1
683,21,90.0,1,1
683,22,16.0,1,1
683,23,46.0,1,1
683,24,5.0,1,1
683,25,21.0,1,1
683,26,42.0,1,1
683,27,0.0,1,1
683,28,46.0,1,1
683,29,24.0,1,1
683,30,33.0,1,1
683,31,7.0,1,1
683,32,30.0,1,1
683,33,24.0,1,1
684,0,138.0,1,1
684,1,143.0,1,1
684,2,82.0,1,1
684,3,38.0,1,1
684,4,25.0,1,1
684,5,94.0,1,1
684,6,0.0,1,1
684,7,97.0,1,1
684,8,33.0,1,1
684,9,0.0,1,1
684,10,18.0,1,1
684,11,64.0,1,1
684,12,29.0,1,1
684,13,0.0,1,1
684,14,64.0,1,1
684,15,118.0,1,1
684,16,8.0,1,1
684,17,171.0,1,1
684,18,139.0,1,1
684,19,34.0,1,1
684,20,49.0,1,1
684,21,57.0,1,1
684,22,15.0,1,1
684,23,89.0,1,1
684,24,6.0,1,1
684,25,15.0,1,1
684,26,39.0,1,1
684,27,0.0,1,1
684,28,41.0,1,1
684,29,17.0,1,1
684,30,38.0,1,1
684,31,8.0,1,1
684,32,23.0,1,1
684,33,22.0,1,1
685,0,182.0,1,1
685,1,143.0,1,1
685,2,104.0,1,1
685,3,37.0,1,1
685,4,25.0,1,1
685,5,131.0,1,1
685,6,0.0,1,1
685,7,113.0,1,1
685,8,41.0,1,1
685,9,0.0,1,1
685,10,17.0,1,1
685,11,70.0,1,1
685,12,41.0,1,1
685,13,0.0,1,1
685,14,83.0,1,1
685,15,165.0,1,1
685,16,2.0,1,1
685,17,212.0,1,1
685,18,154.0,1,1
685,19,40.0,1,1
685,20,52.0,1,1
685,21,103.0,1,1
685,22,16.0,1,1
685,23,70.0,1,1
685,24,4.0,1,1
685,25,24.0,1,1
685,26,33.0,1,1
685,27,0.0,1,1
685,28,41.0,1,1
685,29,35.0,1,1
685,30,32.0,1,1
685,31,8.0,1,1
685,32,29.0,1,1
685,33,27.0,1,1
686,0,157.0,1,1
686,1,152.0,1,1
686,2,86.0,1,1
686,3,42.0,1,1
686,4,39.0,1,1
686,5,103.0,1,1
686,6,0.0,1,1
686,7,117.0,1,1
686,8,36.0,1,1
686,9,0.0,1,1
686,10,19.0,1,1
686,11,82.0,1,1
686,12,21.0,1,1
686,13,0.0,1,1
686,14,36.0,1,1
686,15,138.0,1,1
686,16,6.0,1,1
686,17,177.0,1,1
686,18,166.0,1,1
686,19,43.0,1,1
686,20,57.0,1,1
686,21,63.0,1,1
686,22,14.0,1,1
686,23,74.0,1,1
686,24,6.0,1,1
686,25,22.0,1,1
686,26,29.0,1,1
686,27,0.0,1,1
686,28,47.0,1,1
686,29,28.0,1,1
686,30,22.0,1,1
686,31,9.0,1,1
686,32,35.0,1,1
686,33,20.0,1,1
687,0,156.0,1,1
687,1,156.0,1,1
687,2,79.0,1,1
687,3,39.0,1,1
687,4,29.0,1,1
687,5,117.0,1,1
687,6,0.0,1,1
687,7,135.0,1,1
687,8,36.0,1,1
687,9,0.0,1,1
687,10,19.0,1,1
687,11,81.0,1,1
687,12,52.0,1,1
687,13,0.0,1,1
687,14,46.0,1,1
687,15,165.0,1,1
687,16,6.0,1,1
687,17,198.0,1,1
687,18,174.0,1,1
687,19,38.0,1,1
687,20,51.0,1,1
687,21,73.0,1,1
687,22,12.0,1,1
687,23,76.0,1,1
687,24,4.0,1,1
687,25,19.0,1,1
687,26,41.0,1,1
687,27,0.0,1,1
687,28,36.0,1,1
687,29,22.0,1,1
687,30,27.0,1,1
687,31,9.0,1,1
687,32,22.0,1,1
687,33,17.0,1,1
688,0,159.0,1,1
688,1,140.0,1,1
688,2,72.0,1,1
688,3,47.0,1,1
688,4,37.0,1,1
688,5,93.0,1,1
688,6,0.0,1,1
688,7,117.0,1,1
688,8,34.0,1,1
688,9,0.0,1,1
688,10,19.0,1,1
688,11,81.0,1,1
688,12,27.0,1,1
688,13,3.0,1,1
688,14,57.0,1,1
688,15,153.0,1,1
688,16,8.0,1,1
688,17,165.0,1,1
688,18,140.0,1,1
688,19,45.0,1,1
688,20,53.0,1,1
688,21,69.0,1,1
688,22,14.0,1,1
688,23,67.0,1,1
688,24,4.0,1,1
688,25,18.0,1,1
688,26,32.0,1,1
688,27,0.0,1,1
688,28,41.0,1,1
688,29,29.0,1,1
688,30,36.0,1,1
688,31,11.0,1,1
688,32,18.0,1,1
688,33,18.0,1,1
689,0,159.0,1,1
689,1,127.0,1,1
689,2,90.0,1,1
689,3,61.0,1,1
689,4,28.0,1,1
689,5,88.0,1,1
689,6,0.0,1,1
689,7,130.0,1,1
689,8,34.0,1,1
689,9,0.0,1,1
689,10,18.0,1,1
689,11,92.0,1,1
689,12,40.0,1,1
689,13,0.0,1,1
689,14,52.0,1,1
689,15,88.0,1,1
689,16,4.0,1,1
689,17,146.0,1,1
689,18,161.0,1,1
689,19,39.0,1,1
689,20,36.0,1,1
689,21,74.0,1,1
689,22,15.0,1,1
689,23,116.0,1,1
689,24,5.0,1,1
689,25,20.0,1,1
689,26,28.0,1,1
689,27,0.0,1,1
689,28,31.0,1,1
689,29,18.0,1,1
689,30,29.0,1,1
689,31,11.0,1,1
689,32,29.0,1,1
689,33,22.0,1,1
690,0,163.0,1,1
690,1,122.0,1,1
690,2,83.0,1,1
690,3,158.0,1,1
690,4,24.0,1,1
690,5,95.0,1,1
690,6,0.0,1,1
690,7,112.0,1,1
690,8,28.0,1,1
690,9,0.0,1,1
690,10,22.0,1,1
690,11,59.0,1,1
690,12,30.0,1,1
690,13,2.0,1,1
690,14,40.0,1,1
690,15,110.0,1,1
690,16,3.0,1,1
690,17,131.0,1,1
690,18,153.0,1,1
690,19,40.0,1,1
690,20,41.0,1,1
690,21,143.0,1,1
690,22,10.0,1,1
690,23,66.0,1,1
690,24,8.0,1,1
690,25,17.0,1,1
690,26,41.0,1,1
690,27,0.0,1,1
690,28,31.0,1,1
690,29,23.0,1,1
690,30,31.0,1,1
690,31,9.0,1,1
690,32,21.0,1,1
690,33,22.0,1,1
691,0,180.0,1,1
691,1,148.0,1,1
691,2,87.0,1,1
691,3,36.0,1,1
691,4,22.0,1,1
691,5,105.0,1,1
691,6,0.0,1,1
691,7,114.0,1,1
691,8,25.0,1,1
691,9,0.0,1,1
691,10,17.0,1,1
691,11,66.0,1,1
691,12,34.0,1,1
691,13,0.0,1,1
691,14,39.0,1,1
691,15,100.0,1,1
691,16,4.0,1,1
691,17,142.0,1,1
691,18,139.0,1,1
691,19,37.0,1,1
691,20,36.0,1,1
691,21,57.0,1,1
691,22,10.0,1,1
691,23,53.0,1,1
691,24,5.0,1,1
691,25,16.0,1,1
691,26,28.0,1,1
691,27,0.0,1,1
691,28,29.0,1,1
691,29,10.0,1,1
691,30,29.0,1,1
691,31,4.0,1,1
691,32,17.0,1,1
691,33,14.0,1,1
692,0,148.0,1,1
692,1,110.0,1,1
692,2,86.0,1,1
692,3,29.0,1,1
692,4,28.0,1,1
692,5,69.0,1,1
692,6,0.0,1,1
692,7,110.0,1,1
692,8,27.0,1,1
692,9,0.0,1,1
692,10,24.0,1,1
692,11,63.0,1,1
692,12,18.0,1,1
692,13,0.0,1,1
692,14,48.0,1,1
692,15,139.0,1,1
692,16,0.0,1,1
692,17,119.0,1,1
692,18,134.0,1,1
692,19,42.0,1,1
692,20,41.0,1,1
692,21,54.0,1,1
692,22,10.0,1,1
692,23,51.0,1,1
692,24,5.0,1,1
692,25,16.0,1,1
692,26,22.0,1,1
692,27,0.0,1,1
692,28,28.0,1,1
692,29,12.0,1,1
692,30,14.0,1,1
692,31,6.0,1,1
692,32,26.0,1,1
692,33,11.0,1,1
693,0,180.0,1,1
693,1,121.0,1,1
693,2,62.0,1,1
693,3,41.0,1,1
693,4,27.0,1,1
693,5,91.0,1,1
693,6,0.0,1,1
693,7,88.0,1,1
693,8,31.0,1,1
693,9,0.0,1,1
693,10,15.0,1,1
693,11,56.0,1,1
693,12,19.0,1,1
693,13,0.0,1,1
693,14,34.0,1,1
693,15,111.0,1,1
693,16,4.0,1,1
693,17,126.0,1,1
693,18,99.0,1,1
693,19,42.0,1,1
693,20,31.0,1,1
693,21,59.0,1,1
693,22,14.0,1,1
693,23,67.0,1,1
693,24,5.0,1,1
693,25,17.0,1,1
693,26,30.0,1,1
693,27,0.0,1,1
693,28,23.0,1,1
693,29,27.0,1,1
693,30,33.0,1,1
693,31,3.0,1,1
693,32,20.0,1,1
693,33,22.0,1,1
694,0,162.0,1,1
694,1,139.0,1,1
694,2,75.0,1,1
694,3,26.0,1,1
694,4,31.0,1,1
694,5,106.0,1,1
694,6,0.0,1,1
694,7,99.0,1,1
694,8,39.0,1,1
694,9,0.0,1,1
694,10,18.0,1,1
694,11,79.0,1,1
694,12,20.0,1,1
694,13,0.0,1,1
694,14,34.0,1,1
694,15,100.0,1,1
694,16,3.0,1,1
694,17,147.0,1,1
694,18,125.0,1,1
694,19,33.0,1,1
694,20,42.0,1,1
694,21,55.0,1,1
694,22,13.0,1,1
694,23,60.0,1,1
694,24,8.0,1,1
694,25,16.0,1,1
694,26,41.0,1,1
694,27,0.0,1,1
694,28,27.0,1,1
694,29,17.0,1,1
694,30,25.0,1,1
694,31,8.0,1,1
694,32,23.0,1,1
694,33,18.0,1,1
695,0,145.0,1,1
695,1,150.0,1,1
695,2,67.0,1,1
695,3,38.0,1,1
695,4,30.0,1,1
695,5,96.0,1,1
695,6,0.0,1,1
695,7,94.0,1,1
695,8,22.0,1,1
695,9,0.0,1,1
695,10,14.0,1,1
695,11,52.0,1,1
695,12,19.0,1,1
695,13,0.0,1,1
695,14,13.0,1,1
695,15,105.0,1,1
695,16,4.0,1,1
695,17,162.0,1,1
695,18,107.0,1,1
695,19,39.0,1,1
695,20,48.0,1,1
695,21,46.0,1,1
695,22,14.0,1,1
695,23,49.0,1,1
695,24,3.0,1,1
695,25,14.0,1,1
695,26,29.0,1,1
695,27,0.0,1,1
695,28,18.0,1,1
695,29,13.0,1,1
695,30,27.0,1,1
695,31,8.0,1,1
695,32,23.0,1,1
695,33,9.0,1,1
696,0,138.0,1,1
696,1,99.0,1,1
696,2,69.0,1,1
696,3,33.0,1,1
696,4,21.0,1,1
696,5,66.0,1,1
696,6,0.0,1,1
696,7,93.0,1,1
696,8,27.0,1,1
696,9,0.0,1,1
696,10,19.0,1,1
696,11,57.0,1,1
696,12,29.0,1,1
696,13,1.0,1,1
696,14,25.0,1,1
696,15,73.0,1,1
696,16,2.0,1,1
696,17,123.0,1,1
696,18,105.0,1,1
696,19,37.0,1,1
696,20,19.0,1,1
696,21,57.0,1,1
696,22,15.0,1,1
696,23,57.0,1,1
696,24,2.0,1,1
696,25,15.0,1,1
696,26,26.0,1,1
696,27,0.0,1,1
696,28,34.0,1,1
696,29,24.0,1,1
696,30,22.0,1,1
696,31,9.0,1,1
696,32,15.0,1,1
696,33,20.0,1,1
697,0,127.0,1,1
697,1,116.0,1,1
697,2,71.0,1,1
697,3,29.0,1,1
697,4,27.0,1,1
697,5,99.0,1,1
697,6,0.0,1,1
697,7,82.0,1,1
697,8,25.0,1,1
697,9,0.0,1,1
697,10,23.0,1,1
697,11,54.0,1,1
697,12,26.0,1,1
697,13,0.0,1,1
697,14,30.0,1,1
697,15,86.0,1,1
697,16,2.0,1,1
697,17,103.0,1,1
697,18,114.0,1,1
697,19,19.0,1,1
697,20,34.0,1,1
697,21,49.0,1,1
697,22,10.0,1,1
697,23,60.0,1,1
697,24,1.0,1,1
697,25,13.0,1,1
697,26,23.0,1,1
697,27,0.0,1,1
697,28,17.0,1,1
697,29,14.0,1,1
697,30,18.0,1,1
697,31,4.0,1,1
697,32,19.0,1,1
697,33,11.0,1,1
698,0,118.0,1,1
698,1,90.0,1,1
698,2,70.0,1,1
698,3,33.0,1,1
698,4,16.0,1,1
698,5,58.0,1,1
698,6,0.0,1,1
698,7,89.0,1,1
698,8,35.0,1,1
698,9,0.0,1,1
698,10,11.0,1,1
698,11,47.0,1,1
698,12,331.0,1,1
698,13,0.0,1,1
698,14,19.0,1,1
698,15,94.0,1,1
698,16,1.0,1,1
698,17,101.0,1,1
698,18,91.0,1,1
698,19,20.0,1,1
698,20,23.0,1,1
698,21,45.0,1,1
698,22,8.0,1,1
698,23,60.0,1,1
698,24,3.0,1,1
698,25,9.0,1,1
698,26,15.0,1,1
698,27,0.0,1,1
698,28,21.0,1,1
698,29,16.0,1,1
698,30,16.0,1,1
698,31,2.0,1,1
698,32,15.0,1,1
698,33,11.0,1,1
699,0,124.0,1,1
699,1,80.0,1,1
699,2,55.0,1,1
699,3,22.0,1,1
699,4,23.0,1,1
699,5,61.0,1,1
699,6,0.0,1,1
699,7,76.0,1,1
699,8,26.0,1,1
699,9,0.0,1,1
699,10,14.0,1,1
699,11,45.0,1,1
699,12,449.0,1,1
699,13,0.0,1,1
699,14,51.0,1,1
699,15,103.0,1,1
699,16,2.0,1,1
699,17,107.0,1,1
699,18,82.0,1,1
699,19,26.0,1,1
699,20,32.0,1,1
699,21,89.0,1,1
699,22,7.0,1,1
699,23,40.0,1,1
699,24,1.0,1,1
699,25,16.0,1,1
699,26,22.0,1,1
699,27,0.0,1,1
699,28,19.0,1,1
699,29,10.0,1,1
699,30,18.0,1,1
699,31,7.0,1,1
699,32,11.0,1,1
699,33,10.0,1,1
700,0,84.0,1,1
700,1,80.0,1,1
700,2,57.0,1,1
700,3,23.0,1,1
700,4,16.0,1,1
700,5,54.0,1,1
700,6,0.0,1,1
700,7,69.0,1,1
700,8,18.0,1,1
700,9,0.0,1,1
700,10,11.0,1,1
700,11,44.0,1,1
700,12,13.0,1,1
700,13,1.0,1,1
700,14,24.0,1,1
700,15,96.0,1,1
700,16,5.0,1,1
700,17,68.0,1,1
700,18,101.0,1,1
700,19,30.0,1,1
700,20,30.0,1,1
700,21,57.0,1,1
700,22,9.0,1,1
700,23,28.0,1,1
700,24,2.0,1,1
700,25,16.0,1,1
700,26,15.0,1,1
700,27,0.0,1,1
700,28,24.0,1,1
700,29,10.0,1,1
700,30,6.0,1,1
700,31,3.0,1,1
700,32,18.0,1,1
700,33,9.0,1,1
701,0,112.0,1,1
701,1,91.0,1,1
701,2,44.0,1,1
701,3,13.0,1,1
701,4,20.0,1,1
701,5,67.0,1,1
701,6,0.0,1,1
701,7,61.0,1,1
701,8,21.0,1,1
701,9,0.0,1,1
701,10,15.0,1,1
701,11,40.0,1,1
701,12,34.0,1,1
701,13,2.0,1,1
701,14,22.0,1,1
701,15,79.0,1,1
701,16,1.0,1,1
701,17,70.0,1,1
701,18,93.0,1,1
701,19,24.0,1,1
701,20,27.0,1,1
701,21,38.0,1,1
701,22,8.0,1,1
701,23,38.0,1,1
701,24,3.0,1,1
701,25,11.0,1,1
701,26,22.0,1,1
701,27,0.0,1,1
701,28,20.0,1,1
701,29,4.0,1,1
701,30,10.0,1,1
701,31,5.0,1,1
701,32,16.0,1,1
701,33,4.0,1,1
702,0,111.0,1,1
702,1,88.0,1,1
702,2,55.0,1,1
702,3,15.0,1,1
702,4,21.0,1,1
702,5,72.0,1,1
702,6,0.0,1,1
702,7,73.0,1,1
702,8,24.0,1,1
702,9,0.0,1,1
702,10,13.0,1,1
702,11,43.0,1,1
702,12,13.0,1,1
702,13,0.0,1,1
702,14,32.0,1,1
702,15,66.0,1,1
702,16,3.0,1,1
702,17,89.0,1,1
702,18,74.0,1,1
702,19,21.0,1,1
702,20,21.0,1,1
702,21,39.0,1,1
702,22,15.0,1,1
702,23,40.0,1,1
702,24,1.0,1,1
702,25,8.0,1,1
702,26,17.0,1,1
702,27,0.0,1,1
702,28,10.0,1,1
702,29,15.0,1,1
702,30,14.0,1,1
702,31,2.0,1,1
702,32,11.0,1,1
702,33,5.0,1,1
703,0,95.0,1,1
703,1,99.0,1,1
703,2,51.0,1,1
703,3,20.0,1,1
703,4,18.0,1,1
703,5,74.0,1,1
703,6,0.0,1,1
703,7,54.0,1,1
703,8,98.0,1,1
703,9,0.0,1,1
703,10,13.0,1,1
703,11,40.0,1,1
703,12,12.0,1,1
703,13,3.0,1,1
703,14,31.0,1,1
703,15,90.0,1,1
703,16,4.0,1,1
703,17,72.0,1,1
703,18,97.0,1,1
703,19,27.0,1,1
703,20,28.0,1,1
703,21,49.0,1,1
703,22,11.0,1,1
703,23,40.0,1,1
703,24,2.0,1,1
703,25,8.0,1,1
703,26,11.0,1,1
703,27,0.0,1,1
703,28,10.0,1,1
703,29,7.0,1,1
703,30,12.0,1,1
703,31,3.0,1,1
703,32,20.0,1,1
703,33,3.0,1,1
704,0,86.0,1,1
704,1,105.0,1,1
704,2,67.0,1,1
704,3,18.0,1,1
704,4,23.0,1,1
704,5,71.0,1,1
704,6,0.0,1,1
704,7,73.0,1,1
704,8,14.0,1,1
704,9,0.0,1,1
704,10,8.0,1,1
704,11,40.0,1,1
704,12,25.0,1,1
704,13,0.0,1,1
704,14,27.0,1,1
704,15,96.0,1,1
704,16,2.0,1,1
704,17,91.0,1,1
704,18,75.0,1,1
704,19,25.0,1,1
704,20,24.0,1,1
704,21,25.0,1,1
704,22,6.0,1,1
704,23,45.0,1,1
704,24,1.0,1,1
704,25,6.0,1,1
704,26,25.0,1,1
704,27,0.0,1,1
704,28,10.0,1,1
704,29,13.0,1,1
704,30,19.0,1,1
704,31,3.0,1,1
704,32,3.0,1,1
704,33,6.0,1,1
705,0,83.0,1,1
705,1,72.0,1,1
705,2,54.0,1,1
705,3,24.0,1,1
705,4,26.0,1,1
705,5,59.0,1,1
705,6,0.0,1,1
705,7,74.0,1,1
705,8,16.0,1,1
705,9,0.0,1,1
705,10,11.0,1,1
705,11,46.0,1,1
705,12,9.0,1,1
705,13,2.0,1,1
705,14,30.0,1,1
705,15,91.0,1,1
705,16,4.0,1,1
705,17,72.0,1,1
705,18,87.0,1,1
705,19,27.0,1,1
705,20,33.0,1,1
705,21,40.0,1,1
705,22,8.0,1,1
705,23,31.0,1,1
705,24,4.0,1,1
705,25,9.0,1,1
705,26,17.0,1,1
705,27,0.0,1,1
705,28,15.0,1,1
705,29,9.0,1,1
705,30,13.0,1,1
705,31,4.0,1,1
705,32,7.0,1,1
705,33,8.0,1,1
706,0,71.0,1,1
706,1,88.0,1,1
706,2,63.0,1,1
706,3,22.0,1,1
706,4,18.0,1,1
706,5,54.0,1,1
706,6,0.0,1,1
706,7,67.0,1,1
706,8,20.0,1,1
706,9,0.0,1,1
706,10,28.0,1,1
706,11,42.0,1,1
706,12,18.0,1,1
706,13,0.0,1,1
706,14,15.0,1,1
706,15,76.0,1,1
706,16,3.0,1,1
706,17,59.0,1,1
706,18,68.0,1,1
706,19,24.0,1,1
706,20,27.0,1,1
706,21,22.0,1,1
706,22,5.0,1,1
706,23,40.0,1,1
706,24,3.0,1,1
706,25,8.0,1,1
706,26,19.0,1,1
706,27,0.0,1,1
706,28,16.0,1,1
706,29,11.0,1,1
706,30,12.0,1,1
706,31,3.0,1,1
706,32,10.0,1,1
706,33,3.0,1,1
707,0,78.0,1,1
707,1,91.0,1,1
707,2,50.0,1,1
707,3,14.0,1,1
707,4,24.0,1,1
707,5,62.0,1,1
707,6,0.0,1,1
707,7,52.0,1,1
707,8,17.0,1,1
707,9,0.0,1,1
707,10,8.0,1,1
707,11,36.0,1,1
707,12,13.0,1,1
707,13,2.0,1,1
707,14,26.0,1,1
707,15,91.0,1,1
707,16,2.0,1,1
707,17,76.0,1,1
707,18,87.0,1,1
707,19,14.0,1,1
707,20,27.0,1,1
707,21,38.0,1,1
707,22,8.0,1,1
707,23,39.0,1,1
707,24,2.0,1,1
707,25,7.0,1,1
707,26,14.0,1,1
707,27,0.0,1,1
707,28,17.0,1,1
707,29,6.0,1,1
707,30,9.0,1,1
707,31,3.0,1,1
707,32,14.0,1,1
707,33,5.0,1,1
708,0,84.0,1,1
708,1,87.0,1,1
708,2,59.0,1,1
708,3,20.0,1,1
708,4,22.0,1,1
708,5,56.0,1,1
708,6,0.0,1,1
708,7,60.0,1,1
708,8,16.0,1,1
708,9,0.0,1,1
708,10,9.0,1,1
708,11,40.0,1,1
708,12,12.0,1,1
708,13,0.0,1,1
708,14,28.0,1,1
708,15,83.0,1,1
708,16,1.0,1,1
708,17,79.0,1,1
708,18,87.0,1,1
708,19,32.0,1,1
708,20,36.0,1,1
708,21,42.0,1,1
708,22,7.0,1,1
708,23,39.0,1,1
708,24,1.0,1,1
708,25,11.0,1,1
708,26,18.0,1,1
708,27,0.0,1,1
708,28,23.0,1,1
708,29,11.0,1,1
708,30,13.0,1,1
708,31,6.0,1,1
708,32,14.0,1,1
708,33,9.0,1,1
709,0,86.0,1,1
709,1,86.0,1,1
709,2,50.0,1,1
709,3,20.0,1,1
709,4,19.0,1,1
709,5,67.0,1,1
709,6,0.0,1,1
709,7,59.0,1,1
709,8,23.0,1,1
709,9,0.0,1,1
709,10,9.0,1,1
709,11,50.0,1,1
709,12,13.0,1,1
709,13,4.0,1,1
709,14,27.0,1,1
709,15,73.0,1,1
709,16,3.0,1,1
709,17,74.0,1,1
709,18,70.0,1,1
709,19,25.0,1,1
709,20,30.0,1,1
709,21,23.0,1,1
709,22,5.0,1,1
709,23,35.0,1,1
709,24,2.0,1,1
709,25,5.0,1,1
709,26,18.0,1,1
709,27,0.0,1,1
709,28,14.0,1,1
709,29,6.0,1,1
709,30,15.0,1,1
709,31,4.0,1,1
709,32,15.0,1,1
709,33,6.0,1,1
710,0,83.0,1,1
710,1,111.0,1,1
710,2,60.0,1,1
710,3,10.0,1,1
710,4,25.0,1,1
710,5,90.0,1,1
710,6,0.0,1,1
710,7,55.0,1,1
710,8,13.0,1,1
710,9,0.0,1,1
710,10,7.0,1,1
710,11,41.0,1,1
710,12,14.0,1,1
710,13,0.0,1,1
710,14,18.0,1,1
710,15,73.0,1,1
710,16,2.0,1,1
710,17,104.0,1,1
710,18,100.0,1,1
710,19,33.0,1,1
710,20,35.0,1,1
710,21,40.0,1,1
710,22,13.0,1,1
710,23,41.0,1,1
710,24,1.0,1,1
710,25,8.0,1,1
710,26,25.0,1,1
710,27,0.0,1,1
710,28,17.0,1,1
710,29,11.0,1,1
710,30,19.0,1,1
710,31,5.0,1,1
710,32,17.0,1,1
710,33,5.0,1,1
711,0,111.0,1,1
711,1,99.0,1,1
711,2,56.0,1,1
711,3,20.0,1,1
711,4,19.0,1,1
711,5,69.0,1,1
711,6,0.0,1,1
711,7,91.0,1,1
711,8,14.0,1,1
711,9,0.0,1,1
711,10,6.0,1,1
711,11,61.0,1,1
711,12,18.0,1,1
711,13,0.0,1,1
711,14,35.0,1,1
711,15,102.0,1,1
711,16,3.0,1,1
711,17,88.0,1,1
711,18,78.0,1,1
711,19,27.0,1,1
711,20,25.0,1,1
711,21,32.0,1,1
711,22,10.0,1,1
711,23,37.0,1,1
711,24,2.0,1,1
711,25,6.0,1,1
711,26,15.0,1,1
711,27,0.0,1,1
711,28,14.0,1,1
711,29,6.0,1,1
711,30,23.0,1,1
711,31,3.0,1,1
711,32,16.0,1,1
711,33,3.0,1,1
712,0,104.0,1,1
712,1,102.0,1,1
712,2,62.0,1,1
712,3,20.0,1,1
712,4,15.0,1,1
712,5,75.0,1,1
712,6,0.0,1,1
712,7,85.0,1,1
712,8,19.0,1,1
712,9,0.0,1,1
712,10,7.0,1,1
712,11,52.0,1,1
712,12,25.0,1,1
712,13,3.0,1,1
712,14,20.0,1,1
712,15,89.0,1,1
712,16,2.0,1,1
712,17,96.0,1,1
712,18,116.0,1,1
712,19,16.0,1,1
712,20,23.0,1,1
712,21,30.0,1,1
712,22,14.0,1,1
712,23,44.0,1,1
712,24,6.0,1,1
712,25,6.0,1,1
712,26,24.0,1,1
712,27,0.0,1,1
712,28,21.0,1,1
712,29,16.0,1,1
712,30,9.0,1,1
712,31,2.0,1,1
712,32,9.0,1,1
712,33,9.0,1,1
713,0,63.0,1,1
713,1,78.0,1,1
713,2,67.0,1,1
713,3,19.0,1,1
713,4,27.0,1,1
713,5,56.0,1,1
713,6,0.0,1,1
713,7,71.0,1,1
713,8,27.0,1,1
713,9,0.0,1,1
713,10,8.0,1,1
713,11,48.0,1,1
713,16,1.0,1,1
713,17,71.0,1,1
713,18,83.0,1,1
713,19,21.0,1,1
713,20,25.0,1,1
713,21,23.0,1,1
713,22,12.0,1,1
713,23,31.0,1,1
713,24,1.0,1,1
713,25,12.0,1,1
713,26,13.0,1,1
713,27,0.0,1,1
713,28,18.0,1,1
713,29,12.0,1,1
713,30,14.0,1,1
713,31,7.0,1,1
713,32,20.0,1,1
713,33,7.0,1,1
714,0,75.0,1,1
714,1,86.0,1,1
714,2,51.0,1,1
714,3,18.0,1,1
714,4,33.0,1,1
714,5,53.0,1,1
714,6,0.0,1,1
714,7,55.0,1,1
714,8,17.0,1,1
714,9,0.0,1,1
714,10,9.0,1,1
714,11,42.0,1,1
714,12,17.0,1,1
714,13,2.0,1,1
714,14,24.0,1,1
714,15,110.0,1,1
714,16,1.0,1,1
714,17,68.0,1,1
714,18,81.0,1,1
714,19,28.0,1,1
714,20,15.0,1,1
714,21,23.0,1,1
714,22,9.0,1,1
714,23,40.0,1,1
714,24,1.0,1,1
714,25,6.0,1,1
714,26,16.0,1,1
714,27,0.0,1,1
714,28,13.0,1,1
714,29,13.0,1,1
714,30,10.0,1,1
714,31,2.0,1,1
714,32,16.0,1,1
714,33,6.0,1,1
715,0,62.0,1,1
715,1,76.0,1,1
715,2,52.0,1,1
715,3,19.0,1,1
715,4,30.0,1,1
715,5,46.0,1,1
715,6,0.0,1,1
715,7,56.0,1,1
715,8,10.0,1,1
715,9,0.0,1,1
715,10,10.0,1,1
715,11,30.0,1,1
715,12,8.0,1,1
715,13,0.0,1,1
715,14,25.0,1,1
715,15,89.0,1,1
715,16,2.0,1,1
715,17,67.0,1,1
715,18,76.0,1,1
715,19,18.0,1,1
715,20,18.0,1,1
715,21,38.0,1,1
715,22,7.0,1,1
715,23,37.0,1,1
715,24,3.0,1,1
715,25,6.0,1,1
715,26,15.0,1,1
715,27,0.0,1,1
715,28,14.0,1,1
715,29,8.0,1,1
715,30,10.0,1,1
715,31,4.0,1,1
715,32,12.0,1,1
715,33,9.0,1,1
716,0,60.0,1,1
716,1,76.0,1,1
716,2,58.0,1,1
716,3,163.0,1,1
716,4,12.0,1,1
716,5,52.0,1,1
716,6,0.0,1,1
716,7,54.0,1,1
716,8,14.0,1,1
716,9,0.0,1,1
716,10,8.0,1,1
716,11,27.0,1,1
716,12,17.0,1,1
716,13,0.0,1,1
716,14,10.0,1,1
716,15,77.0,1,1
716,16,3.0,1,1
716,17,48.0,1,1
716,18,56.0,1,1
716,19,21.0,1,1
716,20,26.0,1,1
716,21,20.0,1,1
716,22,4.0,1,1
716,23,30.0,1,1
716,24,2.0,1,1
716,25,3.0,1,1
716,26,12.0,1,1
716,27,0.0,1,1
716,28,12.0,1,1
716,29,6.0,1,1
716,30,8.0,1,1
716,31,0.0,1,1
716,32,7.0,1,1
716,33,1.0,1,1
717,0,62.0,1,1
717,1,58.0,1,1
717,2,43.0,1,1
717,3,11.0,1,1
717,4,21.0,1,1
717,5,40.0,1,1
717,6,0.0,1,1
717,7,60.0,1,1
717,8,4.0,1,1
717,9,0.0,1,1
717,10,5.0,1,1
717,11,42.0,1,1
717,12,12.0,1,1
717,13,3.0,1,1
717,14,13.0,1,1
717,15,74.0,1,1
717,16,2.0,1,1
717,17,46.0,1,1
717,18,66.0,1,1
717,19,14.0,1,1
717,20,15.0,1,1
717,21,84.0,1,1
717,22,6.0,1,1
717,23,21.0,1,1
717,24,1.0,1,1
717,25,6.0,1,1
717,26,8.0,1,1
717,27,0.0,1,1
717,28,10.0,1,1
717,29,5.0,1,1
717,30,7.0,1,1
717,31,2.0,1,1
717,32,13.0,1,1
717,33,7.0,1,1
718,0,54.0,1,1
718,1,52.0,1,1
718,2,34.0,1,1
718,3,14.0,1,1
718,4,7.0,1,1
718,5,40.0,1,1
718,6,0.0,1,1
718,7,48.0,1,1
718,8,14.0,1,1
718,9,0.0,1,1
718,10,6.0,1,1
718,11,30.0,1,1
718,12,5.0,1,1
718,13,1.0,1,1
718,14,16.0,1,1
718,15,91.0,1,1
718,16,0.0,1,1
718,17,56.0,1,1
718,18,61.0,1,1
718,19,15.0,1,1
718,20,17.0,1,1
718,21,20.0,1,1
718,22,4.0,1,1
718,23,26.0,1,1
718,24,0.0,1,1
718,25,5.0,1,1
718,26,4.0,1,1
718,27,0.0,1,1
718,28,17.0,1,1
718,29,4.0,1,1
718,30,4.0,1,1
718,31,3.0,1,1
718,32,4.0,1,1
718,33,1.0,1,1
719,0,60.0,1,1
719,1,41.0,1,1
719,2,49.0,1,1
719,3,20.0,1,1
719,4,4.0,1,1
719,5,30.0,1,1
719,6,0.0,1,1
719,7,45.0,1,1
719,8,6.0,1,1
719,9,0.0,1,1
719,10,6.0,1,1
719,11,36.0,1,1
719,12,8.0,1,1
719,13,0.0,1,1
719,14,11.0,1,1
719,15,45.0,1,1
719,16,2.0,1,1
719,17,36.0,1,1
719,18,49.0,1,1
719,19,12.0,1,1
719,20,8.0,1,1
719,21,25.0,1,1
719,22,4.0,1,1
719,23,12.0,1,1
719,24,0.0,1,1
719,25,4.0,1,1
719,26,4.0,1,1
719,27,0.0,1,1
719,28,10.0,1,1
719,29,9.0,1,1
719,30,7.0,1,1
719,31,2.0,1,1
719,32,4.0,1,1
719,33,5.0,1,1
720,0,32.0,1,1
720,1,44.0,1,1
720,2,27.0,1,1
720,3,12.0,1,1
720,4,10.0,1,1
720,5,30.0,1,1
720,6,0.0,1,1
720,7,39.0,1,1
720,8,12.0,1,1
720,9,0.0,1,1
720,10,2.0,1,1
720,11,21.0,1,1
720,12,9.0,1,1
720,13,2.0,1,1
720,14,19.0,1,1
720,15,56.0,1,1
720,16,2.0,1,1
720,17,40.0,1,1
720,18,47.0,1,1
720,19,15.0,1,1
720,20,3.0,1,1
720,21,22.0,1,1
720,22,5.0,1,1
720,23,16.0,1,1
720,24,1.0,1,1
720,25,3.0,1,1
720,26,16.0,1,1
720,27,0.0,1,1
720,28,11.0,1,1
720,29,7.0,1,1
720,30,9.0,1,1
720,31,2.0,1,1
720,32,6.0,1,1
720,33,4.0,1,1
721,0,28.0,1,1
721,1,36.0,1,1
721,2,29.0,1,1
721,3,3.0,1,1
721,4,13.0,1,1
721,5,22.0,1,1
721,6,0.0,1,1
721,7,32.0,1,1
721,8,7.0,1,1
721,9,0.0,1,1
721,10,3.0,1,1
721,11,27.0,1,1
721,12,3.0,1,1
721,13,3.0,1,1
721,14,4.0,1,1
721,15,32.0,1,1
721,16,1.0,1,1
721,17,40.0,1,1
721,18,31.0,1,1
721,19,6.0,1,1
721,20,9.0,1,1
721,21,19.0,1,1
721,22,4.0,1,1
721,23,17.0,1,1
721,24,0.0,1,1
721,25,5.0,1,1
721,26,5.0,1,1
721,27,0.0,1,1
721,28,5.0,1,1
721,29,6.0,1,1
721,30,6.0,1,1
721,31,2.0,1,1
721,32,8.0,1,1
721,33,7.0,1,1
722,0,29.0,1,1
722,1,33.0,1,1
722,2,25.0,1,1
722,3,6.0,1,1
722,4,10.0,1,1
722,5,21.0,1,1
722,6,0.0,1,1
722,7,39.0,1,1
722,8,6.0,1,1
722,9,0.0,1,1
722,10,2.0,1,1
722,11,21.0,1,1
722,12,5.0,1,1
722,13,0.0,1,1
722,14,2.0,1,1
722,15,36.0,1,1
722,16,0.0,1,1
722,17,24.0,1,1
722,18,39.0,1,1
722,19,9.0,1,1
722,20,5.0,1,1
722,21,9.0,1,1
722,22,2.0,1,1
722,23,17.0,1,1
722,24,0.0,1,1
722,25,4.0,1,1
722,26,3.0,1,1
722,27,0.0,1,1
722,28,10.0,1,1
722,29,7.0,1,1
722,30,0.0,1,1
722,31,3.0,1,1
722,32,8.0,1,1
722,33,8.0,1,1
723,0,25.0,1,1
723,1,32.0,1,1
723,2,21.0,1,1
723,3,7.0,1,1
723,4,10.0,1,1
723,5,23.0,1,1
723,6,0.0,1,1
723,7,23.0,1,1
723,8,1.0,1,1
723,9,0.0,1,1
723,10,1.0,1,1
723,11,17.0,1,1
723,12,9.0,1,1
723,13,0.0,1,1
723,14,6.0,1,1
723,15,40.0,1,1
723,16,1.0,1,1
723,17,26.0,1,1
723,18,35.0,1,1
723,19,8.0,1,1
723,20,4.0,1,1
723,21,10.0,1,1
723,22,2.0,1,1
723,23,13.0,1,1
723,24,0.0,1,1
723,25,0.0,1,1
723,26,3.0,1,1
723,27,0.0,1,1
723,28,6.0,1,1
723,29,4.0,1,1
723,30,8.0,1,1
723,31,1.0,1,1
723,32,12.0,1,1
723,33,3.0,1,1
724,0,19.0,1,1
724,1,20.0,1,1
724,2,24.0,1,1
724,3,5.0,1,1
724,4,6.0,1,1
724,5,17.0,1,1
724,6,0.0,1,1
724,7,23.0,1,1
724,8,4.0,1,1
724,9,0.0,1,1
724,10,0.0,1,1
724,11,13.0,1,1
724,12,10.0,1,1
724,13,0.0,1,1
724,14,2.0,1,1
724,15,20.0,1,1
724,16,1.0,1,1
724,17,25.0,1,1
724,18,16.0,1,1
724,19,7.0,1,1
724,20,3.0,1,1
724,21,8.0,1,1
724,22,4.0,1,1
724,23,8.0,1,1
724,24,1.0,1,1
724,25,4.0,1,1
724,26,4.0,1,1
724,27,0.0,1,1
724,28,7.0,1,1
724,29,2.0,1,1
724,30,3.0,1,1
724,31,0.0,1,1
724,32,2.0,1,1
724,33,1.0,1,1
725,0,13.0,1,1
725,1,22.0,1,1
725,2,13.0,1,1
725,3,3.0,1,1
725,4,6.0,1,1
725,5,20.0,1,1
725,6,0.0,1,1
725,7,26.0,1,1
725,8,5.0,1,1
725,9,0.0,1,1
725,10,6.0,1,1
725,11,15.0,1,1
725,12,6.0,1,1
725,13,0.0,1,1
725,14,2.0,1,1
725,15,21.0,1,1
725,16,0.0,1,1
725,17,22.0,1,1
725,18,23.0,1,1
725,19,4.0,1,1
725,20,4.0,1,1
725,21,9.0,1,1
725,22,0.0,1,1
725,23,16.0,1,1
725,24,0.0,1,1
725,25,2.0,1,1
725,26,5.0,1,1
725,27,0.0,1,1
725,28,7.0,1,1
725,29,7.0,1,1
725,30,7.0,1,1
725,31,1.0,1,1
725,32,2.0,1,1
725,33,3.0,1,1
726,0,17.0,1,1
726,1,20.0,1,1
726,2,13.0,1,1
726,3,0.0,1,1
726,4,2.0,1,1
726,5,14.0,1,1
726,6,0.0,1,1
726,7,20.0,1,1
726,8,4.0,1,1
726,9,0.0,1,1
726,10,3.0,1,1
726,11,10.0,1,1
726,12,7.0,1,1
726,13,1.0,1,1
726,14,9.0,1,1
726,15,13.0,1,1
726,16,1.0,1,1
726,17,23.0,1,1
726,18,20.0,1,1
726,19,4.0,1,1
726,20,6.0,1,1
726,21,8.0,1,1
726,22,2.0,1,1
726,23,9.0,1,1
726,24,0.0,1,1
726,25,1.0,1,1
726,26,4.0,1,1
726,27,0.0,1,1
726,28,4.0,1,1
726,29,1.0,1,1
726,30,4.0,1,1
726,31,2.0,1,1
726,32,5.0,1,1
726,33,2.0,1,1
727,0,16.0,1,1
727,1,15.0,1,1
727,2,9.0,1,1
727,3,2.0,1,1
727,4,4.0,1,1
727,5,10.0,1,1
727,6,0.0,1,1
727,7,28.0,1,1
727,8,3.0,1,1
727,9,0.0,1,1
727,10,1.0,1,1
727,11,12.0,1,1
727,12,4.0,1,1
727,13,0.0,1,1
727,14,1.0,1,1
727,15,27.0,1,1
727,16,0.0,1,1
727,17,11.0,1,1
727,18,15.0,1,1
727,19,5.0,1,1
727,20,1.0,1,1
727,21,5.0,1,1
727,22,1.0,1,1
727,23,6.0,1,1
727,24,0.0,1,1
727,25,2.0,1,1
727,26,3.0,1,1
727,27,0.0,1,1
727,28,4.0,1,1
727,29,2.0,1,1
727,30,0.0,1,1
727,31,0.0,1,1
727,32,1.0,1,1
727,33,0.0,1,1
728,0,16.0,1,1
728,1,13.0,1,1
728,2,9.0,1,1
728,3,0.0,1,1
728,4,3.0,1,1
728,5,6.0,1,1
728,6,0.0,1,1
728,7,20.0,1,1
728,8,2.0,1,1
728,9,0.0,1,1
728,10,2.0,1,1
728,11,15.0,1,1
728,12,6.0,1,1
728,13,0.0,1,1
728,14,8.0,1,1
728,15,12.0,1,1
728,16,0.0,1,1
728,17,16.0,1,1
728,18,18.0,1,1
728,19,3.0,1,1
728,20,1.0,1,1
728,21,12.0,1,1
728,22,2.0,1,1
728,23,6.0,1,1
728,24,0.0,1,1
728,25,2.0,1,1
728,26,3.0,1,1
728,27,0.0,1,1
728,28,4.0,1,1
728,29,1.0,1,1
728,30,6.0,1,1
728,31,3.0,1,1
728,32,1.0,1,1
728,33,4.0,1,1
729,0,14.0,1,1
729,1,17.0,1,1
729,2,13.0,1,1
729,3,0.0,1,1
729,4,4.0,1,1
729,5,9.0,1,1
729,6,0.0,1,1
729,7,10.0,1,1
729,8,5.0,1,1
729,9,0.0,1,1
729,10,0.0,1,1
729,11,8.0,1,1
729,12,4.0,1,1
729,13,0.0,1,1
729,14,5.0,1,1
729,15,12.0,1,1
729,16,0.0,1,1
729,17,7.0,1,1
729,18,16.0,1,1
729,19,4.0,1,1
729,20,3.0,1,1
729,21,8.0,1,1
729,22,1.0,1,1
729,23,7.0,1,1
729,24,1.0,1,1
729,25,0.0,1,1
729,26,4.0,1,1
729,27,0.0,1,1
729,28,4.0,1,1
729,29,1.0,1,1
729,30,1.0,1,1
729,31,1.0,1,1
729,32,2.0,1,1
729,33,0.0,1,1
730,0,11.0,1,1
730,1,11.0,1,1
730,2,5.0,1,1
730,3,1.0,1,1
730,4,3.0,1,1
730,5,8.0,1,1
730,6,0.0,1,1
730,7,12.0,1,1
730,8,4.0,1,1
730,9,0.0,1,1
730,10,1.0,1,1
730,11,9.0,1,1
730,12,0.0,1,1
730,13,0.0,1,1
730,14,0.0,1,1
730,15,14.0,1,1
730,16,0.0,1,1
730,17,11.0,1,1
730,18,10.0,1,1
730,19,0.0,1,1
730,20,2.0,1,1
730,21,4.0,1,1
730,22,3.0,1,1
730,23,4.0,1,1
730,24,0.0,1,1
730,25,0.0,1,1
730,26,3.0,1,1
730,27,0.0,1,1
730,28,2.0,1,1
730,29,4.0,1,1
730,30,2.0,1,1
730,31,1.0,1,1
730,32,2.0,1,1
730,33,2.0,1,1
731,0,7.0,1,1
731,1,10.0,1,1
731,2,5.0,1,1
731,3,3.0,1,1
731,4,1.0,1,1
731,5,7.0,1,1
731,6,0.0,1,1
731,7,17.0,1,1
731,8,3.0,1,1
731,9,0.0,1,1
731,10,0.0,1,1
731,11,7.0,1,1
731,12,9.0,1,1
731,13,3.0,1,1
731,14,0.0,1,1
731,15,11.0,1,1
731,16,0.0,1,1
731,17,9.0,1,1
731,18,17.0,1,1
731,19,1.0,1,1
731,20,7.0,1,1
731,21,6.0,1,1
731,22,2.0,1,1
731,23,5.0,1,1
731,24,2.0,1,1
731,25,1.0,1,1
731,26,1.0,1,1
731,27,0.0,1,1
731,28,3.0,1,1
731,29,3.0,1,1
731,30,1.0,1,1
731,31,0.0,1,1
731,32,2.0,1,1
731,33,0.0,1,1
732,0,9.0,1,1
732,1,8.0,1,1
732,2,6.0,1,1
732,3,0.0,1,1
732,4,3.0,1,1
732,5,8.0,1,1
732,6,0.0,1,1
732,7,6.0,1,1
732,8,1.0,1,1
732,9,0.0,1,1
732,10,1.0,1,1
732,11,4.0,1,1
732,12,6.0,1,1
732,13,0.0,1,1
732,14,9.0,1,1
732,15,7.0,1,1
732,16,0.0,1,1
732,17,4.0,1,1
732,18,6.0,1,1
732,19,3.0,1,1
732,20,0.0,1,1
732,21,2.0,1,1
732,22,2.0,1,1
732,23,4.0,1,1
732,24,0.0,1,1
732,25,3.0,1,1
732,26,3.0,1,1
732,27,0.0,1,1
732,28,2.0,1,1
732,29,3.0,1,1
732,30,1.0,1,1
732,31,0.0,1,1
732,32,2.0,1,1
732,33,2.0,1,1
733,0,7.0,1,1
733,1,13.0,1,1
733,2,2.0,1,1
733,3,0.0,1,1
733,4,0.0,1,1
733,5,8.0,1,1
733,6,0.0,1,1
733,7,8.0,1,1
733,8,1.0,1,1
733,9,0.0,1,1
733,10,1.0,1,1
733,11,8.0,1,1
733,12,4.0,1,1
733,13,0.0,1,1
733,14,0.0,1,1
733,15,10.0,1,1
733,16,0.0,1,1
733,17,7.0,1,1
733,18,12.0,1,1
733,19,2.0,1,1
733,20,4.0,1,1
733,21,4.0,1,1
733,22,0.0,1,1
733,23,5.0,1,1
733,24,0.0,1,1
733,25,0.0,1,1
733,26,1.0,1,1
733,27,0.0,1,1
733,28,1.0,1,1
733,29,1.0,1,1
733,30,4.0,1,1
733,31,0.0,1,1
733,32,1.0,1,1
733,33,1.0,1,1
734,0,8.0,1,1
734,1,12.0,1,1
734,2,4.0,1,1
734,3,1.0,1,1
734,4,0.0,1,1
734,5,8.0,1,1
734,6,0.0,1,1
734,7,12.0,1,1
734,8,0.0,1,1
734,9,0.0,1,1
734,10,1.0,1,1
734,11,7.0,1,1
734,12,6.0,1,1
734,13,1.0,1,1
734,14,1.0,1,1
734,15,2.0,1,1
734,16,0.0,1,1
734,17,8.0,1,1
734,18,6.0,1,1
734,19,3.0,1,1
734,20,2.0,1,1
734,21,4.0,1,1
734,22,1.0,1,1
734,23,3.0,1,1
734,24,0.0,1,1
734,25,4.0,1,1
734,26,2.0,1,1
734,27,0.0,1,1
734,28,0.0,1,1
734,29,2.0,1,1
734,30,1.0,1,1
734,31,0.0,1,1
734,32,2.0,1,1
734,33,0.0,1,1
735,0,3.0,1,1
735,1,12.0,1,1
735,2,5.0,1,1
735,3,1.0,1,1
735,4,1.0,1,1
735,5,6.0,1,1
735,6,0.0,1,1
735,7,4.0,1,1
735,8,3.0,1,1
735,9,0.0,1,1
735,10,5.0,1,1
735,11,4.0,1,1
735,12,2.0,1,1
735,13,2.0,1,1
735,14,3.0,1,1
735,15,3.0,1,1
735,16,0.0,1,1
735,17,7.0,1,1
735,18,8.0,1,1
735,19,3.0,1,1
735,20,2.0,1,1
735,21,2.0,1,1
735,22,0.0,1,1
735,23,2.0,1,1
735,24,0.0,1,1
735,25,1.0,1,1
735,26,1.0,1,1
735,27,0.0,1,1
735,28,1.0,1,1
735,29,3.0,1,1
735,30,1.0,1,1
735,31,2.0,1,1
735,32,2.0,1,1
735,33,3.0,1,1
736,0,6.0,1,1
736,1,10.0,1,1
736,2,3.0,1,1
736,3,1.0,1,1
736,4,0.0,1,1
736,5,7.0,1,1
736,6,0.0,1,1
736,7,6.0,1,1
736,8,1.0,1,1
736,9,0.0,1,1
736,10,1.0,1,1
736,11,3.0,1,1
736,12,4.0,1,1
736,13,3.0,1,1
736,14,2.0,1,1
736,15,13.0,1,1
736,16,0.0,1,1
736,17,3.0,1,1
736,18,7.0,1,1
736,19,5.0,1,1
736,20,3.0,1,1
736,21,3.0,1,1
736,22,1.0,1,1
736,23,6.0,1,1
736,24,0.0,1,1
736,25,1.0,1,1
736,26,1.0,1,1
736,27,0.0,1,1
736,28,0.0,1,1
736,29,3.0,1,1
736,30,1.0,1,1
736,31,0.0,1,1
736,32,1.0,1,1
736,33,2.0,1,1
737,0,1.0,1,1
737,1,12.0,1,1
737,2,2.0,1,1
737,3,0.0,1,1
737,4,1.0,1,1
737,5,9.0,1,1
737,6,0.0,1,1
737,7,6.0,1,1
737,8,6.0,1,1
737,9,0.0,1,1
737,10,0.0,1,1
737,11,5.0,1,1
737,12,8.0,1,1
737,13,0.0,1,1
737,14,1.0,1,1
737,15,4.0,1,1
737,16,0.0,1,1
737,17,5.0,1,1
737,18,4.0,1,1
737,19,2.0,1,1
737,20,3.0,1,1
737,21,1.0,1,1
737,22,2.0,1,1
737,23,4.0,1,1
737,24,0.0,1,1
737,25,2.0,1,1
737,26,2.0,1,1
737,27,0.0,1,1
737,28,1.0,1,1
737,29,1.0,1,1
737,30,1.0,1,1
737,31,0.0,1,1
737,32,1.0,1,1
737,33,0.0,1,1
738,0,2.0,1,1
738,1,7.0,1,1
738,2,1.0,1,1
738,3,1.0,1,1
738,4,0.0,1,1
738,5,5.0,1,1
738,6,0.0,1,1
738,7,5.0,1,1
738,8,0.0,1,1
738,9,0.0,1,1
738,10,0.0,1,1
738,11,0.0,1,1
738,12,1.0,1,1
738,13,0.0,1,1
738,14,2.0,1,1
738,15,7.0,1,1
738,16,0.0,1,1
738,17,0.0,1,1
738,18,3.0,1,1
738,19,0.0,1,1
738,20,0.0,1,1
738,21,5.0,1,1
738,22,1.0,1,1
738,23,1.0,1,1
738,24,0.0,1,1
738,25,1.0,1,1
738,26,0.0,1,1
738,27,0.0,1,1
738,28,1.0,1,1
738,29,0.0,1,1
738,30,0.0,1,1
738,31,0.0,1,1
738,32,0.0,1,1
738,33,0.0,1,1
739,0,6.0,1,1
739,1,4.0,1,1
739,2,0.0,1,1
739,3,0.0,1,1
739,4,0.0,1,1
739,5,4.0,1,1
739,6,0.0,1,1
739,7,2.0,1,1
739,8,1.0,1,1
739,9,0.0,1,1
739,10,0.0,1,1
739,11,4.0,1,1
739,12,0.0,1,1
739,13,0.0,1,1
739,14,0.0,1,1
739,15,5.0,1,1
739,16,0.0,1,1
739,17,4.0,1,1
739,18,4.0,1,1
739,19,2.0,1,1
739,20,0.0,1,1
739,21,3.0,1,1
739,22,0.0,1,1
739,23,3.0,1,1
739,24,0.0,1,1
739,25,1.0,1,1
739,26,1.0,1,1
739,27,0.0,1,1
739,28,1.0,1,1
739,29,0.0,1,1
739,30,1.0,1,1
739,31,0.0,1,1
739,32,3.0,1,1
739,33,0.0,1,1
740,0,2.0,1,1
740,1,7.0,1,1
740,2,4.0,1,1
740,3,0.0,1,1
740,4,5.0,1,1
740,5,2.0,1,1
740,6,0.0,1,1
740,7,4.0,1,1
740,8,3.0,1,1
740,9,0.0,1,1
740,10,0.0,1,1
740,11,0.0,1,1
740,12,5.0,1,1
740,13,0.0,1,1
740,14,0.0,1,1
740,15,12.0,1,1
740,16,0.0,1,1
740,17,3.0,1,1
740,18,2.0,1,1
740,19,1.0,1,1
740,20,0.0,1,1
740,21,2.0,1,1
740,22,0.0,1,1
740,23,2.0,1,1
740,24,0.0,1,1
740,25,0.0,1,1
740,26,1.0,1,1
740,27,0.0,1,1
740,28,1.0,1,1
740,29,0.0,1,1
740,30,0.0,1,1
740,31,0.0,1,1
740,32,3.0,1,1
740,33,0.0,1,1
741,0,5.0,1,1
741,1,4.0,1,1
741,2,3.0,1,1
741,3,0.0,1,1
741,4,0.0,1,1
741,5,3.0,1,1
741,6,0.0,1,1
741,7,2.0,1,1
741,8,1.0,1,1
741,9,0.0,1,1
741,10,0.0,1,1
741,11,1.0,1,1
741,12,2.0,1,1
741,13,0.0,1,1
741,14,2.0,1,1
741,15,0.0,1,1
741,16,2.0,1,1
741,17,2.0,1,1
741,18,3.0,1,1
741,19,0.0,1,1
741,20,3.0,1,1
741,21,2.0,1,1
741,22,3.0,1,1
741,23,1.0,1,1
741,24,0.0,1,1
741,25,1.0,1,1
741,26,4.0,1,1
741,27,0.0,1,1
741,28,1.0,1,1
741,29,0.0,1,1
741,30,0.0,1,1
741,31,0.0,1,1
741,32,0.0,1,1
741,33,0.0,1,1
742,0,1.0,1,1
742,1,6.0,1,1
742,2,2.0,1,1
742,3,1.0,1,1
742,4,0.0,1,1
742,5,4.0,1,1
742,6,0.0,1,1
742,7,9.0,1,1
742,8,1.0,1,1
742,9,0.0,1,1
742,10,0.0,1,1
742,11,5.0,1,1
742,12,3.0,1,1
742,13,0.0,1,1
742,14,1.0,1,1
742,15,6.0,1,1
742,16,0.0,1,1
742,17,3.0,1,1
742,18,3.0,1,1
742,19,2.0,1,1
742,20,1.0,1,1
742,21,1.0,1,1
742,22,0.0,1,1
742,23,0.0,1,1
742,24,0.0,1,1
742,25,0.0,1,1
742,26,0.0,1,1
742,27,0.0,1,1
742,28,0.0,1,1
742,29,1.0,1,1
742,30,0.0,1,1
742,31,1.0,1,1
742,32,0.0,1,1
742,33,0.0,1,1
743,0,7.0,1,1
743,1,3.0,1,1
743,2,1.0,1,1
743,3,0.0,1,1
743,4,0.0,1,1
743,5,1.0,1,1
743,6,0.0,1,1
743,7,4.0,1,1
743,8,0.0,1,1
743,9,0.0,1,1
743,10,0.0,1,1
743,11,4.0,1,1
743,12,4.0,1,1
743,13,1.0,1,1
743,14,3.0,1,1
743,15,1.0,1,1
743,16,0.0,1,1
743,17,4.0,1,1
743,18,5.0,1,1
743,19,0.0,1,1
743,20,0.0,1,1
743,21,1.0,1,1
743,22,0.0,1,1
743,23,3.0,1,1
743,24,0.0,1,1
743,25,2.0,1,1
743,26,1.0,1,1
743,27,0.0,1,1
743,28,5.0,1,1
743,29,2.0,1,1
743,30,1.0,1,1
743,31,0.0,1,1
743,32,2.0,1,1
743,33,1.0,1,1
744,0,1.0,1,1
744,1,10.0,1,1
744,2,0.0,1,1
744,3,0.0,1,1
744,4,3.0,1,1
744,5,6.0,1,1
744,6,0.0,1,1
744,7,2.0,1,1
744,8,2.0,1,1
744,9,0.0,1,1
744,10,0.0,1,1
744,11,1.0,1,1
744,12,0.0,1,1
744,13,0.0,1,1
744,14,0.0,1,1
744,15,0.0,1,1
744,16,0.0,1,1
744,17,5.0,1,1
744,18,2.0,1,1
744,19,1.0,1,1
744,20,1.0,1,1
744,21,0.0,1,1
744,22,0.0,1,1
744,23,3.0,1,1
744,24,0.0,1,1
744,25,0.0,1,1
744,26,5.0,1,1
744,27,0.0,1,1
744,28,2.0,1,1
744,29,1.0,1,1
744,30,0.0,1,1
744,31,0.0,1,1
744,32,1.0,1,1
744,33,3.0,1,1
745,0,4.0,1,1
745,1,3.0,1,1
745,2,1.0,1,1
745,3,0.0,1,1
745,4,0.0,1,1
745,5,2.0,1,1
745,6,0.0,1,1
745,7,2.0,1,1
745,8,0.0,1,1
745,9,0.0,1,1
745,10,0.0,1,1
745,11,0.0,1,1
745,12,3.0,1,1
745,13,0.0,1,1
745,14,2.0,1,1
745,15,3.0,1,1
745,16,0.0,1,1
745,17,2.0,1,1
745,18,2.0,1,1
745,19,0.0,1,1
745,20,0.0,1,1
745,21,0.0,1,1
745,22,0.0,1,1
745,23,0.0,1,1
745,24,0.0,1,1
745,25,0.0,1,1
745,26,1.0,1,1
745,27,0.0,1,1
745,28,0.0,1,1
745,29,0.0,1,1
745,30,0.0,1,1
745,31,0.0,1,1
745,32,0.0,1,1
745,33,0.0,1,1
746,0,3.0,1,1
746,1,5.0,1,1
746,2,0.0,1,1
746,3,0.0,1,1
746,4,1.0,1,1
746,5,3.0,1,1
746,6,0.0,1,1
746,7,1.0,1,1
746,8,0.0,1,1
746,9,0.0,1,1
746,10,0.0,1,1
746,11,2.0,1,1
746,12,3.0,1,1
746,13,0.0,1,1
746,14,1.0,1,1
746,15,12.0,1,1
746,16,0.0,1,1
746,17,5.0,1,1
746,18,3.0,1,1
746,19,0.0,1,1
746,20,3.0,1,1
746,21,0.0,1,1
746,22,0.0,1,1
746,23,4.0,1,1
746,24,0.0,1,1
746,25,0.0,1,1
746,26,2.0,1,1
746,27,0.0,1,1
746,28,1.0,1,1
746,29,0.0,1,1
746,30,2.0,1,1
746,31,0.0,1,1
746,32,0.0,1,1
746,33,0.0,1,1
747,0,3.0,1,1
747,1,6.0,1,1
747,2,1.0,1,1
747,3,3.0,1,1
747,4,0.0,1,1
747,5,5.0,1,1
747,6,0.0,1,1
747,7,4.0,1,1
747,8,1.0,1,1
747,9,0.0,1,1
747,10,0.0,1,1
747,11,5.0,1,1
747,12,3.0,1,1
747,13,2.0,1,1
747,14,0.0,1,1
747,15,0.0,1,1
747,16,1.0,1,1
747,17,8.0,1,1
747,18,3.0,1,1
747,19,1.0,1,1
747,20,2.0,1,1
747,21,2.0,1,1
747,22,1.0,1,1
747,23,7.0,1,1
747,24,0.0,1,1
747,25,0.0,1,1
747,26,0.0,1,1
747,27,0.0,1,1
747,28,1.0,1,1
747,29,1.0,1,1
747,30,0.0,1,1
747,31,0.0,1,1
747,32,0.0,1,1
747,33,1.0,1,1
748,0,3.0,1,1
748,1,4.0,1,1
748,2,0.0,1,1
748,3,0.0,1,1
748,4,2.0,1,1
748,5,4.0,1,1
748,6,0.0,1,1
748,7,3.0,1,1
748,8,0.0,1,1
748,9,0.0,1,1
748,10,0.0,1,1
748,11,1.0,1,1
748,12,0.0,1,1
748,13,0.0,1,1
748,14,1.0,1,1
748,15,3.0,1,1
748,16,0.0,1,1
748,17,4.0,1,1
748,18,1.0,1,1
748,19,2.0,1,1
748,20,0.0,1,1
748,21,1.0,1,1
748,22,1.0,1,1
748,23,0.0,1,1
748,24,0.0,1,1
748,25,1.0,1,1
748,26,0.0,1,1
748,27,0.0,1,1
748,28,1.0,1,1
748,29,0.0,1,1
748,30,0.0,1,1
748,31,1.0,1,1
748,32,0.0,1,1
748,33,1.0,1,1
749,0,4.0,1,1
749,1,4.0,1,1
749,2,1.0,1,1
749,3,1.0,1,1
749,4,0.0,1,1
749,5,1.0,1,1
749,6,0.0,1,1
749,7,3.0,1,1
749,8,1.0,1,1
749,9,0.0,1,1
749,10,1.0,1,1
749,11,5.0,1,1
749,12,1.0,1,1
749,13,0.0,1,1
749,14,0.0,1,1
749,15,6.0,1,1
749,16,0.0,1,1
749,17,3.0,1,1
749,18,2.0,1,1
749,19,0.0,1,1
749,20,3.0,1,1
749,21,4.0,1,1
749,22,0.0,1,1
749,23,1.0,1,1
749,24,0.0,1,1
749,25,0.0,1,1
749,26,1.0,1,1
749,27,0.0,1,1
749,28,0.0,1,1
749,29,0.0,1,1
749,30,0.0,1,1
749,31,0.0,1,1
749,32,0.0,1,1
749,33,1.0,1,1
750,0,9.0,1,1
750,1,4.0,1,1
750,2,2.0,1,1
750,3,0.0,1,1
750,4,0.0,1,1
750,5,5.0,1,1
750,6,0.0,1,1
750,7,1.0,1,1
750,8,0.0,1,1
750,9,0.0,1,1
750,10,1.0,1,1
750,11,1.0,1,1
750,12,1.0,1,1
750,13,0.0,1,1
750,14,1.0,1,1
750,15,2.0,1,1
750,16,0.0,1,1
750,17,2.0,1,1
750,18,1.0,1,1
750,19,0.0,1,1
750,20,2.0,1,1
750,21,1.0,1,1
750,22,0.0,1,1
750,23,4.0,1,1
750,24,0.0,1,1
750,25,0.0,1,1
750,26,0.0,1,1
750,27,0.0,1,1
750,28,0.0,1,1
750,29,1.0,1,1
750,30,1.0,1,1
750,31,2.0,1,1
750,32,1.0,1,1
750,33,0.0,1,1
751,0,8.0,1,1
751,1,5.0,1,1
751,2,0.0,1,1
751,3,1.0,1,1
751,4,0.0,1,1
751,5,1.0,1,1
751,6,0.0,1,1
751,7,3.0,1,1
751,8,2.0,1,1
751,9,0.0,1,1
751,10,0.0,1,1
751,11,2.0,1,1
751,12,0.0,1,1
751,13,2.0,1,1
751,14,3.0,1,1
751,15,5.0,1,1
751,16,0.0,1,1
751,17,1.0,1,1
751,18,3.0,1,1
751,19,1.0,1,1
751,20,1.0,1,1
751,21,7.0,1,1
751,22,0.0,1,1
751,23,2.0,1,1
751,24,0.0,1,1
751,25,0.0,1,1
751,26,2.0,1,1
751,27,0.0,1,1
751,28,0.0,1,1
751,29,0.0,1,1
751,30,1.0,1,1
751,31,1.0,1,1
751,32,2.0,1,1
751,33,0.0,1,1
752,0,10.0,1,1
752,1,12.0,1,1
752,2,0.0,1,1
752,3,1.0,1,1
752,4,1.0,1,1
752,5,7.0,1,1
752,6,0.0,1,1
752,7,4.0,1,1
752,8,1.0,1,1
752,9,0.0,1,1
752,10,2.0,1,1
752,11,3.0,1,1
752,12,4.0,1,1
752,13,1.0,1,1
752,14,0.0,1,1
752,15,2.0,1,1
752,16,0.0,1,1
752,17,7.0,1,1
752,18,1.0,1,1
752,19,1.0,1,1
752,20,2.0,1,1
752,21,2.0,1,1
752,22,1.0,1,1
752,23,5.0,1,1
752,24,0.0,1,1
752,25,4.0,1,1
752,26,1.0,1,1
752,27,0.0,1,1
752,28,0.0,1,1
752,29,0.0,1,1
752,30,2.0,1,1
752,31,0.0,1,1
752,32,0.0,1,1
752,33,0.0,1,1
753,0,8.0,1,1
753,1,9.0,1,1
753,2,2.0,1,1
753,3,0.0,1,1
753,4,1.0,1,1
753,5,5.0,1,1
753,6,0.0,1,1
753,7,3.0,1,1
753,8,2.0,1,1
753,9,0.0,1,1
753,10,0.0,1,1
753,11,3.0,1,1
753,12,0.0,1,1
753,13,1.0,1,1
753,14,2.0,1,1
753,15,6.0,1,1
753,16,0.0,1,1
753,17,7.0,1,1
753,18,4.0,1,1
753,19,1.0,1,1
753,20,1.0,1,1
753,21,3.0,1,1
753,22,2.0,1,1
753,23,4.0,1,1
753,24,0.0,1,1
753,25,2.0,1,1
753,26,1.0,1,1
753,27,0.0,1,1
753,28,1.0,1,1
753,29,0.0,1,1
753,30,1.0,1,1
753,31,0.0,1,1
753,32,2.0,1,1
753,33,0.0,1,1
754,0,7.0,1,1
754,1,14.0,1,1
754,2,4.0,1,1
754,3,0.0,1,1
754,4,3.0,1,1
754,5,7.0,1,1
754,6,0.0,1,1
754,7,5.0,1,1
754,8,1.0,1,1
754,9,0.0,1,1
754,10,1.0,1,1
754,11,3.0,1,1
754,12,0.0,1,1
754,13,0.0,1,1
754,14,5.0,1,1
754,15,3.0,1,1
754,16,0.0,1,1
754,17,8.0,1,1
754,18,5.0,1,1
754,19,4.0,1,1
754,20,6.0,1,1
754,21,0.0,1,1
754,22,0.0,1,1
754,23,4.0,1,1
754,24,0.0,1,1
754,25,2.0,1,1
754,26,3.0,1,1
754,27,0.0,1,1
754,28,2.0,1,1
754,29,0.0,1,1
754,30,0.0,1,1
754,31,2.0,1,1
754,32,3.0,1,1
754,33,0.0,1,1
755,0,10.0,1,1
755,1,11.0,1,1
755,2,5.0,1,1
755,3,3.0,1,1
755,4,6.0,1,1
755,5,8.0,1,1
755,6,0.0,1,1
755,7,7.0,1,1
755,8,1.0,1,1
755,9,0.0,1,1
755,10,0.0,1,1
755,11,5.0,1,1
755,12,3.0,1,1
755,13,0.0,1,1
755,14,2.0,1,1
755,15,6.0,1,1
755,16,0.0,1,1
755,17,13.0,1,1
755,18,8.0,1,1
755,19,0.0,1,1
755,20,3.0,1,1
755,21,3.0,1,1
755,22,2.0,1,1
755,23,4.0,1,1
755,24,0.0,1,1
755,25,1.0,1,1
755,26,0.0,1,1
755,27,0.0,1,1
755,28,1.0,1,1
755,29,0.0,1,1
755,30,5.0,1,1
755,31,1.0,1,1
755,32,1.0,1,1
755,33,0.0,1,1
756,0,13.0,1,1
756,1,26.0,1,1
756,2,3.0,1,1
756,3,3.0,1,1
756,4,3.0,1,1
756,5,14.0,1,1
756,6,0.0,1,1
756,7,9.0,1,1
756,8,3.0,1,1
756,9,0.0,1,1
756,10,2.0,1,1
756,11,4.0,1,1
756,12,1.0,1,1
756,13,0.0,1,1
756,14,0.0,1,1
756,15,19.0,1,1
756,16,0.0,1,1
756,17,24.0,1,1
756,18,11.0,1,1
756,19,3.0,1,1
756,20,3.0,1,1
756,21,6.0,1,1
756,22,1.0,1,1
756,23,14.0,1,1
756,24,1.0,1,1
756,25,0.0,1,1
756,26,2.0,1,1
756,27,0.0,1,1
756,28,1.0,1,1
756,29,3.0,1,1
756,30,3.0,1,1
756,31,1.0,1,1
756,32,0.0,1,1
756,33,2.0,1,1
757,0,19.0,1,1
757,1,27.0,1,1
757,2,9.0,1,1
757,3,1.0,1,1
757,4,4.0,1,1
757,5,19.0,1,1
757,6,0.0,1,1
757,7,8.0,1,1
757,8,7.0,1,1
757,9,0.0,1,1
757,10,2.0,1,1
757,11,9.0,1,1
757,12,8.0,1,1
757,13,2.0,1,1
757,14,1.0,1,1
757,15,1.0,1,1
757,16,0.0,1,1
757,17,49.0,1,1
757,18,15.0,1,1
757,19,6.0,1,1
757,20,6.0,1,1
757,21,6.0,1,1
757,22,4.0,1,1
757,23,10.0,1,1
757,24,0.0,1,1
757,25,3.0,1,1
757,26,3.0,1,1
757,27,0.0,1,1
757,28,5.0,1,1
757,29,1.0,1,1
757,30,5.0,1,1
757,31,4.0,1,1
757,32,9.0,1,1
757,33,4.0,1,1
758,0,27.0,1,1
758,1,37.0,1,1
758,2,13.0,1,1
758,3,3.0,1,1
758,4,12.0,1,1
758,5,23.0,1,1
758,6,0.0,1,1
758,7,10.0,1,1
758,8,3.0,1,1
758,9,0.0,1,1
758,10,2.0,1,1
758,11,7.0,1,1
758,12,9.0,1,1
758,13,0.0,1,1
758,14,9.0,1,1
758,15,14.0,1,1
758,16,0.0,1,1
758,17,44.0,1,1
758,18,18.0,1,1
758,19,6.0,1,1
758,20,16.0,1,1
758,21,11.0,1,1
758,22,2.0,1,1
758,23,18.0,1,1
758,24,1.0,1,1
758,25,3.0,1,1
758,26,7.0,1,1
758,27,0.0,1,1
758,28,4.0,1,1
758,29,2.0,1,1
758,30,9.0,1,1
758,31,4.0,1,1
758,32,4.0,1,1
758,33,2.0,1,1
759,0,40.0,1,1
759,1,60.0,1,1
759,2,16.0,1,1
759,3,7.0,1,1
759,4,9.0,1,1
759,5,25.0,1,1
759,6,0.0,1,1
759,7,23.0,1,1
759,8,5.0,1,1
759,9,0.0,1,1
759,10,1.0,1,1
759,11,12.0,1,1
759,12,7.0,1,1
759,13,2.0,1,1
759,14,15.0,1,1
759,15,22.0,1,1
759,16,1.0,1,1
759,17,43.0,1,1
759,18,30.0,1,1
759,19,12.0,1,1
759,20,8.0,1,1
759,21,7.0,1,1
759,22,8.0,1,1
759,23,17.0,1,1
759,24,0.0,1,1
759,25,6.0,1,1
759,26,8.0,1,1
759,27,0.0,1,1
759,28,8.0,1,1
759,29,4.0,1,1
759,30,13.0,1,1
759,31,3.0,1,1
759,32,4.0,1,1
759,33,5.0,1,1
760,0,51.0,1,1
760,1,74.0,1,1
760,2,11.0,1,1
760,3,5.0,1,1
760,4,14.0,1,1
760,5,37.0,1,1
760,6,0.0,1,1
760,7,11.0,1,1
760,8,13.0,1,1
760,9,0.0,1,1
760,10,5.0,1,1
760,11,13.0,1,1
760,12,18.0,1,1
760,13,0.0,1,1
760,14,8.0,1,1
760,15,16.0,1,1
760,16,1.0,1,1
760,17,76.0,1,1
760,18,40.0,1,1
760,19,10.0,1,1
760,20,19.0,1,1
760,21,16.0,1,1
760,22,1.0,1,1
760,23,30.0,1,1
760,24,0.0,1,1
760,25,5.0,1,1
760,26,14.0,1,1
760,27,0.0,1,1
760,28,5.0,1,1
760,29,8.0,1,1
760,30,13.0,1,1
760,31,4.0,1,1
760,32,13.0,1,1
760,33,6.0,1,1
761,0,75.0,1,1
761,1,78.0,1,1
761,2,18.0,1,1
761,3,8.0,1,1
761,4,14.0,1,1
761,5,46.0,1,1
761,6,0.0,1,1
761,7,14.0,1,1
761,8,12.0,1,1
761,9,0.0,1,1
761,10,1.0,1,1
761,11,9.0,1,1
761,12,18.0,1,1
761,13,2.0,1,1
761,14,9.0,1,1
761,15,21.0,1,1
761,16,0.0,1,1
761,17,69.0,1,1
761,18,53.0,1,1
761,19,15.0,1,1
761,20,24.0,1,1
761,21,13.0,1,1
761,22,9.0,1,1
761,23,31.0,1,1
761,24,1.0,1,1
761,25,8.0,1,1
761,26,20.0,1,1
761,27,0.0,1,1
761,28,9.0,1,1
761,29,3.0,1,1
761,30,17.0,1,1
761,31,6.0,1,1
761,32,10.0,1,1
761,33,2.0,1,1
762,0,95.0,1,1
762,1,102.0,1,1
762,2,27.0,1,1
762,3,14.0,1,1
762,4,28.0,1,1
762,5,49.0,1,1
762,6,0.0,1,1
762,7,25.0,1,1
762,8,10.0,1,1
762,9,0.0,1,1
762,10,7.0,1,1
762,11,16.0,1,1
762,12,28.0,1,1
762,13,1.0,1,1
762,14,10.0,1,1
762,15,26.0,1,1
762,16,1.0,1,1
762,17,105.0,1,1
762,18,65.0,1,1
762,19,20.0,1,1
762,20,27.0,1,1
762,21,27.0,1,1
762,22,10.0,1,1
762,23,35.0,1,1
762,24,4.0,1,1
762,25,7.0,1,1
762,26,20.0,1,1
762,27,0.0,1,1
762,28,16.0,1,1
762,29,6.0,1,1
762,30,8.0,1,1
762,31,2.0,1,1
762,32,18.0,1,1
762,33,4.0,1,1
763,0,106.0,1,1
763,1,128.0,1,1
763,2,35.0,1,1
763,3,47.0,1,1
763,4,15.0,1,1
763,5,78.0,1,1
763,6,0.0,1,1
763,7,25.0,1,1
763,8,12.0,1,1
763,9,0.0,1,1
763,10,3.0,1,1
763,11,15.0,1,1
763,12,30.0,1,1
763,13,0.0,1,1
763,14,18.0,1,1
763,15,31.0,1,1
763,16,1.0,1,1
763,17,106.0,1,1
763,18,73.0,1,1
763,19,11.0,1,1
763,20,30.0,1,1
763,21,20.0,1,1
763,22,0.0,1,1
763,23,44.0,1,1
763,24,2.0,1,1
763,25,12.0,1,1
763,26,31.0,1,1
763,27,0.0,1,1
763,28,15.0,1,1
763,29,8.0,1,1
763,30,15.0,1,1
763,31,13.0,1,1
763,32,13.0,1,1
763,33,10.0,1,1
764,0,126.0,1,1
764,1,176.0,1,1
764,2,42.0,1,1
764,3,11.0,1,1
764,4,20.0,1,1
764,5,86.0,1,1
764,6,0.0,1,1
764,7,34.0,1,1
764,8,8.0,1,1
764,9,0.0,1,1
764,10,4.0,1,1
764,11,21.0,1,1
764,12,50.0,1,1
764,13,0.0,1,1
764,14,38.0,1,1
764,15,16.0,1,1
764,16,2.0,1,1
764,17,135.0,1,1
764,18,61.0,1,1
764,19,20.0,1,1
764,20,28.0,1,1
764,21,24.0,1,1
764,22,11.0,1,1
764,23,38.0,1,1
764,24,3.0,1,1
764,25,3.0,1,1
764,26,32.0,1,1
764,27,0.0,1,1
764,28,22.0,1,1
764,29,6.0,1,1
764,30,19.0,1,1
764,31,3.0,1,1
764,32,16.0,1,1
764,33,7.0,1,1
765,0,163.0,1,1
765,1,164.0,1,1
765,2,54.0,1,1
765,3,11.0,1,1
765,4,33.0,1,1
765,5,80.0,1,1
765,6,0.0,1,1
765,7,49.0,1,1
765,8,14.0,1,1
765,9,0.0,1,1
765,10,8.0,1,1
765,11,29.0,1,1
765,12,25.0,1,1
765,13,0.0,1,1
765,14,17.0,1,1
765,15,35.0,1,1
765,16,4.0,1,1
765,17,155.0,1,1
765,18,69.0,1,1
765,19,27.0,1,1
765,20,47.0,1,1
765,21,26.0,1,1
765,22,10.0,1,1
765,23,57.0,1,1
765,24,2.0,1,1
765,25,9.0,1,1
765,26,31.0,1,1
765,27,0.0,1,1
765,28,21.0,1,1
765,29,13.0,1,1
765,30,17.0,1,1
765,31,10.0,1,1
765,32,14.0,1,1
765,33,6.0,1,1
766,0,198.0,1,1
766,1,223.0,1,1
766,2,72.0,1,1
766,3,27.0,1,1
766,4,29.0,1,1
766,5,135.0,1,1
766,6,0.0,1,1
766,7,51.0,1,1
766,8,24.0,1,1
766,9,0.0,1,1
766,10,14.0,1,1
766,11,22.0,1,1
766,12,32.0,1,1
766,13,3.0,1,1
766,14,20.0,1,1
766,15,42.0,1,1
766,16,3.0,1,1
766,17,171.0,1,1
766,18,95.0,1,1
766,19,26.0,1,1
766,20,41.0,1,1
766,21,43.0,1,1
766,22,7.0,1,1
766,23,41.0,1,1
766,24,2.0,1,1
766,25,10.0,1,1
766,26,28.0,1,1
766,27,0.0,1,1
766,28,9.0,1,1
766,29,8.0,1,1
766,30,20.0,1,1
766,31,9.0,1,1
766,32,11.0,1,1
766,33,7.0,1,1
767,0,183.0,1,1
767,1,235.0,1,1
767,2,69.0,1,1
767,3,22.0,1,1
767,4,29.0,1,1
767,5,135.0,1,1
767,6,0.0,1,1
767,7,59.0,1,1
767,8,22.0,1,1
767,9,0.0,1,1
767,10,10.0,1,1
767,11,27.0,1,1
767,12,34.0,1,1
767,13,0.0,1,1
767,14,40.0,1,1
767,15,41.0,1,1
767,16,1.0,1,1
767,17,169.0,1,1
767,18,64.0,1,1
767,19,23.0,1,1
767,20,53.0,1,1
767,21,29.0,1,1
767,22,7.0,1,1
767,23,59.0,1,1
767,24,1.0,1,1
767,25,5.0,1,1
767,26,24.0,1,1
767,27,0.0,1,1
767,28,18.0,1,1
767,29,14.0,1,1
767,30,19.0,1,1
767,31,4.0,1,1
767,32,13.0,1,1
767,33,16.0,1,1
768,0,238.0,1,1
768,1,232.0,1,1
768,2,84.0,1,1
768,3,26.0,1,1
768,4,32.0,1,1
768,5,125.0,1,1
768,6,0.0,1,1
768,7,60.0,1,1
768,8,25.0,1,1
768,9,0.0,1,1
768,10,16.0,1,1
768,11,33.0,1,1
768,12,23.0,1,1
768,13,0.0,1,1
768,14,36.0,1,1
768,15,85.0,1,1
768,16,5.0,1,1
768,17,151.0,1,1
768,18,99.0,1,1
768,19,33.0,1,1
768,20,42.0,1,1
768,21,36.0,1,1
768,22,8.0,1,1
768,23,71.0,1,1
768,24,2.0,1,1
768,25,16.0,1,1
768,26,22.0,1,1
768,27,0.0,1,1
768,28,18.0,1,1
768,29,11.0,1,1
768,30,27.0,1,1
768,31,2.0,1,1
768,32,19.0,1,1
768,33,14.0,1,1
769,0,230.0,1,1
769,1,215.0,1,1
769,2,73.0,1,1
769,3,24.0,1,1
769,4,34.0,1,1
769,5,118.0,1,1
769,6,0.0,1,1
769,7,64.0,1,1
769,8,27.0,1,1
769,9,0.0,1,1
769,10,8.0,1,1
769,11,42.0,1,1
769,12,40.0,1,1
769,13,0.0,1,1
769,14,236.0,1,1
769,15,79.0,1,1
769,16,4.0,1,1
769,17,197.0,1,1
769,18,118.0,1,1
769,19,39.0,1,1
769,20,59.0,1,1
769,21,42.0,1,1
769,22,14.0,1,1
769,23,58.0,1,1
769,24,5.0,1,1
769,25,9.0,1,1
769,26,17.0,1,1
769,27,0.0,1,1
769,28,14.0,1,1
769,29,10.0,1,1
769,30,36.0,1,1
769,31,5.0,1,1
769,32,17.0,1,1
769,33,7.0,1,1
770,0,219.0,1,1
770,1,267.0,1,1
770,2,94.0,1,1
770,3,25.0,1,1
770,4,27.0,1,1
770,5,141.0,1,1
770,6,0.0,1,1
770,7,87.0,1,1
770,8,29.0,1,1
770,9,0.0,1,1
770,10,9.0,1,1
770,11,42.0,1,1
770,12,113.0,1,1
770,13,0.0,1,1
770,14,78.0,1,1
770,15,62.0,1,1
770,16,2.0,1,1
770,17,187.0,1,1
770,18,123.0,1,1
770,19,42.0,1,1
770,20,57.0,1,1
770,21,79.0,1,1
770,22,15.0,1,1
770,23,59.0,1,1
770,24,2.0,1,1
770,25,23.0,1,1
770,26,25.0,1,1
770,27,0.0,1,1
770,28,24.0,1,1
770,29,24.0,1,1
770,30,29.0,1,1
770,31,4.0,1,1
770,32,24.0,1,1
770,33,20.0,1,1
771,0,238.0,1,1
771,1,216.0,1,1
771,2,101.0,1,1
771,3,12.0,1,1
771,4,18.0,1,1
771,5,119.0,1,1
771,6,0.0,1,1
771,7,76.0,1,1
771,8,18.0,1,1
771,9,0.0,1,1
771,10,7.0,1,1
771,11,48.0,1,1
771,12,24.0,1,1
771,13,1.0,1,1
771,14,134.0,1,1
771,15,96.0,1,1
771,16,4.0,1,1
771,17,182.0,1,1
771,18,114.0,1,1
771,19,33.0,1,1
771,20,70.0,1,1
771,21,65.0,1,1
771,22,19.0,1,1
771,23,90.0,1,1
771,24,4.0,1,1
771,25,23.0,1,1
771,26,24.0,1,1
771,27,0.0,1,1
771,28,20.0,1,1
771,29,30.0,1,1
771,30,18.0,1,1
771,31,11.0,1,1
771,32,12.0,1,1
771,33,20.0,1,1
772,0,191.0,1,1
772,1,192.0,1,1
772,2,79.0,1,1
772,3,21.0,1,1
772,4,16.0,1,1
772,5,118.0,1,1
772,6,0.0,1,1
772,7,63.0,1,1
772,8,15.0,1,1
772,9,0.0,1,1
772,10,9.0,1,1
772,11,48.0,1,1
772,12,26.0,1,1
772,13,0.0,1,1
772,14,81.0,1,1
772,15,64.0,1,1
772,16,7.0,1,1
772,17,131.0,1,1
772,18,101.0,1,1
772,19,43.0,1,1
772,20,57.0,1,1
772,21,47.0,1,1
772,22,21.0,1,1
772,23,65.0,1,1
772,24,5.0,1,1
772,25,19.0,1,1
772,26,38.0,1,1
772,27,0.0,1,1
772,28,14.0,1,1
772,29,39.0,1,1
772,30,14.0,1,1
772,31,14.0,1,1
772,32,4.0,1,1
772,33,22.0,1,1
773,0,186.0,1,1
773,1,172.0,1,1
773,2,70.0,1,1
773,3,17.0,1,1
773,4,20.0,1,1
773,5,114.0,1,1
773,6,0.0,1,1
773,7,72.0,1,1
773,8,22.0,1,1
773,9,0.0,1,1
773,10,5.0,1,1
773,11,37.0,1,1
773,12,28.0,1,1
773,13,4.0,1,1
773,14,35.0,1,1
773,15,62.0,1,1
773,16,6.0,1,1
773,17,141.0,1,1
773,18,103.0,1,1
773,19,40.0,1,1
773,20,43.0,1,1
773,21,77.0,1,1
773,22,16.0,1,1
773,23,69.0,1,1
773,24,5.0,1,1
773,25,21.0,1,1
773,26,29.0,1,1
773,27,0.0,1,1
773,28,12.0,1,1
773,29,43.0,1,1
773,30,23.0,1,1
773,31,19.0,1,1
773,32,10.0,1,1
773,33,26.0,1,1
774,0,121.0,1,1
774,1,166.0,1,1
774,2,67.0,1,1
774,3,20.0,1,1
774,4,12.0,1,1
774,5,103.0,1,1
774,6,0.0,1,1
774,7,76.0,1,1
774,8,19.0,1,1
774,9,0.0,1,1
774,10,12.0,1,1
774,11,43.0,1,1
774,12,49.0,1,1
774,13,0.0,1,1
774,14,14.0,1,1
774,15,68.0,1,1
774,16,7.0,1,1
774,17,193.0,1,1
774,18,99.0,1,1
774,19,28.0,1,1
774,20,44.0,1,1
774,21,46.0,1,1
774,22,13.0,1,1
774,23,58.0,1,1
774,24,2.0,1,1
774,25,14.0,1,1
774,26,25.0,1,1
774,27,0.0,1,1
774,28,21.0,1,1
774,29,46.0,1,1
774,30,22.0,1,1
774,31,11.0,1,1
774,32,11.0,1,1
774,33,22.0,1,1
775,0,122.0,1,1
775,1,168.0,1,1
775,2,78.0,1,1
775,3,18.0,1,1
775,4,22.0,1,1
775,5,112.0,1,1
775,6,0.0,1,1
775,7,57.0,1,1
775,8,15.0,1,1
775,9,0.0,1,1
775,10,8.0,1,1
775,11,41.0,1,1
775,12,25.0,1,1
775,13,3.0,1,1
775,14,21.0,1,1
775,15,76.0,1,1
775,16,2.0,1,1
775,17,101.0,1,1
775,18,81.0,1,1
775,19,17.0,1,1
775,20,28.0,1,1
775,21,28.0,1,1
775,22,13.0,1,1
775,23,34.0,1,1
775,24,2.0,1,1
775,25,22.0,1,1
775,26,22.0,1,1
775,27,0.0,1,1
775,28,18.0,1,1
775,29,27.0,1,1
775,30,11.0,1,1
775,31,6.0,1,1
775,32,5.0,1,1
775,33,13.0,1,1
776,0,140.0,1,1
776,1,129.0,1,1
776,2,63.0,1,1
776,3,24.0,1,1
776,4,12.0,1,1
776,5,80.0,1,1
776,6,0.0,1,1
776,7,70.0,1,1
776,8,19.0,1,1
776,9,0.0,1,1
776,10,12.0,1,1
776,11,42.0,1,1
776,12,33.0,1,1
776,13,0.0,1,1
776,14,27.0,1,1
776,15,78.0,1,1
776,16,4.0,1,1
776,17,102.0,1,1
776,18,85.0,1,1
776,19,18.0,1,1
776,20,18.0,1,1
776,21,35.0,1,1
776,22,4.0,1,1
776,23,28.0,1,1
776,24,5.0,1,1
776,25,3.0,1,1
776,26,22.0,1,1
776,27,0.0,1,1
776,28,25.0,1,1
776,29,4.0,1,1
776,30,21.0,1,1
776,31,6.0,1,1
776,32,9.0,1,1
776,33,8.0,1,1
777,0,131.0,1,1
777,1,137.0,1,1
777,2,65.0,1,1
777,3,27.0,1,1
777,4,10.0,1,1
777,5,86.0,1,1
777,6,0.0,1,1
777,7,69.0,1,1
777,8,61.0,1,1
777,9,0.0,1,1
777,10,8.0,1,1
777,11,38.0,1,1
777,12,19.0,1,1
777,13,0.0,1,1
777,14,21.0,1,1
777,15,54.0,1,1
777,16,4.0,1,1
777,17,70.0,1,1
777,18,62.0,1,1
777,19,17.0,1,1
777,20,36.0,1,1
777,21,26.0,1,1
777,22,6.0,1,1
777,23,23.0,1,1
777,24,1.0,1,1
777,25,9.0,1,1
777,26,12.0,1,1
777,27,0.0,1,1
777,28,13.0,1,1
777,29,8.0,1,1
777,30,13.0,1,1
777,31,5.0,1,1
777,32,9.0,1,1
777,33,11.0,1,1
778,0,119.0,1,1
778,1,119.0,1,1
778,2,53.0,1,1
778,3,12.0,1,1
778,4,12.0,1,1
778,5,68.0,1,1
778,6,0.0,1,1
778,7,59.0,1,1
778,8,21.0,1,1
778,9,0.0,1,1
778,10,5.0,1,1
778,11,45.0,1,1
778,12,27.0,1,1
778,13,0.0,1,1
778,14,20.0,1,1
778,15,60.0,1,1
778,16,3.0,1,1
778,17,74.0,1,1
778,18,81.0,1,1
778,19,8.0,1,1
778,20,21.0,1,1
778,21,22.0,1,1
778,22,7.0,1,1
778,23,26.0,1,1
778,24,0.0,1,1
778,25,8.0,1,1
778,26,23.0,1,1
778,27,0.0,1,1
778,28,14.0,1,1
778,29,8.0,1,1
778,30,6.0,1,1
778,31,5.0,1,1
778,32,9.0,1,1
778,33,6.0,1,1
779,0,99.0,1,1
779,1,123.0,1,1
779,2,60.0,1,1
779,3,14.0,1,1
779,4,8.0,1,1
779,5,85.0,1,1
779,6,0.0,1,1
779,7,69.0,1,1
779,8,18.0,1,1
779,9,0.0,1,1
779,10,11.0,1,1
779,11,41.0,1,1
779,12,43.0,1,1
779,13,0.0,1,1
779,14,21.0,1,1
779,15,60.0,1,1
779,16,3.0,1,1
779,17,74.0,1,1
779,18,80.0,1,1
779,19,24.0,1,1
779,20,26.0,1,1
779,21,36.0,1,1
779,22,5.0,1,1
779,23,30.0,1,1
779,24,1.0,1,1
779,25,9.0,1,1
779,26,20.0,1,1
779,27,0.0,1,1
779,28,17.0,1,1
779,29,8.0,1,1
779,30,9.0,1,1
779,31,7.0,1,1
779,32,6.0,1,1
779,33,9.0,1,1
780,0,137.0,1,1
780,1,91.0,1,1
780,2,53.0,1,1
780,3,39.0,1,1
780,4,9.0,1,1
780,5,73.0,1,1
780,6,0.0,1,1
780,7,57.0,1,1
780,8,21.0,1,1
780,9,0.0,1,1
780,10,6.0,1,1
780,11,36.0,1,1
780,12,16.0,1,1
780,13,2.0,1,1
780,14,54.0,1,1
780,15,68.0,1,1
780,16,5.0,1,1
780,17,97.0,1,1
780,18,91.0,1,1
780,19,21.0,1,1
780,20,20.0,1,1
780,21,28.0,1,1
780,22,7.0,1,1
780,23,25.0,1,1
780,24,0.0,1,1
780,25,4.0,1,1
780,26,26.0,1,1
780,27,0.0,1,1
780,28,16.0,1,1
780,29,10.0,1,1
780,30,19.0,1,1
780,31,3.0,1,1
780,32,9.0,1,1
780,33,11.0,1,1
781,0,128.0,1,1
781,1,123.0,1,1
781,2,83.0,1,1
781,3,39.0,1,1
781,4,16.0,1,1
781,5,93.0,1,1
781,6,0.0,1,1
781,7,63.0,1,1
781,8,17.0,1,1
781,9,0.0,1,1
781,10,12.0,1,1
781,11,37.0,1,1
781,12,32.0,1,1
781,13,3.0,1,1
781,14,28.0,1,1
781,15,63.0,1,1
781,16,1.0,1,1
781,17,95.0,1,1
781,18,83.0,1,1
781,19,20.0,1,1
781,20,18.0,1,1
781,21,35.0,1,1
781,22,1.0,1,1
781,23,39.0,1,1
781,24,2.0,1,1
781,25,8.0,1,1
781,26,20.0,1,1
781,27,0.0,1,1
781,28,11.0,1,1
781,29,6.0,1,1
781,30,14.0,1,1
781,31,3.0,1,1
781,32,4.0,1,1
781,33,8.0,1,1
782,0,113.0,1,1
782,1,113.0,1,1
782,2,65.0,1,1
782,3,17.0,1,1
782,4,4.0,1,1
782,5,72.0,1,1
782,6,0.0,1,1
782,7,67.0,1,1
782,8,17.0,1,1
782,9,0.0,1,1
782,10,9.0,1,1
782,11,38.0,1,1
782,12,38.0,1,1
782,13,1.0,1,1
782,14,78.0,1,1
782,15,52.0,1,1
782,16,5.0,1,1
782,17,86.0,1,1
782,18,69.0,1,1
782,19,8.0,1,1
782,20,16.0,1,1
782,21,47.0,1,1
782,22,7.0,1,1
782,23,27.0,1,1
782,24,4.0,1,1
782,25,8.0,1,1
782,26,11.0,1,1
782,27,0.0,1,1
782,28,12.0,1,1
782,29,10.0,1,1
782,30,17.0,1,1
782,31,9.0,1,1
782,32,7.0,1,1
782,33,6.0,1,1
783,0,111.0,1,1
783,1,94.0,1,1
783,2,59.0,1,1
783,3,17.0,1,1
783,4,16.0,1,1
783,5,85.0,1,1
783,6,0.0,1,1
783,7,57.0,1,1
783,8,9.0,1,1
783,9,0.0,1,1
783,10,17.0,1,1
783,11,50.0,1,1
783,12,24.0,1,1
783,13,0.0,1,1
783,14,37.0,1,1
783,15,62.0,1,1
783,16,3.0,1,1
783,17,79.0,1,1
783,18,73.0,1,1
783,19,14.0,1,1
783,20,29.0,1,1
783,21,36.0,1,1
783,22,6.0,1,1
783,23,37.0,1,1
783,24,1.0,1,1
783,25,8.0,1,1
783,26,17.0,1,1
783,27,0.0,1,1
783,28,17.0,1,1
783,29,7.0,1,1
783,30,17.0,1,1
783,31,6.0,1,1
783,32,10.0,1,1
783,33,9.0,1,1
784,0,122.0,1,1
784,1,94.0,1,1
784,2,63.0,1,1
784,3,19.0,1,1
784,4,7.0,1,1
784,5,73.0,1,1
784,6,0.0,1,1
784,7,67.0,1,1
784,8,14.0,1,1
784,9,0.0,1,1
784,10,11.0,1,1
784,11,55.0,1,1
784,12,15.0,1,1
784,13,0.0,1,1
784,14,57.0,1,1
784,15,62.0,1,1
784,16,5.0,1,1
784,17,78.0,1,1
784,18,78.0,1,1
784,19,12.0,1,1
784,20,22.0,1,1
784,21,22.0,1,1
784,22,2.0,1,1
784,23,28.0,1,1
784,24,2.0,1,1
784,25,10.0,1,1
784,26,21.0,1,1
784,27,0.0,1,1
784,28,22.0,1,1
784,29,9.0,1,1
784,30,7.0,1,1
784,31,1.0,1,1
784,32,8.0,1,1
784,33,7.0,1,1
785,0,118.0,1,1
785,1,103.0,1,1
785,2,59.0,1,1
785,3,20.0,1,1
785,4,11.0,1,1
785,5,108.0,1,1
785,6,0.0,1,1
785,7,61.0,1,1
785,8,19.0,1,1
785,9,0.0,1,1
785,10,16.0,1,1
785,11,27.0,1,1
785,12,26.0,1,1
785,13,0.0,1,1
785,14,20.0,1,1
785,15,44.0,1,1
785,16,2.0,1,1
785,17,105.0,1,1
785,18,76.0,1,1
785,19,15.0,1,1
785,20,24.0,1,1
785,21,43.0,1,1
785,22,5.0,1,1
785,23,32.0,1,1
785,24,1.0,1,1
785,25,8.0,1,1
785,26,24.0,1,1
785,27,0.0,1,1
785,28,9.0,1,1
785,29,9.0,1,1
785,30,11.0,1,1
785,31,4.0,1,1
785,32,9.0,1,1
785,33,6.0,1,1
786,0,129.0,1,1
786,1,83.0,1,1
786,2,64.0,1,1
786,3,24.0,1,1
786,4,6.0,1,1
786,5,80.0,1,1
786,6,0.0,1,1
786,7,72.0,1,1
786,8,15.0,1,1
786,9,0.0,1,1
786,10,12.0,1,1
786,11,52.0,1,1
786,12,26.0,1,1
786,13,2.0,1,1
786,14,30.0,1,1
786,15,70.0,1,1
786,16,1.0,1,1
786,17,82.0,1,1
786,18,72.0,1,1
786,19,15.0,1,1
786,20,24.0,1,1
786,21,36.0,1,1
786,22,1.0,1,1
786,23,39.0,1,1
786,24,3.0,1,1
786,25,6.0,1,1
786,26,16.0,1,1
786,27,0.0,1,1
786,28,13.0,1,1
786,29,10.0,1,1
786,30,13.0,1,1
786,31,2.0,1,1
786,32,9.0,1,1
786,33,11.0,1,1
787,0,116.0,1,1
787,1,100.0,1,1
787,2,48.0,1,1
787,3,21.0,1,1
787,4,7.0,1,1
787,5,76.0,1,1
787,6,0.0,1,1
787,7,64.0,1,1
787,8,16.0,1,1
787,9,0.0,1,1
787,10,8.0,1,1
787,11,41.0,1,1
787,12,33.0,1,1
787,13,2.0,1,1
787,14,36.0,1,1
787,15,49.0,1,1
787,16,3.0,1,1
787,17,77.0,1,1
787,18,77.0,1,1
787,19,24.0,1,1
787,20,24.0,1,1
787,21,24.0,1,1
787,22,10.0,1,1
787,23,31.0,1,1
787,24,1.0,1,1
787,25,11.0,1,1
787,26,15.0,1,1
787,27,0.0,1,1
787,28,9.0,1,1
787,29,10.0,1,1
787,30,15.0,1,1
787,31,3.0,1,1
787,32,9.0,1,1
787,33,9.0,1,1
788,0,121.0,1,1
788,1,71.0,1,1
788,2,66.0,1,1
788,3,25.0,1,1
788,4,8.0,1,1
788,5,78.0,1,1
788,6,0.0,1,1
788,7,86.0,1,1
788,8,13.0,1,1
788,9,0.0,1,1
788,10,13.0,1,1
788,11,51.0,1,1
788,12,46.0,1,1
788,13,0.0,1,1
788,14,25.0,1,1
788,15,65.0,1,1
788,16,7.0,1,1
788,17,76.0,1,1
788,18,94.0,1,1
788,19,29.0,1,1
788,20,22.0,1,1
788,21,42.0,1,1
788,22,6.0,1,1
788,23,26.0,1,1
788,24,0.0,1,1
788,25,10.0,1,1
788,26,18.0,1,1
788,27,0.0,1,1
788,28,11.0,1,1
788,29,11.0,1,1
788,30,15.0,1,1
788,31,3.0,1,1
788,32,13.0,1,1
788,33,10.0,1,1
789,0,105.0,1,1
789,1,96.0,1,1
789,2,65.0,1,1
789,3,18.0,1,1
789,4,11.0,1,1
789,5,91.0,1,1
789,6,0.0,1,1
789,7,65.0,1,1
789,8,20.0,1,1
789,9,0.0,1,1
789,10,14.0,1,1
789,11,52.0,1,1
789,12,30.0,1,1
789,13,0.0,1,1
789,14,39.0,1,1
789,15,65.0,1,1
789,16,5.0,1,1
789,17,94.0,1,1
789,18,80.0,1,1
789,19,21.0,1,1
789,20,28.0,1,1
789,21,38.0,1,1
789,22,9.0,1,1
789,23,38.0,1,1
789,24,0.0,1,1
789,25,6.0,1,1
789,26,12.0,1,1
789,27,0.0,1,1
789,28,20.0,1,1
789,29,12.0,1,1
789,30,12.0,1,1
789,31,7.0,1,1
789,32,16.0,1,1
789,33,6.0,1,1
790,0,105.0,1,1
790,1,93.0,1,1
790,2,61.0,1,1
790,3,27.0,1,1
790,4,11.0,1,1
790,5,100.0,1,1
790,6,0.0,1,1
790,7,87.0,1,1
790,8,10.0,1,1
790,9,0.0,1,1
790,10,11.0,1,1
790,11,51.0,1,1
790,12,52.0,1,1
790,13,0.0,1,1
790,14,38.0,1,1
790,15,61.0,1,1
790,16,4.0,1,1
790,17,78.0,1,1
790,18,80.0,1,1
790,19,25.0,1,1
790,20,18.0,1,1
790,21,34.0,1,1
790,22,7.0,1,1
790,23,36.0,1,1
790,24,3.0,1,1
790,25,9.0,1,1
790,26,17.0,1,1
790,27,0.0,1,1
790,28,15.0,1,1
790,29,10.0,1,1
790,30,11.0,1,1
790,31,4.0,1,1
790,32,11.0,1,1
790,33,17.0,1,1
791,0,101.0,1,1
791,1,93.0,1,1
791,2,58.0,1,1
791,3,98.0,1,1
791,4,15.0,1,1
791,5,89.0,1,1
791,6,0.0,1,1
791,7,89.0,1,1
791,8,22.0,1,1
791,9,0.0,1,1
791,10,13.0,1,1
791,11,60.0,1,1
791,12,8.0,1,1
791,13,1.0,1,1
791,14,14.0,1,1
791,15,24.0,1,1
791,16,3.0,1,1
791,17,78.0,1,1
791,18,73.0,1,1
791,19,19.0,1,1
791,20,30.0,1,1
791,21,26.0,1,1
791,22,11.0,1,1
791,23,43.0,1,1
791,24,2.0,1,1
791,25,14.0,1,1
791,26,21.0,1,1
791,27,0.0,1,1
791,28,10.0,1,1
791,29,18.0,1,1
791,30,10.0,1,1
791,31,9.0,1,1
791,32,5.0,1,1
791,33,15.0,1,1
792,0,108.0,1,1
792,1,77.0,1,1
792,2,65.0,1,1
792,3,69.0,1,1
792,4,21.0,1,1
792,5,64.0,1,1
792,6,0.0,1,1
792,7,66.0,1,1
792,8,54.0,1,1
792,9,0.0,1,1
792,10,11.0,1,1
792,11,47.0,1,1
792,12,16.0,1,1
792,13,0.0,1,1
792,14,8.0,1,1
792,15,36.0,1,1
792,16,2.0,1,1
792,17,86.0,1,1
792,18,66.0,1,1
792,19,21.0,1,1
792,20,33.0,1,1
792,21,25.0,1,1
792,22,12.0,1,1
792,23,27.0,1,1
792,24,3.0,1,1
792,25,13.0,1,1
792,26,14.0,1,1
792,27,0.0,1,1
792,28,26.0,1,1
792,29,16.0,1,1
792,30,17.0,1,1
792,31,9.0,1,1
792,32,5.0,1,1
792,33,5.0,1,1
793,0,122.0,1,1
793,1,82.0,1,1
793,2,75.0,1,1
793,3,32.0,1,1
793,4,13.0,1,1
793,5,74.0,1,1
793,6,0.0,1,1
793,7,81.0,1,1
793,8,24.0,1,1
793,9,0.0,1,1
793,10,11.0,1,1
793,11,62.0,1,1
793,12,20.0,1,1
793,13,3.0,1,1
793,14,12.0,1,1
793,15,31.0,1,1
793,16,4.0,1,1
793,17,80.0,1,1
793,18,75.0,1,1
793,19,21.0,1,1
793,20,25.0,1,1
793,21,37.0,1,1
793,22,9.0,1,1
793,23,40.0,1,1
793,24,3.0,1,1
793,25,20.0,1,1
793,26,18.0,1,1
793,27,0.0,1,1
793,28,11.0,1,1
793,29,18.0,1,1
793,30,18.0,1,1
793,31,9.0,1,1
793,32,11.0,1,1
793,33,13.0,1,1
794,0,97.0,1,1
794,1,74.0,1,1
794,2,56.0,1,1
794,3,25.0,1,1
794,4,18.0,1,1
794,5,81.0,1,1
794,6,0.0,1,1
794,7,80.0,1,1
794,8,18.0,1,1
794,9,0.0,1,1
794,10,12.0,1,1
794,11,56.0,1,1
794,12,15.0,1,1
794,13,0.0,1,1
794,14,13.0,1,1
794,15,44.0,1,1
794,16,4.0,1,1
794,17,82.0,1,1
794,18,91.0,1,1
794,19,28.0,1,1
794,20,24.0,1,1
794,21,129.0,1,1
794,22,12.0,1,1
794,23,45.0,1,1
794,24,1.0,1,1
794,25,10.0,1,1
794,26,24.0,1,1
794,27,0.0,1,1
794,28,17.0,1,1
794,29,14.0,1,1
794,30,22.0,1,1
794,31,2.0,1,1
794,32,8.0,1,1
794,33,17.0,1,1
795,0,108.0,1,1
795,1,87.0,1,1
795,2,59.0,1,1
795,3,22.0,1,1
795,4,13.0,1,1
795,5,85.0,1,1
795,6,0.0,1,1
795,7,78.0,1,1
795,8,18.0,1,1
795,9,0.0,1,1
795,10,12.0,1,1
795,11,51.0,1,1
795,12,18.0,1,1
795,13,1.0,1,1
795,14,11.0,1,1
795,15,47.0,1,1
795,16,4.0,1,1
795,17,94.0,1,1
795,18,81.0,1,1
795,19,23.0,1,1
795,20,30.0,1,1
795,21,37.0,1,1
795,22,8.0,1,1
795,23,43.0,1,1
795,24,3.0,1,1
795,25,10.0,1,1
795,26,24.0,1,1
795,27,0.0,1,1
795,28,18.0,1,1
795,29,15.0,1,1
795,30,19.0,1,1
795,31,11.0,1,1
795,32,12.0,1,1
795,33,12.0,1,1
796,0,125.0,1,1
796,1,104.0,1,1
796,2,65.0,1,1
796,3,20.0,1,1
796,4,17.0,1,1
796,5,82.0,1,1
796,6,0.0,1,1
796,7,67.0,1,1
796,8,18.0,1,1
796,9,0.0,1,1
796,10,16.0,1,1
796,11,50.0,1,1
796,12,22.0,1,1
796,13,3.0,1,1
796,14,10.0,1,1
796,15,67.0,1,1
796,16,3.0,1,1
796,17,100.0,1,1
796,18,84.0,1,1
796,19,25.0,1,1
796,20,35.0,1,1
796,21,52.0,1,1
796,22,10.0,1,1
796,23,48.0,1,1
796,24,0.0,1,1
796,25,19.0,1,1
796,26,16.0,1,1
796,27,0.0,1,1
796,28,12.0,1,1
796,29,33.0,1,1
796,30,27.0,1,1
796,31,3.0,1,1
796,32,13.0,1,1
796,33,22.0,1,1
797,0,112.0,1,1
797,1,96.0,1,1
797,2,64.0,1,1
797,3,27.0,1,1
797,4,18.0,1,1
797,5,90.0,1,1
797,6,0.0,1,1
797,7,88.0,1,1
797,8,23.0,1,1
797,9,0.0,1,1
797,10,17.0,1,1
797,11,50.0,1,1
797,12,13.0,1,1
797,13,2.0,1,1
797,14,12.0,1,1
797,15,37.0,1,1
797,16,0.0,1,1
797,17,93.0,1,1
797,18,77.0,1,1
797,19,29.0,1,1
797,20,31.0,1,1
797,21,62.0,1,1
797,22,18.0,1,1
797,23,46.0,1,1
797,24,2.0,1,1
797,25,18.0,1,1
797,26,27.0,1,1
797,27,0.0,1,1
797,28,17.0,1,1
797,29,21.0,1,1
797,30,17.0,1,1
797,31,6.0,1,1
797,32,8.0,1,1
797,33,16.0,1,1
798,0,130.0,1,1
798,1,98.0,1,1
798,2,77.0,1,1
798,3,24.0,1,1
798,4,18.0,1,1
798,5,95.0,1,1
798,6,0.0,1,1
798,7,86.0,1,1
798,8,25.0,1,1
798,9,0.0,1,1
798,10,16.0,1,1
798,11,78.0,1,1
798,12,13.0,1,1
798,13,0.0,1,1
798,14,17.0,1,1
798,15,37.0,1,1
798,16,3.0,1,1
798,17,105.0,1,1
798,18,97.0,1,1
798,19,18.0,1,1
798,20,27.0,1,1
798,21,94.0,1,1
798,22,7.0,1,1
798,23,33.0,1,1
798,24,5.0,1,1
798,25,13.0,1,1
798,26,17.0,1,1
798,27,0.0,1,1
798,28,21.0,1,1
798,29,15.0,1,1
798,30,21.0,1,1
798,31,11.0,1,1
798,32,19.0,1,1
798,33,16.0,1,1
799,0,113.0,1,1
799,1,116.0,1,1
799,2,61.0,1,1
799,3,23.0,1,1
799,4,22.0,1,1
799,5,83.0,1,1
799,6,0.0,1,1
799,7,79.0,1,1
799,8,15.0,1,1
799,9,0.0,1,1
799,10,16.0,1,1
799,11,49.0,1,1
799,12,28.0,1,1
799,13,3.0,1,1
799,14,16.0,1,1
799,15,35.0,1,1
799,16,6.0,1,1
799,17,101.0,1,1
799,18,91.0,1,1
799,19,24.0,1,1
799,20,33.0,1,1
799,21,42.0,1,1
799,22,12.0,1,1
799,23,42.0,1,1
799,24,0.0,1,1
799,25,12.0,1,1
799,26,20.0,1,1
799,27,0.0,1,1
799,28,15.0,1,1
799,29,11.0,1,1
799,30,22.0,1,1
799,31,7.0,1,1
799,32,15.0,1,1
799,33,13.0,1,1
800,0,140.0,1,1
800,1,94.0,1,1
800,2,77.0,1,1
800,3,23.0,1,1
800,4,18.0,1,1
800,5,78.0,1,1
800,6,0.0,1,1
800,7,84.0,1,1
800,8,17.0,1,1
800,9,0.0,1,1
800,10,11.0,1,1
800,11,58.0,1,1
800,12,26.0,1,1
800,13,3.0,1,1
800,14,11.0,1,1
800,15,54.0,1,1
800,16,3.0,1,1
800,17,124.0,1,1
800,18,104.0,1,1
800,19,22.0,1,1
800,20,38.0,1,1
800,21,34.0,1,1
800,22,4.0,1,1
800,23,47.0,1,1
800,24,2.0,1,1
800,25,15.0,1,1
800,26,37.0,1,1
800,27,0.0,1,1
800,28,16.0,1,1
800,29,20.0,1,1
800,30,13.0,1,1
800,31,7.0,1,1
800,32,14.0,1,1
800,33,13.0,1,1
801,0,133.0,1,1
801,1,93.0,1,1
801,2,69.0,1,1
801,3,19.0,1,1
801,4,21.0,1,1
801,5,98.0,1,1
801,6,0.0,1,1
801,7,93.0,1,1
801,8,25.0,1,1
801,9,0.0,1,1
801,10,12.0,1,1
801,11,62.0,1,1
801,12,14.0,1,1
801,13,0.0,1,1
801,14,18.0,1,1
801,15,34.0,1,1
801,16,7.0,1,1
801,17,99.0,1,1
801,18,106.0,1,1
801,19,28.0,1,1
801,20,30.0,1,1
801,21,42.0,1,1
801,22,11.0,1,1
801,23,50.0,1,1
801,24,1.0,1,1
801,25,11.0,1,1
801,26,24.0,1,1
801,27,0.0,1,1
801,28,17.0,1,1
801,29,14.0,1,1
801,30,15.0,1,1
801,31,10.0,1,1
801,32,16.0,1,1
801,33,13.0,1,1
802,0,94.0,1,1
802,1,101.0,1,1
802,2,76.0,1,1
802,3,25.0,1,1
802,4,17.0,1,1
802,5,110.0,1,1
802,6,0.0,1,1
802,7,86.0,1,1
802,8,39.0,1,1
802,9,0.0,1,1
802,10,18.0,1,1
802,11,66.0,1,1
802,12,20.0,1,1
802,13,0.0,1,1
802,14,10.0,1,1
802,15,53.0,1,1
802,16,2.0,1,1
802,17,101.0,1,1
802,18,78.0,1,1
802,19,21.0,1,1
802,20,27.0,1,1
802,21,41.0,1,1
802,22,13.0,1,1
802,23,48.0,1,1
802,24,5.0,1,1
802,25,9.0,1,1
802,26,24.0,1,1
802,27,0.0,1,1
802,28,22.0,1,1
802,29,20.0,1,1
802,30,27.0,1,1
802,31,3.0,1,1
802,32,17.0,1,1
802,33,5.0,1,1
803,0,123.0,1,1
803,1,112.0,1,1
803,2,57.0,1,1
803,3,37.0,1,1
803,4,20.0,1,1
803,5,100.0,1,1
803,6,0.0,1,1
803,7,79.0,1,1
803,8,23.0,1,1
803,9,0.0,1,1
803,10,24.0,1,1
803,11,58.0,1,1
803,12,14.0,1,1
803,13,2.0,1,1
803,14,9.0,1,1
803,15,50.0,1,1
803,16,5.0,1,1
803,17,86.0,1,1
803,18,92.0,1,1
803,19,33.0,1,1
803,20,26.0,1,1
803,21,34.0,1,1
803,22,9.0,1,1
803,23,29.0,1,1
803,24,2.0,1,1
803,25,13.0,1,1
803,26,14.0,1,1
803,27,0.0,1,1
803,28,25.0,1,1
803,29,13.0,1,1
803,30,20.0,1,1
803,31,6.0,1,1
803,32,12.0,1,1
803,33,5.0,1,1
804,0,85.0,1,1
804,1,81.0,1,1
804,2,70.0,1,1
804,3,26.0,1,1
804,4,14.0,1,1
804,5,87.0,1,1
804,6,0.0,1,1
804,7,80.0,1,1
804,8,19.0,1,1
804,9,0.0,1,1
804,10,15.0,1,1
804,11,54.0,1,1
804,12,13.0,1,1
804,13,0.0,1,1
804,14,19.0,1,1
804,15,41.0,1,1
804,16,4.0,1,1
804,17,112.0,1,1
804,18,94.0,1,1
804,19,23.0,1,1
804,20,21.0,1,1
804,21,44.0,1,1
804,22,11.0,1,1
804,23,48.0,1,1
804,24,3.0,1,1
804,25,11.0,1,1
804,26,23.0,1,1
804,27,0.0,1,1
804,28,25.0,1,1
804,29,11.0,1,1
804,30,15.0,1,1
804,31,9.0,1,1
804,32,18.0,1,1
804,33,5.0,1,1
805,0,83.0,1,1
805,1,97.0,1,1
805,2,72.0,1,1
805,3,20.0,1,1
805,4,12.0,1,1
805,5,78.0,1,1
805,6,0.0,1,1
805,7,65.0,1,1
805,8,24.0,1,1
805,9,0.0,1,1
805,10,16.0,1,1
805,11,52.0,1,1
805,12,13.0,1,1
805,13,2.0,1,1
805,14,14.0,1,1
805,15,38.0,1,1
805,16,6.0,1,1
805,17,90.0,1,1
805,18,104.0,1,1
805,19,31.0,1,1
805,20,12.0,1,1
805,21,48.0,1,1
805,22,10.0,1,1
805,23,33.0,1,1
805,24,2.0,1,1
805,25,6.0,1,1
805,26,25.0,1,1
805,27,0.0,1,1
805,28,26.0,1,1
805,29,10.0,1,1
805,30,16.0,1,1
805,31,5.0,1,1
805,32,20.0,1,1
805,33,13.0,1,1
806,0,108.0,1,1
806,1,74.0,1,1
806,2,61.0,1,1
806,3,27.0,1,1
806,4,21.0,1,1
806,5,68.0,1,1
806,6,0.0,1,1
806,7,91.0,1,1
806,8,18.0,1,1
806,9,0.0,1,1
806,10,15.0,1,1
806,11,75.0,1,1
806,12,17.0,1,1
806,13,1.0,1,1
806,14,22.0,1,1
806,15,55.0,1,1
806,16,4.0,1,1
806,17,85.0,1,1
806,18,116.0,1,1
806,19,31.0,1,1
806,20,31.0,1,1
806,21,42.0,1,1
806,22,9.0,1,1
806,23,44.0,1,1
806,24,2.0,1,1
806,25,13.0,1,1
806,26,21.0,1,1
806,27,0.0,1,1
806,28,19.0,1,1
806,29,13.0,1,1
806,30,19.0,1,1
806,31,2.0,1,1
806,32,8.0,1,1
806,33,8.0,1,1
807,0,112.0,1,1
807,1,85.0,1,1
807,2,78.0,1,1
807,3,24.0,1,1
807,4,10.0,1,1
807,5,75.0,1,1
807,6,0.0,1,1
807,7,79.0,1,1
807,8,26.0,1,1
807,9,0.0,1,1
807,10,12.0,1,1
807,11,52.0,1,1
807,12,20.0,1,1
807,13,0.0,1,1
807,14,19.0,1,1
807,15,47.0,1,1
807,16,3.0,1,1
807,17,70.0,1,1
807,18,83.0,1,1
807,19,20.0,1,1
807,20,33.0,1,1
807,21,43.0,1,1
807,22,12.0,1,1
807,23,56.0,1,1
807,24,2.0,1,1
807,25,8.0,1,1
807,26,33.0,1,1
807,27,0.0,1,1
807,28,15.0,1,1
807,29,16.0,1,1
807,30,18.0,1,1
807,31,11.0,1,1
807,32,10.0,1,1
807,33,10.0,1,1
808,0,90.0,1,1
808,1,76.0,1,1
808,2,77.0,1,1
808,3,27.0,1,1
808,4,17.0,1,1
808,5,67.0,1,1
808,6,0.0,1,1
808,7,84.0,1,1
808,8,24.0,1,1
808,9,0.0,1,1
808,10,22.0,1,1
808,11,56.0,1,1
808,12,23.0,1,1
808,13,0.0,1,1
808,14,17.0,1,1
808,15,36.0,1,1
808,16,7.0,1,1
808,17,109.0,1,1
808,18,95.0,1,1
808,19,30.0,1,1
808,20,28.0,1,1
808,21,40.0,1,1
808,22,17.0,1,1
808,23,52.0,1,1
808,24,5.0,1,1
808,25,14.0,1,1
808,26,29.0,1,1
808,27,0.0,1,1
808,28,15.0,1,1
808,29,38.0,1,1
808,30,19.0,1,1
808,31,6.0,1,1
808,32,12.0,1,1
808,33,15.0,1,1
809,0,111.0,1,1
809,1,98.0,1,1
809,2,70.0,1,1
809,3,34.0,1,1
809,4,8.0,1,1
809,5,94.0,1,1
809,6,0.0,1,1
809,7,94.0,1,1
809,8,21.0,1,1
809,9,0.0,1,1
809,10,16.0,1,1
809,11,54.0,1,1
809,12,18.0,1,1
809,13,3.0,1,1
809,14,21.0,1,1
809,15,42.0,1,1
809,16,5.0,1,1
809,17,89.0,1,1
809,18,98.0,1,1
809,19,37.0,1,1
809,20,31.0,1,1
809,21,49.0,1,1
809,22,11.0,1,1
809,23,55.0,1,1
809,24,5.0,1,1
809,25,9.0,1,1
809,26,16.0,1,1
809,27,0.0,1,1
809,28,19.0,1,1
809,29,45.0,1,1
809,30,14.0,1,1
809,31,7.0,1,1
809,32,13.0,1,1
809,33,32.0,1,1
810,0,122.0,1,1
810,1,85.0,1,1
810,2,65.0,1,1
810,3,47.0,1,1
810,4,25.0,1,1
810,5,79.0,1,1
810,6,0.0,1,1
810,7,78.0,1,1
810,8,33.0,1,1
810,9,0.0,1,1
810,10,14.0,1,1
810,11,55.0,1,1
810,12,17.0,1,1
810,13,0.0,1,1
810,14,16.0,1,1
810,15,49.0,1,1
810,16,5.0,1,1
810,17,98.0,1,1
810,18,109.0,1,1
810,19,31.0,1,1
810,20,42.0,1,1
810,21,68.0,1,1
810,22,18.0,1,1
810,23,54.0,1,1
810,24,4.0,1,1
810,25,24.0,1,1
810,26,11.0,1,1
810,27,0.0,1,1
810,28,29.0,1,1
810,29,25.0,1,1
810,30,19.0,1,1
810,31,12.0,1,1
810,32,10.0,1,1
810,33,13.0,1,1
811,0,126.0,1,1
811,1,93.0,1,1
811,2,63.0,1,1
811,3,52.0,1,1
811,4,14.0,1,1
811,5,92.0,1,1
811,6,0.0,1,1
811,7,93.0,1,1
811,8,26.0,1,1
811,9,0.0,1,1
811,10,9.0,1,1
811,11,72.0,1,1
811,12,23.0,1,1
811,13,0.0,1,1
811,14,20.0,1,1
811,15,49.0,1,1
811,16,6.0,1,1
811,17,87.0,1,1
811,18,103.0,1,1
811,19,34.0,1,1
811,20,38.0,1,1
811,21,46.0,1,1
811,22,19.0,1,1
811,23,46.0,1,1
811,24,2.0,1,1
811,25,17.0,1,1
811,26,28.0,1,1
811,27,0.0,1,1
811,28,19.0,1,1
811,29,23.0,1,1
811,30,21.0,1,1
811,31,9.0,1,1
811,32,17.0,1,1
811,33,21.0,1,1
812,0,124.0,1,1
812,1,103.0,1,1
812,2,73.0,1,1
812,3,48.0,1,1
812,4,21.0,1,1
812,5,96.0,1,1
812,6,0.0,1,1
812,7,106.0,1,1
812,8,34.0,1,1
812,9,0.0,1,1
812,10,21.0,1,1
812,11,63.0,1,1
812,12,10.0,1,1
812,13,0.0,1,1
812,14,26.0,1,1
812,15,43.0,1,1
812,16,6.0,1,1
812,17,100.0,1,1
812,18,118.0,1,1
812,19,38.0,1,1
812,20,30.0,1,1
812,21,46.0,1,1
812,22,25.0,1,1
812,23,52.0,1,1
812,24,6.0,1,1
812,25,20.0,1,1
812,26,24.0,1,1
812,27,0.0,1,1
812,28,17.0,1,1
812,29,26.0,1,1
812,30,28.0,1,1
812,31,11.0,1,1
812,32,11.0,1,1
812,33,17.0,1,1
813,0,108.0,1,1
813,1,72.0,1,1
813,2,84.0,1,1
813,3,22.0,1,1
813,4,20.0,1,1
813,5,74.0,1,1
813,6,0.0,1,1
813,7,82.0,1,1
813,8,20.0,1,1
813,9,0.0,1,1
813,10,16.0,1,1
813,11,55.0,1,1
813,12,18.0,1,1
813,13,0.0,1,1
813,14,25.0,1,1
813,15,51.0,1,1
813,16,7.0,1,1
813,17,116.0,1,1
813,18,121.0,1,1
813,19,47.0,1,1
813,20,43.0,1,1
813,21,102.0,1,1
813,22,17.0,1,1
813,23,43.0,1,1
813,24,2.0,1,1
813,25,23.0,1,1
813,26,23.0,1,1
813,27,0.0,1,1
813,28,19.0,1,1
813,29,19.0,1,1
813,30,25.0,1,1
813,31,8.0,1,1
813,32,9.0,1,1
813,33,18.0,1,1
814,0,148.0,1,1
814,1,91.0,1,1
814,2,73.0,1,1
814,3,27.0,1,1
814,4,16.0,1,1
814,5,88.0,1,1
814,6,0.0,1,1
814,7,105.0,1,1
814,8,21.0,1,1
814,9,0.0,1,1
814,10,14.0,1,1
814,11,73.0,1,1
814,12,20.0,1,1
814,13,2.0,1,1
814,14,15.0,1,1
814,15,52.0,1,1
814,16,5.0,1,1
814,17,124.0,1,1
814,18,126.0,1,1
814,19,33.0,1,1
814,20,43.0,1,1
814,21,74.0,1,1
814,22,20.0,1,1
814,23,47.0,1,1
814,24,5.0,1,1
814,25,13.0,1,1
814,26,33.0,1,1
814,27,0.0,1,1
814,28,36.0,1,1
814,29,21.0,1,1
814,30,28.0,1,1
814,31,5.0,1,1
814,32,26.0,1,1
814,33,17.0,1,1
815,0,126.0,1,1
815,1,110.0,1,1
815,2,73.0,1,1
815,3,36.0,1,1
815,4,15.0,1,1
815,5,117.0,1,1
815,6,0.0,1,1
815,7,105.0,1,1
815,8,31.0,1,1
815,9,0.0,1,1
815,10,22.0,1,1
815,11,79.0,1,1
815,12,26.0,1,1
815,13,1.0,1,1
815,14,15.0,1,1
815,15,77.0,1,1
815,16,6.0,1,1
815,17,123.0,1,1
815,18,151.0,1,1
815,19,33.0,1,1
815,20,35.0,1,1
815,21,70.0,1,1
815,22,16.0,1,1
815,23,48.0,1,1
815,24,5.0,1,1
815,25,19.0,1,1
815,26,33.0,1,1
815,27,0.0,1,1
815,28,29.0,1,1
815,29,15.0,1,1
815,30,19.0,1,1
815,31,6.0,1,1
815,32,17.0,1,1
815,33,11.0,1,1
816,0,134.0,1,1
816,1,95.0,1,1
816,2,95.0,1,1
816,3,19.0,1,1
816,4,16.0,1,1
816,5,92.0,1,1
816,6,0.0,1,1
816,7,96.0,1,1
816,8,30.0,1,1
816,9,0.0,1,1
816,10,10.0,1,1
816,11,48.0,1,1
816,12,16.0,1,1
816,13,1.0,1,1
816,14,20.0,1,1
816,15,40.0,1,1
816,16,5.0,1,1
816,17,115.0,1,1
816,18,139.0,1,1
816,19,35.0,1,1
816,20,29.0,1,1
816,21,66.0,1,1
816,22,17.0,1,1
816,23,61.0,1,1
816,24,5.0,1,1
816,25,11.0,1,1
816,26,34.0,1,1
816,27,0.0,1,1
816,28,27.0,1,1
816,29,25.0,1,1
816,30,24.0,1,1
816,31,8.0,1,1
816,32,16.0,1,1
816,33,16.0,1,1
817,0,124.0,1,1
817,1,109.0,1,1
817,2,62.0,1,1
817,3,102.0,1,1
817,4,15.0,1,1
817,5,107.0,1,1
817,6,0.0,1,1
817,7,98.0,1,1
817,8,29.0,1,1
817,9,0.0,1,1
817,10,19.0,1,1
817,11,75.0,1,1
817,12,13.0,1,1
817,13,2.0,1,1
817,14,13.0,1,1
817,15,61.0,1,1
817,16,2.0,1,1
817,17,116.0,1,1
817,18,122.0,1,1
817,19,41.0,1,1
817,20,30.0,1,1
817,21,61.0,1,1
817,22,10.0,1,1
817,23,64.0,1,1
817,24,2.0,1,1
817,25,17.0,1,1
817,26,19.0,1,1
817,27,0.0,1,1
817,28,29.0,1,1
817,29,22.0,1,1
817,30,20.0,1,1
817,31,9.0,1,1
817,32,16.0,1,1
817,33,16.0,1,1
818,0,116.0,1,1
818,1,87.0,1,1
818,2,87.0,1,1
818,3,36.0,1,1
818,4,20.0,1,1
818,5,76.0,1,1
818,6,0.0,1,1
818,7,104.0,1,1
818,8,23.0,1,1
818,9,0.0,1,1
818,10,13.0,1,1
818,11,86.0,1,1
818,12,15.0,1,1
818,13,0.0,1,1
818,14,17.0,1,1
818,15,54.0,1,1
818,16,10.0,1,1
818,17,98.0,1,1
818,18,141.0,1,1
818,19,45.0,1,1
818,20,37.0,1,1
818,21,57.0,1,1
818,22,10.0,1,1
818,23,57.0,1,1
818,24,1.0,1,1
818,25,18.0,1,1
818,26,19.0,1,1
818,27,0.0,1,1
818,28,31.0,1,1
818,29,22.0,1,1
818,30,21.0,1,1
818,31,5.0,1,1
818,32,19.0,1,1
818,33,14.0,1,1
819,0,121.0,1,1
819,1,103.0,1,1
819,2,83.0,1,1
819,3,32.0,1,1
819,4,17.0,1,1
819,5,94.0,1,1
819,6,0.0,1,1
819,7,103.0,1,1
819,8,20.0,1,1
819,9,0.0,1,1
819,10,11.0,1,1
819,11,108.0,1,1
819,12,13.0,1,1
819,13,1.0,1,1
819,14,22.0,1,1
819,15,60.0,1,1
819,16,7.0,1,1
819,17,103.0,1,1
819,18,135.0,1,1
819,19,41.0,1,1
819,20,44.0,1,1
819,21,65.0,1,1
819,22,13.0,1,1
819,23,61.0,1,1
819,24,5.0,1,1
819,25,23.0,1,1
819,26,20.0,1,1
819,27,0.0,1,1
819,28,17.0,1,1
819,29,24.0,1,1
819,30,20.0,1,1
819,31,6.0,1,1
819,32,16.0,1,1
819,33,15.0,1,1
820,0,137.0,1,1
820,1,112.0,1,1
820,2,80.0,1,1
820,3,20.0,1,1
820,4,22.0,1,1
820,5,87.0,1,1
820,6,0.0,1,1
820,7,90.0,1,1
820,8,32.0,1,1
820,9,0.0,1,1
820,10,14.0,1,1
820,11,47.0,1,1
820,12,17.0,1,1
820,13,1.0,1,1
820,14,12.0,1,1
820,15,73.0,1,1
820,16,7.0,1,1
820,17,100.0,1,1
820,18,129.0,1,1
820,19,35.0,1,1
820,20,35.0,1,1
820,21,46.0,1,1
820,22,17.0,1,1
820,23,61.0,1,1
820,24,7.0,1,1
820,25,12.0,1,1
820,26,19.0,1,1
820,27,0.0,1,1
820,28,22.0,1,1
820,29,25.0,1,1
820,30,14.0,1,1
820,31,13.0,1,1
820,32,19.0,1,1
820,33,16.0,1,1
821,0,120.0,1,1
821,1,111.0,1,1
821,2,72.0,1,1
821,3,33.0,1,1
821,4,20.0,1,1
821,5,73.0,1,1
821,6,0.0,1,1
821,7,87.0,1,1
821,8,31.0,1,1
821,9,0.0,1,1
821,10,11.0,1,1
821,11,59.0,1,1
821,12,18.0,1,1
821,13,0.0,1,1
821,14,29.0,1,1
821,15,63.0,1,1
821,16,17.0,1,1
821,17,147.0,1,1
821,18,128.0,1,1
821,19,38.0,1,1
821,20,51.0,1,1
821,21,40.0,1,1
821,22,16.0,1,1
821,23,70.0,1,1
821,24,4.0,1,1
821,25,17.0,1,1
821,26,32.0,1,1
821,27,0.0,1,1
821,28,38.0,1,1
821,29,11.0,1,1
821,30,24.0,1,1
821,31,8.0,1,1
821,32,18.0,1,1
821,33,8.0,1,1
822,0,153.0,1,1
822,1,129.0,1,1
822,2,110.0,1,1
822,3,33.0,1,1
822,4,21.0,1,1
822,5,102.0,1,1
822,6,0.0,1,1
822,7,114.0,1,1
822,8,26.0,1,1
822,9,0.0,1,1
822,10,16.0,1,1
822,11,73.0,1,1
822,12,10.0,1,1
822,13,1.0,1,1
822,14,20.0,1,1
822,15,41.0,1,1
822,16,3.0,1,1
822,17,110.0,1,1
822,18,137.0,1,1
822,19,49.0,1,1
822,20,29.0,1,1
822,21,85.0,1,1
822,22,15.0,1,1
822,23,66.0,1,1
822,24,2.0,1,1
822,25,22.0,1,1
822,26,29.0,1,1
822,27,0.0,1,1
822,28,25.0,1,1
822,29,20.0,1,1
822,30,21.0,1,1
822,31,12.0,1,1
822,32,25.0,1,1
822,33,15.0,1,1
823,0,135.0,1,1
823,1,115.0,1,1
823,2,86.0,1,1
823,3,32.0,1,1
823,4,22.0,1,1
823,5,96.0,1,1
823,6,0.0,1,1
823,7,109.0,1,1
823,8,23.0,1,1
823,9,0.0,1,1
823,10,13.0,1,1
823,11,82.0,1,1
823,12,5.0,1,1
823,13,0.0,1,1
823,14,17.0,1,1
823,15,74.0,1,1
823,16,4.0,1,1
823,17,160.0,1,1
823,18,160.0,1,1
823,19,34.0,1,1
823,20,31.0,1,1
823,21,54.0,1,1
823,22,25.0,1,1
823,23,50.0,1,1
823,24,3.0,1,1
823,25,18.0,1,1
823,26,25.0,1,1
823,27,0.0,1,1
823,28,37.0,1,1
823,29,33.0,1,1
823,30,26.0,1,1
823,31,6.0,1,1
823,32,25.0,1,1
823,33,19.0,1,1
824,0,126.0,1,1
824,1,121.0,1,1
824,2,96.0,1,1
824,3,55.0,1,1
824,4,27.0,1,1
824,5,90.0,1,1
824,6,0.0,1,1
824,7,125.0,1,1
824,8,30.0,1,1
824,9,0.0,1,1
824,10,15.0,1,1
824,11,94.0,1,1
824,12,14.0,1,1
824,13,1.0,1,1
824,14,21.0,1,1
824,15,83.0,1,1
824,16,7.0,1,1
824,17,103.0,1,1
824,18,158.0,1,1
824,19,38.0,1,1
824,20,26.0,1,1
824,21,51.0,1,1
824,22,20.0,1,1
824,23,66.0,1,1
824,24,3.0,1,1
824,25,25.0,1,1
824,26,21.0,1,1
824,27,0.0,1,1
824,28,23.0,1,1
824,29,30.0,1,1
824,30,16.0,1,1
824,31,7.0,1,1
824,32,19.0,1,1
824,33,20.0,1,1
825,0,116.0,1,1
825,1,100.0,1,1
825,2,124.0,1,1
825,3,38.0,1,1
825,4,27.0,1,1
825,5,86.0,1,1
825,6,0.0,1,1
825,7,128.0,1,1
825,8,35.0,1,1
825,9,0.0,1,1
825,10,16.0,1,1
825,11,75.0,1,1
825,12,12.0,1,1
825,13,0.0,1,1
825,14,21.0,1,1
825,15,70.0,1,1
825,16,9.0,1,1
825,17,125.0,1,1
825,18,193.0,1,1
825,19,49.0,1,1
825,20,30.0,1,1
825,21,68.0,1,1
825,22,15.0,1,1
825,23,52.0,1,1
825,24,2.0,1,1
825,25,22.0,1,1
825,26,25.0,1,1
825,27,0.0,1,1
825,28,35.0,1,1
825,29,14.0,1,1
825,30,21.0,1,1
825,31,10.0,1,1
825,32,25.0,1,1
825,33,10.0,1,1
826,0,138.0,1,1
826,1,113.0,1,1
826,2,97.0,1,1
826,3,43.0,1,1
826,4,24.0,1,1
826,5,69.0,1,1
826,6,0.0,1,1
826,7,134.0,1,1
826,8,21.0,1,1
826,9,0.0,1,1
826,10,15.0,1,1
826,11,94.0,1,1
826,12,9.0,1,1
826,13,0.0,1,1
826,14,25.0,1,1
826,15,94.0,1,1
826,16,9.0,1,1
826,17,136.0,1,1
826,18,180.0,1,1
826,19,42.0,1,1
826,20,49.0,1,1
826,21,71.0,1,1
826,22,19.0,1,1
826,23,62.0,1,1
826,24,1.0,1,1
826,25,12.0,1,1
826,26,32.0,1,1
826,27,0.0,1,1
826,28,30.0,1,1
826,29,17.0,1,1
826,30,31.0,1,1
826,31,4.0,1,1
826,32,16.0,1,1
826,33,19.0,1,1
827,0,130.0,1,1
827,1,108.0,1,1
827,2,136.0,1,1
827,3,57.0,1,1
827,4,33.0,1,1
827,5,69.0,1,1
827,6,0.0,1,1
827,7,163.0,1,1
827,8,28.0,1,1
827,9,0.0,1,1
827,10,13.0,1,1
827,11,98.0,1,1
827,12,10.0,1,1
827,13,1.0,1,1
827,14,21.0,1,1
827,15,110.0,1,1
827,16,9.0,1,1
827,17,93.0,1,1
827,18,199.0,1,1
827,19,56.0,1,1
827,20,39.0,1,1
827,21,62.0,1,1
827,22,16.0,1,1
827,23,57.0,1,1
827,24,5.0,1,1
827,25,18.0,1,1
827,26,26.0,1,1
827,27,0.0,1,1
827,28,38.0,1,1
827,29,16.0,1,1
827,30,36.0,1,1
827,31,6.0,1,1
827,32,23.0,1,1
827,33,14.0,1,1
828,0,137.0,1,1
828,1,101.0,1,1
828,2,145.0,1,1
828,3,60.0,1,1
828,4,36.0,1,1
828,5,63.0,1,1
828,6,0.0,1,1
828,7,134.0,1,1
828,8,34.0,1,1
828,9,0.0,1,1
828,10,15.0,1,1
828,11,92.0,1,1
828,12,13.0,1,1
828,13,0.0,1,1
828,14,20.0,1,1
828,15,68.0,1,1
828,16,10.0,1,1
828,17,98.0,1,1
828,18,192.0,1,1
828,19,50.0,1,1
828,20,36.0,1,1
828,21,68.0,1,1
828,22,22.0,1,1
828,23,49.0,1,1
828,24,3.0,1,1
828,25,22.0,1,1
828,26,23.0,1,1
828,27,0.0,1,1
828,28,31.0,1,1
828,29,25.0,1,1
828,30,20.0,1,1
828,31,4.0,1,1
828,32,22.0,1,1
828,33,19.0,1,1
829,0,113.0,1,1
829,1,87.0,1,1
829,2,109.0,1,1
829,3,56.0,1,1
829,4,29.0,1,1
829,5,65.0,1,1
829,6,0.0,1,1
829,7,122.0,1,1
829,8,31.0,1,1
829,9,0.0,1,1
829,10,15.0,1,1
829,11,91.0,1,1
829,12,13.0,1,1
829,13,0.0,1,1
829,14,42.0,1,1
829,15,76.0,1,1
829,16,4.0,1,1
829,17,130.0,1,1
829,18,174.0,1,1
829,19,47.0,1,1
829,20,39.0,1,1
829,21,70.0,1,1
829,22,18.0,1,1
829,23,71.0,1,1
829,24,4.0,1,1
829,25,13.0,1,1
829,26,29.0,1,1
829,27,0.0,1,1
829,28,40.0,1,1
829,29,21.0,1,1
829,30,31.0,1,1
829,31,5.0,1,1
829,32,24.0,1,1
829,33,17.0,1,1
830,0,115.0,1,1
830,1,115.0,1,1
830,2,110.0,1,1
830,3,59.0,1,1
830,4,22.0,1,1
830,5,68.0,1,1
830,6,0.0,1,1
830,7,126.0,1,1
830,8,41.0,1,1
830,9,0.0,1,1
830,10,16.0,1,1
830,11,78.0,1,1
830,12,21.0,1,1
830,13,0.0,1,1
830,14,19.0,1,1
830,15,53.0,1,1
830,16,15.0,1,1
830,17,101.0,1,1
830,18,189.0,1,1
830,19,59.0,1,1
830,20,46.0,1,1
830,21,61.0,1,1
830,22,20.0,1,1
830,23,60.0,1,1
830,24,5.0,1,1
830,25,18.0,1,1
830,26,38.0,1,1
830,27,0.0,1,1
830,28,27.0,1,1
830,29,14.0,1,1
830,30,20.0,1,1
830,31,11.0,1,1
830,32,17.0,1,1
830,33,16.0,1,1
831,0,109.0,1,1
831,1,99.0,1,1
831,2,141.0,1,1
831,3,55.0,1,1
831,4,30.0,1,1
831,5,67.0,1,1
831,6,0.0,1,1
831,7,151.0,1,1
831,8,30.0,1,1
831,9,0.0,1,1
831,10,19.0,1,1
831,11,109.0,1,1
831,12,12.0,1,1
831,13,0.0,1,1
831,14,35.0,1,1
831,15,74.0,1,1
831,16,5.0,1,1
831,17,112.0,1,1
831,18,195.0,1,1
831,19,30.0,1,1
831,20,41.0,1,1
831,21,62.0,1,1
831,22,15.0,1,1
831,23,66.0,1,1
831,24,5.0,1,1
831,25,21.0,1,1
831,26,31.0,1,1
831,27,0.0,1,1
831,28,42.0,1,1
831,29,17.0,1,1
831,30,16.0,1,1
831,31,4.0,1,1
831,32,19.0,1,1
831,33,12.0,1,1
832,0,140.0,1,1
832,1,93.0,1,1
832,2,108.0,1,1
832,3,61.0,1,1
832,4,31.0,1,1
832,5,77.0,1,1
832,6,0.0,1,1
832,7,114.0,1,1
832,8,45.0,1,1
832,9,0.0,1,1
832,10,19.0,1,1
832,11,68.0,1,1
832,12,17.0,1,1
832,13,1.0,1,1
832,14,24.0,1,1
832,15,59.0,1,1
832,16,4.0,1,1
832,17,124.0,1,1
832,18,249.0,1,1
832,19,44.0,1,1
832,20,39.0,1,1
832,21,89.0,1,1
832,22,16.0,1,1
832,23,58.0,1,1
832,24,6.0,1,1
832,25,18.0,1,1
832,26,20.0,1,1
832,27,0.0,1,1
832,28,44.0,1,1
832,29,19.0,1,1
832,30,25.0,1,1
832,31,6.0,1,1
832,32,27.0,1,1
832,33,23.0,1,1
833,0,155.0,1,1
833,1,120.0,1,1
833,2,137.0,1,1
833,3,46.0,1,1
833,4,29.0,1,1
833,5,73.0,1,1
833,6,0.0,1,1
833,7,146.0,1,1
833,8,35.0,1,1
833,9,0.0,1,1
833,10,13.0,1,1
833,11,115.0,1,1
833,12,17.0,1,1
833,13,0.0,1,1
833,14,37.0,1,1
833,15,83.0,1,1
833,16,5.0,1,1
833,17,126.0,1,1
833,18,181.0,1,1
833,19,42.0,1,1
833,20,50.0,1,1
833,21,73.0,1,1
833,22,20.0,1,1
833,23,63.0,1,1
833,24,6.0,1,1
833,25,19.0,1,1
833,26,34.0,1,1
833,27,0.0,1,1
833,28,43.0,1,1
833,29,22.0,1,1
833,30,28.0,1,1
833,31,7.0,1,1
833,32,29.0,1,1
833,33,15.0,1,1
834,0,116.0,1,1
834,1,93.0,1,1
834,2,103.0,1,1
834,3,62.0,1,1
834,4,37.0,1,1
834,5,72.0,1,1
834,6,0.0,1,1
834,7,151.0,1,1
834,8,35.0,1,1
834,9,0.0,1,1
834,10,15.0,1,1
834,11,88.0,1,1
834,12,10.0,1,1
834,13,2.0,1,1
834,14,11.0,1,1
834,15,67.0,1,1
834,16,6.0,1,1
834,17,128.0,1,1
834,18,199.0,1,1
834,19,53.0,1,1
834,20,36.0,1,1
834,21,89.0,1,1
834,22,18.0,1,1
834,23,62.0,1,1
834,24,4.0,1,1
834,25,23.0,1,1
834,26,36.0,1,1
834,27,0.0,1,1
834,28,67.0,1,1
834,29,19.0,1,1
834,30,37.0,1,1
834,31,8.0,1,1
834,32,20.0,1,1
834,33,28.0,1,1
835,0,113.0,1,1
835,1,105.0,1,1
835,2,104.0,1,1
835,3,51.0,1,1
835,4,25.0,1,1
835,5,67.0,1,1
835,6,0.0,1,1
835,7,137.0,1,1
835,8,35.0,1,1
835,9,0.0,1,1
835,10,19.0,1,1
835,11,90.0,1,1
835,12,23.0,1,1
835,13,2.0,1,1
835,14,22.0,1,1
835,15,56.0,1,1
835,16,9.0,1,1
835,17,110.0,1,1
835,18,212.0,1,1
835,19,52.0,1,1
835,20,35.0,1,1
835,21,55.0,1,1
835,22,13.0,1,1
835,23,60.0,1,1
835,24,5.0,1,1
835,25,19.0,1,1
835,26,36.0,1,1
835,27,0.0,1,1
835,28,33.0,1,1
835,29,19.0,1,1
835,30,26.0,1,1
835,31,7.0,1,1
835,32,25.0,1,1
835,33,10.0,1,1
836,0,104.0,1,1
836,1,89.0,1,1
836,2,122.0,1,1
836,3,44.0,1,1
836,4,26.0,1,1
836,5,63.0,1,1
836,6,0.0,1,1
836,7,125.0,1,1
836,8,32.0,1,1
836,9,0.0,1,1
836,10,19.0,1,1
836,11,80.0,1,1
836,12,9.0,1,1
836,13,2.0,1,1
836,14,39.0,1,1
836,15,70.0,1,1
836,16,5.0,1,1
836,17,136.0,1,1
836,18,165.0,1,1
836,19,43.0,1,1
836,20,41.0,1,1
836,21,104.0,1,1
836,22,23.0,1,1
836,23,55.0,1,1
836,24,8.0,1,1
836,25,19.0,1,1
836,26,39.0,1,1
836,27,0.0,1,1
836,28,33.0,1,1
836,29,19.0,1,1
836,30,30.0,1,1
836,31,5.0,1,1
836,32,24.0,1,1
836,33,15.0,1,1
837,0,100.0,1,1
837,1,90.0,1,1
837,2,96.0,1,1
837,3,49.0,1,1
837,4,21.0,1,1
837,5,72.0,1,1
837,6,0.0,1,1
837,7,121.0,1,1
837,8,25.0,1,1
837,9,0.0,1,1
837,10,24.0,1,1
837,11,91.0,1,1
837,12,13.0,1,1
837,13,0.0,1,1
837,14,27.0,1,1
837,15,63.0,1,1
837,16,5.0,1,1
837,17,82.0,1,1
837,18,157.0,1,1
837,19,38.0,1,1
837,20,44.0,1,1
837,21,72.0,1,1
837,22,10.0,1,1
837,23,58.0,1,1
837,24,8.0,1,1
837,25,20.0,1,1
837,26,32.0,1,1
837,27,0.0,1,1
837,28,34.0,1,1
837,29,11.0,1,1
837,30,25.0,1,1
837,31,5.0,1,1
837,32,21.0,1,1
837,33,18.0,1,1
838,0,110.0,1,1
838,1,95.0,1,1
838,2,98.0,1,1
838,3,53.0,1,1
838,4,24.0,1,1
838,5,73.0,1,1
838,6,0.0,1,1
838,7,106.0,1,1
838,8,23.0,1,1
838,9,0.0,1,1
838,10,15.0,1,1
838,11,60.0,1,1
838,12,14.0,1,1
838,13,0.0,1,1
838,14,24.0,1,1
838,15,45.0,1,1
838,16,4.0,1,1
838,17,108.0,1,1
838,18,143.0,1,1
838,19,36.0,1,1
838,20,28.0,1,1
838,21,60.0,1,1
838,22,18.0,1,1
838,23,54.0,1,1
838,24,6.0,1,1
838,25,14.0,1,1
838,26,28.0,1,1
838,27,0.0,1,1
838,28,26.0,1,1
838,29,13.0,1,1
838,30,30.0,1,1
838,31,4.0,1,1
838,32,18.0,1,1
838,33,16.0,1,1
839,0,106.0,1,1
839,1,137.0,1,1
839,2,74.0,1,1
839,3,38.0,1,1
839,4,24.0,1,1
839,5,78.0,1,1
839,6,0.0,1,1
839,7,113.0,1,1
839,8,17.0,1,1
839,9,0.0,1,1
839,10,20.0,1,1
839,11,77.0,1,1
839,12,8.0,1,1
839,13,3.0,1,1
839,14,19.0,1,1
839,15,53.0,1,1
839,16,2.0,1,1
839,17,116.0,1,1
839,18,144.0,1,1
839,19,34.0,1,1
839,20,46.0,1,1
839,21,54.0,1,1
839,22,11.0,1,1
839,23,62.0,1,1
839,24,4.0,1,1
839,25,18.0,1,1
839,26,23.0,1,1
839,27,0.0,1,1
839,28,20.0,1,1
839,29,16.0,1,1
839,30,25.0,1,1
839,31,5.0,1,1
839,32,21.0,1,1
839,33,20.0,1,1
840,0,111.0,1,1
840,1,96.0,1,1
840,2,88.0,1,1
840,3,30.0,1,1
840,4,28.0,1,1
840,5,67.0,1,1
840,6,0.0,1,1
840,7,119.0,1,1
840,8,23.0,1,1
840,9,0.0,1,1
840,10,14.0,1,1
840,11,83.0,1,1
840,12,10.0,1,1
840,13,0.0,1,1
840,14,17.0,1,1
840,15,51.0,1,1
840,16,4.0,1,1
840,17,98.0,1,1
840,18,142.0,1,1
840,19,31.0,1,1
840,20,37.0,1,1
840,21,59.0,1,1
840,22,11.0,1,1
840,23,56.0,1,1
840,24,3.0,1,1
840,25,15.0,1,1
840,26,30.0,1,1
840,27,0.0,1,1
840,28,32.0,1,1
840,29,22.0,1,1
840,30,15.0,1,1
840,31,10.0,1,1
840,32,20.0,1,1
840,33,12.0,1,1
841,0,97.0,1,1
841,1,105.0,1,1
841,2,78.0,1,1
841,3,37.0,1,1
841,4,22.0,1,1
841,5,63.0,1,1
841,6,0.0,1,1
841,7,88.0,1,1
841,8,23.0,1,1
841,9,0.0,1,1
841,10,14.0,1,1
841,11,61.0,1,1
841,12,10.0,1,1
841,13,0.0,1,1
841,14,16.0,1,1
841,15,40.0,1,1
841,16,2.0,1,1
841,17,107.0,1,1
841,18,149.0,1,1
841,19,37.0,1,1
841,20,38.0,1,1
841,21,70.0,1,1
841,22,14.0,1,1
841,23,45.0,1,1
841,24,3.0,1,1
841,25,18.0,1,1
841,26,26.0,1,1
841,27,0.0,1,1
841,28,27.0,1,1
841,29,22.0,1,1
841,30,28.0,1,1
841,31,6.0,1,1
841,32,18.0,1,1
841,33,10.0,1,1
842,0,93.0,1,1
842,1,110.0,1,1
842,2,65.0,1,1
842,3,36.0,1,1
842,4,30.0,1,1
842,5,71.0,1,1
842,6,0.0,1,1
842,7,76.0,1,1
842,8,32.0,1,1
842,9,0.0,1,1
842,10,11.0,1,1
842,11,54.0,1,1
842,12,5.0,1,1
842,13,0.0,1,1
842,14,17.0,1,1
842,15,53.0,1,1
842,16,2.0,1,1
842,17,107.0,1,1
842,18,136.0,1,1
842,19,30.0,1,1
842,20,34.0,1,1
842,21,53.0,1,1
842,22,16.0,1,1
842,23,42.0,1,1
842,24,3.0,1,1
842,25,8.0,1,1
842,26,22.0,1,1
842,27,0.0,1,1
842,28,31.0,1,1
842,29,11.0,1,1
842,30,19.0,1,1
842,31,4.0,1,1
842,32,16.0,1,1
842,33,12.0,1,1
843,0,78.0,1,1
843,1,90.0,1,1
843,2,76.0,1,1
843,3,31.0,1,1
843,4,26.0,1,1
843,5,56.0,1,1
843,6,0.0,1,1
843,7,103.0,1,1
843,8,22.0,1,1
843,9,0.0,1,1
843,10,10.0,1,1
843,11,54.0,1,1
843,12,8.0,1,1
843,13,3.0,1,1
843,14,27.0,1,1
843,15,30.0,1,1
843,16,3.0,1,1
843,17,100.0,1,1
843,18,105.0,1,1
843,19,25.0,1,1
843,20,32.0,1,1
843,21,43.0,1,1
843,22,12.0,1,1
843,23,48.0,1,1
843,24,6.0,1,1
843,25,13.0,1,1
843,26,17.0,1,1
843,27,0.0,1,1
843,28,14.0,1,1
843,29,16.0,1,1
843,30,14.0,1,1
843,31,9.0,1,1
843,32,20.0,1,1
843,33,14.0,1,1
844,0,78.0,1,1
844,1,82.0,1,1
844,2,67.0,1,1
844,3,28.0,1,1
844,4,15.0,1,1
844,5,54.0,1,1
844,6,0.0,1,1
844,7,87.0,1,1
844,8,19.0,1,1
844,9,0.0,1,1
844,10,18.0,1,1
844,11,58.0,1,1
844,12,5.0,1,1
844,13,0.0,1,1
844,14,59.0,1,1
844,15,33.0,1,1
844,16,5.0,1,1
844,17,63.0,1,1
844,18,108.0,1,1
844,19,29.0,1,1
844,20,30.0,1,1
844,21,43.0,1,1
844,22,15.0,1,1
844,23,40.0,1,1
844,24,2.0,1,1
844,25,19.0,1,1
844,26,14.0,1,1
844,27,0.0,1,1
844,28,24.0,1,1
844,29,13.0,1,1
844,30,23.0,1,1
844,31,3.0,1,1
844,32,11.0,1,1
844,33,10.0,1,1
845,0,64.0,1,1
845,1,87.0,1,1
845,2,51.0,1,1
845,3,22.0,1,1
845,4,13.0,1,1
845,5,67.0,1,1
845,6,0.0,1,1
845,7,80.0,1,1
845,8,17.0,1,1
845,9,0.0,1,1
845,10,17.0,1,1
845,11,46.0,1,1
845,12,10.0,1,1
845,13,1.0,1,1
845,14,11.0,1,1
845,15,44.0,1,1
845,16,2.0,1,1
845,17,116.0,1,1
845,18,118.0,1,1
845,19,24.0,1,1
845,20,23.0,1,1
845,21,51.0,1,1
845,22,12.0,1,1
845,23,37.0,1,1
845,24,2.0,1,1
845,25,7.0,1,1
845,26,14.0,1,1
845,27,0.0,1,1
845,28,26.0,1,1
845,29,7.0,1,1
845,30,12.0,1,1
845,31,5.0,1,1
845,32,10.0,1,1
845,33,5.0,1,1
846,0,64.0,1,1
846,1,76.0,1,1
846,2,58.0,1,1
846,3,18.0,1,1
846,4,27.0,1,1
846,5,60.0,1,1
846,6,0.0,1,1
846,7,75.0,1,1
846,8,30.0,1,1
846,9,0.0,1,1
846,10,10.0,1,1
846,11,47.0,1,1
846,12,7.0,1,1
846,13,2.0,1,1
846,14,12.0,1,1
846,15,35.0,1,1
846,16,3.0,1,1
846,17,79.0,1,1
846,18,86.0,1,1
846,19,23.0,1,1
846,20,31.0,1,1
846,21,150.0,1,1
846,22,11.0,1,1
846,23,44.0,1,1
846,24,1.0,1,1
846,25,15.0,1,1
846,26,10.0,1,1
846,27,0.0,1,1
846,28,19.0,1,1
846,29,14.0,1,1
846,30,20.0,1,1
846,31,2.0,1,1
846,32,12.0,1,1
846,33,13.0,1,1
847,0,95.0,1,1
847,1,61.0,1,1
847,2,69.0,1,1
847,3,16.0,1,1
847,4,19.0,1,1
847,5,44.0,1,1
847,6,0.0,1,1
847,7,67.0,1,1
847,8,20.0,1,1
847,9,0.0,1,1
847,10,5.0,1,1
847,11,38.0,1,1
847,12,11.0,1,1
847,13,0.0,1,1
847,14,10.0,1,1
847,15,30.0,1,1
847,16,2.0,1,1
847,17,92.0,1,1
847,18,77.0,1,1
847,19,23.0,1,1
847,20,22.0,1,1
847,21,29.0,1,1
847,22,10.0,1,1
847,23,22.0,1,1
847,24,2.0,1,1
847,25,7.0,1,1
847,26,14.0,1,1
847,27,0.0,1,1
847,28,16.0,1,1
847,29,6.0,1,1
847,30,19.0,1,1
847,31,7.0,1,1
847,32,15.0,1,1
847,33,5.0,1,1
848,0,63.0,1,1
848,1,74.0,1,1
848,2,53.0,1,1
848,3,19.0,1,1
848,4,22.0,1,1
848,5,52.0,1,1
848,6,0.0,1,1
848,7,65.0,1,1
848,8,15.0,1,1
848,9,0.0,1,1
848,10,9.0,1,1
848,11,41.0,1,1
848,12,4.0,1,1
848,13,2.0,1,1
848,14,13.0,1,1
848,15,38.0,1,1
848,16,3.0,1,1
848,17,75.0,1,1
848,18,87.0,1,1
848,19,31.0,1,1
848,20,25.0,1,1
848,21,40.0,1,1
848,22,7.0,1,1
848,23,46.0,1,1
848,24,2.0,1,1
848,25,7.0,1,1
848,26,17.0,1,1
848,27,0.0,1,1
848,28,17.0,1,1
848,29,15.0,1,1
848,30,10.0,1,1
848,31,6.0,1,1
848,32,8.0,1,1
848,33,7.0,1,1
849,0,48.0,1,1
849,1,72.0,1,1
849,2,62.0,1,1
849,3,28.0,1,1
849,4,22.0,1,1
849,5,48.0,1,1
849,6,0.0,1,1
849,7,62.0,1,1
849,8,15.0,1,1
849,9,0.0,1,1
849,10,16.0,1,1
849,11,32.0,1,1
849,12,7.0,1,1
849,13,0.0,1,1
849,14,12.0,1,1
849,15,26.0,1,1
849,16,4.0,1,1
849,17,67.0,1,1
849,18,93.0,1,1
849,19,22.0,1,1
849,20,23.0,1,1
849,21,34.0,1,1
849,22,11.0,1,1
849,23,39.0,1,1
849,24,0.0,1,1
849,25,9.0,1,1
849,26,13.0,1,1
849,27,0.0,1,1
849,28,18.0,1,1
849,29,14.0,1,1
849,30,14.0,1,1
849,31,4.0,1,1
849,32,7.0,1,1
849,33,9.0,1,1
850,0,56.0,1,1
850,1,59.0,1,1
850,2,48.0,1,1
850,3,21.0,1,1
850,4,18.0,1,1
850,5,36.0,1,1
850,6,0.0,1,1
850,7,69.0,1,1
850,8,14.0,1,1
850,9,0.0,1,1
850,10,13.0,1,1
850,11,42.0,1,1
850,12,7.0,1,1
850,13,1.0,1,1
850,14,16.0,1,1
850,15,34.0,1,1
850,16,5.0,1,1
850,17,66.0,1,1
850,18,86.0,1,1
850,19,39.0,1,1
850,20,40.0,1,1
850,21,30.0,1,1
850,22,7.0,1,1
850,23,30.0,1,1
850,24,2.0,1,1
850,25,12.0,1,1
850,26,10.0,1,1
850,27,0.0,1,1
850,28,14.0,1,1
850,29,14.0,1,1
850,30,16.0,1,1
850,31,7.0,1,1
850,32,16.0,1,1
850,33,2.0,1,1
851,0,68.0,1,1
851,1,57.0,1,1
851,2,54.0,1,1
851,3,15.0,1,1
851,4,18.0,1,1
851,5,46.0,1,1
851,6,0.0,1,1
851,7,66.0,1,1
851,8,28.0,1,1
851,9,0.0,1,1
851,10,7.0,1,1
851,11,39.0,1,1
851,12,18.0,1,1
851,13,0.0,1,1
851,14,18.0,1,1
851,15,55.0,1,1
851,16,1.0,1,1
851,17,66.0,1,1
851,18,75.0,1,1
851,19,25.0,1,1
851,20,30.0,1,1
851,21,35.0,1,1
851,22,7.0,1,1
851,23,46.0,1,1
851,24,3.0,1,1
851,25,14.0,1,1
851,26,17.0,1,1
851,27,0.0,1,1
851,28,8.0,1,1
851,29,14.0,1,1
851,30,13.0,1,1
851,31,6.0,1,1
851,32,13.0,1,1
851,33,8.0,1,1
852,0,61.0,1,1
852,1,68.0,1,1
852,2,39.0,1,1
852,3,33.0,1,1
852,4,20.0,1,1
852,5,50.0,1,1
852,6,0.0,1,1
852,7,71.0,1,1
852,8,17.0,1,1
852,9,0.0,1,1
852,10,8.0,1,1
852,11,41.0,1,1
852,12,8.0,1,1
852,13,3.0,1,1
852,14,10.0,1,1
852,15,34.0,1,1
852,16,2.0,1,1
852,17,71.0,1,1
852,18,88.0,1,1
852,19,34.0,1,1
852,20,33.0,1,1
852,21,37.0,1,1
852,22,12.0,1,1
852,23,41.0,1,1
852,24,4.0,1,1
852,25,17.0,1,1
852,26,26.0,1,1
852,27,0.0,1,1
852,28,16.0,1,1
852,29,7.0,1,1
852,30,13.0,1,1
852,31,3.0,1,1
852,32,10.0,1,1
852,33,6.0,1,1
853,0,68.0,1,1
853,1,75.0,1,1
853,2,42.0,1,1
853,3,17.0,1,1
853,4,16.0,1,1
853,5,60.0,1,1
853,6,0.0,1,1
853,7,60.0,1,1
853,8,14.0,1,1
853,9,0.0,1,1
853,10,9.0,1,1
853,11,41.0,1,1
853,12,6.0,1,1
853,13,0.0,1,1
853,14,14.0,1,1
853,15,34.0,1,1
853,16,2.0,1,1
853,17,70.0,1,1
853,18,86.0,1,1
853,19,26.0,1,1
853,20,40.0,1,1
853,21,36.0,1,1
853,22,9.0,1,1
853,23,40.0,1,1
853,24,2.0,1,1
853,25,12.0,1,1
853,26,14.0,1,1
853,27,0.0,1,1
853,28,18.0,1,1
853,29,7.0,1,1
853,30,15.0,1,1
853,31,5.0,1,1
853,32,11.0,1,1
853,33,8.0,1,1
854,0,76.0,1,1
854,1,84.0,1,1
854,2,46.0,1,1
854,3,15.0,1,1
854,4,7.0,1,1
854,5,51.0,1,1
854,6,0.0,1,1
854,7,61.0,1,1
854,8,16.0,1,1
854,9,0.0,1,1
854,10,4.0,1,1
854,11,33.0,1,1
854,12,7.0,1,1
854,13,3.0,1,1
854,14,4.0,1,1
854,15,29.0,1,1
854,16,2.0,1,1
854,17,68.0,1,1
854,18,59.0,1,1
854,19,19.0,1,1
854,20,28.0,1,1
854,21,34.0,1,1
854,22,10.0,1,1
854,23,34.0,1,1
854,24,1.0,1,1
854,25,7.0,1,1
854,26,20.0,1,1
854,27,0.0,1,1
854,28,13.0,1,1
854,29,12.0,1,1
854,30,16.0,1,1
854,31,8.0,1,1
854,32,11.0,1,1
854,33,5.0,1,1
855,0,81.0,1,1
855,1,65.0,1,1
855,2,66.0,1,1
855,3,19.0,1,1
855,4,10.0,1,1
855,5,48.0,1,1
855,6,0.0,1,1
855,7,83.0,1,1
855,8,14.0,1,1
855,9,0.0,1,1
855,10,8.0,1,1
855,11,59.0,1,1
855,16,3.0,1,1
855,17,64.0,1,1
855,18,73.0,1,1
855,19,14.0,1,1
855,20,19.0,1,1
855,21,20.0,1,1
855,22,12.0,1,1
855,23,35.0,1,1
855,24,1.0,1,1
855,25,7.0,1,1
855,26,23.0,1,1
855,27,0.0,1,1
855,28,15.0,1,1
855,29,4.0,1,1
855,30,11.0,1,1
855,31,5.0,1,1
855,32,11.0,1,1
855,33,8.0,1,1
856,0,61.0,1,1
856,1,67.0,1,1
856,2,44.0,1,1
856,3,31.0,1,1
856,4,18.0,1,1
856,5,40.0,1,1
856,6,0.0,1,1
856,7,59.0,1,1
856,8,11.0,1,1
856,9,0.0,1,1
856,10,8.0,1,1
856,11,47.0,1,1
856,12,31.0,1,1
856,13,2.0,1,1
856,14,19.0,1,1
856,15,93.0,1,1
856,16,0.0,1,1
856,17,64.0,1,1
856,18,75.0,1,1
856,19,21.0,1,1
856,20,17.0,1,1
856,21,24.0,1,1
856,22,5.0,1,1
856,23,23.0,1,1
856,24,1.0,1,1
856,25,15.0,1,1
856,26,13.0,1,1
856,27,0.0,1,1
856,28,16.0,1,1
856,29,9.0,1,1
856,30,11.0,1,1
856,31,2.0,1,1
856,32,14.0,1,1
856,33,7.0,1,1
857,0,61.0,1,1
857,1,59.0,1,1
857,2,50.0,1,1
857,3,10.0,1,1
857,4,11.0,1,1
857,5,36.0,1,1
857,6,0.0,1,1
857,7,53.0,1,1
857,8,7.0,1,1
857,9,0.0,1,1
857,10,7.0,1,1
857,11,33.0,1,1
857,12,18.0,1,1
857,13,3.0,1,1
857,14,19.0,1,1
857,15,65.0,1,1
857,16,2.0,1,1
857,17,55.0,1,1
857,18,72.0,1,1
857,19,15.0,1,1
857,20,24.0,1,1
857,21,28.0,1,1
857,22,7.0,1,1
857,23,28.0,1,1
857,24,2.0,1,1
857,25,6.0,1,1
857,26,13.0,1,1
857,27,0.0,1,1
857,28,13.0,1,1
857,29,5.0,1,1
857,30,16.0,1,1
857,31,4.0,1,1
857,32,11.0,1,1
857,33,5.0,1,1
858,0,62.0,1,1
858,1,50.0,1,1
858,2,45.0,1,1
858,3,17.0,1,1
858,4,5.0,1,1
858,5,34.0,1,1
858,6,0.0,1,1
858,7,52.0,1,1
858,8,19.0,1,1
858,9,0.0,1,1
858,10,5.0,1,1
858,11,42.0,1,1
858,12,13.0,1,1
858,13,0.0,1,1
858,14,23.0,1,1
858,15,65.0,1,1
858,16,1.0,1,1
858,17,41.0,1,1
858,18,70.0,1,1
858,19,25.0,1,1
858,20,22.0,1,1
858,21,17.0,1,1
858,22,3.0,1,1
858,23,30.0,1,1
858,24,1.0,1,1
858,25,8.0,1,1
858,26,6.0,1,1
858,27,0.0,1,1
858,28,26.0,1,1
858,29,10.0,1,1
858,30,10.0,1,1
858,31,6.0,1,1
858,32,10.0,1,1
858,33,9.0,1,1
859,0,60.0,1,1
859,1,44.0,1,1
859,2,31.0,1,1
859,3,27.0,1,1
859,4,18.0,1,1
859,5,38.0,1,1
859,6,0.0,1,1
859,7,57.0,1,1
859,8,12.0,1,1
859,9,0.0,1,1
859,10,14.0,1,1
859,11,29.0,1,1
859,12,16.0,1,1
859,13,0.0,1,1
859,14,19.0,1,1
859,15,70.0,1,1
859,16,5.0,1,1
859,17,52.0,1,1
859,18,53.0,1,1
859,19,23.0,1,1
859,20,23.0,1,1
859,21,18.0,1,1
859,22,6.0,1,1
859,23,34.0,1,1
859,24,0.0,1,1
859,25,3.0,1,1
859,26,11.0,1,1
859,27,0.0,1,1
859,28,14.0,1,1
859,29,1.0,1,1
859,30,8.0,1,1
859,31,3.0,1,1
859,32,4.0,1,1
859,33,4.0,1,1
860,0,38.0,1,1
860,1,43.0,1,1
860,2,40.0,1,1
860,3,10.0,1,1
860,4,15.0,1,1
860,5,31.0,1,1
860,6,0.0,1,1
860,7,63.0,1,1
860,8,9.0,1,1
860,9,0.0,1,1
860,10,5.0,1,1
860,11,42.0,1,1
860,12,22.0,1,1
860,13,2.0,1,1
860,14,10.0,1,1
860,15,61.0,1,1
860,16,0.0,1,1
860,17,30.0,1,1
860,18,61.0,1,1
860,19,16.0,1,1
860,20,20.0,1,1
860,21,43.0,1,1
860,22,4.0,1,1
860,23,22.0,1,1
860,24,5.0,1,1
860,25,5.0,1,1
860,26,12.0,1,1
860,27,0.0,1,1
860,28,11.0,1,1
860,29,7.0,1,1
860,30,7.0,1,1
860,31,2.0,1,1
860,32,9.0,1,1
860,33,1.0,1,1
861,0,31.0,1,1
861,1,42.0,1,1
861,2,30.0,1,1
861,3,14.0,1,1
861,4,5.0,1,1
861,5,35.0,1,1
861,6,0.0,1,1
861,7,52.0,1,1
861,8,11.0,1,1
861,9,0.0,1,1
861,10,3.0,1,1
861,11,33.0,1,1
861,12,9.0,1,1
861,13,0.0,1,1
861,14,21.0,1,1
861,15,71.0,1,1
861,16,3.0,1,1
861,17,46.0,1,1
861,18,63.0,1,1
861,19,22.0,1,1
861,20,13.0,1,1
861,21,23.0,1,1
861,22,8.0,1,1
861,23,22.0,1,1
861,24,1.0,1,1
861,25,6.0,1,1
861,26,10.0,1,1
861,27,0.0,1,1
861,28,10.0,1,1
861,29,3.0,1,1
861,30,7.0,1,1
861,31,4.0,1,1
861,32,13.0,1,1
861,33,4.0,1,1
862,0,45.0,1,1
862,1,48.0,1,1
862,2,43.0,1,1
862,3,12.0,1,1
862,4,15.0,1,1
862,5,37.0,1,1
862,6,0.0,1,1
862,7,44.0,1,1
862,8,9.0,1,1
862,9,0.0,1,1
862,10,3.0,1,1
862,11,34.0,1,1
862,12,20.0,1,1
862,13,0.0,1,1
862,14,9.0,1,1
862,15,48.0,1,1
862,16,1.0,1,1
862,17,51.0,1,1
862,18,57.0,1,1
862,19,12.0,1,1
862,20,18.0,1,1
862,21,16.0,1,1
862,22,9.0,1,1
862,23,23.0,1,1
862,24,1.0,1,1
862,25,6.0,1,1
862,26,9.0,1,1
862,27,0.0,1,1
862,28,9.0,1,1
862,29,4.0,1,1
862,30,7.0,1,1
862,31,2.0,1,1
862,32,13.0,1,1
862,33,3.0,1,1
863,0,24.0,1,1
863,1,47.0,1,1
863,2,39.0,1,1
863,3,4.0,1,1
863,4,8.0,1,1
863,5,32.0,1,1
863,6,0.0,1,1
863,7,50.0,1,1
863,8,12.0,1,1
863,9,0.0,1,1
863,10,6.0,1,1
863,11,34.0,1,1
863,12,15.0,1,1
863,13,2.0,1,1
863,14,11.0,1,1
863,15,40.0,1,1
863,16,3.0,1,1
863,17,38.0,1,1
863,18,49.0,1,1
863,19,10.0,1,1
863,20,13.0,1,1
863,21,16.0,1,1
863,22,4.0,1,1
863,23,26.0,1,1
863,24,1.0,1,1
863,25,3.0,1,1
863,26,8.0,1,1
863,27,0.0,1,1
863,28,10.0,1,1
863,29,7.0,1,1
863,30,5.0,1,1
863,31,1.0,1,1
863,32,2.0,1,1
863,33,5.0,1,1
864,0,33.0,1,1
864,1,31.0,1,1
864,2,30.0,1,1
864,3,10.0,1,1
864,4,8.0,1,1
864,5,17.0,1,1
864,6,0.0,1,1
864,7,48.0,1,1
864,8,5.0,1,1
864,9,0.0,1,1
864,10,4.0,1,1
864,11,31.0,1,1
864,12,7.0,1,1
864,13,0.0,1,1
864,14,33.0,1,1
864,15,32.0,1,1
864,16,1.0,1,1
864,17,54.0,1,1
864,18,40.0,1,1
864,19,9.0,1,1
864,20,10.0,1,1
864,21,16.0,1,1
864,22,2.0,1,1
864,23,20.0,1,1
864,24,1.0,1,1
864,25,2.0,1,1
864,26,13.0,1,1
864,27,0.0,1,1
864,28,13.0,1,1
864,29,4.0,1,1
864,30,11.0,1,1
864,31,3.0,1,1
864,32,5.0,1,1
864,33,2.0,1,1
865,0,21.0,1,1
865,1,42.0,1,1
865,2,30.0,1,1
865,3,12.0,1,1
865,4,13.0,1,1
865,5,33.0,1,1
865,6,0.0,1,1
865,7,23.0,1,1
865,8,11.0,1,1
865,9,0.0,1,1
865,10,2.0,1,1
865,11,16.0,1,1
865,12,12.0,1,1
865,13,0.0,1,1
865,14,3.0,1,1
865,15,26.0,1,1
865,16,0.0,1,1
865,17,26.0,1,1
865,18,39.0,1,1
865,19,7.0,1,1
865,20,5.0,1,1
865,21,13.0,1,1
865,22,4.0,1,1
865,23,12.0,1,1
865,24,0.0,1,1
865,25,4.0,1,1
865,26,10.0,1,1
865,27,0.0,1,1
865,28,8.0,1,1
865,29,4.0,1,1
865,30,3.0,1,1
865,31,1.0,1,1
865,32,6.0,1,1
865,33,3.0,1,1
866,0,20.0,1,1
866,1,23.0,1,1
866,2,28.0,1,1
866,3,7.0,1,1
866,4,10.0,1,1
866,5,17.0,1,1
866,6,0.0,1,1
866,7,29.0,1,1
866,8,2.0,1,1
866,9,0.0,1,1
866,10,4.0,1,1
866,11,17.0,1,1
866,12,0.0,1,1
866,13,0.0,1,1
866,14,4.0,1,1
866,15,12.0,1,1
866,16,1.0,1,1
866,17,22.0,1,1
866,18,28.0,1,1
866,19,8.0,1,1
866,20,5.0,1,1
866,21,13.0,1,1
866,22,3.0,1,1
866,23,8.0,1,1
866,24,0.0,1,1
866,25,3.0,1,1
866,26,6.0,1,1
866,27,0.0,1,1
866,28,9.0,1,1
866,29,4.0,1,1
866,30,8.0,1,1
866,31,0.0,1,1
866,32,7.0,1,1
866,33,3.0,1,1
867,0,16.0,1,1
867,1,27.0,1,1
867,2,26.0,1,1
867,3,4.0,1,1
867,4,7.0,1,1
867,5,21.0,1,1
867,6,0.0,1,1
867,7,32.0,1,1
867,8,5.0,1,1
867,9,0.0,1,1
867,10,4.0,1,1
867,11,16.0,1,1
867,12,5.0,1,1
867,13,2.0,1,1
867,14,7.0,1,1
867,15,16.0,1,1
867,16,1.0,1,1
867,17,31.0,1,1
867,18,26.0,1,1
867,19,13.0,1,1
867,20,6.0,1,1
867,21,11.0,1,1
867,22,2.0,1,1
867,23,17.0,1,1
867,24,0.0,1,1
867,25,5.0,1,1
867,26,4.0,1,1
867,27,0.0,1,1
867,28,7.0,1,1
867,29,4.0,1,1
867,30,4.0,1,1
867,31,1.0,1,1
867,32,8.0,1,1
867,33,0.0,1,1
868,0,14.0,1,1
868,1,17.0,1,1
868,2,16.0,1,1
868,3,2.0,1,1
868,4,5.0,1,1
868,5,13.0,1,1
868,6,0.0,1,1
868,7,32.0,1,1
868,8,8.0,1,1
868,9,0.0,1,1
868,10,8.0,1,1
868,11,23.0,1,1
868,12,2.0,1,1
868,13,0.0,1,1
868,14,4.0,1,1
868,15,19.0,1,1
868,16,0.0,1,1
868,17,14.0,1,1
868,18,33.0,1,1
868,19,5.0,1,1
868,20,1.0,1,1
868,21,55.0,1,1
868,22,5.0,1,1
868,23,16.0,1,1
868,24,1.0,1,1
868,25,2.0,1,1
868,26,7.0,1,1
868,27,0.0,1,1
868,28,8.0,1,1
868,29,0.0,1,1
868,30,2.0,1,1
868,31,1.0,1,1
868,32,4.0,1,1
868,33,2.0,1,1
869,0,22.0,1,1
869,1,16.0,1,1
869,2,12.0,1,1
869,3,6.0,1,1
869,4,4.0,1,1
869,5,15.0,1,1
869,6,0.0,1,1
869,7,25.0,1,1
869,8,10.0,1,1
869,9,0.0,1,1
869,10,2.0,1,1
869,11,12.0,1,1
869,12,0.0,1,1
869,13,0.0,1,1
869,14,3.0,1,1
869,15,10.0,1,1
869,16,0.0,1,1
869,17,18.0,1,1
869,18,27.0,1,1
869,19,6.0,1,1
869,20,6.0,1,1
869,21,9.0,1,1
869,22,3.0,1,1
869,23,10.0,1,1
869,24,0.0,1,1
869,25,6.0,1,1
869,26,4.0,1,1
869,27,0.0,1,1
869,28,4.0,1,1
869,29,1.0,1,1
869,30,2.0,1,1
869,31,1.0,1,1
869,32,1.0,1,1
869,33,2.0,1,1
870,0,16.0,1,1
870,1,18.0,1,1
870,2,16.0,1,1
870,3,6.0,1,1
870,4,1.0,1,1
870,5,9.0,1,1
870,6,0.0,1,1
870,7,15.0,1,1
870,8,7.0,1,1
870,9,0.0,1,1
870,10,1.0,1,1
870,11,4.0,1,1
870,12,0.0,1,1
870,13,1.0,1,1
870,14,0.0,1,1
870,15,11.0,1,1
870,16,0.0,1,1
870,17,15.0,1,1
870,18,15.0,1,1
870,19,4.0,1,1
870,20,6.0,1,1
870,21,5.0,1,1
870,22,1.0,1,1
870,23,12.0,1,1
870,24,0.0,1,1
870,25,4.0,1,1
870,26,7.0,1,1
870,27,0.0,1,1
870,28,1.0,1,1
870,29,1.0,1,1
870,30,7.0,1,1
870,31,3.0,1,1
870,32,2.0,1,1
870,33,1.0,1,1
871,0,16.0,1,1
871,1,19.0,1,1
871,2,14.0,1,1
871,3,6.0,1,1
871,4,8.0,1,1
871,5,16.0,1,1
871,6,0.0,1,1
871,7,15.0,1,1
871,8,6.0,1,1
871,9,0.0,1,1
871,10,3.0,1,1
871,11,11.0,1,1
871,12,2.0,1,1
871,13,2.0,1,1
871,14,6.0,1,1
871,15,10.0,1,1
871,16,0.0,1,1
871,17,21.0,1,1
871,18,17.0,1,1
871,19,2.0,1,1
871,20,2.0,1,1
871,21,11.0,1,1
871,22,4.0,1,1
871,23,4.0,1,1
871,24,0.0,1,1
871,25,5.0,1,1
871,26,4.0,1,1
871,27,0.0,1,1
871,28,8.0,1,1
871,29,2.0,1,1
871,30,5.0,1,1
871,31,1.0,1,1
871,32,2.0,1,1
871,33,1.0,1,1
872,0,11.0,1,1
872,1,17.0,1,1
872,2,6.0,1,1
872,3,1.0,1,1
872,4,5.0,1,1
872,5,9.0,1,1
872,6,0.0,1,1
872,7,14.0,1,1
872,8,3.0,1,1
872,9,0.0,1,1
872,10,1.0,1,1
872,11,11.0,1,1
872,12,3.0,1,1
872,13,0.0,1,1
872,14,0.0,1,1
872,15,11.0,1,1
872,16,2.0,1,1
872,17,14.0,1,1
872,18,15.0,1,1
872,19,5.0,1,1
872,20,2.0,1,1
872,21,9.0,1,1
872,22,1.0,1,1
872,23,4.0,1,1
872,24,2.0,1,1
872,25,0.0,1,1
872,26,4.0,1,1
872,27,0.0,1,1
872,28,7.0,1,1
872,29,0.0,1,1
872,30,2.0,1,1
872,31,0.0,1,1
872,32,3.0,1,1
872,33,0.0,1,1
873,0,9.0,1,1
873,1,16.0,1,1
873,2,12.0,1,1
873,3,0.0,1,1
873,4,4.0,1,1
873,5,16.0,1,1
873,6,0.0,1,1
873,7,10.0,1,1
873,8,4.0,1,1
873,9,0.0,1,1
873,10,2.0,1,1
873,11,9.0,1,1
873,12,4.0,1,1
873,13,0.0,1,1
873,14,0.0,1,1
873,15,6.0,1,1
873,16,0.0,1,1
873,17,11.0,1,1
873,18,12.0,1,1
873,19,8.0,1,1
873,20,3.0,1,1
873,21,7.0,1,1
873,22,0.0,1,1
873,23,6.0,1,1
873,24,0.0,1,1
873,25,0.0,1,1
873,26,1.0,1,1
873,27,0.0,1,1
873,28,3.0,1,1
873,29,0.0,1,1
873,30,1.0,1,1
873,31,0.0,1,1
873,32,0.0,1,1
873,33,1.0,1,1
874,0,9.0,1,1
874,1,11.0,1,1
874,2,11.0,1,1
874,3,3.0,1,1
874,4,0.0,1,1
874,5,6.0,1,1
874,6,0.0,1,1
874,7,7.0,1,1
874,8,1.0,1,1
874,9,0.0,1,1
874,10,0.0,1,1
874,11,6.0,1,1
874,12,1.0,1,1
874,13,0.0,1,1
874,14,1.0,1,1
874,15,6.0,1,1
874,16,1.0,1,1
874,17,8.0,1,1
874,18,8.0,1,1
874,19,3.0,1,1
874,20,2.0,1,1
874,21,2.0,1,1
874,22,0.0,1,1
874,23,8.0,1,1
874,24,0.0,1,1
874,25,0.0,1,1
874,26,0.0,1,1
874,27,0.0,1,1
874,28,2.0,1,1
874,29,2.0,1,1
874,30,1.0,1,1
874,31,0.0,1,1
874,32,4.0,1,1
874,33,1.0,1,1
875,0,12.0,1,1
875,1,15.0,1,1
875,2,3.0,1,1
875,3,4.0,1,1
875,4,0.0,1,1
875,5,9.0,1,1
875,6,0.0,1,1
875,7,7.0,1,1
875,8,6.0,1,1
875,9,0.0,1,1
875,10,2.0,1,1
875,11,5.0,1,1
875,12,4.0,1,1
875,13,1.0,1,1
875,14,1.0,1,1
875,15,2.0,1,1
875,16,0.0,1,1
875,17,10.0,1,1
875,18,8.0,1,1
875,19,5.0,1,1
875,20,2.0,1,1
875,21,8.0,1,1
875,22,0.0,1,1
875,23,4.0,1,1
875,24,0.0,1,1
875,25,1.0,1,1
875,26,3.0,1,1
875,27,0.0,1,1
875,28,3.0,1,1
875,29,2.0,1,1
875,30,4.0,1,1
875,31,0.0,1,1
875,32,2.0,1,1
875,33,1.0,1,1
876,0,5.0,1,1
876,1,10.0,1,1
876,2,6.0,1,1
876,3,1.0,1,1
876,4,4.0,1,1
876,5,7.0,1,1
876,6,0.0,1,1
876,7,10.0,1,1
876,8,0.0,1,1
876,9,0.0,1,1
876,10,0.0,1,1
876,11,9.0,1,1
876,12,7.0,1,1
876,13,0.0,1,1
876,14,0.0,1,1
876,15,24.0,1,1
876,16,0.0,1,1
876,17,12.0,1,1
876,18,11.0,1,1
876,19,2.0,1,1
876,20,1.0,1,1
876,21,4.0,1,1
876,22,0.0,1,1
876,23,4.0,1,1
876,24,0.0,1,1
876,25,2.0,1,1
876,26,3.0,1,1
876,27,0.0,1,1
876,28,0.0,1,1
876,29,2.0,1,1
876,30,1.0,1,1
876,31,1.0,1,1
876,32,4.0,1,1
876,33,1.0,1,1
877,0,7.0,1,1
877,1,9.0,1,1
877,2,4.0,1,1
877,3,0.0,1,1
877,4,5.0,1,1
877,5,9.0,1,1
877,6,0.0,1,1
877,7,13.0,1,1
877,8,2.0,1,1
877,9,0.0,1,1
877,10,3.0,1,1
877,11,8.0,1,1
877,12,2.0,1,1
877,13,0.0,1,1
877,14,2.0,1,1
877,15,2.0,1,1
877,16,1.0,1,1
877,17,8.0,1,1
877,18,8.0,1,1
877,19,3.0,1,1
877,20,2.0,1,1
877,21,2.0,1,1
877,22,0.0,1,1
877,23,3.0,1,1
877,24,0.0,1,1
877,25,1.0,1,1
877,26,1.0,1,1
877,27,0.0,1,1
877,28,0.0,1,1
877,29,2.0,1,1
877,30,4.0,1,1
877,31,0.0,1,1
877,32,4.0,1,1
877,33,0.0,1,1
878,0,7.0,1,1
878,1,7.0,1,1
878,2,1.0,1,1
878,3,0.0,1,1
878,4,5.0,1,1
878,5,6.0,1,1
878,6,0.0,1,1
878,7,3.0,1,1
878,8,0.0,1,1
878,9,0.0,1,1
878,10,0.0,1,1
878,11,2.0,1,1
878,12,2.0,1,1
878,13,0.0,1,1
878,14,3.0,1,1
878,15,4.0,1,1
878,16,0.0,1,1
878,17,5.0,1,1
878,18,6.0,1,1
878,19,2.0,1,1
878,20,0.0,1,1
878,21,2.0,1,1
878,22,2.0,1,1
878,23,1.0,1,1
878,24,0.0,1,1
878,25,2.0,1,1
878,26,1.0,1,1
878,27,0.0,1,1
878,28,2.0,1,1
878,29,2.0,1,1
878,30,3.0,1,1
878,31,1.0,1,1
878,32,3.0,1,1
878,33,2.0,1,1
879,0,3.0,1,1
879,1,11.0,1,1
879,2,1.0,1,1
879,3,3.0,1,1
879,4,0.0,1,1
879,5,5.0,1,1
879,6,0.0,1,1
879,7,10.0,1,1
879,8,2.0,1,1
879,9,0.0,1,1
879,10,2.0,1,1
879,11,5.0,1,1
879,12,4.0,1,1
879,13,0.0,1,1
879,14,0.0,1,1
879,15,4.0,1,1
879,16,0.0,1,1
879,17,7.0,1,1
879,18,10.0,1,1
879,19,1.0,1,1
879,20,1.0,1,1
879,21,2.0,1,1
879,22,0.0,1,1
879,23,5.0,1,1
879,24,0.0,1,1
879,25,1.0,1,1
879,26,2.0,1,1
879,27,0.0,1,1
879,28,2.0,1,1
879,29,0.0,1,1
879,30,2.0,1,1
879,31,0.0,1,1
879,32,1.0,1,1
879,33,0.0,1,1
880,0,11.0,1,1
880,1,14.0,1,1
880,2,0.0,1,1
880,3,3.0,1,1
880,4,2.0,1,1
880,5,13.0,1,1
880,6,0.0,1,1
880,7,5.0,1,1
880,8,3.0,1,1
880,9,0.0,1,1
880,10,1.0,1,1
880,11,4.0,1,1
880,12,0.0,1,1
880,13,2.0,1,1
880,14,0.0,1,1
880,15,2.0,1,1
880,16,0.0,1,1
880,17,9.0,1,1
880,18,8.0,1,1
880,19,1.0,1,1
880,20,0.0,1,1
880,21,4.0,1,1
880,22,0.0,1,1
880,23,1.0,1,1
880,24,0.0,1,1
880,25,0.0,1,1
880,26,2.0,1,1
880,27,0.0,1,1
880,28,0.0,1,1
880,29,0.0,1,1
880,30,2.0,1,1
880,31,0.0,1,1
880,32,2.0,1,1
880,33,1.0,1,1
881,0,7.0,1,1
881,1,6.0,1,1
881,2,0.0,1,1
881,3,2.0,1,1
881,4,2.0,1,1
881,5,6.0,1,1
881,6,0.0,1,1
881,7,2.0,1,1
881,8,3.0,1,1
881,9,0.0,1,1
881,10,0.0,1,1
881,11,1.0,1,1
881,12,4.0,1,1
881,13,2.0,1,1
881,14,0.0,1,1
881,15,1.0,1,1
881,16,0.0,1,1
881,17,7.0,1,1
881,18,5.0,1,1
881,19,0.0,1,1
881,20,1.0,1,1
881,21,2.0,1,1
881,22,2.0,1,1
881,23,5.0,1,1
881,24,0.0,1,1
881,25,3.0,1,1
881,26,1.0,1,1
881,27,0.0,1,1
881,28,1.0,1,1
881,29,1.0,1,1
881,30,1.0,1,1
881,31,0.0,1,1
881,32,0.0,1,1
881,33,1.0,1,1
882,0,5.0,1,1
882,1,9.0,1,1
882,2,1.0,1,1
882,3,1.0,1,1
882,4,2.0,1,1
882,5,5.0,1,1
882,6,0.0,1,1
882,7,4.0,1,1
882,8,3.0,1,1
882,9,0.0,1,1
882,10,0.0,1,1
882,11,4.0,1,1
882,12,0.0,1,1
882,13,0.0,1,1
882,14,0.0,1,1
882,15,3.0,1,1
882,16,0.0,1,1
882,17,4.0,1,1
882,18,7.0,1,1
882,19,1.0,1,1
882,20,3.0,1,1
882,21,2.0,1,1
882,22,1.0,1,1
882,23,1.0,1,1
882,24,0.0,1,1
882,25,2.0,1,1
882,26,1.0,1,1
882,27,0.0,1,1
882,28,3.0,1,1
882,29,1.0,1,1
882,30,0.0,1,1
882,31,0.0,1,1
882,32,2.0,1,1
882,33,0.0,1,1
883,0,4.0,1,1
883,1,5.0,1,1
883,2,2.0,1,1
883,3,0.0,1,1
883,4,1.0,1,1
883,5,4.0,1,1
883,6,0.0,1,1
883,7,6.0,1,1
883,8,0.0,1,1
883,9,0.0,1,1
883,10,1.0,1,1
883,11,4.0,1,1
883,12,2.0,1,1
883,13,0.0,1,1
883,14,1.0,1,1
883,15,1.0,1,1
883,16,0.0,1,1
883,17,3.0,1,1
883,18,5.0,1,1
883,19,2.0,1,1
883,20,0.0,1,1
883,21,1.0,1,1
883,22,1.0,1,1
883,23,2.0,1,1
883,24,0.0,1,1
883,25,0.0,1,1
883,26,0.0,1,1
883,27,0.0,1,1
883,28,1.0,1,1
883,29,0.0,1,1
883,30,1.0,1,1
883,31,0.0,1,1
883,32,2.0,1,1
883,33,0.0,1,1
884,0,3.0,1,1
884,1,7.0,1,1
884,2,2.0,1,1
884,3,1.0,1,1
884,4,1.0,1,1
884,5,5.0,1,1
884,6,0.0,1,1
884,7,6.0,1,1
884,8,2.0,1,1
884,9,0.0,1,1
884,10,0.0,1,1
884,11,5.0,1,1
884,12,1.0,1,1
884,13,2.0,1,1
884,14,0.0,1,1
884,15,6.0,1,1
884,16,0.0,1,1
884,17,8.0,1,1
884,18,2.0,1,1
884,19,0.0,1,1
884,20,1.0,1,1
884,21,1.0,1,1
884,22,0.0,1,1
884,23,1.0,1,1
884,24,0.0,1,1
884,25,0.0,1,1
884,26,2.0,1,1
884,27,0.0,1,1
884,28,4.0,1,1
884,29,0.0,1,1
884,30,1.0,1,1
884,31,0.0,1,1
884,32,0.0,1,1
884,33,0.0,1,1
885,0,5.0,1,1
885,1,6.0,1,1
885,2,1.0,1,1
885,3,1.0,1,1
885,4,1.0,1,1
885,5,5.0,1,1
885,6,0.0,1,1
885,7,8.0,1,1
885,8,1.0,1,1
885,9,0.0,1,1
885,10,0.0,1,1
885,11,6.0,1,1
885,12,2.0,1,1
885,13,2.0,1,1
885,14,2.0,1,1
885,15,6.0,1,1
885,16,0.0,1,1
885,17,3.0,1,1
885,18,2.0,1,1
885,19,4.0,1,1
885,20,0.0,1,1
885,21,1.0,1,1
885,22,1.0,1,1
885,23,1.0,1,1
885,24,0.0,1,1
885,25,0.0,1,1
885,26,0.0,1,1
885,27,0.0,1,1
885,28,1.0,1,1
885,29,0.0,1,1
885,30,0.0,1,1
885,31,0.0,1,1
885,32,0.0,1,1
885,33,0.0,1,1
886,0,4.0,1,1
886,1,5.0,1,1
886,2,0.0,1,1
886,3,2.0,1,1
886,4,5.0,1,1
886,5,4.0,1,1
886,6,0.0,1,1
886,7,6.0,1,1
886,8,1.0,1,1
886,9,0.0,1,1
886,10,0.0,1,1
886,11,2.0,1,1
886,12,0.0,1,1
886,13,0.0,1,1
886,14,0.0,1,1
886,15,4.0,1,1
886,16,0.0,1,1
886,17,3.0,1,1
886,18,1.0,1,1
886,19,1.0,1,1
886,20,0.0,1,1
886,21,2.0,1,1
886,22,0.0,1,1
886,23,1.0,1,1
886,24,0.0,1,1
886,25,1.0,1,1
886,26,0.0,1,1
886,27,0.0,1,1
886,28,0.0,1,1
886,29,1.0,1,1
886,30,2.0,1,1
886,31,0.0,1,1
886,32,2.0,1,1
886,33,0.0,1,1
887,0,4.0,1,1
887,1,8.0,1,1
887,2,2.0,1,1
887,3,0.0,1,1
887,4,0.0,1,1
887,5,8.0,1,1
887,6,0.0,1,1
887,7,4.0,1,1
887,8,0.0,1,1
887,9,0.0,1,1
887,10,0.0,1,1
887,11,3.0,1,1
887,12,2.0,1,1
887,13,1.0,1,1
887,14,2.0,1,1
887,15,0.0,1,1
887,16,0.0,1,1
887,17,10.0,1,1
887,18,2.0,1,1
887,19,1.0,1,1
887,20,0.0,1,1
887,21,1.0,1,1
887,22,0.0,1,1
887,23,4.0,1,1
887,24,0.0,1,1
887,25,0.0,1,1
887,26,1.0,1,1
887,27,0.0,1,1
887,28,1.0,1,1
887,29,0.0,1,1
887,30,0.0,1,1
887,31,0.0,1,1
887,32,3.0,1,1
887,33,0.0,1,1
888,0,1.0,1,1
888,1,7.0,1,1
888,2,0.0,1,1
888,3,1.0,1,1
888,4,2.0,1,1
888,5,5.0,1,1
888,6,0.0,1,1
888,7,1.0,1,1
888,8,2.0,1,1
888,9,0.0,1,1
888,10,0.0,1,1
888,11,2.0,1,1
888,12,3.0,1,1
888,13,0.0,1,1
888,14,0.0,1,1
888,15,2.0,1,1
888,16,0.0,1,1
888,17,2.0,1,1
888,18,5.0,1,1
888,19,2.0,1,1
888,20,0.0,1,1
888,21,1.0,1,1
888,22,0.0,1,1
888,23,0.0,1,1
888,24,0.0,1,1
888,25,0.0,1,1
888,26,0.0,1,1
888,27,0.0,1,1
888,28,0.0,1,1
888,29,0.0,1,1
888,30,1.0,1,1
888,31,0.0,1,1
888,32,1.0,1,1
888,33,0.0,1,1
889,0,1.0,1,1
889,1,9.0,1,1
889,2,1.0,1,1
889,3,0.0,1,1
889,4,0.0,1,1
889,5,7.0,1,1
889,6,0.0,1,1
889,7,1.0,1,1
889,8,0.0,1,1
889,9,0.0,1,1
889,10,0.0,1,1
889,11,2.0,1,1
889,12,0.0,1,1
889,13,0.0,1,1
889,14,3.0,1,1
889,15,0.0,1,1
889,16,0.0,1,1
889,17,6.0,1,1
889,18,5.0,1,1
889,19,1.0,1,1
889,20,1.0,1,1
889,21,2.0,1,1
889,22,0.0,1,1
889,23,2.0,1,1
889,24,0.0,1,1
889,25,0.0,1,1
889,26,3.0,1,1
889,27,0.0,1,1
889,28,2.0,1,1
889,29,0.0,1,1
889,30,0.0,1,1
889,31,0.0,1,1
889,32,0.0,1,1
889,33,0.0,1,1
890,0,7.0,1,1
890,1,4.0,1,1
890,2,4.0,1,1
890,3,0.0,1,1
890,4,0.0,1,1
890,5,5.0,1,1
890,6,0.0,1,1
890,7,3.0,1,1
890,8,2.0,1,1
890,9,0.0,1,1
890,10,1.0,1,1
890,11,3.0,1,1
890,12,0.0,1,1
890,13,0.0,1,1
890,14,2.0,1,1
890,15,4.0,1,1
890,16,1.0,1,1
890,17,5.0,1,1
890,18,1.0,1,1
890,19,0.0,1,1
890,20,3.0,1,1
890,21,0.0,1,1
890,22,0.0,1,1
890,23,5.0,1,1
890,24,0.0,1,1
890,25,0.0,1,1
890,26,0.0,1,1
890,27,0.0,1,1
890,28,2.0,1,1
890,29,0.0,1,1
890,30,1.0,1,1
890,31,0.0,1,1
890,32,0.0,1,1
890,33,1.0,1,1
891,0,8.0,1,1
891,1,8.0,1,1
891,2,1.0,1,1
891,3,0.0,1,1
891,4,0.0,1,1
891,5,7.0,1,1
891,6,0.0,1,1
891,7,4.0,1,1
891,8,1.0,1,1
891,9,0.0,1,1
891,10,0.0,1,1
891,11,2.0,1,1
891,12,0.0,1,1
891,13,2.0,1,1
891,14,0.0,1,1
891,15,5.0,1,1
891,16,0.0,1,1
891,17,3.0,1,1
891,18,2.0,1,1
891,19,2.0,1,1
891,20,1.0,1,1
891,21,0.0,1,1
891,22,0.0,1,1
891,23,3.0,1,1
891,24,0.0,1,1
891,25,0.0,1,1
891,26,2.0,1,1
891,27,0.0,1,1
891,28,1.0,1,1
891,29,0.0,1,1
891,30,1.0,1,1
891,31,0.0,1,1
891,32,1.0,1,1
891,33,0.0,1,1
892,0,4.0,1,1
892,1,4.0,1,1
892,2,1.0,1,1
892,3,1.0,1,1
892,4,2.0,1,1
892,5,1.0,1,1
892,6,0.0,1,1
892,7,4.0,1,1
892,8,0.0,1,1
892,9,0.0,1,1
892,10,0.0,1,1
892,11,1.0,1,1
892,12,3.0,1,1
892,13,3.0,1,1
892,14,0.0,1,1
892,15,3.0,1,1
892,16,0.0,1,1
892,17,1.0,1,1
892,18,0.0,1,1
892,19,1.0,1,1
892,20,1.0,1,1
892,21,0.0,1,1
892,22,1.0,1,1
892,23,0.0,1,1
892,24,0.0,1,1
892,25,0.0,1,1
892,26,0.0,1,1
892,27,0.0,1,1
892,28,0.0,1,1
892,29,1.0,1,1
892,30,0.0,1,1
892,31,0.0,1,1
892,32,5.0,1,1
892,33,0.0,1,1
893,0,2.0,1,1
893,1,1.0,1,1
893,2,3.0,1,1
893,3,0.0,1,1
893,4,1.0,1,1
893,5,0.0,1,1
893,6,0.0,1,1
893,7,2.0,1,1
893,8,0.0,1,1
893,9,0.0,1,1
893,10,1.0,1,1
893,11,1.0,1,1
893,12,0.0,1,1
893,13,0.0,1,1
893,14,0.0,1,1
893,15,0.0,1,1
893,16,0.0,1,1
893,17,2.0,1,1
893,18,2.0,1,1
893,19,0.0,1,1
893,20,1.0,1,1
893,21,1.0,1,1
893,22,0.0,1,1
893,23,2.0,1,1
893,24,0.0,1,1
893,25,0.0,1,1
893,26,0.0,1,1
893,27,0.0,1,1
893,28,0.0,1,1
893,29,0.0,1,1
893,30,0.0,1,1
893,31,0.0,1,1
893,32,1.0,1,1
893,33,0.0,1,1
894,0,7.0,1,1
894,1,3.0,1,1
894,2,1.0,1,1
894,3,1.0,1,1
894,4,0.0,1,1
894,5,2.0,1,1
894,6,0.0,1,1
894,7,1.0,1,1
894,8,0.0,1,1
894,9,0.0,1,1
894,10,1.0,1,1
894,11,1.0,1,1
894,12,4.0,1,1
894,13,0.0,1,1
894,14,0.0,1,1
894,15,4.0,1,1
894,16,0.0,1,1
894,17,3.0,1,1
894,18,3.0,1,1
894,19,0.0,1,1
894,20,2.0,1,1
894,21,1.0,1,1
894,22,0.0,1,1
894,23,1.0,1,1
894,24,0.0,1,1
894,25,0.0,1,1
894,26,2.0,1,1
894,27,0.0,1,1
894,28,0.0,1,1
894,29,0.0,1,1
894,30,0.0,1,1
894,31,0.0,1,1
894,32,1.0,1,1
894,33,0.0,1,1
895,0,7.0,1,1
895,1,10.0,1,1
895,2,1.0,1,1
895,3,0.0,1,1
895,4,0.0,1,1
895,5,4.0,1,1
895,6,0.0,1,1
895,7,1.0,1,1
895,8,3.0,1,1
895,9,0.0,1,1
895,10,0.0,1,1
895,11,0.0,1,1
895,12,0.0,1,1
895,13,0.0,1,1
895,14,0.0,1,1
895,15,0.0,1,1
895,16,1.0,1,1
895,17,6.0,1,1
895,18,6.0,1,1
895,19,0.0,1,1
895,20,2.0,1,1
895,21,4.0,1,1
895,22,2.0,1,1
895,23,1.0,1,1
895,24,0.0,1,1
895,25,0.0,1,1
895,26,1.0,1,1
895,27,0.0,1,1
895,28,0.0,1,1
895,29,1.0,1,1
895,30,0.0,1,1
895,31,3.0,1,1
895,32,2.0,1,1
895,33,0.0,1,1
896,0,14.0,1,1
896,1,8.0,1,1
896,2,3.0,1,1
896,3,0.0,1,1
896,4,1.0,1,1
896,5,2.0,1,1
896,6,0.0,1,1
896,7,5.0,1,1
896,8,0.0,1,1
896,9,0.0,1,1
896,10,2.0,1,1
896,11,2.0,1,1
896,12,1.0,1,1
896,13,3.0,1,1
896,14,0.0,1,1
896,15,2.0,1,1
896,16,0.0,1,1
896,17,7.0,1,1
896,18,1.0,1,1
896,19,2.0,1,1
896,20,2.0,1,1
896,21,2.0,1,1
896,22,0.0,1,1
896,23,3.0,1,1
896,24,0.0,1,1
896,25,1.0,1,1
896,26,0.0,1,1
896,27,0.0,1,1
896,28,1.0,1,1
896,29,1.0,1,1
896,30,4.0,1,1
896,31,0.0,1,1
896,32,0.0,1,1
896,33,0.0,1,1
897,0,7.0,1,1
897,1,7.0,1,1
897,2,2.0,1,1
897,3,0.0,1,1
897,4,2.0,1,1
897,5,5.0,1,1
897,6,0.0,1,1
897,7,5.0,1,1
897,8,1.0,1,1
897,9,0.0,1,1
897,10,0.0,1,1
897,11,2.0,1,1
897,12,3.0,1,1
897,13,0.0,1,1
897,14,4.0,1,1
897,15,6.0,1,1
897,16,0.0,1,1
897,17,10.0,1,1
897,18,6.0,1,1
897,19,1.0,1,1
897,20,1.0,1,1
897,21,1.0,1,1
897,22,1.0,1,1
897,23,2.0,1,1
897,24,0.0,1,1
897,25,1.0,1,1
897,26,2.0,1,1
897,27,0.0,1,1
897,28,2.0,1,1
897,29,0.0,1,1
897,30,0.0,1,1
897,31,0.0,1,1
897,32,2.0,1,1
897,33,1.0,1,1
898,0,12.0,1,1
898,1,10.0,1,1
898,2,5.0,1,1
898,3,0.0,1,1
898,4,2.0,1,1
898,5,6.0,1,1
898,6,0.0,1,1
898,7,2.0,1,1
898,8,4.0,1,1
898,9,0.0,1,1
898,10,2.0,1,1
898,11,3.0,1,1
898,12,4.0,1,1
898,13,0.0,1,1
898,14,3.0,1,1
898,15,6.0,1,1
898,16,0.0,1,1
898,17,8.0,1,1
898,18,2.0,1,1
898,19,2.0,1,1
898,20,2.0,1,1
898,21,1.0,1,1
898,22,0.0,1,1
898,23,1.0,1,1
898,24,0.0,1,1
898,25,0.0,1,1
898,26,1.0,1,1
898,27,0.0,1,1
898,28,0.0,1,1
898,29,0.0,1,1
898,30,1.0,1,1
898,31,1.0,1,1
898,32,1.0,1,1
898,33,0.0,1,1
899,0,6.0,1,1
899,1,9.0,1,1
899,2,6.0,1,1
899,3,3.0,1,1
899,4,1.0,1,1
899,5,5.0,1,1
899,6,0.0,1,1
899,7,5.0,1,1
899,8,2.0,1,1
899,9,0.0,1,1
899,10,0.0,1,1
899,11,1.0,1,1
899,12,0.0,1,1
899,13,0.0,1,1
899,14,3.0,1,1
899,15,4.0,1,1
899,16,0.0,1,1
899,17,9.0,1,1
899,18,8.0,1,1
899,19,3.0,1,1
899,20,1.0,1,1
899,21,3.0,1,1
899,22,1.0,1,1
899,23,5.0,1,1
899,24,0.0,1,1
899,25,1.0,1,1
899,26,2.0,1,1
899,27,0.0,1,1
899,28,0.0,1,1
899,29,2.0,1,1
899,30,1.0,1,1
899,31,0.0,1,1
899,32,0.0,1,1
899,33,1.0,1,1
900,0,11.0,1,1
900,1,23.0,1,1
900,2,6.0,1,1
900,3,2.0,1,1
900,4,4.0,1,1
900,5,18.0,1,1
900,6,0.0,1,1
900,7,11.0,1,1
900,8,2.0,1,1
900,9,0.0,1,1
900,10,1.0,1,1
900,11,10.0,1,1
900,12,2.0,1,1
900,13,0.0,1,1
900,14,1.0,1,1
900,15,12.0,1,1
900,16,0.0,1,1
900,17,15.0,1,1
900,18,21.0,1,1
900,19,1.0,1,1
900,20,5.0,1,1
900,21,6.0,1,1
900,22,1.0,1,1
900,23,3.0,1,1
900,24,0.0,1,1
900,25,0.0,1,1
900,26,3.0,1,1
900,27,0.0,1,1
900,28,7.0,1,1
900,29,4.0,1,1
900,30,6.0,1,1
900,31,1.0,1,1
900,32,3.0,1,1
900,33,3.0,1,1
901,0,25.0,1,1
901,1,28.0,1,1
901,2,11.0,1,1
901,3,1.0,1,1
901,4,3.0,1,1
901,5,19.0,1,1
901,6,0.0,1,1
901,7,5.0,1,1
901,8,2.0,1,1
901,9,0.0,1,1
901,10,2.0,1,1
901,11,3.0,1,1
901,12,0.0,1,1
901,13,3.0,1,1
901,14,5.0,1,1
901,15,6.0,1,1
901,16,0.0,1,1
901,17,30.0,1,1
901,18,14.0,1,1
901,19,4.0,1,1
901,20,7.0,1,1
901,21,8.0,1,1
901,22,5.0,1,1
901,23,13.0,1,1
901,24,0.0,1,1
901,25,3.0,1,1
901,26,5.0,1,1
901,27,0.0,1,1
901,28,5.0,1,1
901,29,3.0,1,1
901,30,3.0,1,1
901,31,3.0,1,1
901,32,7.0,1,1
901,33,2.0,1,1
902,0,28.0,1,1
902,1,41.0,1,1
902,2,9.0,1,1
902,3,0.0,1,1
902,4,10.0,1,1
902,5,18.0,1,1
902,6,0.0,1,1
902,7,5.0,1,1
902,8,5.0,1,1
902,9,0.0,1,1
902,10,0.0,1,1
902,11,7.0,1,1
902,12,6.0,1,1
902,13,0.0,1,1
902,14,0.0,1,1
902,15,3.0,1,1
902,16,1.0,1,1
902,17,29.0,1,1
902,18,18.0,1,1
902,19,8.0,1,1
902,20,17.0,1,1
902,21,4.0,1,1
902,22,4.0,1,1
902,23,12.0,1,1
902,24,0.0,1,1
902,25,2.0,1,1
902,26,5.0,1,1
902,27,0.0,1,1
902,28,6.0,1,1
902,29,1.0,1,1
902,30,6.0,1,1
902,31,1.0,1,1
902,32,3.0,1,1
902,33,1.0,1,1
903,0,40.0,1,1
903,1,36.0,1,1
903,2,16.0,1,1
903,3,36.0,1,1
903,4,5.0,1,1
903,5,22.0,1,1
903,6,0.0,1,1
903,7,13.0,1,1
903,8,7.0,1,1
903,9,0.0,1,1
903,10,0.0,1,1
903,11,9.0,1,1
903,12,2.0,1,1
903,13,1.0,1,1
903,14,7.0,1,1
903,15,13.0,1,1
903,16,0.0,1,1
903,17,41.0,1,1
903,18,29.0,1,1
903,19,5.0,1,1
903,20,15.0,1,1
903,21,7.0,1,1
903,22,4.0,1,1
903,23,22.0,1,1
903,24,0.0,1,1
903,25,7.0,1,1
903,26,7.0,1,1
903,27,0.0,1,1
903,28,4.0,1,1
903,29,4.0,1,1
903,30,6.0,1,1
903,31,6.0,1,1
903,32,6.0,1,1
903,33,4.0,1,1
904,0,47.0,1,1
904,1,63.0,1,1
904,2,17.0,1,1
904,3,7.0,1,1
904,4,9.0,1,1
904,5,35.0,1,1
904,6,0.0,1,1
904,7,12.0,1,1
904,8,13.0,1,1
904,9,0.0,1,1
904,10,4.0,1,1
904,11,9.0,1,1
904,12,9.0,1,1
904,13,1.0,1,1
904,14,3.0,1,1
904,15,12.0,1,1
904,16,0.0,1,1
904,17,66.0,1,1
904,18,28.0,1,1
904,19,14.0,1,1
904,20,17.0,1,1
904,21,7.0,1,1
904,22,1.0,1,1
904,23,24.0,1,1
904,24,1.0,1,1
904,25,6.0,1,1
904,26,17.0,1,1
904,27,0.0,1,1
904,28,6.0,1,1
904,29,3.0,1,1
904,30,12.0,1,1
904,31,9.0,1,1
904,32,10.0,1,1
904,33,2.0,1,1
905,0,73.0,1,1
905,1,88.0,1,1
905,2,16.0,1,1
905,3,10.0,1,1
905,4,13.0,1,1
905,5,47.0,1,1
905,6,0.0,1,1
905,7,17.0,1,1
905,8,12.0,1,1
905,9,0.0,1,1
905,10,6.0,1,1
905,11,12.0,1,1
905,12,14.0,1,1
905,13,0.0,1,1
905,14,15.0,1,1
905,15,8.0,1,1
905,16,1.0,1,1
905,17,71.0,1,1
905,18,59.0,1,1
905,19,15.0,1,1
905,20,21.0,1,1
905,21,17.0,1,1
905,22,10.0,1,1
905,23,25.0,1,1
905,24,0.0,1,1
905,25,9.0,1,1
905,26,15.0,1,1
905,27,0.0,1,1
905,28,7.0,1,1
905,29,5.0,1,1
905,30,13.0,1,1
905,31,5.0,1,1
905,32,10.0,1,1
905,33,2.0,1,1
906,0,81.0,1,1
906,1,114.0,1,1
906,2,23.0,1,1
906,3,6.0,1,1
906,4,21.0,1,1
906,5,54.0,1,1
906,6,0.0,1,1
906,7,18.0,1,1
906,8,18.0,1,1
906,9,0.0,1,1
906,10,4.0,1,1
906,11,18.0,1,1
906,12,14.0,1,1
906,13,0.0,1,1
906,14,7.0,1,1
906,15,12.0,1,1
906,16,0.0,1,1
906,17,88.0,1,1
906,18,62.0,1,1
906,19,20.0,1,1
906,20,21.0,1,1
906,21,16.0,1,1
906,22,7.0,1,1
906,23,33.0,1,1
906,24,2.0,1,1
906,25,6.0,1,1
906,26,18.0,1,1
906,27,0.0,1,1
906,28,15.0,1,1
906,29,7.0,1,1
906,30,14.0,1,1
906,31,5.0,1,1
906,32,16.0,1,1
906,33,5.0,1,1
907,0,112.0,1,1
907,1,119.0,1,1
907,2,44.0,1,1
907,3,13.0,1,1
907,4,21.0,1,1
907,5,67.0,1,1
907,6,0.0,1,1
907,7,30.0,1,1
907,8,10.0,1,1
907,9,0.0,1,1
907,10,4.0,1,1
907,11,22.0,1,1
907,12,5.0,1,1
907,13,0.0,1,1
907,14,6.0,1,1
907,15,13.0,1,1
907,16,1.0,1,1
907,17,93.0,1,1
907,18,69.0,1,1
907,19,17.0,1,1
907,20,30.0,1,1
907,21,21.0,1,1
907,22,4.0,1,1
907,23,34.0,1,1
907,24,2.0,1,1
907,25,11.0,1,1
907,26,21.0,1,1
907,27,0.0,1,1
907,28,24.0,1,1
907,29,7.0,1,1
907,30,13.0,1,1
907,31,8.0,1,1
907,32,13.0,1,1
907,33,10.0,1,1
908,0,137.0,1,1
908,1,144.0,1,1
908,2,43.0,1,1
908,3,9.0,1,1
908,4,30.0,1,1
908,5,85.0,1,1
908,6,0.0,1,1
908,7,38.0,1,1
908,8,10.0,1,1
908,9,0.0,1,1
908,10,4.0,1,1
908,11,26.0,1,1
908,12,16.0,1,1
908,13,0.0,1,1
908,14,12.0,1,1
908,15,10.0,1,1
908,16,1.0,1,1
908,17,121.0,1,1
908,18,64.0,1,1
908,19,18.0,1,1
908,20,41.0,1,1
908,21,73.0,1,1
908,22,7.0,1,1
908,23,34.0,1,1
908,24,2.0,1,1
908,25,6.0,1,1
908,26,28.0,1,1
908,27,0.0,1,1
908,28,19.0,1,1
908,29,5.0,1,1
908,30,16.0,1,1
908,31,8.0,1,1
908,32,12.0,1,1
908,33,3.0,1,1
909,0,162.0,1,1
909,1,156.0,1,1
909,2,51.0,1,1
909,3,10.0,1,1
909,4,28.0,1,1
909,5,84.0,1,1
909,6,0.0,1,1
909,7,45.0,1,1
909,8,16.0,1,1
909,9,0.0,1,1
909,10,6.0,1,1
909,11,30.0,1,1
909,12,11.0,1,1
909,13,2.0,1,1
909,14,13.0,1,1
909,15,13.0,1,1
909,16,1.0,1,1
909,17,170.0,1,1
909,18,81.0,1,1
909,19,24.0,1,1
909,20,45.0,1,1
909,21,106.0,1,1
909,22,9.0,1,1
909,23,54.0,1,1
909,24,2.0,1,1
909,25,7.0,1,1
909,26,28.0,1,1
909,27,0.0,1,1
909,28,15.0,1,1
909,29,8.0,1,1
909,30,11.0,1,1
909,31,6.0,1,1
909,32,10.0,1,1
909,33,4.0,1,1
910,0,178.0,1,1
910,1,200.0,1,1
910,2,59.0,1,1
910,3,17.0,1,1
910,4,20.0,1,1
910,5,106.0,1,1
910,6,0.0,1,1
910,7,45.0,1,1
910,8,17.0,1,1
910,9,0.0,1,1
910,10,8.0,1,1
910,11,30.0,1,1
910,12,14.0,1,1
910,13,0.0,1,1
910,14,13.0,1,1
910,15,26.0,1,1
910,16,1.0,1,1
910,17,163.0,1,1
910,18,84.0,1,1
910,19,21.0,1,1
910,20,46.0,1,1
910,21,51.0,1,1
910,22,10.0,1,1
910,23,43.0,1,1
910,24,2.0,1,1
910,25,11.0,1,1
910,26,25.0,1,1
910,27,0.0,1,1
910,28,13.0,1,1
910,29,12.0,1,1
910,30,23.0,1,1
910,31,7.0,1,1
910,32,10.0,1,1
910,33,8.0,1,1
911,0,205.0,1,1
911,1,232.0,1,1
911,2,87.0,1,1
911,3,14.0,1,1
911,4,25.0,1,1
911,5,136.0,1,1
911,6,0.0,1,1
911,7,49.0,1,1
911,8,20.0,1,1
911,9,0.0,1,1
911,10,9.0,1,1
911,11,24.0,1,1
911,12,20.0,1,1
911,13,1.0,1,1
911,14,16.0,1,1
911,15,21.0,1,1
911,16,6.0,1,1
911,17,152.0,1,1
911,18,81.0,1,1
911,19,44.0,1,1
911,20,49.0,1,1
911,21,42.0,1,1
911,22,11.0,1,1
911,23,52.0,1,1
911,24,4.0,1,1
911,25,11.0,1,1
911,26,26.0,1,1
911,27,0.0,1,1
911,28,12.0,1,1
911,29,12.0,1,1
911,30,19.0,1,1
911,31,10.0,1,1
911,32,11.0,1,1
911,33,11.0,1,1
912,0,219.0,1,1
912,1,226.0,1,1
912,2,93.0,1,1
912,3,26.0,1,1
912,4,26.0,1,1
912,5,123.0,1,1
912,6,0.0,1,1
912,7,68.0,1,1
912,8,22.0,1,1
912,9,0.0,1,1
912,10,11.0,1,1
912,11,49.0,1,1
912,12,25.0,1,1
912,13,0.0,1,1
912,14,19.0,1,1
912,15,40.0,1,1
912,16,4.0,1,1
912,17,166.0,1,1
912,18,99.0,1,1
912,19,37.0,1,1
912,20,46.0,1,1
912,21,36.0,1,1
912,22,8.0,1,1
912,23,58.0,1,1
912,24,2.0,1,1
912,25,7.0,1,1
912,26,29.0,1,1
912,27,0.0,1,1
912,28,12.0,1,1
912,29,9.0,1,1
912,30,25.0,1,1
912,31,3.0,1,1
912,32,12.0,1,1
912,33,13.0,1,1
913,0,222.0,1,1
913,1,253.0,1,1
913,2,88.0,1,1
913,3,19.0,1,1
913,4,27.0,1,1
913,5,131.0,1,1
913,6,0.0,1,1
913,7,67.0,1,1
913,8,16.0,1,1
913,9,0.0,1,1
913,10,10.0,1,1
913,11,38.0,1,1
913,12,21.0,1,1
913,13,0.0,1,1
913,14,8.0,1,1
913,15,38.0,1,1
913,16,3.0,1,1
913,17,200.0,1,1
913,18,109.0,1,1
913,19,32.0,1,1
913,20,57.0,1,1
913,21,45.0,1,1
913,22,12.0,1,1
913,23,68.0,1,1
913,24,2.0,1,1
913,25,15.0,1,1
913,26,14.0,1,1
913,27,0.0,1,1
913,28,26.0,1,1
913,29,16.0,1,1
913,30,36.0,1,1
913,31,6.0,1,1
913,32,12.0,1,1
913,33,11.0,1,1
914,0,233.0,1,1
914,1,236.0,1,1
914,2,93.0,1,1
914,3,27.0,1,1
914,4,26.0,1,1
914,5,137.0,1,1
914,6,0.0,1,1
914,7,78.0,1,1
914,8,18.0,1,1
914,9,0.0,1,1
914,10,10.0,1,1
914,11,41.0,1,1
914,12,23.0,1,1
914,13,0.0,1,1
914,14,12.0,1,1
914,15,34.0,1,1
914,16,6.0,1,1
914,17,169.0,1,1
914,18,110.0,1,1
914,19,36.0,1,1
914,20,68.0,1,1
914,21,90.0,1,1
914,22,16.0,1,1
914,23,56.0,1,1
914,24,3.0,1,1
914,25,23.0,1,1
914,26,38.0,1,1
914,27,0.0,1,1
914,28,21.0,1,1
914,29,22.0,1,1
914,30,24.0,1,1
914,31,9.0,1,1
914,32,21.0,1,1
914,33,10.0,1,1
915,0,202.0,1,1
915,1,245.0,1,1
915,2,103.0,1,1
915,3,19.0,1,1
915,4,23.0,1,1
915,5,141.0,1,1
915,6,0.0,1,1
915,7,91.0,1,1
915,8,7.0,1,1
915,9,0.0,1,1
915,10,8.0,1,1
915,11,58.0,1,1
915,12,8.0,1,1
915,13,0.0,1,1
915,14,20.0,1,1
915,15,43.0,1,1
915,16,3.0,1,1
915,17,187.0,1,1
915,18,110.0,1,1
915,19,38.0,1,1
915,20,69.0,1,1
915,21,67.0,1,1
915,22,18.0,1,1
915,23,85.0,1,1
915,24,2.0,1,1
915,25,28.0,1,1
915,26,25.0,1,1
915,27,0.0,1,1
915,28,27.0,1,1
915,29,23.0,1,1
915,30,19.0,1,1
915,31,11.0,1,1
915,32,14.0,1,1
915,33,20.0,1,1
916,0,159.0,1,1
916,1,203.0,1,1
916,2,81.0,1,1
916,3,20.0,1,1
916,4,20.0,1,1
916,5,119.0,1,1
916,6,0.0,1,1
916,7,68.0,1,1
916,8,25.0,1,1
916,9,0.0,1,1
916,10,10.0,1,1
916,11,44.0,1,1
916,12,22.0,1,1
916,13,0.0,1,1
916,14,5.0,1,1
916,15,38.0,1,1
916,16,5.0,1,1
916,17,143.0,1,1
916,18,95.0,1,1
916,19,34.0,1,1
916,20,70.0,1,1
916,21,57.0,1,1
916,22,17.0,1,1
916,23,64.0,1,1
916,24,1.0,1,1
916,25,21.0,1,1
916,26,31.0,1,1
916,27,0.0,1,1
916,28,12.0,1,1
916,29,30.0,1,1
916,30,20.0,1,1
916,31,12.0,1,1
916,32,10.0,1,1
916,33,20.0,1,1
917,0,206.0,1,1
917,1,168.0,1,1
917,2,92.0,1,1
917,3,13.0,1,1
917,4,21.0,1,1
917,5,123.0,1,1
917,6,0.0,1,1
917,7,80.0,1,1
917,8,30.0,1,1
917,9,0.0,1,1
917,10,15.0,1,1
917,11,47.0,1,1
917,12,17.0,1,1
917,13,0.0,1,1
917,14,7.0,1,1
917,15,47.0,1,1
917,16,6.0,1,1
917,17,161.0,1,1
917,18,107.0,1,1
917,19,43.0,1,1
917,20,46.0,1,1
917,21,48.0,1,1
917,22,21.0,1,1
917,23,78.0,1,1
917,24,1.0,1,1
917,25,8.0,1,1
917,26,22.0,1,1
917,27,0.0,1,1
917,28,18.0,1,1
917,29,39.0,1,1
917,30,24.0,1,1
917,31,11.0,1,1
917,32,16.0,1,1
917,33,23.0,1,1
918,0,124.0,1,1
918,1,159.0,1,1
918,2,86.0,1,1
918,3,20.0,1,1
918,4,14.0,1,1
918,5,96.0,1,1
918,6,0.0,1,1
918,7,72.0,1,1
918,8,18.0,1,1
918,9,0.0,1,1
918,10,10.0,1,1
918,11,57.0,1,1
918,12,14.0,1,1
918,13,0.0,1,1
918,14,76.0,1,1
918,15,31.0,1,1
918,16,5.0,1,1
918,17,145.0,1,1
918,18,104.0,1,1
918,19,30.0,1,1
918,20,34.0,1,1
918,21,54.0,1,1
918,22,7.0,1,1
918,23,61.0,1,1
918,24,2.0,1,1
918,25,10.0,1,1
918,26,38.0,1,1
918,27,0.0,1,1
918,28,22.0,1,1
918,29,48.0,1,1
918,30,27.0,1,1
918,31,8.0,1,1
918,32,10.0,1,1
918,33,32.0,1,1
919,0,160.0,1,1
919,1,162.0,1,1
919,2,76.0,1,1
919,3,14.0,1,1
919,4,13.0,1,1
919,5,87.0,1,1
919,6,0.0,1,1
919,7,61.0,1,1
919,8,21.0,1,1
919,9,0.0,1,1
919,10,11.0,1,1
919,11,41.0,1,1
919,12,10.0,1,1
919,13,0.0,1,1
919,14,9.0,1,1
919,15,32.0,1,1
919,16,4.0,1,1
919,17,112.0,1,1
919,18,90.0,1,1
919,19,16.0,1,1
919,20,33.0,1,1
919,21,32.0,1,1
919,22,8.0,1,1
919,23,30.0,1,1
919,24,1.0,1,1
919,25,17.0,1,1
919,26,13.0,1,1
919,27,0.0,1,1
919,28,11.0,1,1
919,29,27.0,1,1
919,30,12.0,1,1
919,31,8.0,1,1
919,32,5.0,1,1
919,33,15.0,1,1
920,0,120.0,1,1
920,1,124.0,1,1
920,2,66.0,1,1
920,3,28.0,1,1
920,4,9.0,1,1
920,5,63.0,1,1
920,6,0.0,1,1
920,7,57.0,1,1
920,8,23.0,1,1
920,9,0.0,1,1
920,10,9.0,1,1
920,11,33.0,1,1
920,12,12.0,1,1
920,13,0.0,1,1
920,14,25.0,1,1
920,15,39.0,1,1
920,16,6.0,1,1
920,17,92.0,1,1
920,18,74.0,1,1
920,19,15.0,1,1
920,20,26.0,1,1
920,21,42.0,1,1
920,22,7.0,1,1
920,23,24.0,1,1
920,24,3.0,1,1
920,25,5.0,1,1
920,26,24.0,1,1
920,27,0.0,1,1
920,28,16.0,1,1
920,29,15.0,1,1
920,30,12.0,1,1
920,31,2.0,1,1
920,32,12.0,1,1
920,33,12.0,1,1
921,0,132.0,1,1
921,1,113.0,1,1
921,2,66.0,1,1
921,3,24.0,1,1
921,4,11.0,1,1
921,5,86.0,1,1
921,6,0.0,1,1
921,7,73.0,1,1
921,8,35.0,1,1
921,9,0.0,1,1
921,10,12.0,1,1
921,11,38.0,1,1
921,12,13.0,1,1
921,13,0.0,1,1
921,14,14.0,1,1
921,15,28.0,1,1
921,16,1.0,1,1
921,17,92.0,1,1
921,18,84.0,1,1
921,19,17.0,1,1
921,20,22.0,1,1
921,21,131.0,1,1
921,22,6.0,1,1
921,23,28.0,1,1
921,24,2.0,1,1
921,25,12.0,1,1
921,26,12.0,1,1
921,27,0.0,1,1
921,28,16.0,1,1
921,29,6.0,1,1
921,30,18.0,1,1
921,31,2.0,1,1
921,32,5.0,1,1
921,33,16.0,1,1
922,0,118.0,1,1
922,1,138.0,1,1
922,2,57.0,1,1
922,3,14.0,1,1
922,4,12.0,1,1
922,5,81.0,1,1
922,6,0.0,1,1
922,7,51.0,1,1
922,8,19.0,1,1
922,9,0.0,1,1
922,10,7.0,1,1
922,11,33.0,1,1
922,12,13.0,1,1
922,13,0.0,1,1
922,14,26.0,1,1
922,15,35.0,1,1
922,16,0.0,1,1
922,17,93.0,1,1
922,18,85.0,1,1
922,19,18.0,1,1
922,20,18.0,1,1
922,21,24.0,1,1
922,22,2.0,1,1
922,23,20.0,1,1
922,24,0.0,1,1
922,25,3.0,1,1
922,26,17.0,1,1
922,27,0.0,1,1
922,28,14.0,1,1
922,29,4.0,1,1
922,30,9.0,1,1
922,31,4.0,1,1
922,32,6.0,1,1
922,33,10.0,1,1
923,0,116.0,1,1
923,1,135.0,1,1
923,2,60.0,1,1
923,3,21.0,1,1
923,4,18.0,1,1
923,5,86.0,1,1
923,6,0.0,1,1
923,7,58.0,1,1
923,8,24.0,1,1
923,9,0.0,1,1
923,10,6.0,1,1
923,11,34.0,1,1
923,12,10.0,1,1
923,13,2.0,1,1
923,14,11.0,1,1
923,15,29.0,1,1
923,16,2.0,1,1
923,17,73.0,1,1
923,18,72.0,1,1
923,19,20.0,1,1
923,20,25.0,1,1
923,21,17.0,1,1
923,22,3.0,1,1
923,23,41.0,1,1
923,24,1.0,1,1
923,25,8.0,1,1
923,26,16.0,1,1
923,27,0.0,1,1
923,28,17.0,1,1
923,29,9.0,1,1
923,30,10.0,1,1
923,31,4.0,1,1
923,32,7.0,1,1
923,33,11.0,1,1
924,0,96.0,1,1
924,1,96.0,1,1
924,2,56.0,1,1
924,3,20.0,1,1
924,4,7.0,1,1
924,5,68.0,1,1
924,6,0.0,1,1
924,7,61.0,1,1
924,8,18.0,1,1
924,9,0.0,1,1
924,10,9.0,1,1
924,11,37.0,1,1
924,12,7.0,1,1
924,13,0.0,1,1
924,14,16.0,1,1
924,15,30.0,1,1
924,16,4.0,1,1
924,17,62.0,1,1
924,18,68.0,1,1
924,19,20.0,1,1
924,20,23.0,1,1
924,21,33.0,1,1
924,22,10.0,1,1
924,23,29.0,1,1
924,24,0.0,1,1
924,25,10.0,1,1
924,26,15.0,1,1
924,27,0.0,1,1
924,28,22.0,1,1
924,29,11.0,1,1
924,30,10.0,1,1
924,31,5.0,1,1
924,32,12.0,1,1
924,33,6.0,1,1
925,0,117.0,1,1
925,1,102.0,1,1
925,2,76.0,1,1
925,3,16.0,1,1
925,4,15.0,1,1
925,5,79.0,1,1
925,6,0.0,1,1
925,7,54.0,1,1
925,8,10.0,1,1
925,9,0.0,1,1
925,10,8.0,1,1
925,11,43.0,1,1
925,12,15.0,1,1
925,13,0.0,1,1
925,14,15.0,1,1
925,15,19.0,1,1
925,16,1.0,1,1
925,17,77.0,1,1
925,18,57.0,1,1
925,19,21.0,1,1
925,20,20.0,1,1
925,21,28.0,1,1
925,22,8.0,1,1
925,23,19.0,1,1
925,24,0.0,1,1
925,25,5.0,1,1
925,26,17.0,1,1
925,27,0.0,1,1
925,28,16.0,1,1
925,29,8.0,1,1
925,30,11.0,1,1
925,31,2.0,1,1
925,32,9.0,1,1
925,33,8.0,1,1
926,0,117.0,1,1
926,1,95.0,1,1
926,2,62.0,1,1
926,3,17.0,1,1
926,4,5.0,1,1
926,5,62.0,1,1
926,6,0.0,1,1
926,7,69.0,1,1
926,8,20.0,1,1
926,9,0.0,1,1
926,10,10.0,1,1
926,11,36.0,1,1
926,12,20.0,1,1
926,13,3.0,1,1
926,14,10.0,1,1
926,15,22.0,1,1
926,16,2.0,1,1
926,17,72.0,1,1
926,18,72.0,1,1
926,19,24.0,1,1
926,20,20.0,1,1
926,21,42.0,1,1
926,22,8.0,1,1
926,23,32.0,1,1
926,24,1.0,1,1
926,25,5.0,1,1
926,26,16.0,1,1
926,27,0.0,1,1
926,28,6.0,1,1
926,29,14.0,1,1
926,30,10.0,1,1
926,31,1.0,1,1
926,32,12.0,1,1
926,33,7.0,1,1
927,0,109.0,1,1
927,1,83.0,1,1
927,2,74.0,1,1
927,3,22.0,1,1
927,4,15.0,1,1
927,5,74.0,1,1
927,6,0.0,1,1
927,7,63.0,1,1
927,8,20.0,1,1
927,9,0.0,1,1
927,10,6.0,1,1
927,11,40.0,1,1
927,12,12.0,1,1
927,13,0.0,1,1
927,14,17.0,1,1
927,15,20.0,1,1
927,16,3.0,1,1
927,17,77.0,1,1
927,18,68.0,1,1
927,19,19.0,1,1
927,20,29.0,1,1
927,21,48.0,1,1
927,22,6.0,1,1
927,23,31.0,1,1
927,24,0.0,1,1
927,25,14.0,1,1
927,26,23.0,1,1
927,27,0.0,1,1
927,28,18.0,1,1
927,29,5.0,1,1
927,30,16.0,1,1
927,31,2.0,1,1
927,32,11.0,1,1
927,33,10.0,1,1
928,0,124.0,1,1
928,1,86.0,1,1
928,2,67.0,1,1
928,3,25.0,1,1
928,4,2.0,1,1
928,5,72.0,1,1
928,6,0.0,1,1
928,7,68.0,1,1
928,8,11.0,1,1
928,9,0.0,1,1
928,10,11.0,1,1
928,11,36.0,1,1
928,12,12.0,1,1
928,13,0.0,1,1
928,14,13.0,1,1
928,15,25.0,1,1
928,16,0.0,1,1
928,17,82.0,1,1
928,18,72.0,1,1
928,19,17.0,1,1
928,20,20.0,1,1
928,21,34.0,1,1
928,22,4.0,1,1
928,23,29.0,1,1
928,24,3.0,1,1
928,25,15.0,1,1
928,26,11.0,1,1
928,27,0.0,1,1
928,28,15.0,1,1
928,29,16.0,1,1
928,30,17.0,1,1
928,31,3.0,1,1
928,32,4.0,1,1
928,33,10.0,1,1
929,0,124.0,1,1
929,1,98.0,1,1
929,2,58.0,1,1
929,3,23.0,1,1
929,4,9.0,1,1
929,5,67.0,1,1
929,6,0.0,1,1
929,7,71.0,1,1
929,8,13.0,1,1
929,9,0.0,1,1
929,10,9.0,1,1
929,11,32.0,1,1
929,12,7.0,1,1
929,13,1.0,1,1
929,14,14.0,1,1
929,15,30.0,1,1
929,16,4.0,1,1
929,17,89.0,1,1
929,18,71.0,1,1
929,19,17.0,1,1
929,20,21.0,1,1
929,21,22.0,1,1
929,22,7.0,1,1
929,23,28.0,1,1
929,24,2.0,1,1
929,25,8.0,1,1
929,26,20.0,1,1
929,27,0.0,1,1
929,28,18.0,1,1
929,29,9.0,1,1
929,30,19.0,1,1
929,31,3.0,1,1
929,32,14.0,1,1
929,33,9.0,1,1
930,0,83.0,1,1
930,1,91.0,1,1
930,2,80.0,1,1
930,3,25.0,1,1
930,4,15.0,1,1
930,5,55.0,1,1
930,6,0.0,1,1
930,7,65.0,1,1
930,8,17.0,1,1
930,9,0.0,1,1
930,10,11.0,1,1
930,11,37.0,1,1
930,12,21.0,1,1
930,13,1.0,1,1
930,14,12.0,1,1
930,15,28.0,1,1
930,16,5.0,1,1
930,17,57.0,1,1
930,18,79.0,1,1
930,19,24.0,1,1
930,20,21.0,1,1
930,21,35.0,1,1
930,22,8.0,1,1
930,23,27.0,1,1
930,24,2.0,1,1
930,25,10.0,1,1
930,26,14.0,1,1
930,27,0.0,1,1
930,28,13.0,1,1
930,29,14.0,1,1
930,30,15.0,1,1
930,31,5.0,1,1
930,32,20.0,1,1
930,33,9.0,1,1
931,0,99.0,1,1
931,1,116.0,1,1
931,2,52.0,1,1
931,3,16.0,1,1
931,4,17.0,1,1
931,5,75.0,1,1
931,6,0.0,1,1
931,7,53.0,1,1
931,8,28.0,1,1
931,9,0.0,1,1
931,10,15.0,1,1
931,11,41.0,1,1
931,12,17.0,1,1
931,13,0.0,1,1
931,14,14.0,1,1
931,15,39.0,1,1
931,16,3.0,1,1
931,17,89.0,1,1
931,18,77.0,1,1
931,19,14.0,1,1
931,20,26.0,1,1
931,21,20.0,1,1
931,22,8.0,1,1
931,23,36.0,1,1
931,24,4.0,1,1
931,25,6.0,1,1
931,26,21.0,1,1
931,27,0.0,1,1
931,28,24.0,1,1
931,29,16.0,1,1
931,30,16.0,1,1
931,31,2.0,1,1
931,32,14.0,1,1
931,33,10.0,1,1
932,0,105.0,1,1
932,1,116.0,1,1
932,2,63.0,1,1
932,3,30.0,1,1
932,4,12.0,1,1
932,5,59.0,1,1
932,6,0.0,1,1
932,7,72.0,1,1
932,8,25.0,1,1
932,9,0.0,1,1
932,10,4.0,1,1
932,11,46.0,1,1
932,12,6.0,1,1
932,13,3.0,1,1
932,14,13.0,1,1
932,15,36.0,1,1
932,16,3.0,1,1
932,17,83.0,1,1
932,18,86.0,1,1
932,19,10.0,1,1
932,20,24.0,1,1
932,21,26.0,1,1
932,22,10.0,1,1
932,23,36.0,1,1
932,24,2.0,1,1
932,25,7.0,1,1
932,26,18.0,1,1
932,27,0.0,1,1
932,28,12.0,1,1
932,29,13.0,1,1
932,30,15.0,1,1
932,31,2.0,1,1
932,32,8.0,1,1
932,33,7.0,1,1
933,0,82.0,1,1
933,1,95.0,1,1
933,2,59.0,1,1
933,3,22.0,1,1
933,4,15.0,1,1
933,5,60.0,1,1
933,6,0.0,1,1
933,7,81.0,1,1
933,8,19.0,1,1
933,9,0.0,1,1
933,10,16.0,1,1
933,11,44.0,1,1
933,12,14.0,1,1
933,13,0.0,1,1
933,14,20.0,1,1
933,15,34.0,1,1
933,16,2.0,1,1
933,17,62.0,1,1
933,18,77.0,1,1
933,19,28.0,1,1
933,20,17.0,1,1
933,21,41.0,1,1
933,22,14.0,1,1
933,23,34.0,1,1
933,24,2.0,1,1
933,25,7.0,1,1
933,26,10.0,1,1
933,27,0.0,1,1
933,28,18.0,1,1
933,29,7.0,1,1
933,30,10.0,1,1
933,31,2.0,1,1
933,32,11.0,1,1
933,33,8.0,1,1
934,0,97.0,1,1
934,1,96.0,1,1
934,2,70.0,1,1
934,3,24.0,1,1
934,4,14.0,1,1
934,5,66.0,1,1
934,6,0.0,1,1
934,7,84.0,1,1
934,8,8.0,1,1
934,9,0.0,1,1
934,10,13.0,1,1
934,11,53.0,1,1
934,12,18.0,1,1
934,13,3.0,1,1
934,14,16.0,1,1
934,15,25.0,1,1
934,16,3.0,1,1
934,17,66.0,1,1
934,18,105.0,1,1
934,19,16.0,1,1
934,20,18.0,1,1
934,21,31.0,1,1
934,22,9.0,1,1
934,23,29.0,1,1
934,24,2.0,1,1
934,25,9.0,1,1
934,26,14.0,1,1
934,27,0.0,1,1
934,28,24.0,1,1
934,29,15.0,1,1
934,30,13.0,1,1
934,31,6.0,1,1
934,32,17.0,1,1
934,33,19.0,1,1
935,0,100.0,1,1
935,1,97.0,1,1
935,2,68.0,1,1
935,3,21.0,1,1
935,4,14.0,1,1
935,5,72.0,1,1
935,6,0.0,1,1
935,7,73.0,1,1
935,8,21.0,1,1
935,9,0.0,1,1
935,10,14.0,1,1
935,11,39.0,1,1
935,12,11.0,1,1
935,13,2.0,1,1
935,14,25.0,1,1
935,15,29.0,1,1
935,16,4.0,1,1
935,17,72.0,1,1
935,18,85.0,1,1
935,19,17.0,1,1
935,20,21.0,1,1
935,21,26.0,1,1
935,22,8.0,1,1
935,23,27.0,1,1
935,24,3.0,1,1
935,25,16.0,1,1
935,26,20.0,1,1
935,27,0.0,1,1
935,28,25.0,1,1
935,29,14.0,1,1
935,30,13.0,1,1
935,31,6.0,1,1
935,32,12.0,1,1
935,33,8.0,1,1
936,0,117.0,1,1
936,1,79.0,1,1
936,2,62.0,1,1
936,3,22.0,1,1
936,4,13.0,1,1
936,5,69.0,1,1
936,6,0.0,1,1
936,7,64.0,1,1
936,8,18.0,1,1
936,9,0.0,1,1
936,10,7.0,1,1
936,11,43.0,1,1
936,12,16.0,1,1
936,13,0.0,1,1
936,14,18.0,1,1
936,15,33.0,1,1
936,16,4.0,1,1
936,17,78.0,1,1
936,18,84.0,1,1
936,19,24.0,1,1
936,20,40.0,1,1
936,21,24.0,1,1
936,22,5.0,1,1
936,23,32.0,1,1
936,24,3.0,1,1
936,25,11.0,1,1
936,26,18.0,1,1
936,27,0.0,1,1
936,28,15.0,1,1
936,29,22.0,1,1
936,30,19.0,1,1
936,31,8.0,1,1
936,32,16.0,1,1
936,33,18.0,1,1
937,0,113.0,1,1
937,1,112.0,1,1
937,2,60.0,1,1
937,3,18.0,1,1
937,4,22.0,1,1
937,5,86.0,1,1
937,6,0.0,1,1
937,7,79.0,1,1
937,8,18.0,1,1
937,9,0.0,1,1
937,10,15.0,1,1
937,11,57.0,1,1
937,12,13.0,1,1
937,13,2.0,1,1
937,14,22.0,1,1
937,15,33.0,1,1
937,16,3.0,1,1
937,17,90.0,1,1
937,18,106.0,1,1
937,19,24.0,1,1
937,20,28.0,1,1
937,21,29.0,1,1
937,22,8.0,1,1
937,23,30.0,1,1
937,24,2.0,1,1
937,25,17.0,1,1
937,26,21.0,1,1
937,27,0.0,1,1
937,28,17.0,1,1
937,29,12.0,1,1
937,30,17.0,1,1
937,31,6.0,1,1
937,32,10.0,1,1
937,33,10.0,1,1
938,0,118.0,1,1
938,1,115.0,1,1
938,2,62.0,1,1
938,3,20.0,1,1
938,4,11.0,1,1
938,5,78.0,1,1
938,6,0.0,1,1
938,7,89.0,1,1
938,8,12.0,1,1
938,9,0.0,1,1
938,10,13.0,1,1
938,11,50.0,1,1
938,12,10.0,1,1
938,13,0.0,1,1
938,14,17.0,1,1
938,15,32.0,1,1
938,16,2.0,1,1
938,17,89.0,1,1
938,18,74.0,1,1
938,19,32.0,1,1
938,20,28.0,1,1
938,21,44.0,1,1
938,22,15.0,1,1
938,23,43.0,1,1
938,24,1.0,1,1
938,25,15.0,1,1
938,26,25.0,1,1
938,27,0.0,1,1
938,28,15.0,1,1
938,29,20.0,1,1
938,30,19.0,1,1
938,31,2.0,1,1
938,32,12.0,1,1
938,33,8.0,1,1
939,0,111.0,1,1
939,1,101.0,1,1
939,2,68.0,1,1
939,3,19.0,1,1
939,4,15.0,1,1
939,5,71.0,1,1
939,6,0.0,1,1
939,7,111.0,1,1
939,8,21.0,1,1
939,9,0.0,1,1
939,10,10.0,1,1
939,11,74.0,1,1
939,12,18.0,1,1
939,13,0.0,1,1
939,14,17.0,1,1
939,15,40.0,1,1
939,16,5.0,1,1
939,17,93.0,1,1
939,18,145.0,1,1
939,19,34.0,1,1
939,20,33.0,1,1
939,21,38.0,1,1
939,22,5.0,1,1
939,23,35.0,1,1
939,24,2.0,1,1
939,25,11.0,1,1
939,26,17.0,1,1
939,27,0.0,1,1
939,28,15.0,1,1
939,29,13.0,1,1
939,30,21.0,1,1
939,31,9.0,1,1
939,32,17.0,1,1
939,33,21.0,1,1
940,0,115.0,1,1
940,1,101.0,1,1
940,2,74.0,1,1
940,3,32.0,1,1
940,4,20.0,1,1
940,5,86.0,1,1
940,6,0.0,1,1
940,7,95.0,1,1
940,8,22.0,1,1
940,9,0.0,1,1
940,10,12.0,1,1
940,11,48.0,1,1
940,12,19.0,1,1
940,13,0.0,1,1
940,14,12.0,1,1
940,15,43.0,1,1
940,16,3.0,1,1
940,17,102.0,1,1
940,18,111.0,1,1
940,19,28.0,1,1
940,20,37.0,1,1
940,21,47.0,1,1
940,22,10.0,1,1
940,23,61.0,1,1
940,24,3.0,1,1
940,25,19.0,1,1
940,26,28.0,1,1
940,27,0.0,1,1
940,28,21.0,1,1
940,29,25.0,1,1
940,30,22.0,1,1
940,31,4.0,1,1
940,32,21.0,1,1
940,33,19.0,1,1
941,0,134.0,1,1
941,1,104.0,1,1
941,2,73.0,1,1
941,3,25.0,1,1
941,4,12.0,1,1
941,5,66.0,1,1
941,6,0.0,1,1
941,7,96.0,1,1
941,8,21.0,1,1
941,9,0.0,1,1
941,10,9.0,1,1
941,11,64.0,1,1
941,12,19.0,1,1
941,13,0.0,1,1
941,14,7.0,1,1
941,15,39.0,1,1
941,16,1.0,1,1
941,17,111.0,1,1
941,18,103.0,1,1
941,19,30.0,1,1
941,20,30.0,1,1
941,21,113.0,1,1
941,22,11.0,1,1
941,23,31.0,1,1
941,24,4.0,1,1
941,25,19.0,1,1
941,26,21.0,1,1
941,27,0.0,1,1
941,28,14.0,1,1
941,29,32.0,1,1
941,30,23.0,1,1
941,31,5.0,1,1
941,32,18.0,1,1
941,33,34.0,1,1
942,0,101.0,1,1
942,1,102.0,1,1
942,2,60.0,1,1
942,3,23.0,1,1
942,4,12.0,1,1
942,5,72.0,1,1
942,6,0.0,1,1
942,7,68.0,1,1
942,8,28.0,1,1
942,9,0.0,1,1
942,10,8.0,1,1
942,11,50.0,1,1
942,12,11.0,1,1
942,13,0.0,1,1
942,14,15.0,1,1
942,15,45.0,1,1
942,16,2.0,1,1
942,17,91.0,1,1
942,18,86.0,1,1
942,19,22.0,1,1
942,20,22.0,1,1
942,21,46.0,1,1
942,22,4.0,1,1
942,23,40.0,1,1
942,24,5.0,1,1
942,25,11.0,1,1
942,26,21.0,1,1
942,27,0.0,1,1
942,28,16.0,1,1
942,29,20.0,1,1
942,30,19.0,1,1
942,31,8.0,1,1
942,32,11.0,1,1
942,33,17.0,1,1
943,0,102.0,1,1
943,1,105.0,1,1
943,2,54.0,1,1
943,3,24.0,1,1
943,4,27.0,1,1
943,5,70.0,1,1
943,6,0.0,1,1
943,7,70.0,1,1
943,8,16.0,1,1
943,9,0.0,1,1
943,10,18.0,1,1
943,11,36.0,1,1
943,12,22.0,1,1
943,13,0.0,1,1
943,14,15.0,1,1
943,15,41.0,1,1
943,16,6.0,1,1
943,17,91.0,1,1
943,18,79.0,1,1
943,19,22.0,1,1
943,20,34.0,1,1
943,21,35.0,1,1
943,22,7.0,1,1
943,23,47.0,1,1
943,24,0.0,1,1
943,25,9.0,1,1
943,26,29.0,1,1
943,27,0.0,1,1
943,28,21.0,1,1
943,29,19.0,1,1
943,30,19.0,1,1
943,31,8.0,1,1
943,32,13.0,1,1
943,33,13.0,1,1
944,0,112.0,1,1
944,1,110.0,1,1
944,2,46.0,1,1
944,3,23.0,1,1
944,4,20.0,1,1
944,5,85.0,1,1
944,6,0.0,1,1
944,7,72.0,1,1
944,8,19.0,1,1
944,9,0.0,1,1
944,10,8.0,1,1
944,11,49.0,1,1
944,12,27.0,1,1
944,13,0.0,1,1
944,14,16.0,1,1
944,15,42.0,1,1
944,16,3.0,1,1
944,17,108.0,1,1
944,18,91.0,1,1
944,19,26.0,1,1
944,20,29.0,1,1
944,21,41.0,1,1
944,22,14.0,1,1
944,23,37.0,1,1
944,24,1.0,1,1
944,25,13.0,1,1
944,26,27.0,1,1
944,27,0.0,1,1
944,28,20.0,1,1
944,29,27.0,1,1
944,30,21.0,1,1
944,31,12.0,1,1
944,32,4.0,1,1
944,33,16.0,1,1
945,0,109.0,1,1
945,1,131.0,1,1
945,2,43.0,1,1
945,3,22.0,1,1
945,4,20.0,1,1
945,5,95.0,1,1
945,6,0.0,1,1
945,7,76.0,1,1
945,8,21.0,1,1
945,9,0.0,1,1
945,10,3.0,1,1
945,11,58.0,1,1
945,12,13.0,1,1
945,13,0.0,1,1
945,14,11.0,1,1
945,15,49.0,1,1
945,16,3.0,1,1
945,17,143.0,1,1
945,18,109.0,1,1
945,19,19.0,1,1
945,20,26.0,1,1
945,21,35.0,1,1
945,22,11.0,1,1
945,23,43.0,1,1
945,24,2.0,1,1
945,25,12.0,1,1
945,26,22.0,1,1
945,27,0.0,1,1
945,28,23.0,1,1
945,29,14.0,1,1
945,30,25.0,1,1
945,31,11.0,1,1
945,32,16.0,1,1
945,33,14.0,1,1
946,0,116.0,1,1
946,1,159.0,1,1
946,2,59.0,1,1
946,3,28.0,1,1
946,4,16.0,1,1
946,5,139.0,1,1
946,6,0.0,1,1
946,7,68.0,1,1
946,8,16.0,1,1
946,9,0.0,1,1
946,10,6.0,1,1
946,11,43.0,1,1
946,12,14.0,1,1
946,13,0.0,1,1
946,14,22.0,1,1
946,15,45.0,1,1
946,16,3.0,1,1
946,17,153.0,1,1
946,18,91.0,1,1
946,19,23.0,1,1
946,20,33.0,1,1
946,21,100.0,1,1
946,22,14.0,1,1
946,23,44.0,1,1
946,24,2.0,1,1
946,25,13.0,1,1
946,26,21.0,1,1
946,27,0.0,1,1
946,28,19.0,1,1
946,29,13.0,1,1
946,30,25.0,1,1
946,31,9.0,1,1
946,32,18.0,1,1
946,33,14.0,1,1
947,0,104.0,1,1
947,1,135.0,1,1
947,2,68.0,1,1
947,3,22.0,1,1
947,4,13.0,1,1
947,5,96.0,1,1
947,6,0.0,1,1
947,7,62.0,1,1
947,8,29.0,1,1
947,9,0.0,1,1
947,10,7.0,1,1
947,11,41.0,1,1
947,12,18.0,1,1
947,13,0.0,1,1
947,14,22.0,1,1
947,15,44.0,1,1
947,16,2.0,1,1
947,17,106.0,1,1
947,18,94.0,1,1
947,19,23.0,1,1
947,20,30.0,1,1
947,21,47.0,1,1
947,22,6.0,1,1
947,23,45.0,1,1
947,24,1.0,1,1
947,25,14.0,1,1
947,26,22.0,1,1
947,27,0.0,1,1
947,28,17.0,1,1
947,29,16.0,1,1
947,30,17.0,1,1
947,31,6.0,1,1
947,32,13.0,1,1
947,33,11.0,1,1
948,0,130.0,1,1
948,1,103.0,1,1
948,2,84.0,1,1
948,3,18.0,1,1
948,4,12.0,1,1
948,5,73.0,1,1
948,6,0.0,1,1
948,7,68.0,1,1
948,8,19.0,1,1
948,9,0.0,1,1
948,10,13.0,1,1
948,11,49.0,1,1
948,12,16.0,1,1
948,13,0.0,1,1
948,14,14.0,1,1
948,15,40.0,1,1
948,16,4.0,1,1
948,17,80.0,1,1
948,18,101.0,1,1
948,19,21.0,1,1
948,20,19.0,1,1
948,21,38.0,1,1
948,22,11.0,1,1
948,23,45.0,1,1
948,24,4.0,1,1
948,25,9.0,1,1
948,26,20.0,1,1
948,27,0.0,1,1
948,28,19.0,1,1
948,29,15.0,1,1
948,30,19.0,1,1
948,31,8.0,1,1
948,32,19.0,1,1
948,33,14.0,1,1
949,0,112.0,1,1
949,1,108.0,1,1
949,2,58.0,1,1
949,3,20.0,1,1
949,4,16.0,1,1
949,5,67.0,1,1
949,6,0.0,1,1
949,7,55.0,1,1
949,8,17.0,1,1
949,9,0.0,1,1
949,10,7.0,1,1
949,11,38.0,1,1
949,12,20.0,1,1
949,13,1.0,1,1
949,14,11.0,1,1
949,15,41.0,1,1
949,16,1.0,1,1
949,17,95.0,1,1
949,18,65.0,1,1
949,19,29.0,1,1
949,20,21.0,1,1
949,21,35.0,1,1
949,22,11.0,1,1
949,23,38.0,1,1
949,24,3.0,1,1
949,25,8.0,1,1
949,26,19.0,1,1
949,27,0.0,1,1
949,28,9.0,1,1
949,29,15.0,1,1
949,30,13.0,1,1
949,31,8.0,1,1
949,32,16.0,1,1
949,33,11.0,1,1
950,0,119.0,1,1
950,1,85.0,1,1
950,2,65.0,1,1
950,3,18.0,1,1
950,4,12.0,1,1
950,5,60.0,1,1
950,6,0.0,1,1
950,7,85.0,1,1
950,8,28.0,1,1
950,9,0.0,1,1
950,10,9.0,1,1
950,11,54.0,1,1
950,12,15.0,1,1
950,13,0.0,1,1
950,14,22.0,1,1
950,15,41.0,1,1
950,16,3.0,1,1
950,17,95.0,1,1
950,18,91.0,1,1
950,19,28.0,1,1
950,20,33.0,1,1
950,21,47.0,1,1
950,22,3.0,1,1
950,23,49.0,1,1
950,24,3.0,1,1
950,25,14.0,1,1
950,26,19.0,1,1
950,27,0.0,1,1
950,28,17.0,1,1
950,29,10.0,1,1
950,30,17.0,1,1
950,31,3.0,1,1
950,32,12.0,1,1
950,33,5.0,1,1
951,0,119.0,1,1
951,1,100.0,1,1
951,2,66.0,1,1
951,3,50.0,1,1
951,4,14.0,1,1
951,5,61.0,1,1
951,6,0.0,1,1
951,7,75.0,1,1
951,8,25.0,1,1
951,9,0.0,1,1
951,10,10.0,1,1
951,11,63.0,1,1
951,12,16.0,1,1
951,13,0.0,1,1
951,14,14.0,1,1
951,15,55.0,1,1
951,16,3.0,1,1
951,17,71.0,1,1
951,18,90.0,1,1
951,19,23.0,1,1
951,20,24.0,1,1
951,21,33.0,1,1
951,22,5.0,1,1
951,23,68.0,1,1
951,24,3.0,1,1
951,25,12.0,1,1
951,26,21.0,1,1
951,27,0.0,1,1
951,28,16.0,1,1
951,29,13.0,1,1
951,30,13.0,1,1
951,31,4.0,1,1
951,32,9.0,1,1
951,33,14.0,1,1
952,0,119.0,1,1
952,1,83.0,1,1
952,2,65.0,1,1
952,3,22.0,1,1
952,4,16.0,1,1
952,5,64.0,1,1
952,6,0.0,1,1
952,7,58.0,1,1
952,8,22.0,1,1
952,9,0.0,1,1
952,10,10.0,1,1
952,11,37.0,1,1
952,12,25.0,1,1
952,13,0.0,1,1
952,14,16.0,1,1
952,15,43.0,1,1
952,16,6.0,1,1
952,17,91.0,1,1
952,18,85.0,1,1
952,19,32.0,1,1
952,20,28.0,1,1
952,21,31.0,1,1
952,22,13.0,1,1
952,23,58.0,1,1
952,24,4.0,1,1
952,25,6.0,1,1
952,26,16.0,1,1
952,27,0.0,1,1
952,28,19.0,1,1
952,29,38.0,1,1
952,30,13.0,1,1
952,31,3.0,1,1
952,32,8.0,1,1
952,33,26.0,1,1
953,0,118.0,1,1
953,1,110.0,1,1
953,2,60.0,1,1
953,3,28.0,1,1
953,4,16.0,1,1
953,5,73.0,1,1
953,6,0.0,1,1
953,7,59.0,1,1
953,8,24.0,1,1
953,9,0.0,1,1
953,10,13.0,1,1
953,11,54.0,1,1
953,12,20.0,1,1
953,13,2.0,1,1
953,14,21.0,1,1
953,15,50.0,1,1
953,16,2.0,1,1
953,17,99.0,1,1
953,18,122.0,1,1
953,19,33.0,1,1
953,20,29.0,1,1
953,21,57.0,1,1
953,22,7.0,1,1
953,23,56.0,1,1
953,24,2.0,1,1
953,25,11.0,1,1
953,26,18.0,1,1
953,27,0.0,1,1
953,28,19.0,1,1
953,29,47.0,1,1
953,30,18.0,1,1
953,31,9.0,1,1
953,32,15.0,1,1
953,33,30.0,1,1
954,0,114.0,1,1
954,1,81.0,1,1
954,2,72.0,1,1
954,3,32.0,1,1
954,4,15.0,1,1
954,5,56.0,1,1
954,6,0.0,1,1
954,7,77.0,1,1
954,8,126.0,1,1
954,9,0.0,1,1
954,10,11.0,1,1
954,11,46.0,1,1
954,12,10.0,1,1
954,13,0.0,1,1
954,14,13.0,1,1
954,15,37.0,1,1
954,16,5.0,1,1
954,17,95.0,1,1
954,18,107.0,1,1
954,19,26.0,1,1
954,20,37.0,1,1
954,21,59.0,1,1
954,22,21.0,1,1
954,23,39.0,1,1
954,24,2.0,1,1
954,25,12.0,1,1
954,26,25.0,1,1
954,27,0.0,1,1
954,28,15.0,1,1
954,29,17.0,1,1
954,30,14.0,1,1
954,31,7.0,1,1
954,32,13.0,1,1
954,33,17.0,1,1
955,0,104.0,1,1
955,1,93.0,1,1
955,2,83.0,1,1
955,3,35.0,1,1
955,4,27.0,1,1
955,5,80.0,1,1
955,6,0.0,1,1
955,7,87.0,1,1
955,8,14.0,1,1
955,9,0.0,1,1
955,10,8.0,1,1
955,11,53.0,1,1
955,12,21.0,1,1
955,13,0.0,1,1
955,14,22.0,1,1
955,15,45.0,1,1
955,16,1.0,1,1
955,17,97.0,1,1
955,18,89.0,1,1
955,19,33.0,1,1
955,20,33.0,1,1
955,21,51.0,1,1
955,22,11.0,1,1
955,23,48.0,1,1
955,24,2.0,1,1
955,25,15.0,1,1
955,26,18.0,1,1
955,27,0.0,1,1
955,28,18.0,1,1
955,29,14.0,1,1
955,30,14.0,1,1
955,31,3.0,1,1
955,32,12.0,1,1
955,33,15.0,1,1
956,0,128.0,1,1
956,1,98.0,1,1
956,2,68.0,1,1
956,3,46.0,1,1
956,4,26.0,1,1
956,5,65.0,1,1
956,6,0.0,1,1
956,7,76.0,1,1
956,8,30.0,1,1
956,9,0.0,1,1
956,10,10.0,1,1
956,11,56.0,1,1
956,12,20.0,1,1
956,13,0.0,1,1
956,14,23.0,1,1
956,15,46.0,1,1
956,16,5.0,1,1
956,17,97.0,1,1
956,18,112.0,1,1
956,19,30.0,1,1
956,20,37.0,1,1
956,21,45.0,1,1
956,22,17.0,1,1
956,23,43.0,1,1
956,24,2.0,1,1
956,25,24.0,1,1
956,26,14.0,1,1
956,27,0.0,1,1
956,28,13.0,1,1
956,29,24.0,1,1
956,30,10.0,1,1
956,31,18.0,1,1
956,32,23.0,1,1
956,33,16.0,1,1
957,0,128.0,1,1
957,1,100.0,1,1
957,2,74.0,1,1
957,3,23.0,1,1
957,4,19.0,1,1
957,5,73.0,1,1
957,6,0.0,1,1
957,7,88.0,1,1
957,8,57.0,1,1
957,9,0.0,1,1
957,10,10.0,1,1
957,11,62.0,1,1
957,12,11.0,1,1
957,13,0.0,1,1
957,14,26.0,1,1
957,15,57.0,1,1
957,16,2.0,1,1
957,17,107.0,1,1
957,18,116.0,1,1
957,19,37.0,1,1
957,20,42.0,1,1
957,21,51.0,1,1
957,22,16.0,1,1
957,23,51.0,1,1
957,24,1.0,1,1
957,25,20.0,1,1
957,26,16.0,1,1
957,27,0.0,1,1
957,28,22.0,1,1
957,29,23.0,1,1
957,30,19.0,1,1
957,31,9.0,1,1
957,32,16.0,1,1
957,33,18.0,1,1
958,0,101.0,1,1
958,1,103.0,1,1
958,2,64.0,1,1
958,3,29.0,1,1
958,4,20.0,1,1
958,5,72.0,1,1
958,6,0.0,1,1
958,7,67.0,1,1
958,8,50.0,1,1
958,9,0.0,1,1
958,10,12.0,1,1
958,11,55.0,1,1
958,12,19.0,1,1
958,13,0.0,1,1
958,14,24.0,1,1
958,15,61.0,1,1
958,16,6.0,1,1
958,17,111.0,1,1
958,18,138.0,1,1
958,19,36.0,1,1
958,20,31.0,1,1
958,21,55.0,1,1
958,22,14.0,1,1
958,23,31.0,1,1
958,24,0.0,1,1
958,25,12.0,1,1
958,26,26.0,1,1
958,27,0.0,1,1
958,28,28.0,1,1
958,29,23.0,1,1
958,30,24.0,1,1
958,31,7.0,1,1
958,32,22.0,1,1
958,33,14.0,1,1
959,0,112.0,1,1
959,1,122.0,1,1
959,2,83.0,1,1
959,3,23.0,1,1
959,4,25.0,1,1
959,5,85.0,1,1
959,6,0.0,1,1
959,7,90.0,1,1
959,8,19.0,1,1
959,9,0.0,1,1
959,10,7.0,1,1
959,11,51.0,1,1
959,12,31.0,1,1
959,13,0.0,1,1
959,14,12.0,1,1
959,15,74.0,1,1
959,16,3.0,1,1
959,17,106.0,1,1
959,18,125.0,1,1
959,19,28.0,1,1
959,20,31.0,1,1
959,21,48.0,1,1
959,22,17.0,1,1
959,23,48.0,1,1
959,24,0.0,1,1
959,25,14.0,1,1
959,26,21.0,1,1
959,27,0.0,1,1
959,28,25.0,1,1
959,29,21.0,1,1
959,30,16.0,1,1
959,31,8.0,1,1
959,32,19.0,1,1
959,33,16.0,1,1
960,0,113.0,1,1
960,1,134.0,1,1
960,2,59.0,1,1
960,3,22.0,1,1
960,4,20.0,1,1
960,5,88.0,1,1
960,6,0.0,1,1
960,7,89.0,1,1
960,8,54.0,1,1
960,9,0.0,1,1
960,10,13.0,1,1
960,11,51.0,1,1
960,12,21.0,1,1
960,13,2.0,1,1
960,14,13.0,1,1
960,15,59.0,1,1
960,16,7.0,1,1
960,17,105.0,1,1
960,18,127.0,1,1
960,19,37.0,1,1
960,20,32.0,1,1
960,21,56.0,1,1
960,22,12.0,1,1
960,23,46.0,1,1
960,24,3.0,1,1
960,25,18.0,1,1
960,26,31.0,1,1
960,27,0.0,1,1
960,28,22.0,1,1
960,29,18.0,1,1
960,30,13.0,1,1
960,31,13.0,1,1
960,32,10.0,1,1
960,33,12.0,1,1
961,0,108.0,1,1
961,1,95.0,1,1
961,2,65.0,1,1
961,3,31.0,1,1
961,4,26.0,1,1
961,5,62.0,1,1
961,6,0.0,1,1
961,7,97.0,1,1
961,8,61.0,1,1
961,9,0.0,1,1
961,10,13.0,1,1
961,11,62.0,1,1
961,12,18.0,1,1
961,13,0.0,1,1
961,14,25.0,1,1
961,15,70.0,1,1
961,16,4.0,1,1
961,17,115.0,1,1
961,18,121.0,1,1
961,19,35.0,1,1
961,20,27.0,1,1
961,21,37.0,1,1
961,22,14.0,1,1
961,23,37.0,1,1
961,24,5.0,1,1
961,25,17.0,1,1
961,26,21.0,1,1
961,27,0.0,1,1
961,28,35.0,1,1
961,29,19.0,1,1
961,30,16.0,1,1
961,31,15.0,1,1
961,32,15.0,1,1
961,33,16.0,1,1
962,0,121.0,1,1
962,1,102.0,1,1
962,2,64.0,1,1
962,3,24.0,1,1
962,4,20.0,1,1
962,5,77.0,1,1
962,6,0.0,1,1
962,7,89.0,1,1
962,8,30.0,1,1
962,9,0.0,1,1
962,10,16.0,1,1
962,11,58.0,1,1
962,12,23.0,1,1
962,13,0.0,1,1
962,14,11.0,1,1
962,15,40.0,1,1
962,16,6.0,1,1
962,17,104.0,1,1
962,18,130.0,1,1
962,19,42.0,1,1
962,20,36.0,1,1
962,21,61.0,1,1
962,22,8.0,1,1
962,23,50.0,1,1
962,24,2.0,1,1
962,25,21.0,1,1
962,26,31.0,1,1
962,27,0.0,1,1
962,28,23.0,1,1
962,29,16.0,1,1
962,30,16.0,1,1
962,31,7.0,1,1
962,32,14.0,1,1
962,33,18.0,1,1
963,0,154.0,1,1
963,1,108.0,1,1
963,2,71.0,1,1
963,3,33.0,1,1
963,4,19.0,1,1
963,5,78.0,1,1
963,6,0.0,1,1
963,7,103.0,1,1
963,8,29.0,1,1
963,9,0.0,1,1
963,10,22.0,1,1
963,11,60.0,1,1
963,12,32.0,1,1
963,13,2.0,1,1
963,14,30.0,1,1
963,15,42.0,1,1
963,16,6.0,1,1
963,17,125.0,1,1
963,18,124.0,1,1
963,19,35.0,1,1
963,20,35.0,1,1
963,21,49.0,1,1
963,22,9.0,1,1
963,23,55.0,1,1
963,24,4.0,1,1
963,25,18.0,1,1
963,26,24.0,1,1
963,27,0.0,1,1
963,28,22.0,1,1
963,29,19.0,1,1
963,30,21.0,1,1
963,31,6.0,1,1
963,32,23.0,1,1
963,33,15.0,1,1
964,0,147.0,1,1
964,1,86.0,1,1
964,2,73.0,1,1
964,3,31.0,1,1
964,4,22.0,1,1
964,5,78.0,1,1
964,6,0.0,1,1
964,7,98.0,1,1
964,8,26.0,1,1
964,9,0.0,1,1
964,10,13.0,1,1
964,11,76.0,1,1
964,12,10.0,1,1
964,13,1.0,1,1
964,14,24.0,1,1
964,15,54.0,1,1
964,16,4.0,1,1
964,17,125.0,1,1
964,18,135.0,1,1
964,19,40.0,1,1
964,20,31.0,1,1
964,21,66.0,1,1
964,22,8.0,1,1
964,23,48.0,1,1
964,24,4.0,1,1
964,25,16.0,1,1
964,26,15.0,1,1
964,27,0.0,1,1
964,28,27.0,1,1
964,29,20.0,1,1
964,30,22.0,1,1
964,31,11.0,1,1
964,32,20.0,1,1
964,33,15.0,1,1
965,0,106.0,1,1
965,1,119.0,1,1
965,2,83.0,1,1
965,3,24.0,1,1
965,4,9.0,1,1
965,5,84.0,1,1
965,6,0.0,1,1
965,7,93.0,1,1
965,8,20.0,1,1
965,9,0.0,1,1
965,10,14.0,1,1
965,11,67.0,1,1
965,12,16.0,1,1
965,13,1.0,1,1
965,14,25.0,1,1
965,15,44.0,1,1
965,16,9.0,1,1
965,17,111.0,1,1
965,18,110.0,1,1
965,19,43.0,1,1
965,20,34.0,1,1
965,21,37.0,1,1
965,22,17.0,1,1
965,23,81.0,1,1
965,24,4.0,1,1
965,25,15.0,1,1
965,26,28.0,1,1
965,27,0.0,1,1
965,28,15.0,1,1
965,29,11.0,1,1
965,30,29.0,1,1
965,31,8.0,1,1
965,32,20.0,1,1
965,33,9.0,1,1
966,0,144.0,1,1
966,1,98.0,1,1
966,2,95.0,1,1
966,3,47.0,1,1
966,4,22.0,1,1
966,5,58.0,1,1
966,6,0.0,1,1
966,7,105.0,1,1
966,8,26.0,1,1
966,9,0.0,1,1
966,10,7.0,1,1
966,11,66.0,1,1
966,12,8.0,1,1
966,13,0.0,1,1
966,14,14.0,1,1
966,15,66.0,1,1
966,16,4.0,1,1
966,17,120.0,1,1
966,18,144.0,1,1
966,19,54.0,1,1
966,20,24.0,1,1
966,21,66.0,1,1
966,22,17.0,1,1
966,23,58.0,1,1
966,24,3.0,1,1
966,25,26.0,1,1
966,26,27.0,1,1
966,27,0.0,1,1
966,28,31.0,1,1
966,29,26.0,1,1
966,30,25.0,1,1
966,31,10.0,1,1
966,32,18.0,1,1
966,33,12.0,1,1
967,0,115.0,1,1
967,1,116.0,1,1
967,2,86.0,1,1
967,3,41.0,1,1
967,4,30.0,1,1
967,5,78.0,1,1
967,6,0.0,1,1
967,7,142.0,1,1
967,8,29.0,1,1
967,9,0.0,1,1
967,10,12.0,1,1
967,11,94.0,1,1
967,12,12.0,1,1
967,13,0.0,1,1
967,14,23.0,1,1
967,15,62.0,1,1
967,16,4.0,1,1
967,17,132.0,1,1
967,18,154.0,1,1
967,19,41.0,1,1
967,20,31.0,1,1
967,21,50.0,1,1
967,22,14.0,1,1
967,23,56.0,1,1
967,24,1.0,1,1
967,25,11.0,1,1
967,26,30.0,1,1
967,27,0.0,1,1
967,28,35.0,1,1
967,29,31.0,1,1
967,30,20.0,1,1
967,31,9.0,1,1
967,32,27.0,1,1
967,33,28.0,1,1
968,0,114.0,1,1
968,1,119.0,1,1
968,2,79.0,1,1
968,3,27.0,1,1
968,4,33.0,1,1
968,5,76.0,1,1
968,6,0.0,1,1
968,7,105.0,1,1
968,8,38.0,1,1
968,9,0.0,1,1
968,10,11.0,1,1
968,11,77.0,1,1
968,12,9.0,1,1
968,13,0.0,1,1
968,14,22.0,1,1
968,15,83.0,1,1
968,16,7.0,1,1
968,17,132.0,1,1
968,18,149.0,1,1
968,19,46.0,1,1
968,20,37.0,1,1
968,21,118.0,1,1
968,22,14.0,1,1
968,23,44.0,1,1
968,24,3.0,1,1
968,25,17.0,1,1
968,26,30.0,1,1
968,27,0.0,1,1
968,28,42.0,1,1
968,29,17.0,1,1
968,30,24.0,1,1
968,31,7.0,1,1
968,32,28.0,1,1
968,33,19.0,1,1
969,0,80.0,1,1
969,1,133.0,1,1
969,2,94.0,1,1
969,3,32.0,1,1
969,4,18.0,1,1
969,5,104.0,1,1
969,6,0.0,1,1
969,7,124.0,1,1
969,8,23.0,1,1
969,9,0.0,1,1
969,10,16.0,1,1
969,11,82.0,1,1
969,12,14.0,1,1
969,13,0.0,1,1
969,14,22.0,1,1
969,15,56.0,1,1
969,16,6.0,1,1
969,17,117.0,1,1
969,18,164.0,1,1
969,19,43.0,1,1
969,20,36.0,1,1
969,21,58.0,1,1
969,22,11.0,1,1
969,23,57.0,1,1
969,24,4.0,1,1
969,25,17.0,1,1
969,26,24.0,1,1
969,27,0.0,1,1
969,28,32.0,1,1
969,29,22.0,1,1
969,30,31.0,1,1
969,31,5.0,1,1
969,32,21.0,1,1
969,33,17.0,1,1
970,0,147.0,1,1
970,1,117.0,1,1
970,2,113.0,1,1
970,3,58.0,1,1
970,4,25.0,1,1
970,5,86.0,1,1
970,6,0.0,1,1
970,7,127.0,1,1
970,8,37.0,1,1
970,9,0.0,1,1
970,10,12.0,1,1
970,11,73.0,1,1
970,12,12.0,1,1
970,13,0.0,1,1
970,14,31.0,1,1
970,15,70.0,1,1
970,16,10.0,1,1
970,17,165.0,1,1
970,18,170.0,1,1
970,19,44.0,1,1
970,20,31.0,1,1
970,21,61.0,1,1
970,22,19.0,1,1
970,23,53.0,1,1
970,24,5.0,1,1
970,25,17.0,1,1
970,26,23.0,1,1
970,27,0.0,1,1
970,28,32.0,1,1
970,29,19.0,1,1
970,30,19.0,1,1
970,31,2.0,1,1
970,32,14.0,1,1
970,33,19.0,1,1
971,0,154.0,1,1
971,1,131.0,1,1
971,2,149.0,1,1
971,3,25.0,1,1
971,4,32.0,1,1
971,5,76.0,1,1
971,6,0.0,1,1
971,7,146.0,1,1
971,8,33.0,1,1
971,9,0.0,1,1
971,10,13.0,1,1
971,11,95.0,1,1
971,12,11.0,1,1
971,13,0.0,1,1
971,14,16.0,1,1
971,15,55.0,1,1
971,16,7.0,1,1
971,17,115.0,1,1
971,18,192.0,1,1
971,19,49.0,1,1
971,20,40.0,1,1
971,21,57.0,1,1
971,22,14.0,1,1
971,23,49.0,1,1
971,24,3.0,1,1
971,25,16.0,1,1
971,26,19.0,1,1
971,27,0.0,1,1
971,28,35.0,1,1
971,29,22.0,1,1
971,30,26.0,1,1
971,31,11.0,1,1
971,32,19.0,1,1
971,33,18.0,1,1
972,0,172.0,1,1
972,1,124.0,1,1
972,2,125.0,1,1
972,3,60.0,1,1
972,4,39.0,1,1
972,5,85.0,1,1
972,6,0.0,1,1
972,7,149.0,1,1
972,8,36.0,1,1
972,9,0.0,1,1
972,10,12.0,1,1
972,11,97.0,1,1
972,12,11.0,1,1
972,13,0.0,1,1
972,14,27.0,1,1
972,15,88.0,1,1
972,16,13.0,1,1
972,17,126.0,1,1
972,18,205.0,1,1
972,19,48.0,1,1
972,20,37.0,1,1
972,21,69.0,1,1
972,22,13.0,1,1
972,23,65.0,1,1
972,24,3.0,1,1
972,25,19.0,1,1
972,26,28.0,1,1
972,27,0.0,1,1
972,28,33.0,1,1
972,29,14.0,1,1
972,30,27.0,1,1
972,31,8.0,1,1
972,32,27.0,1,1
972,33,9.0,1,1
973,0,143.0,1,1
973,1,113.0,1,1
973,2,112.0,1,1
973,3,45.0,1,1
973,4,45.0,1,1
973,5,73.0,1,1
973,6,0.0,1,1
973,7,133.0,1,1
973,8,36.0,1,1
973,9,0.0,1,1
973,10,12.0,1,1
973,11,89.0,1,1
973,12,15.0,1,1
973,13,2.0,1,1
973,14,24.0,1,1
973,15,91.0,1,1
973,16,9.0,1,1
973,17,110.0,1,1
973,18,169.0,1,1
973,19,38.0,1,1
973,20,32.0,1,1
973,21,63.0,1,1
973,22,18.0,1,1
973,23,62.0,1,1
973,24,3.0,1,1
973,25,24.0,1,1
973,26,22.0,1,1
973,27,0.0,1,1
973,28,22.0,1,1
973,29,18.0,1,1
973,30,34.0,1,1
973,31,8.0,1,1
973,32,23.0,1,1
973,33,16.0,1,1
974,0,146.0,1,1
974,1,98.0,1,1
974,2,119.0,1,1
974,3,48.0,1,1
974,4,34.0,1,1
974,5,76.0,1,1
974,6,0.0,1,1
974,7,120.0,1,1
974,8,32.0,1,1
974,9,0.0,1,1
974,10,18.0,1,1
974,11,82.0,1,1
974,12,17.0,1,1
974,13,0.0,1,1
974,14,37.0,1,1
974,15,75.0,1,1
974,16,5.0,1,1
974,17,112.0,1,1
974,18,202.0,1,1
974,19,26.0,1,1
974,20,50.0,1,1
974,21,73.0,1,1
974,22,17.0,1,1
974,23,63.0,1,1
974,24,5.0,1,1
974,25,20.0,1,1
974,26,28.0,1,1
974,27,0.0,1,1
974,28,31.0,1,1
974,29,24.0,1,1
974,30,21.0,1,1
974,31,6.0,1,1
974,32,20.0,1,1
974,33,12.0,1,1
975,0,117.0,1,1
975,1,72.0,1,1
975,2,123.0,1,1
975,3,62.0,1,1
975,4,32.0,1,1
975,5,60.0,1,1
975,6,0.0,1,1
975,7,151.0,1,1
975,8,153.0,1,1
975,9,0.0,1,1
975,10,18.0,1,1
975,11,80.0,1,1
975,12,14.0,1,1
975,13,0.0,1,1
975,14,22.0,1,1
975,15,54.0,1,1
975,16,3.0,1,1
975,17,138.0,1,1
975,18,199.0,1,1
975,19,35.0,1,1
975,20,40.0,1,1
975,21,77.0,1,1
975,22,11.0,1,1
975,23,46.0,1,1
975,24,9.0,1,1
975,25,15.0,1,1
975,26,26.0,1,1
975,27,0.0,1,1
975,28,43.0,1,1
975,29,17.0,1,1
975,30,22.0,1,1
975,31,5.0,1,1
975,32,16.0,1,1
975,33,10.0,1,1
976,0,137.0,1,1
976,1,89.0,1,1
976,2,117.0,1,1
976,3,52.0,1,1
976,4,40.0,1,1
976,5,67.0,1,1
976,6,0.0,1,1
976,7,121.0,1,1
976,8,42.0,1,1
976,9,0.0,1,1
976,10,26.0,1,1
976,11,94.0,1,1
976,12,20.0,1,1
976,13,0.0,1,1
976,14,18.0,1,1
976,15,51.0,1,1
976,16,9.0,1,1
976,17,109.0,1,1
976,18,236.0,1,1
976,19,37.0,1,1
976,20,47.0,1,1
976,21,58.0,1,1
976,22,14.0,1,1
976,23,56.0,1,1
976,24,5.0,1,1
976,25,13.0,1,1
976,26,23.0,1,1
976,27,0.0,1,1
976,28,42.0,1,1
976,29,20.0,1,1
976,30,23.0,1,1
976,31,7.0,1,1
976,32,21.0,1,1
976,33,12.0,1,1
977,0,117.0,1,1
977,1,92.0,1,1
977,2,108.0,1,1
977,3,57.0,1,1
977,4,27.0,1,1
977,5,73.0,1,1
977,6,0.0,1,1
977,7,125.0,1,1
977,8,38.0,1,1
977,9,0.0,1,1
977,10,12.0,1,1
977,11,79.0,1,1
977,12,13.0,1,1
977,13,3.0,1,1
977,14,26.0,1,1
977,15,44.0,1,1
977,16,7.0,1,1
977,17,110.0,1,1
977,18,202.0,1,1
977,19,48.0,1,1
977,20,40.0,1,1
977,21,75.0,1,1
977,22,20.0,1,1
977,23,75.0,1,1
977,24,8.0,1,1
977,25,21.0,1,1
977,26,35.0,1,1
977,27,0.0,1,1
977,28,40.0,1,1
977,29,24.0,1,1
977,30,24.0,1,1
977,31,6.0,1,1
977,32,24.0,1,1
977,33,13.0,1,1
978,0,137.0,1,1
978,1,82.0,1,1
978,2,114.0,1,1
978,3,58.0,1,1
978,4,30.0,1,1
978,5,72.0,1,1
978,6,0.0,1,1
978,7,142.0,1,1
978,8,30.0,1,1
978,9,0.0,1,1
978,10,18.0,1,1
978,11,87.0,1,1
978,12,19.0,1,1
978,13,2.0,1,1
978,14,30.0,1,1
978,15,67.0,1,1
978,16,7.0,1,1
978,17,147.0,1,1
978,18,211.0,1,1
978,19,41.0,1,1
978,20,37.0,1,1
978,21,72.0,1,1
978,22,16.0,1,1
978,23,49.0,1,1
978,24,5.0,1,1
978,25,19.0,1,1
978,26,26.0,1,1
978,27,0.0,1,1
978,28,33.0,1,1
978,29,15.0,1,1
978,30,30.0,1,1
978,31,1.0,1,1
978,32,26.0,1,1
978,33,15.0,1,1
979,0,121.0,1,1
979,1,110.0,1,1
979,2,99.0,1,1
979,3,68.0,1,1
979,4,24.0,1,1
979,5,62.0,1,1
979,6,0.0,1,1
979,7,142.0,1,1
979,8,45.0,1,1
979,9,0.0,1,1
979,10,20.0,1,1
979,11,87.0,1,1
979,12,20.0,1,1
979,13,0.0,1,1
979,14,29.0,1,1
979,15,73.0,1,1
979,16,6.0,1,1
979,17,133.0,1,1
979,18,232.0,1,1
979,19,47.0,1,1
979,20,56.0,1,1
979,21,97.0,1,1
979,22,13.0,1,1
979,23,63.0,1,1
979,24,7.0,1,1
979,25,18.0,1,1
979,26,32.0,1,1
979,27,0.0,1,1
979,28,34.0,1,1
979,29,21.0,1,1
979,30,29.0,1,1
979,31,6.0,1,1
979,32,19.0,1,1
979,33,19.0,1,1
980,0,92.0,1,1
980,1,81.0,1,1
980,2,103.0,1,1
980,3,42.0,1,1
980,4,28.0,1,1
980,5,52.0,1,1
980,6,0.0,1,1
980,7,108.0,1,1
980,8,21.0,1,1
980,9,0.0,1,1
980,10,13.0,1,1
980,11,62.0,1,1
980,12,16.0,1,1
980,13,3.0,1,1
980,14,26.0,1,1
980,15,75.0,1,1
980,16,6.0,1,1
980,17,126.0,1,1
980,18,186.0,1,1
980,19,34.0,1,1
980,20,44.0,1,1
980,21,71.0,1,1
980,22,17.0,1,1
980,23,80.0,1,1
980,24,2.0,1,1
980,25,20.0,1,1
980,26,35.0,1,1
980,27,0.0,1,1
980,28,31.0,1,1
980,29,19.0,1,1
980,30,24.0,1,1
980,31,7.0,1,1
980,32,29.0,1,1
980,33,22.0,1,1
981,0,113.0,1,1
981,1,101.0,1,1
981,2,97.0,1,1
981,3,55.0,1,1
981,4,19.0,1,1
981,5,67.0,1,1
981,6,0.0,1,1
981,7,124.0,1,1
981,8,27.0,1,1
981,9,0.0,1,1
981,10,16.0,1,1
981,11,84.0,1,1
981,12,17.0,1,1
981,13,2.0,1,1
981,14,18.0,1,1
981,15,50.0,1,1
981,16,8.0,1,1
981,17,120.0,1,1
981,18,161.0,1,1
981,19,31.0,1,1
981,20,43.0,1,1
981,21,61.0,1,1
981,22,16.0,1,1
981,23,50.0,1,1
981,24,1.0,1,1
981,25,15.0,1,1
981,26,31.0,1,1
981,27,0.0,1,1
981,28,29.0,1,1
981,29,25.0,1,1
981,30,31.0,1,1
981,31,8.0,1,1
981,32,18.0,1,1
981,33,20.0,1,1
982,0,131.0,1,1
982,1,120.0,1,1
982,2,97.0,1,1
982,3,39.0,1,1
982,4,19.0,1,1
982,5,65.0,1,1
982,6,0.0,1,1
982,7,97.0,1,1
982,8,26.0,1,1
982,9,0.0,1,1
982,10,12.0,1,1
982,11,67.0,1,1
982,12,9.0,1,1
982,13,0.0,1,1
982,14,20.0,1,1
982,15,68.0,1,1
982,16,4.0,1,1
982,17,101.0,1,1
982,18,143.0,1,1
982,19,35.0,1,1
982,20,46.0,1,1
982,21,54.0,1,1
982,22,16.0,1,1
982,23,59.0,1,1
982,24,3.0,1,1
982,25,13.0,1,1
982,26,32.0,1,1
982,27,0.0,1,1
982,28,25.0,1,1
982,29,18.0,1,1
982,30,20.0,1,1
982,31,5.0,1,1
982,32,14.0,1,1
982,33,4.0,1,1
983,0,113.0,1,1
983,1,84.0,1,1
983,2,74.0,1,1
983,3,30.0,1,1
983,4,28.0,1,1
983,5,62.0,1,1
983,6,0.0,1,1
983,7,91.0,1,1
983,8,31.0,1,1
983,9,0.0,1,1
983,10,15.0,1,1
983,11,66.0,1,1
983,12,6.0,1,1
983,13,0.0,1,1
983,14,23.0,1,1
983,15,57.0,1,1
983,16,4.0,1,1
983,17,110.0,1,1
983,18,164.0,1,1
983,19,36.0,1,1
983,20,39.0,1,1
983,21,68.0,1,1
983,22,14.0,1,1
983,23,57.0,1,1
983,24,4.0,1,1
983,25,24.0,1,1
983,26,29.0,1,1
983,27,0.0,1,1
983,28,32.0,1,1
983,29,14.0,1,1
983,30,22.0,1,1
983,31,8.0,1,1
983,32,27.0,1,1
983,33,17.0,1,1
984,0,132.0,1,1
984,1,102.0,1,1
984,2,80.0,1,1
984,3,32.0,1,1
984,4,20.0,1,1
984,5,78.0,1,1
984,6,0.0,1,1
984,7,113.0,1,1
984,8,39.0,1,1
984,9,0.0,1,1
984,10,23.0,1,1
984,11,73.0,1,1
984,12,9.0,1,1
984,13,3.0,1,1
984,14,21.0,1,1
984,15,35.0,1,1
984,16,1.0,1,1
984,17,106.0,1,1
984,18,136.0,1,1
984,19,33.0,1,1
984,20,51.0,1,1
984,21,62.0,1,1
984,22,17.0,1,1
984,23,51.0,1,1
984,24,4.0,1,1
984,25,21.0,1,1
984,26,29.0,1,1
984,27,0.0,1,1
984,28,33.0,1,1
984,29,12.0,1,1
984,30,21.0,1,1
984,31,7.0,1,1
984,32,19.0,1,1
984,33,14.0,1,1
985,0,115.0,1,1
985,1,119.0,1,1
985,2,65.0,1,1
985,3,50.0,1,1
985,4,28.0,1,1
985,5,71.0,1,1
985,6,0.0,1,1
985,7,83.0,1,1
985,8,30.0,1,1
985,9,0.0,1,1
985,10,18.0,1,1
985,11,62.0,1,1
985,12,17.0,1,1
985,13,3.0,1,1
985,14,33.0,1,1
985,15,41.0,1,1
985,16,6.0,1,1
985,17,138.0,1,1
985,18,146.0,1,1
985,19,28.0,1,1
985,20,50.0,1,1
985,21,93.0,1,1
985,22,19.0,1,1
985,23,69.0,1,1
985,24,9.0,1,1
985,25,20.0,1,1
985,26,24.0,1,1
985,27,0.0,1,1
985,28,16.0,1,1
985,29,24.0,1,1
985,30,11.0,1,1
985,31,4.0,1,1
985,32,13.0,1,1
985,33,8.0,1,1
986,0,101.0,1,1
986,1,99.0,1,1
986,2,67.0,1,1
986,3,35.0,1,1
986,4,15.0,1,1
986,5,73.0,1,1
986,6,0.0,1,1
986,7,91.0,1,1
986,8,36.0,1,1
986,9,0.0,1,1
986,10,17.0,1,1
986,11,46.0,1,1
986,12,9.0,1,1
986,13,2.0,1,1
986,14,21.0,1,1
986,15,36.0,1,1
986,16,3.0,1,1
986,17,112.0,1,1
986,18,134.0,1,1
986,19,37.0,1,1
986,20,46.0,1,1
986,21,96.0,1,1
986,22,14.0,1,1
986,23,55.0,1,1
986,24,3.0,1,1
986,25,16.0,1,1
986,26,17.0,1,1
986,27,0.0,1,1
986,28,25.0,1,1
986,29,17.0,1,1
986,30,13.0,1,1
986,31,6.0,1,1
986,32,14.0,1,1
986,33,6.0,1,1
987,0,83.0,1,1
987,1,104.0,1,1
987,2,64.0,1,1
987,3,23.0,1,1
987,4,28.0,1,1
987,5,57.0,1,1
987,6,0.0,1,1
987,7,108.0,1,1
987,8,23.0,1,1
987,9,0.0,1,1
987,10,10.0,1,1
987,11,80.0,1,1
987,12,11.0,1,1
987,13,3.0,1,1
987,14,23.0,1,1
987,15,34.0,1,1
987,16,2.0,1,1
987,17,102.0,1,1
987,18,142.0,1,1
987,19,32.0,1,1
987,20,36.0,1,1
987,21,47.0,1,1
987,22,19.0,1,1
987,23,48.0,1,1
987,24,3.0,1,1
987,25,21.0,1,1
987,26,20.0,1,1
987,27,0.0,1,1
987,28,18.0,1,1
987,29,13.0,1,1
987,30,21.0,1,1
987,31,7.0,1,1
987,32,17.0,1,1
987,33,10.0,1,1
988,0,103.0,1,1
988,1,81.0,1,1
988,2,56.0,1,1
988,3,54.0,1,1
988,4,25.0,1,1
988,5,57.0,1,1
988,6,0.0,1,1
988,7,83.0,1,1
988,8,30.0,1,1
988,9,0.0,1,1
988,10,15.0,1,1
988,11,46.0,1,1
988,12,11.0,1,1
988,13,2.0,1,1
988,14,26.0,1,1
988,15,33.0,1,1
988,16,4.0,1,1
988,17,105.0,1,1
988,18,109.0,1,1
988,19,41.0,1,1
988,20,38.0,1,1
988,21,57.0,1,1
988,22,9.0,1,1
988,23,67.0,1,1
988,24,4.0,1,1
988,25,14.0,1,1
988,26,26.0,1,1
988,27,0.0,1,1
988,28,20.0,1,1
988,29,13.0,1,1
988,30,10.0,1,1
988,31,6.0,1,1
988,32,19.0,1,1
988,33,5.0,1,1
989,0,75.0,1,1
989,1,64.0,1,1
989,2,60.0,1,1
989,3,24.0,1,1
989,4,23.0,1,1
989,5,55.0,1,1
989,6,0.0,1,1
989,7,73.0,1,1
989,8,24.0,1,1
989,9,0.0,1,1
989,10,18.0,1,1
989,11,58.0,1,1
989,12,17.0,1,1
989,13,0.0,1,1
989,14,14.0,1,1
989,15,35.0,1,1
989,16,6.0,1,1
989,17,69.0,1,1
989,18,105.0,1,1
989,19,30.0,1,1
989,20,36.0,1,1
989,21,52.0,1,1
989,22,12.0,1,1
989,23,40.0,1,1
989,24,2.0,1,1
989,25,12.0,1,1
989,26,21.0,1,1
989,27,0.0,1,1
989,28,17.0,1,1
989,29,15.0,1,1
989,30,18.0,1,1
989,31,4.0,1,1
989,32,13.0,1,1
989,33,12.0,1,1
990,0,75.0,1,1
990,1,82.0,1,1
990,2,60.0,1,1
990,3,16.0,1,1
990,4,16.0,1,1
990,5,47.0,1,1
990,6,0.0,1,1
990,7,88.0,1,1
990,8,21.0,1,1
990,9,0.0,1,1
990,10,14.0,1,1
990,11,52.0,1,1
990,12,12.0,1,1
990,13,1.0,1,1
990,14,49.0,1,1
990,15,41.0,1,1
990,16,2.0,1,1
990,17,87.0,1,1
990,18,115.0,1,1
990,19,26.0,1,1
990,20,39.0,1,1
990,21,37.0,1,1
990,22,10.0,1,1
990,23,47.0,1,1
990,24,1.0,1,1
990,25,18.0,1,1
990,26,17.0,1,1
990,27,0.0,1,1
990,28,16.0,1,1
990,29,11.0,1,1
990,30,25.0,1,1
990,31,4.0,1,1
990,32,9.0,1,1
990,33,10.0,1,1
991,0,87.0,1,1
991,1,77.0,1,1
991,2,46.0,1,1
991,3,11.0,1,1
991,4,14.0,1,1
991,5,54.0,1,1
991,6,0.0,1,1
991,7,59.0,1,1
991,8,23.0,1,1
991,9,0.0,1,1
991,10,11.0,1,1
991,11,44.0,1,1
991,12,5.0,1,1
991,13,0.0,1,1
991,14,25.0,1,1
991,15,41.0,1,1
991,16,6.0,1,1
991,17,67.0,1,1
991,18,98.0,1,1
991,19,27.0,1,1
991,20,39.0,1,1
991,21,42.0,1,1
991,22,9.0,1,1
991,23,41.0,1,1
991,24,4.0,1,1
991,25,7.0,1,1
991,26,17.0,1,1
991,27,0.0,1,1
991,28,17.0,1,1
991,29,11.0,1,1
991,30,10.0,1,1
991,31,2.0,1,1
991,32,15.0,1,1
991,33,6.0,1,1
992,0,68.0,1,1
992,1,66.0,1,1
992,2,48.0,1,1
992,3,16.0,1,1
992,4,11.0,1,1
992,5,50.0,1,1
992,6,0.0,1,1
992,7,72.0,1,1
992,8,33.0,1,1
992,9,0.0,1,1
992,10,5.0,1,1
992,11,43.0,1,1
992,12,8.0,1,1
992,13,3.0,1,1
992,14,5.0,1,1
992,15,29.0,1,1
992,16,4.0,1,1
992,17,72.0,1,1
992,18,104.0,1,1
992,19,31.0,1,1
992,20,24.0,1,1
992,21,34.0,1,1
992,22,19.0,1,1
992,23,49.0,1,1
992,24,2.0,1,1
992,25,21.0,1,1
992,26,14.0,1,1
992,27,0.0,1,1
992,28,13.0,1,1
992,29,25.0,1,1
992,30,11.0,1,1
992,31,5.0,1,1
992,32,13.0,1,1
992,33,6.0,1,1
993,0,61.0,1,1
993,1,69.0,1,1
993,2,49.0,1,1
993,3,18.0,1,1
993,4,11.0,1,1
993,5,52.0,1,1
993,6,0.0,1,1
993,7,68.0,1,1
993,8,17.0,1,1
993,9,0.0,1,1
993,10,19.0,1,1
993,11,45.0,1,1
993,12,4.0,1,1
993,13,0.0,1,1
993,14,3.0,1,1
993,15,36.0,1,1
993,16,5.0,1,1
993,17,78.0,1,1
993,18,104.0,1,1
993,19,36.0,1,1
993,20,29.0,1,1
993,21,45.0,1,1
993,22,15.0,1,1
993,23,36.0,1,1
993,24,3.0,1,1
993,25,13.0,1,1
993,26,16.0,1,1
993,27,0.0,1,1
993,28,10.0,1,1
993,29,18.0,1,1
993,30,16.0,1,1
993,31,3.0,1,1
993,32,15.0,1,1
993,33,8.0,1,1
994,0,67.0,1,1
994,1,77.0,1,1
994,2,62.0,1,1
994,3,26.0,1,1
994,4,13.0,1,1
994,5,54.0,1,1
994,6,0.0,1,1
994,7,71.0,1,1
994,8,18.0,1,1
994,9,0.0,1,1
994,10,7.0,1,1
994,11,52.0,1,1
994,12,12.0,1,1
994,13,0.0,1,1
994,14,9.0,1,1
994,15,28.0,1,1
994,16,5.0,1,1
994,17,81.0,1,1
994,18,102.0,1,1
994,19,66.0,1,1
994,20,41.0,1,1
994,21,40.0,1,1
994,22,13.0,1,1
994,23,55.0,1,1
994,24,1.0,1,1
994,25,10.0,1,1
994,26,20.0,1,1
994,27,0.0,1,1
994,28,16.0,1,1
994,29,16.0,1,1
994,30,10.0,1,1
994,31,2.0,1,1
994,32,13.0,1,1
994,33,11.0,1,1
995,0,65.0,1,1
995,1,65.0,1,1
995,2,64.0,1,1
995,3,26.0,1,1
995,4,19.0,1,1
995,5,48.0,1,1
995,6,0.0,1,1
995,7,58.0,1,1
995,8,18.0,1,1
995,9,0.0,1,1
995,10,6.0,1,1
995,11,35.0,1,1
995,12,10.0,1,1
995,13,0.0,1,1
995,14,8.0,1,1
995,15,28.0,1,1
995,16,4.0,1,1
995,17,75.0,1,1
995,18,85.0,1,1
995,19,36.0,1,1
995,20,27.0,1,1
995,21,33.0,1,1
995,22,12.0,1,1
995,23,51.0,1,1
995,24,1.0,1,1
995,25,13.0,1,1
995,26,14.0,1,1
995,27,0.0,1,1
995,28,31.0,1,1
995,29,14.0,1,1
995,30,10.0,1,1
995,31,4.0,1,1
995,32,6.0,1,1
995,33,8.0,1,1
996,0,61.0,1,1
996,1,75.0,1,1
996,2,44.0,1,1
996,3,82.0,1,1
996,4,28.0,1,1
996,5,55.0,1,1
996,6,0.0,1,1
996,7,56.0,1,1
996,8,26.0,1,1
996,9,0.0,1,1
996,10,15.0,1,1
996,11,34.0,1,1
996,12,6.0,1,1
996,13,2.0,1,1
996,14,3.0,1,1
996,15,47.0,1,1
996,16,2.0,1,1
996,17,70.0,1,1
996,18,80.0,1,1
996,19,34.0,1,1
996,20,30.0,1,1
996,21,53.0,1,1
996,22,11.0,1,1
996,23,32.0,1,1
996,24,1.0,1,1
996,25,9.0,1,1
996,26,19.0,1,1
996,27,0.0,1,1
996,28,23.0,1,1
996,29,12.0,1,1
996,30,18.0,1,1
996,31,4.0,1,1
996,32,14.0,1,1
996,33,6.0,1,1
997,0,69.0,1,1
997,1,98.0,1,1
997,2,47.0,1,1
997,3,14.0,1,1
997,4,17.0,1,1
997,5,62.0,1,1
997,6,0.0,1,1
997,7,55.0,1,1
997,8,20.0,1,1
997,9,0.0,1,1
997,10,5.0,1,1
997,11,46.0,1,1
997,16,3.0,1,1
997,17,83.0,1,1
997,18,82.0,1,1
997,19,38.0,1,1
997,20,39.0,1,1
997,21,58.0,1,1
997,22,11.0,1,1
997,23,50.0,1,1
997,24,2.0,1,1
997,25,14.0,1,1
997,26,16.0,1,1
997,27,0.0,1,1
997,28,19.0,1,1
997,29,15.0,1,1
997,30,9.0,1,1
997,31,6.0,1,1
997,32,11.0,1,1
997,33,12.0,1,1
998,0,59.0,1,1
998,1,87.0,1,1
998,2,46.0,1,1
998,3,16.0,1,1
998,4,24.0,1,1
998,5,64.0,1,1
998,6,0.0,1,1
998,7,56.0,1,1
998,8,15.0,1,1
998,9,0.0,1,1
998,10,4.0,1,1
998,11,36.0,1,1
998,12,17.0,1,1
998,13,0.0,1,1
998,14,4.0,1,1
998,15,33.0,1,1
998,16,2.0,1,1
998,17,75.0,1,1
998,18,86.0,1,1
998,19,22.0,1,1
998,20,42.0,1,1
998,21,35.0,1,1
998,22,7.0,1,1
998,23,50.0,1,1
998,24,2.0,1,1
998,25,12.0,1,1
998,26,13.0,1,1
998,27,0.0,1,1
998,28,6.0,1,1
998,29,10.0,1,1
998,30,23.0,1,1
998,31,4.0,1,1
998,32,20.0,1,1
998,33,10.0,1,1
999,0,52.0,1,1
999,1,93.0,1,1
999,2,56.0,1,1
999,3,18.0,1,1
999,4,16.0,1,1
999,5,61.0,1,1
999,6,0.0,1,1
999,7,91.0,1,1
999,8,9.0,1,1
999,9,0.0,1,1
999,10,3.0,1,1
999,11,62.0,1,1
999,12,7.0,1,1
999,13,0.0,1,1
999,14,3.0,1,1
999,15,62.0,1,1
999,16,0.0,1,1
999,17,69.0,1,1
999,18,97.0,1,1
999,19,13.0,1,1
999,20,32.0,1,1
999,21,36.0,1,1
999,22,5.0,1,1
999,23,38.0,1,1
999,24,1.0,1,1
999,25,7.0,1,1
999,26,8.0,1,1
999,27,0.0,1,1
999,28,17.0,1,1
999,29,12.0,1,1
999,30,12.0,1,1
999,31,4.0,1,1
999,32,10.0,1,1
999,33,10.0,1,1
1000,0,62.0,1,1
1000,1,66.0,1,1
1000,2,53.0,1,1
1000,3,20.0,1,1
1000,4,17.0,1,1
1000,5,55.0,1,1
1000,6,0.0,1,1
1000,7,72.0,1,1
1000,8,9.0,1,1
1000,9,0.0,1,1
1000,10,7.0,1,1
1000,11,33.0,1,1
1000,12,14.0,1,1
1000,13,0.0,1,1
1000,14,9.0,1,1
1000,15,29.0,1,1
1000,16,4.0,1,1
1000,17,77.0,1,1
1000,18,64.0,1,1
1000,19,31.0,1,1
1000,20,15.0,1,1
1000,21,58.0,1,1
1000,22,10.0,1,1
1000,23,27.0,1,1
1000,24,1.0,1,1
1000,25,9.0,1,1
1000,26,12.0,1,1
1000,27,0.0,1,1
1000,28,19.0,1,1
1000,29,6.0,1,1
1000,30,19.0,1,1
1000,31,6.0,1,1
1000,32,11.0,1,1
1000,33,6.0,1,1
1001,0,41.0,1,1
1001,1,67.0,1,1
1001,2,48.0,1,1
1001,3,22.0,1,1
1001,4,17.0,1,1
1001,5,42.0,1,1
1001,6,0.0,1,1
1001,7,56.0,1,1
1001,8,9.0,1,1
1001,9,0.0,1,1
1001,10,4.0,1,1
1001,11,41.0,1,1
1001,12,5.0,1,1
1001,13,2.0,1,1
1001,14,10.0,1,1
1001,15,26.0,1,1
1001,16,2.0,1,1
1001,17,64.0,1,1
1001,18,84.0,1,1
1001,19,25.0,1,1
1001,20,22.0,1,1
1001,21,53.0,1,1
1001,22,10.0,1,1
1001,23,40.0,1,1
1001,24,0.0,1,1
1001,25,7.0,1,1
1001,26,21.0,1,1
1001,27,0.0,1,1
1001,28,13.0,1,1
1001,29,15.0,1,1
1001,30,12.0,1,1
1001,31,0.0,1,1
1001,32,13.0,1,1
1001,33,10.0,1,1
1002,0,55.0,1,1
1002,1,62.0,1,1
1002,2,45.0,1,1
1002,3,25.0,1,1
1002,4,10.0,1,1
1002,5,43.0,1,1
1002,6,0.0,1,1
1002,7,61.0,1,1
1002,8,12.0,1,1
1002,9,0.0,1,1
1002,10,5.0,1,1
1002,11,48.0,1,1
1002,12,12.0,1,1
1002,13,0.0,1,1
1002,14,8.0,1,1
1002,15,31.0,1,1
1002,16,1.0,1,1
1002,17,62.0,1,1
1002,18,75.0,1,1
1002,19,12.0,1,1
1002,20,24.0,1,1
1002,21,33.0,1,1
1002,22,2.0,1,1
1002,23,29.0,1,1
1002,24,1.0,1,1
1002,25,7.0,1,1
1002,26,8.0,1,1
1002,27,0.0,1,1
1002,28,23.0,1,1
1002,29,2.0,1,1
1002,30,9.0,1,1
1002,31,1.0,1,1
1002,32,10.0,1,1
1002,33,7.0,1,1
1003,0,41.0,1,1
1003,1,55.0,1,1
1003,2,55.0,1,1
1003,3,17.0,1,1
1003,4,20.0,1,1
1003,5,32.0,1,1
1003,6,0.0,1,1
1003,7,49.0,1,1
1003,8,5.0,1,1
1003,9,0.0,1,1
1003,10,1.0,1,1
1003,11,28.0,1,1
1003,12,11.0,1,1
1003,13,1.0,1,1
1003,14,11.0,1,1
1003,15,36.0,1,1
1003,16,0.0,1,1
1003,17,44.0,1,1
1003,18,58.0,1,1
1003,19,17.0,1,1
1003,20,13.0,1,1
1003,21,14.0,1,1
1003,22,3.0,1,1
1003,23,30.0,1,1
1003,24,2.0,1,1
1003,25,5.0,1,1
1003,26,3.0,1,1
1003,27,0.0,1,1
1003,28,9.0,1,1
1003,29,8.0,1,1
1003,30,6.0,1,1
1003,31,2.0,1,1
1003,32,15.0,1,1
1003,33,3.0,1,1
1004,0,39.0,1,1
1004,1,45.0,1,1
1004,2,48.0,1,1
1004,3,10.0,1,1
1004,4,14.0,1,1
1004,5,30.0,1,1
1004,6,0.0,1,1
1004,7,57.0,1,1
1004,8,12.0,1,1
1004,9,0.0,1,1
1004,10,8.0,1,1
1004,11,39.0,1,1
1004,12,7.0,1,1
1004,13,0.0,1,1
1004,14,7.0,1,1
1004,15,27.0,1,1
1004,16,1.0,1,1
1004,17,40.0,1,1
1004,18,64.0,1,1
1004,19,17.0,1,1
1004,20,14.0,1,1
1004,21,19.0,1,1
1004,22,7.0,1,1
1004,23,32.0,1,1
1004,24,2.0,1,1
1004,25,7.0,1,1
1004,26,13.0,1,1
1004,27,0.0,1,1
1004,28,12.0,1,1
1004,29,10.0,1,1
1004,30,8.0,1,1
1004,31,3.0,1,1
1004,32,13.0,1,1
1004,33,5.0,1,1
1005,0,40.0,1,1
1005,1,48.0,1,1
1005,2,38.0,1,1
1005,3,13.0,1,1
1005,4,10.0,1,1
1005,5,40.0,1,1
1005,6,0.0,1,1
1005,7,57.0,1,1
1005,8,9.0,1,1
1005,9,0.0,1,1
1005,10,6.0,1,1
1005,11,39.0,1,1
1005,12,13.0,1,1
1005,13,3.0,1,1
1005,14,9.0,1,1
1005,15,28.0,1,1
1005,16,0.0,1,1
1005,17,38.0,1,1
1005,18,68.0,1,1
1005,19,12.0,1,1
1005,20,23.0,1,1
1005,21,14.0,1,1
1005,22,5.0,1,1
1005,23,28.0,1,1
1005,24,0.0,1,1
1005,25,9.0,1,1
1005,26,4.0,1,1
1005,27,0.0,1,1
1005,28,11.0,1,1
1005,29,7.0,1,1
1005,30,8.0,1,1
1005,31,5.0,1,1
1005,32,7.0,1,1
1005,33,3.0,1,1
1006,0,44.0,1,1
1006,1,52.0,1,1
1006,2,29.0,1,1
1006,3,6.0,1,1
1006,4,6.0,1,1
1006,5,40.0,1,1
1006,6,0.0,1,1
1006,7,39.0,1,1
1006,8,12.0,1,1
1006,9,0.0,1,1
1006,10,3.0,1,1
1006,11,24.0,1,1
1006,12,4.0,1,1
1006,13,0.0,1,1
1006,14,8.0,1,1
1006,15,30.0,1,1
1006,16,0.0,1,1
1006,17,51.0,1,1
1006,18,43.0,1,1
1006,19,9.0,1,1
1006,20,15.0,1,1
1006,21,66.0,1,1
1006,22,6.0,1,1
1006,23,18.0,1,1
1006,24,1.0,1,1
1006,25,5.0,1,1
1006,26,15.0,1,1
1006,27,0.0,1,1
1006,28,14.0,1,1
1006,29,9.0,1,1
1006,30,5.0,1,1
1006,31,2.0,1,1
1006,32,11.0,1,1
1006,33,3.0,1,1
1007,0,40.0,1,1
1007,1,43.0,1,1
1007,2,47.0,1,1
1007,3,8.0,1,1
1007,4,12.0,1,1
1007,5,32.0,1,1
1007,6,0.0,1,1
1007,7,45.0,1,1
1007,8,14.0,1,1
1007,9,0.0,1,1
1007,10,8.0,1,1
1007,11,36.0,1,1
1007,12,7.0,1,1
1007,13,0.0,1,1
1007,14,5.0,1,1
1007,15,28.0,1,1
1007,16,2.0,1,1
1007,17,51.0,1,1
1007,18,67.0,1,1
1007,19,15.0,1,1
1007,20,13.0,1,1
1007,21,24.0,1,1
1007,22,4.0,1,1
1007,23,15.0,1,1
1007,24,2.0,1,1
1007,25,6.0,1,1
1007,26,8.0,1,1
1007,27,0.0,1,1
1007,28,16.0,1,1
1007,29,7.0,1,1
1007,30,11.0,1,1
1007,31,1.0,1,1
1007,32,10.0,1,1
1007,33,3.0,1,1
1008,0,33.0,1,1
1008,1,41.0,1,1
1008,2,37.0,1,1
1008,3,5.0,1,1
1008,4,9.0,1,1
1008,5,37.0,1,1
1008,6,0.0,1,1
1008,7,39.0,1,1
1008,8,2.0,1,1
1008,9,0.0,1,1
1008,10,4.0,1,1
1008,11,23.0,1,1
1008,12,7.0,1,1
1008,13,0.0,1,1
1008,14,1.0,1,1
1008,15,19.0,1,1
1008,16,1.0,1,1
1008,17,44.0,1,1
1008,18,40.0,1,1
1008,19,6.0,1,1
1008,20,15.0,1,1
1008,21,13.0,1,1
1008,22,2.0,1,1
1008,23,19.0,1,1
1008,24,0.0,1,1
1008,25,10.0,1,1
1008,26,8.0,1,1
1008,27,0.0,1,1
1008,28,9.0,1,1
1008,29,7.0,1,1
1008,30,12.0,1,1
1008,31,2.0,1,1
1008,32,5.0,1,1
1008,33,3.0,1,1
1009,0,29.0,1,1
1009,1,35.0,1,1
1009,2,27.0,1,1
1009,3,7.0,1,1
1009,4,7.0,1,1
1009,5,25.0,1,1
1009,6,0.0,1,1
1009,7,28.0,1,1
1009,8,7.0,1,1
1009,9,0.0,1,1
1009,10,2.0,1,1
1009,11,20.0,1,1
1009,12,2.0,1,1
1009,13,0.0,1,1
1009,14,10.0,1,1
1009,15,29.0,1,1
1009,16,2.0,1,1
1009,17,45.0,1,1
1009,18,51.0,1,1
1009,19,8.0,1,1
1009,20,15.0,1,1
1009,21,25.0,1,1
1009,22,3.0,1,1
1009,23,13.0,1,1
1009,24,3.0,1,1
1009,25,3.0,1,1
1009,26,2.0,1,1
1009,27,0.0,1,1
1009,28,8.0,1,1
1009,29,3.0,1,1
1009,30,7.0,1,1
1009,31,1.0,1,1
1009,32,5.0,1,1
1009,33,4.0,1,1
1010,0,29.0,1,1
1010,1,30.0,1,1
1010,2,23.0,1,1
1010,3,6.0,1,1
1010,4,9.0,1,1
1010,5,21.0,1,1
1010,6,0.0,1,1
1010,7,30.0,1,1
1010,8,5.0,1,1
1010,9,0.0,1,1
1010,10,5.0,1,1
1010,11,18.0,1,1
1010,12,6.0,1,1
1010,13,0.0,1,1
1010,14,14.0,1,1
1010,15,27.0,1,1
1010,16,1.0,1,1
1010,17,34.0,1,1
1010,18,39.0,1,1
1010,19,10.0,1,1
1010,20,13.0,1,1
1010,21,48.0,1,1
1010,22,5.0,1,1
1010,23,14.0,1,1
1010,24,1.0,1,1
1010,25,2.0,1,1
1010,26,3.0,1,1
1010,27,0.0,1,1
1010,28,7.0,1,1
1010,29,5.0,1,1
1010,30,2.0,1,1
1010,31,3.0,1,1
1010,32,8.0,1,1
1010,33,4.0,1,1
1011,0,25.0,1,1
1011,1,20.0,1,1
1011,2,31.0,1,1
1011,3,3.0,1,1
1011,4,7.0,1,1
1011,5,17.0,1,1
1011,6,0.0,1,1
1011,7,37.0,1,1
1011,8,4.0,1,1
1011,9,0.0,1,1
1011,10,2.0,1,1
1011,11,20.0,1,1
1011,12,4.0,1,1
1011,13,0.0,1,1
1011,14,5.0,1,1
1011,15,18.0,1,1
1011,16,0.0,1,1
1011,17,29.0,1,1
1011,18,35.0,1,1
1011,19,9.0,1,1
1011,20,12.0,1,1
1011,21,13.0,1,1
1011,22,6.0,1,1
1011,23,6.0,1,1
1011,24,1.0,1,1
1011,25,5.0,1,1
1011,26,10.0,1,1
1011,27,0.0,1,1
1011,28,8.0,1,1
1011,29,2.0,1,1
1011,30,3.0,1,1
1011,31,0.0,1,1
1011,32,8.0,1,1
1011,33,2.0,1,1
1012,0,22.0,1,1
1012,1,23.0,1,1
1012,2,17.0,1,1
1012,3,3.0,1,1
1012,4,6.0,1,1
1012,5,18.0,1,1
1012,6,0.0,1,1
1012,7,21.0,1,1
1012,8,5.0,1,1
1012,9,0.0,1,1
1012,10,0.0,1,1
1012,11,12.0,1,1
1012,12,8.0,1,1
1012,13,3.0,1,1
1012,14,3.0,1,1
1012,15,19.0,1,1
1012,16,1.0,1,1
1012,17,20.0,1,1
1012,18,27.0,1,1
1012,19,8.0,1,1
1012,20,15.0,1,1
1012,21,7.0,1,1
1012,22,4.0,1,1
1012,23,11.0,1,1
1012,24,0.0,1,1
1012,25,1.0,1,1
1012,26,5.0,1,1
1012,27,0.0,1,1
1012,28,6.0,1,1
1012,29,2.0,1,1
1012,30,4.0,1,1
1012,31,1.0,1,1
1012,32,1.0,1,1
1012,33,2.0,1,1
1013,0,18.0,1,1
1013,1,17.0,1,1
1013,2,18.0,1,1
1013,3,3.0,1,1
1013,4,4.0,1,1
1013,5,17.0,1,1
1013,6,0.0,1,1
1013,7,32.0,1,1
1013,8,3.0,1,1
1013,9,0.0,1,1
1013,10,4.0,1,1
1013,11,16.0,1,1
1013,12,0.0,1,1
1013,13,2.0,1,1
1013,14,4.0,1,1
1013,15,25.0,1,1
1013,16,0.0,1,1
1013,17,26.0,1,1
1013,18,25.0,1,1
1013,19,5.0,1,1
1013,20,6.0,1,1
1013,21,11.0,1,1
1013,22,4.0,1,1
1013,23,13.0,1,1
1013,24,0.0,1,1
1013,25,2.0,1,1
1013,26,10.0,1,1
1013,27,0.0,1,1
1013,28,6.0,1,1
1013,29,2.0,1,1
1013,30,1.0,1,1
1013,31,0.0,1,1
1013,32,5.0,1,1
1013,33,0.0,1,1
1014,0,17.0,1,1
1014,1,21.0,1,1
1014,2,21.0,1,1
1014,3,3.0,1,1
1014,4,7.0,1,1
1014,5,16.0,1,1
1014,6,0.0,1,1
1014,7,24.0,1,1
1014,8,5.0,1,1
1014,9,0.0,1,1
1014,10,1.0,1,1
1014,11,15.0,1,1
1014,12,3.0,1,1
1014,13,0.0,1,1
1014,14,2.0,1,1
1014,15,17.0,1,1
1014,16,2.0,1,1
1014,17,17.0,1,1
1014,18,21.0,1,1
1014,19,6.0,1,1
1014,20,10.0,1,1
1014,21,11.0,1,1
1014,22,1.0,1,1
1014,23,12.0,1,1
1014,24,0.0,1,1
1014,25,3.0,1,1
1014,26,5.0,1,1
1014,27,0.0,1,1
1014,28,4.0,1,1
1014,29,1.0,1,1
1014,30,0.0,1,1
1014,31,1.0,1,1
1014,32,6.0,1,1
1014,33,1.0,1,1
1015,0,23.0,1,1
1015,1,21.0,1,1
1015,2,15.0,1,1
1015,3,2.0,1,1
1015,4,13.0,1,1
1015,5,16.0,1,1
1015,6,0.0,1,1
1015,7,16.0,1,1
1015,8,6.0,1,1
1015,9,0.0,1,1
1015,10,0.0,1,1
1015,11,9.0,1,1
1015,12,5.0,1,1
1015,13,0.0,1,1
1015,14,0.0,1,1
1015,15,21.0,1,1
1015,16,0.0,1,1
1015,17,22.0,1,1
1015,18,28.0,1,1
1015,19,4.0,1,1
1015,20,3.0,1,1
1015,21,52.0,1,1
1015,22,1.0,1,1
1015,23,10.0,1,1
1015,24,1.0,1,1
1015,25,1.0,1,1
1015,26,1.0,1,1
1015,27,0.0,1,1
1015,28,7.0,1,1
1015,29,2.0,1,1
1015,30,4.0,1,1
1015,31,0.0,1,1
1015,32,2.0,1,1
1015,33,1.0,1,1
1016,0,12.0,1,1
1016,1,13.0,1,1
1016,2,7.0,1,1
1016,3,1.0,1,1
1016,4,4.0,1,1
1016,5,9.0,1,1
1016,6,0.0,1,1
1016,7,13.0,1,1
1016,8,7.0,1,1
1016,9,0.0,1,1
1016,10,1.0,1,1
1016,11,13.0,1,1
1016,12,4.0,1,1
1016,13,2.0,1,1
1016,14,1.0,1,1
1016,15,8.0,1,1
1016,16,0.0,1,1
1016,17,10.0,1,1
1016,18,23.0,1,1
1016,19,3.0,1,1
1016,20,3.0,1,1
1016,21,12.0,1,1
1016,22,2.0,1,1
1016,23,3.0,1,1
1016,24,0.0,1,1
1016,25,2.0,1,1
1016,26,2.0,1,1
1016,27,0.0,1,1
1016,28,3.0,1,1
1016,29,1.0,1,1
1016,30,1.0,1,1
1016,31,1.0,1,1
1016,32,2.0,1,1
1016,33,1.0,1,1
1017,0,18.0,1,1
1017,1,11.0,1,1
1017,2,4.0,1,1
1017,3,2.0,1,1
1017,4,2.0,1,1
1017,5,7.0,1,1
1017,6,0.0,1,1
1017,7,10.0,1,1
1017,8,2.0,1,1
1017,9,0.0,1,1
1017,10,0.0,1,1
1017,11,6.0,1,1
1017,12,0.0,1,1
1017,13,3.0,1,1
1017,14,1.0,1,1
1017,15,10.0,1,1
1017,16,1.0,1,1
1017,17,7.0,1,1
1017,18,10.0,1,1
1017,19,5.0,1,1
1017,20,2.0,1,1
1017,21,2.0,1,1
1017,22,1.0,1,1
1017,23,5.0,1,1
1017,24,0.0,1,1
1017,25,4.0,1,1
1017,26,3.0,1,1
1017,27,0.0,1,1
1017,28,1.0,1,1
1017,29,1.0,1,1
1017,30,5.0,1,1
1017,31,0.0,1,1
1017,32,4.0,1,1
1017,33,0.0,1,1
1018,0,7.0,1,1
1018,1,14.0,1,1
1018,2,6.0,1,1
1018,3,3.0,1,1
1018,4,2.0,1,1
1018,5,10.0,1,1
1018,6,0.0,1,1
1018,7,11.0,1,1
1018,8,4.0,1,1
1018,9,0.0,1,1
1018,10,0.0,1,1
1018,11,6.0,1,1
1018,12,3.0,1,1
1018,13,2.0,1,1
1018,14,9.0,1,1
1018,15,8.0,1,1
1018,16,0.0,1,1
1018,17,12.0,1,1
1018,18,7.0,1,1
1018,19,4.0,1,1
1018,20,7.0,1,1
1018,21,2.0,1,1
1018,22,0.0,1,1
1018,23,5.0,1,1
1018,24,0.0,1,1
1018,25,0.0,1,1
1018,26,1.0,1,1
1018,27,0.0,1,1
1018,28,3.0,1,1
1018,29,1.0,1,1
1018,30,0.0,1,1
1018,31,0.0,1,1
1018,32,2.0,1,1
1018,33,2.0,1,1
1019,0,7.0,1,1
1019,1,6.0,1,1
1019,2,4.0,1,1
1019,3,2.0,1,1
1019,4,5.0,1,1
1019,5,4.0,1,1
1019,6,0.0,1,1
1019,7,8.0,1,1
1019,8,1.0,1,1
1019,9,0.0,1,1
1019,10,2.0,1,1
1019,11,4.0,1,1
1019,12,5.0,1,1
1019,13,0.0,1,1
1019,14,1.0,1,1
1019,15,8.0,1,1
1019,16,0.0,1,1
1019,17,11.0,1,1
1019,18,14.0,1,1
1019,19,2.0,1,1
1019,20,6.0,1,1
1019,21,4.0,1,1
1019,22,0.0,1,1
1019,23,3.0,1,1
1019,24,0.0,1,1
1019,25,1.0,1,1
1019,26,4.0,1,1
1019,27,0.0,1,1
1019,28,7.0,1,1
1019,29,0.0,1,1
1019,30,2.0,1,1
1019,31,0.0,1,1
1019,32,2.0,1,1
1019,33,0.0,1,1
1020,0,8.0,1,1
1020,1,12.0,1,1
1020,2,3.0,1,1
1020,3,2.0,1,1
1020,4,3.0,1,1
1020,5,7.0,1,1
1020,6,0.0,1,1
1020,7,9.0,1,1
1020,8,6.0,1,1
1020,9,0.0,1,1
1020,10,0.0,1,1
1020,11,9.0,1,1
1020,12,3.0,1,1
1020,13,0.0,1,1
1020,14,5.0,1,1
1020,15,9.0,1,1
1020,16,0.0,1,1
1020,17,7.0,1,1
1020,18,13.0,1,1
1020,19,4.0,1,1
1020,20,0.0,1,1
1020,21,3.0,1,1
1020,22,0.0,1,1
1020,23,3.0,1,1
1020,24,0.0,1,1
1020,25,0.0,1,1
1020,26,3.0,1,1
1020,27,0.0,1,1
1020,28,2.0,1,1
1020,29,0.0,1,1
1020,30,0.0,1,1
1020,31,0.0,1,1
1020,32,3.0,1,1
1020,33,1.0,1,1
1021,0,10.0,1,1
1021,1,9.0,1,1
1021,2,3.0,1,1
1021,3,2.0,1,1
1021,4,2.0,1,1
1021,5,8.0,1,1
1021,6,0.0,1,1
1021,7,9.0,1,1
1021,8,1.0,1,1
1021,9,0.0,1,1
1021,10,0.0,1,1
1021,11,5.0,1,1
1021,12,0.0,1,1
1021,13,3.0,1,1
1021,14,2.0,1,1
1021,15,8.0,1,1
1021,16,0.0,1,1
1021,17,9.0,1,1
1021,18,7.0,1,1
1021,19,3.0,1,1
1021,20,1.0,1,1
1021,21,3.0,1,1
1021,22,0.0,1,1
1021,23,2.0,1,1
1021,24,0.0,1,1
1021,25,0.0,1,1
1021,26,0.0,1,1
1021,27,0.0,1,1
1021,28,4.0,1,1
1021,29,3.0,1,1
1021,30,3.0,1,1
1021,31,0.0,1,1
1021,32,3.0,1,1
1021,33,0.0,1,1
1022,0,7.0,1,1
1022,1,14.0,1,1
1022,2,3.0,1,1
1022,3,2.0,1,1
1022,4,1.0,1,1
1022,5,8.0,1,1
1022,6,0.0,1,1
1022,7,8.0,1,1
1022,8,2.0,1,1
1022,9,0.0,1,1
1022,10,2.0,1,1
1022,11,4.0,1,1
1022,12,0.0,1,1
1022,13,0.0,1,1
1022,14,3.0,1,1
1022,15,8.0,1,1
1022,16,0.0,1,1
1022,17,3.0,1,1
1022,18,5.0,1,1
1022,19,2.0,1,1
1022,20,1.0,1,1
1022,21,4.0,1,1
1022,22,0.0,1,1
1022,23,3.0,1,1
1022,24,0.0,1,1
1022,25,0.0,1,1
1022,26,3.0,1,1
1022,27,0.0,1,1
1022,28,2.0,1,1
1022,29,0.0,1,1
1022,30,2.0,1,1
1022,31,2.0,1,1
1022,32,1.0,1,1
1022,33,0.0,1,1
1023,0,6.0,1,1
1023,1,11.0,1,1
1023,2,0.0,1,1
1023,3,1.0,1,1
1023,4,1.0,1,1
1023,5,7.0,1,1
1023,6,0.0,1,1
1023,7,8.0,1,1
1023,8,1.0,1,1
1023,9,0.0,1,1
1023,10,0.0,1,1
1023,11,7.0,1,1
1023,12,3.0,1,1
1023,13,0.0,1,1
1023,14,0.0,1,1
1023,15,13.0,1,1
1023,16,0.0,1,1
1023,17,8.0,1,1
1023,18,11.0,1,1
1023,19,4.0,1,1
1023,20,0.0,1,1
1023,21,2.0,1,1
1023,22,0.0,1,1
1023,23,5.0,1,1
1023,24,0.0,1,1
1023,25,2.0,1,1
1023,26,0.0,1,1
1023,27,0.0,1,1
1023,28,1.0,1,1
1023,29,1.0,1,1
1023,30,3.0,1,1
1023,31,1.0,1,1
1023,32,1.0,1,1
1023,33,0.0,1,1
1024,0,11.0,1,1
1024,1,10.0,1,1
1024,2,2.0,1,1
1024,3,2.0,1,1
1024,4,0.0,1,1
1024,5,7.0,1,1
1024,6,0.0,1,1
1024,7,6.0,1,1
1024,8,3.0,1,1
1024,9,0.0,1,1
1024,10,4.0,1,1
1024,11,2.0,1,1
1024,12,5.0,1,1
1024,13,2.0,1,1
1024,14,0.0,1,1
1024,15,7.0,1,1
1024,16,0.0,1,1
1024,17,6.0,1,1
1024,18,5.0,1,1
1024,19,1.0,1,1
1024,20,1.0,1,1
1024,21,2.0,1,1
1024,22,0.0,1,1
1024,23,3.0,1,1
1024,24,0.0,1,1
1024,25,0.0,1,1
1024,26,2.0,1,1
1024,27,0.0,1,1
1024,28,1.0,1,1
1024,29,0.0,1,1
1024,30,2.0,1,1
1024,31,0.0,1,1
1024,32,2.0,1,1
1024,33,0.0,1,1
1025,0,7.0,1,1
1025,1,11.0,1,1
1025,2,3.0,1,1
1025,3,0.0,1,1
1025,4,0.0,1,1
1025,5,6.0,1,1
1025,6,0.0,1,1
1025,7,3.0,1,1
1025,8,1.0,1,1
1025,9,0.0,1,1
1025,10,1.0,1,1
1025,11,3.0,1,1
1025,12,3.0,1,1
1025,13,2.0,1,1
1025,14,3.0,1,1
1025,15,6.0,1,1
1025,16,0.0,1,1
1025,17,5.0,1,1
1025,18,7.0,1,1
1025,19,0.0,1,1
1025,20,1.0,1,1
1025,21,4.0,1,1
1025,22,3.0,1,1
1025,23,4.0,1,1
1025,24,0.0,1,1
1025,25,4.0,1,1
1025,26,0.0,1,1
1025,27,0.0,1,1
1025,28,3.0,1,1
1025,29,0.0,1,1
1025,30,1.0,1,1
1025,31,0.0,1,1
1025,32,2.0,1,1
1025,33,0.0,1,1
1026,0,7.0,1,1
1026,1,10.0,1,1
1026,2,2.0,1,1
1026,3,0.0,1,1
1026,4,2.0,1,1
1026,5,7.0,1,1
1026,6,0.0,1,1
1026,7,9.0,1,1
1026,8,1.0,1,1
1026,9,0.0,1,1
1026,10,0.0,1,1
1026,11,6.0,1,1
1026,12,1.0,1,1
1026,13,3.0,1,1
1026,14,0.0,1,1
1026,15,4.0,1,1
1026,16,1.0,1,1
1026,17,6.0,1,1
1026,18,10.0,1,1
1026,19,2.0,1,1
1026,20,1.0,1,1
1026,21,2.0,1,1
1026,22,1.0,1,1
1026,23,4.0,1,1
1026,24,0.0,1,1
1026,25,2.0,1,1
1026,26,1.0,1,1
1026,27,0.0,1,1
1026,28,1.0,1,1
1026,29,0.0,1,1
1026,30,0.0,1,1
1026,31,0.0,1,1
1026,32,1.0,1,1
1026,33,0.0,1,1
1027,0,2.0,1,1
1027,1,9.0,1,1
1027,2,2.0,1,1
1027,3,0.0,1,1
1027,4,2.0,1,1
1027,5,8.0,1,1
1027,6,0.0,1,1
1027,7,2.0,1,1
1027,8,0.0,1,1
1027,9,0.0,1,1
1027,10,1.0,1,1
1027,11,0.0,1,1
1027,12,2.0,1,1
1027,13,1.0,1,1
1027,14,2.0,1,1
1027,15,4.0,1,1
1027,16,0.0,1,1
1027,17,8.0,1,1
1027,18,3.0,1,1
1027,19,0.0,1,1
1027,20,2.0,1,1
1027,21,0.0,1,1
1027,22,0.0,1,1
1027,23,3.0,1,1
1027,24,0.0,1,1
1027,25,1.0,1,1
1027,26,0.0,1,1
1027,27,0.0,1,1
1027,28,1.0,1,1
1027,29,1.0,1,1
1027,30,0.0,1,1
1027,31,0.0,1,1
1027,32,1.0,1,1
1027,33,2.0,1,1
1028,0,6.0,1,1
1028,1,7.0,1,1
1028,2,1.0,1,1
1028,3,1.0,1,1
1028,4,0.0,1,1
1028,5,4.0,1,1
1028,6,0.0,1,1
1028,7,8.0,1,1
1028,8,4.0,1,1
1028,9,0.0,1,1
1028,10,0.0,1,1
1028,11,3.0,1,1
1028,12,0.0,1,1
1028,13,2.0,1,1
1028,14,0.0,1,1
1028,15,4.0,1,1
1028,16,0.0,1,1
1028,17,4.0,1,1
1028,18,5.0,1,1
1028,19,1.0,1,1
1028,20,2.0,1,1
1028,21,2.0,1,1
1028,22,0.0,1,1
1028,23,1.0,1,1
1028,24,0.0,1,1
1028,25,1.0,1,1
1028,26,0.0,1,1
1028,27,0.0,1,1
1028,28,0.0,1,1
1028,29,1.0,1,1
1028,30,0.0,1,1
1028,31,0.0,1,1
1028,32,2.0,1,1
1028,33,1.0,1,1
1029,0,3.0,1,1
1029,1,4.0,1,1
1029,2,1.0,1,1
1029,3,4.0,1,1
1029,4,3.0,1,1
1029,5,4.0,1,1
1029,6,0.0,1,1
1029,7,7.0,1,1
1029,8,0.0,1,1
1029,9,0.0,1,1
1029,10,0.0,1,1
1029,11,7.0,1,1
1029,12,2.0,1,1
1029,13,0.0,1,1
1029,14,0.0,1,1
1029,15,0.0,1,1
1029,16,0.0,1,1
1029,17,3.0,1,1
1029,18,9.0,1,1
1029,19,2.0,1,1
1029,20,0.0,1,1
1029,21,1.0,1,1
1029,22,1.0,1,1
1029,23,2.0,1,1
1029,24,0.0,1,1
1029,25,1.0,1,1
1029,26,2.0,1,1
1029,27,0.0,1,1
1029,28,1.0,1,1
1029,29,0.0,1,1
1029,30,1.0,1,1
1029,31,0.0,1,1
1029,32,1.0,1,1
1029,33,0.0,1,1
1030,0,7.0,1,1
1030,1,6.0,1,1
1030,2,1.0,1,1
1030,3,0.0,1,1
1030,4,2.0,1,1
1030,5,6.0,1,1
1030,6,0.0,1,1
1030,7,3.0,1,1
1030,8,0.0,1,1
1030,9,0.0,1,1
1030,10,0.0,1,1
1030,11,1.0,1,1
1030,12,1.0,1,1
1030,13,0.0,1,1
1030,14,0.0,1,1
1030,15,2.0,1,1
1030,16,0.0,1,1
1030,17,8.0,1,1
1030,18,3.0,1,1
1030,19,1.0,1,1
1030,20,0.0,1,1
1030,21,0.0,1,1
1030,22,0.0,1,1
1030,23,3.0,1,1
1030,24,1.0,1,1
1030,25,0.0,1,1
1030,26,1.0,1,1
1030,27,0.0,1,1
1030,28,0.0,1,1
1030,29,0.0,1,1
1030,30,0.0,1,1
1030,31,0.0,1,1
1030,32,0.0,1,1
1030,33,0.0,1,1
1031,0,2.0,1,1
1031,1,3.0,1,1
1031,2,1.0,1,1
1031,3,0.0,1,1
1031,4,0.0,1,1
1031,5,2.0,1,1
1031,6,0.0,1,1
1031,7,4.0,1,1
1031,8,0.0,1,1
1031,9,0.0,1,1
1031,10,0.0,1,1
1031,11,5.0,1,1
1031,12,0.0,1,1
1031,13,0.0,1,1
1031,14,0.0,1,1
1031,15,3.0,1,1
1031,16,0.0,1,1
1031,17,7.0,1,1
1031,18,3.0,1,1
1031,19,1.0,1,1
1031,20,0.0,1,1
1031,21,3.0,1,1
1031,22,0.0,1,1
1031,23,3.0,1,1
1031,24,0.0,1,1
1031,25,0.0,1,1
1031,26,0.0,1,1
1031,27,0.0,1,1
1031,28,0.0,1,1
1031,29,0.0,1,1
1031,30,1.0,1,1
1031,31,0.0,1,1
1031,32,0.0,1,1
1031,33,0.0,1,1
1032,0,2.0,1,1
1032,1,9.0,1,1
1032,2,0.0,1,1
1032,3,1.0,1,1
1032,4,4.0,1,1
1032,5,1.0,1,1
1032,6,0.0,1,1
1032,7,4.0,1,1
1032,8,0.0,1,1
1032,9,0.0,1,1
1032,10,0.0,1,1
1032,11,3.0,1,1
1032,12,1.0,1,1
1032,13,0.0,1,1
1032,14,1.0,1,1
1032,15,6.0,1,1
1032,16,0.0,1,1
1032,17,4.0,1,1
1032,18,4.0,1,1
1032,19,0.0,1,1
1032,20,0.0,1,1
1032,21,0.0,1,1
1032,22,0.0,1,1
1032,23,2.0,1,1
1032,24,0.0,1,1
1032,25,0.0,1,1
1032,26,0.0,1,1
1032,27,0.0,1,1
1032,28,0.0,1,1
1032,29,1.0,1,1
1032,30,0.0,1,1
1032,31,3.0,1,1
1032,32,0.0,1,1
1032,33,2.0,1,1
1033,0,8.0,1,1
1033,1,6.0,1,1
1033,2,1.0,1,1
1033,3,0.0,1,1
1033,4,1.0,1,1
1033,5,8.0,1,1
1033,6,0.0,1,1
1033,7,4.0,1,1
1033,8,1.0,1,1
1033,9,0.0,1,1
1033,10,0.0,1,1
1033,11,3.0,1,1
1033,12,0.0,1,1
1033,13,0.0,1,1
1033,14,0.0,1,1
1033,15,1.0,1,1
1033,16,1.0,1,1
1033,17,6.0,1,1
1033,18,2.0,1,1
1033,19,0.0,1,1
1033,20,1.0,1,1
1033,21,1.0,1,1
1033,22,1.0,1,1
1033,23,3.0,1,1
1033,24,0.0,1,1
1033,25,0.0,1,1
1033,26,0.0,1,1
1033,27,0.0,1,1
1033,28,0.0,1,1
1033,29,1.0,1,1
1033,30,1.0,1,1
1033,31,0.0,1,1
1033,32,1.0,1,1
1033,33,1.0,1,1
1034,0,1.0,1,1
1034,1,4.0,1,1
1034,2,1.0,1,1
1034,3,1.0,1,1
1034,4,1.0,1,1
1034,5,4.0,1,1
1034,6,0.0,1,1
1034,7,1.0,1,1
1034,8,1.0,1,1
1034,9,0.0,1,1
1034,10,0.0,1,1
1034,11,1.0,1,1
1034,12,4.0,1,1
1034,13,2.0,1,1
1034,14,3.0,1,1
1034,15,2.0,1,1
1034,16,0.0,1,1
1034,17,9.0,1,1
1034,18,3.0,1,1
1034,19,1.0,1,1
1034,20,2.0,1,1
1034,21,2.0,1,1
1034,22,0.0,1,1
1034,23,4.0,1,1
1034,24,0.0,1,1
1034,25,0.0,1,1
1034,26,1.0,1,1
1034,27,0.0,1,1
1034,28,0.0,1,1
1034,29,0.0,1,1
1034,30,1.0,1,1
1034,31,0.0,1,1
1034,32,1.0,1,1
1034,33,1.0,1,1
1035,0,1.0,1,1
1035,1,5.0,1,1
1035,2,1.0,1,1
1035,3,1.0,1,1
1035,4,0.0,1,1
1035,5,2.0,1,1
1035,6,0.0,1,1
1035,7,4.0,1,1
1035,8,1.0,1,1
1035,9,0.0,1,1
1035,10,0.0,1,1
1035,11,2.0,1,1
1035,12,0.0,1,1
1035,13,0.0,1,1
1035,14,0.0,1,1
1035,15,5.0,1,1
1035,16,0.0,1,1
1035,17,3.0,1,1
1035,18,3.0,1,1
1035,19,1.0,1,1
1035,20,0.0,1,1
1035,21,1.0,1,1
1035,22,0.0,1,1
1035,23,1.0,1,1
1035,24,0.0,1,1
1035,25,0.0,1,1
1035,26,4.0,1,1
1035,27,0.0,1,1
1035,28,0.0,1,1
1035,29,0.0,1,1
1035,30,0.0,1,1
1035,31,0.0,1,1
1035,32,0.0,1,1
1035,33,0.0,1,1
1036,0,0.0,1,1
1036,1,5.0,1,1
1036,2,1.0,1,1
1036,3,2.0,1,1
1036,4,0.0,1,1
1036,5,4.0,1,1
1036,6,0.0,1,1
1036,7,4.0,1,1
1036,8,3.0,1,1
1036,9,0.0,1,1
1036,10,1.0,1,1
1036,11,4.0,1,1
1036,12,0.0,1,1
1036,13,3.0,1,1
1036,14,0.0,1,1
1036,15,0.0,1,1
1036,16,0.0,1,1
1036,17,1.0,1,1
1036,18,0.0,1,1
1036,19,1.0,1,1
1036,20,0.0,1,1
1036,21,0.0,1,1
1036,22,1.0,1,1
1036,23,0.0,1,1
1036,24,0.0,1,1
1036,25,0.0,1,1
1036,26,1.0,1,1
1036,27,0.0,1,1
1036,28,0.0,1,1
1036,29,1.0,1,1
1036,30,0.0,1,1
1036,31,0.0,1,1
1036,32,1.0,1,1
1036,33,1.0,1,1
1037,0,5.0,1,1
1037,1,4.0,1,1
1037,2,1.0,1,1
1037,3,1.0,1,1
1037,4,0.0,1,1
1037,5,4.0,1,1
1037,6,0.0,1,1
1037,7,3.0,1,1
1037,8,0.0,1,1
1037,9,0.0,1,1
1037,10,0.0,1,1
1037,11,2.0,1,1
1037,12,3.0,1,1
1037,13,0.0,1,1
1037,14,0.0,1,1
1037,15,4.0,1,1
1037,16,0.0,1,1
1037,17,2.0,1,1
1037,18,5.0,1,1
1037,19,0.0,1,1
1037,20,2.0,1,1
1037,21,3.0,1,1
1037,22,1.0,1,1
1037,23,1.0,1,1
1037,24,0.0,1,1
1037,25,2.0,1,1
1037,26,1.0,1,1
1037,27,0.0,1,1
1037,28,0.0,1,1
1037,29,1.0,1,1
1037,30,0.0,1,1
1037,31,0.0,1,1
1037,32,2.0,1,1
1037,33,0.0,1,1
1038,0,9.0,1,1
1038,1,9.0,1,1
1038,2,0.0,1,1
1038,3,0.0,1,1
1038,4,0.0,1,1
1038,5,3.0,1,1
1038,6,0.0,1,1
1038,7,3.0,1,1
1038,8,1.0,1,1
1038,9,0.0,1,1
1038,10,0.0,1,1
1038,11,2.0,1,1
1038,12,6.0,1,1
1038,13,2.0,1,1
1038,14,4.0,1,1
1038,15,2.0,1,1
1038,16,0.0,1,1
1038,17,7.0,1,1
1038,18,0.0,1,1
1038,19,1.0,1,1
1038,20,1.0,1,1
1038,21,1.0,1,1
1038,22,0.0,1,1
1038,23,4.0,1,1
1038,24,0.0,1,1
1038,25,1.0,1,1
1038,26,0.0,1,1
1038,27,0.0,1,1
1038,28,0.0,1,1
1038,29,0.0,1,1
1038,30,3.0,1,1
1038,31,2.0,1,1
1038,32,0.0,1,1
1038,33,0.0,1,1
1039,0,6.0,1,1
1039,1,11.0,1,1
1039,2,2.0,1,1
1039,3,1.0,1,1
1039,4,0.0,1,1
1039,5,8.0,1,1
1039,6,0.0,1,1
1039,7,1.0,1,1
1039,8,1.0,1,1
1039,9,0.0,1,1
1039,10,1.0,1,1
1039,11,1.0,1,1
1039,12,0.0,1,1
1039,13,0.0,1,1
1039,14,2.0,1,1
1039,15,2.0,1,1
1039,16,0.0,1,1
1039,17,5.0,1,1
1039,18,4.0,1,1
1039,19,1.0,1,1
1039,20,3.0,1,1
1039,21,1.0,1,1
1039,22,2.0,1,1
1039,23,1.0,1,1
1039,24,0.0,1,1
1039,25,1.0,1,1
1039,26,0.0,1,1
1039,27,0.0,1,1
1039,28,1.0,1,1
1039,29,1.0,1,1
1039,30,0.0,1,1
1039,31,0.0,1,1
1039,32,0.0,1,1
1039,33,0.0,1,1
1040,0,7.0,1,1
1040,1,11.0,1,1
1040,2,5.0,1,1
1040,3,0.0,1,1
1040,4,3.0,1,1
1040,5,5.0,1,1
1040,6,0.0,1,1
1040,7,2.0,1,1
1040,8,1.0,1,1
1040,9,0.0,1,1
1040,10,0.0,1,1
1040,11,1.0,1,1
1040,12,4.0,1,1
1040,13,0.0,1,1
1040,14,2.0,1,1
1040,15,2.0,1,1
1040,16,0.0,1,1
1040,17,4.0,1,1
1040,18,2.0,1,1
1040,19,1.0,1,1
1040,20,0.0,1,1
1040,21,0.0,1,1
1040,22,1.0,1,1
1040,23,3.0,1,1
1040,24,0.0,1,1
1040,25,2.0,1,1
1040,26,1.0,1,1
1040,27,0.0,1,1
1040,28,0.0,1,1
1040,29,0.0,1,1
1040,30,2.0,1,1
1040,31,1.0,1,1
1040,32,0.0,1,1
1040,33,2.0,1,1
1041,0,13.0,1,1
1041,1,10.0,1,1
1041,2,2.0,1,1
1041,3,0.0,1,1
1041,4,2.0,1,1
1041,5,4.0,1,1
1041,6,0.0,1,1
1041,7,8.0,1,1
1041,8,3.0,1,1
1041,9,0.0,1,1
1041,10,1.0,1,1
1041,11,1.0,1,1
1041,12,0.0,1,1
1041,13,2.0,1,1
1041,14,1.0,1,1
1041,15,0.0,1,1
1041,16,0.0,1,1
1041,17,5.0,1,1
1041,18,2.0,1,1
1041,19,1.0,1,1
1041,20,2.0,1,1
1041,21,0.0,1,1
1041,22,1.0,1,1
1041,23,4.0,1,1
1041,24,0.0,1,1
1041,25,0.0,1,1
1041,26,1.0,1,1
1041,27,0.0,1,1
1041,28,1.0,1,1
1041,29,0.0,1,1
1041,30,1.0,1,1
1041,31,2.0,1,1
1041,32,0.0,1,1
1041,33,0.0,1,1
1042,0,8.0,1,1
1042,1,4.0,1,1
1042,2,3.0,1,1
1042,3,1.0,1,1
1042,4,1.0,1,1
1042,5,2.0,1,1
1042,6,0.0,1,1
1042,7,3.0,1,1
1042,8,1.0,1,1
1042,9,0.0,1,1
1042,10,1.0,1,1
1042,11,4.0,1,1
1042,12,0.0,1,1
1042,13,1.0,1,1
1042,14,0.0,1,1
1042,15,2.0,1,1
1042,16,0.0,1,1
1042,17,4.0,1,1
1042,18,5.0,1,1
1042,19,2.0,1,1
1042,20,2.0,1,1
1042,21,2.0,1,1
1042,22,1.0,1,1
1042,23,3.0,1,1
1042,24,0.0,1,1
1042,25,1.0,1,1
1042,26,0.0,1,1
1042,27,0.0,1,1
1042,28,0.0,1,1
1042,29,0.0,1,1
1042,30,3.0,1,1
1042,31,1.0,1,1
1042,32,0.0,1,1
1042,33,1.0,1,1
1043,0,14.0,1,1
1043,1,9.0,1,1
1043,2,3.0,1,1
1043,3,2.0,1,1
1043,4,0.0,1,1
1043,5,4.0,1,1
1043,6,0.0,1,1
1043,7,8.0,1,1
1043,8,2.0,1,1
1043,9,0.0,1,1
1043,10,1.0,1,1
1043,11,4.0,1,1
1043,12,4.0,1,1
1043,13,1.0,1,1
1043,14,2.0,1,1
1043,15,2.0,1,1
1043,16,0.0,1,1
1043,17,6.0,1,1
1043,18,10.0,1,1
1043,19,1.0,1,1
1043,20,0.0,1,1
1043,21,2.0,1,1
1043,22,0.0,1,1
1043,23,4.0,1,1
1043,24,0.0,1,1
1043,25,0.0,1,1
1043,26,0.0,1,1
1043,27,0.0,1,1
1043,28,2.0,1,1
1043,29,0.0,1,1
1043,30,3.0,1,1
1043,31,0.0,1,1
1043,32,0.0,1,1
1043,33,0.0,1,1
1044,0,20.0,1,1
1044,1,17.0,1,1
1044,2,4.0,1,1
1044,3,3.0,1,1
1044,4,1.0,1,1
1044,5,10.0,1,1
1044,6,0.0,1,1
1044,7,8.0,1,1
1044,8,3.0,1,1
1044,9,0.0,1,1
1044,10,0.0,1,1
1044,11,2.0,1,1
1044,12,0.0,1,1
1044,13,0.0,1,1
1044,14,0.0,1,1
1044,15,6.0,1,1
1044,16,0.0,1,1
1044,17,15.0,1,1
1044,18,16.0,1,1
1044,19,2.0,1,1
1044,20,10.0,1,1
1044,21,3.0,1,1
1044,22,4.0,1,1
1044,23,6.0,1,1
1044,24,0.0,1,1
1044,25,0.0,1,1
1044,26,4.0,1,1
1044,27,0.0,1,1
1044,28,2.0,1,1
1044,29,5.0,1,1
1044,30,4.0,1,1
1044,31,1.0,1,1
1044,32,3.0,1,1
1044,33,6.0,1,1
1045,0,15.0,1,1
1045,1,30.0,1,1
1045,2,10.0,1,1
1045,3,1.0,1,1
1045,4,7.0,1,1
1045,5,18.0,1,1
1045,6,0.0,1,1
1045,7,8.0,1,1
1045,8,4.0,1,1
1045,9,0.0,1,1
1045,10,2.0,1,1
1045,11,2.0,1,1
1045,12,2.0,1,1
1045,13,3.0,1,1
1045,14,5.0,1,1
1045,15,4.0,1,1
1045,16,0.0,1,1
1045,17,32.0,1,1
1045,18,13.0,1,1
1045,19,4.0,1,1
1045,20,8.0,1,1
1045,21,9.0,1,1
1045,22,0.0,1,1
1045,23,10.0,1,1
1045,24,0.0,1,1
1045,25,2.0,1,1
1045,26,3.0,1,1
1045,27,0.0,1,1
1045,28,5.0,1,1
1045,29,2.0,1,1
1045,30,3.0,1,1
1045,31,5.0,1,1
1045,32,4.0,1,1
1045,33,2.0,1,1
1046,0,30.0,1,1
1046,1,40.0,1,1
1046,2,7.0,1,1
1046,3,2.0,1,1
1046,4,10.0,1,1
1046,5,23.0,1,1
1046,6,0.0,1,1
1046,7,7.0,1,1
1046,8,6.0,1,1
1046,9,0.0,1,1
1046,10,4.0,1,1
1046,11,8.0,1,1
1046,12,4.0,1,1
1046,13,0.0,1,1
1046,14,5.0,1,1
1046,15,6.0,1,1
1046,16,0.0,1,1
1046,17,35.0,1,1
1046,18,25.0,1,1
1046,19,8.0,1,1
1046,20,14.0,1,1
1046,21,5.0,1,1
1046,22,1.0,1,1
1046,23,25.0,1,1
1046,24,0.0,1,1
1046,25,3.0,1,1
1046,26,8.0,1,1
1046,27,0.0,1,1
1046,28,5.0,1,1
1046,29,1.0,1,1
1046,30,9.0,1,1
1046,31,2.0,1,1
1046,32,3.0,1,1
1046,33,1.0,1,1
1047,0,37.0,1,1
1047,1,44.0,1,1
1047,2,8.0,1,1
1047,3,4.0,1,1
1047,4,9.0,1,1
1047,5,21.0,1,1
1047,6,0.0,1,1
1047,7,12.0,1,1
1047,8,14.0,1,1
1047,9,0.0,1,1
1047,10,1.0,1,1
1047,11,14.0,1,1
1047,12,3.0,1,1
1047,13,0.0,1,1
1047,14,4.0,1,1
1047,15,9.0,1,1
1047,16,0.0,1,1
1047,17,38.0,1,1
1047,18,26.0,1,1
1047,19,6.0,1,1
1047,20,14.0,1,1
1047,21,10.0,1,1
1047,22,5.0,1,1
1047,23,18.0,1,1
1047,24,1.0,1,1
1047,25,4.0,1,1
1047,26,11.0,1,1
1047,27,0.0,1,1
1047,28,5.0,1,1
1047,29,3.0,1,1
1047,30,8.0,1,1
1047,31,5.0,1,1
1047,32,5.0,1,1
1047,33,4.0,1,1
1048,0,58.0,1,1
1048,1,75.0,1,1
1048,2,18.0,1,1
1048,3,9.0,1,1
1048,4,10.0,1,1
1048,5,38.0,1,1
1048,6,0.0,1,1
1048,7,16.0,1,1
1048,8,18.0,1,1
1048,9,0.0,1,1
1048,10,10.0,1,1
1048,11,15.0,1,1
1048,12,2.0,1,1
1048,13,1.0,1,1
1048,14,2.0,1,1
1048,15,4.0,1,1
1048,16,0.0,1,1
1048,17,78.0,1,1
1048,18,37.0,1,1
1048,19,14.0,1,1
1048,20,23.0,1,1
1048,21,10.0,1,1
1048,22,5.0,1,1
1048,23,26.0,1,1
1048,24,0.0,1,1
1048,25,4.0,1,1
1048,26,13.0,1,1
1048,27,0.0,1,1
1048,28,5.0,1,1
1048,29,4.0,1,1
1048,30,13.0,1,1
1048,31,1.0,1,1
1048,32,12.0,1,1
1048,33,2.0,1,1
1049,0,68.0,1,1
1049,1,76.0,1,1
1049,2,21.0,1,1
1049,3,5.0,1,1
1049,4,12.0,1,1
1049,5,40.0,1,1
1049,6,0.0,1,1
1049,7,15.0,1,1
1049,8,10.0,1,1
1049,9,0.0,1,1
1049,10,7.0,1,1
1049,11,13.0,1,1
1049,12,5.0,1,1
1049,13,0.0,1,1
1049,14,1.0,1,1
1049,15,6.0,1,1
1049,16,0.0,1,1
1049,17,69.0,1,1
1049,18,54.0,1,1
1049,19,11.0,1,1
1049,20,26.0,1,1
1049,21,18.0,1,1
1049,22,10.0,1,1
1049,23,27.0,1,1
1049,24,1.0,1,1
1049,25,8.0,1,1
1049,26,7.0,1,1
1049,27,0.0,1,1
1049,28,12.0,1,1
1049,29,3.0,1,1
1049,30,11.0,1,1
1049,31,3.0,1,1
1049,32,10.0,1,1
1049,33,2.0,1,1
1050,0,92.0,1,1
1050,1,105.0,1,1
1050,2,12.0,1,1
1050,3,10.0,1,1
1050,4,30.0,1,1
1050,5,52.0,1,1
1050,6,0.0,1,1
1050,7,17.0,1,1
1050,8,20.0,1,1
1050,9,0.0,1,1
1050,10,2.0,1,1
1050,11,13.0,1,1
1050,12,5.0,1,1
1050,13,0.0,1,1
1050,14,3.0,1,1
1050,15,8.0,1,1
1050,16,1.0,1,1
1050,17,75.0,1,1
1050,18,53.0,1,1
1050,19,16.0,1,1
1050,20,30.0,1,1
1050,21,16.0,1,1
1050,22,7.0,1,1
1050,23,28.0,1,1
1050,24,1.0,1,1
1050,25,4.0,1,1
1050,26,20.0,1,1
1050,27,0.0,1,1
1050,28,16.0,1,1
1050,29,5.0,1,1
1050,30,10.0,1,1
1050,31,6.0,1,1
1050,32,18.0,1,1
1050,33,2.0,1,1
1051,0,112.0,1,1
1051,1,132.0,1,1
1051,2,29.0,1,1
1051,3,16.0,1,1
1051,4,16.0,1,1
1051,5,83.0,1,1
1051,6,0.0,1,1
1051,7,33.0,1,1
1051,8,12.0,1,1
1051,9,0.0,1,1
1051,10,9.0,1,1
1051,11,16.0,1,1
1051,12,7.0,1,1
1051,13,1.0,1,1
1051,14,13.0,1,1
1051,15,15.0,1,1
1051,16,1.0,1,1
1051,17,102.0,1,1
1051,18,72.0,1,1
1051,19,11.0,1,1
1051,20,30.0,1,1
1051,21,25.0,1,1
1051,22,7.0,1,1
1051,23,31.0,1,1
1051,24,3.0,1,1
1051,25,10.0,1,1
1051,26,27.0,1,1
1051,27,0.0,1,1
1051,28,16.0,1,1
1051,29,4.0,1,1
1051,30,9.0,1,1
1051,31,11.0,1,1
1051,32,14.0,1,1
1051,33,11.0,1,1
1052,0,109.0,1,1
1052,1,148.0,1,1
1052,2,37.0,1,1
1052,3,12.0,1,1
1052,4,21.0,1,1
1052,5,86.0,1,1
1052,6,0.0,1,1
1052,7,39.0,1,1
1052,8,24.0,1,1
1052,9,0.0,1,1
1052,10,8.0,1,1
1052,11,23.0,1,1
1052,12,30.0,1,1
1052,13,0.0,1,1
1052,14,0.0,1,1
1052,15,9.0,1,1
1052,16,0.0,1,1
1052,17,129.0,1,1
1052,18,59.0,1,1
1052,19,21.0,1,1
1052,20,40.0,1,1
1052,21,30.0,1,1
1052,22,12.0,1,1
1052,23,39.0,1,1
1052,24,4.0,1,1
1052,25,6.0,1,1
1052,26,25.0,1,1
1052,27,0.0,1,1
1052,28,20.0,1,1
1052,29,9.0,1,1
1052,30,15.0,1,1
1052,31,6.0,1,1
1052,32,12.0,1,1
1052,33,6.0,1,1
1053,0,138.0,1,1
1053,1,150.0,1,1
1053,2,51.0,1,1
1053,3,15.0,1,1
1053,4,21.0,1,1
1053,5,79.0,1,1
1053,6,0.0,1,1
1053,7,33.0,1,1
1053,8,21.0,1,1
1053,9,0.0,1,1
1053,10,9.0,1,1
1053,11,27.0,1,1
1053,12,7.0,1,1
1053,13,2.0,1,1
1053,14,5.0,1,1
1053,15,20.0,1,1
1053,16,1.0,1,1
1053,17,138.0,1,1
1053,18,62.0,1,1
1053,19,21.0,1,1
1053,20,46.0,1,1
1053,21,19.0,1,1
1053,22,7.0,1,1
1053,23,41.0,1,1
1053,24,2.0,1,1
1053,25,5.0,1,1
1053,26,25.0,1,1
1053,27,0.0,1,1
1053,28,19.0,1,1
1053,29,13.0,1,1
1053,30,10.0,1,1
1053,31,7.0,1,1
1053,32,11.0,1,1
1053,33,10.0,1,1
1054,0,160.0,1,1
1054,1,210.0,1,1
1054,2,57.0,1,1
1054,3,21.0,1,1
1054,4,27.0,1,1
1054,5,105.0,1,1
1054,6,0.0,1,1
1054,7,44.0,1,1
1054,8,21.0,1,1
1054,9,0.0,1,1
1054,10,9.0,1,1
1054,11,22.0,1,1
1054,12,10.0,1,1
1054,13,2.0,1,1
1054,14,10.0,1,1
1054,15,11.0,1,1
1054,16,2.0,1,1
1054,17,140.0,1,1
1054,18,85.0,1,1
1054,19,21.0,1,1
1054,20,36.0,1,1
1054,21,53.0,1,1
1054,22,12.0,1,1
1054,23,60.0,1,1
1054,24,3.0,1,1
1054,25,8.0,1,1
1054,26,25.0,1,1
1054,27,0.0,1,1
1054,28,13.0,1,1
1054,29,11.0,1,1
1054,30,13.0,1,1
1054,31,7.0,1,1
1054,32,14.0,1,1
1054,33,12.0,1,1
1055,0,210.0,1,1
1055,1,202.0,1,1
1055,2,66.0,1,1
1055,3,17.0,1,1
1055,4,27.0,1,1
1055,5,120.0,1,1
1055,6,0.0,1,1
1055,7,45.0,1,1
1055,8,22.0,1,1
1055,9,0.0,1,1
1055,10,11.0,1,1
1055,11,26.0,1,1
1055,12,12.0,1,1
1055,13,0.0,1,1
1055,14,2.0,1,1
1055,15,18.0,1,1
1055,16,4.0,1,1
1055,17,145.0,1,1
1055,18,77.0,1,1
1055,19,28.0,1,1
1055,20,63.0,1,1
1055,21,33.0,1,1
1055,22,7.0,1,1
1055,23,46.0,1,1
1055,24,0.0,1,1
1055,25,14.0,1,1
1055,26,23.0,1,1
1055,27,0.0,1,1
1055,28,20.0,1,1
1055,29,18.0,1,1
1055,30,21.0,1,1
1055,31,10.0,1,1
1055,32,11.0,1,1
1055,33,13.0,1,1
1056,0,207.0,1,1
1056,1,209.0,1,1
1056,2,93.0,1,1
1056,3,19.0,1,1
1056,4,25.0,1,1
1056,5,106.0,1,1
1056,6,0.0,1,1
1056,7,71.0,1,1
1056,8,20.0,1,1
1056,9,0.0,1,1
1056,10,7.0,1,1
1056,11,56.0,1,1
1056,12,9.0,1,1
1056,13,0.0,1,1
1056,14,10.0,1,1
1056,15,25.0,1,1
1056,16,3.0,1,1
1056,17,165.0,1,1
1056,18,85.0,1,1
1056,19,35.0,1,1
1056,20,51.0,1,1
1056,21,41.0,1,1
1056,22,7.0,1,1
1056,23,53.0,1,1
1056,24,2.0,1,1
1056,25,8.0,1,1
1056,26,22.0,1,1
1056,27,0.0,1,1
1056,28,12.0,1,1
1056,29,7.0,1,1
1056,30,33.0,1,1
1056,31,5.0,1,1
1056,32,13.0,1,1
1056,33,6.0,1,1
1057,0,240.0,1,1
1057,1,227.0,1,1
1057,2,82.0,1,1
1057,3,28.0,1,1
1057,4,23.0,1,1
1057,5,131.0,1,1
1057,6,0.0,1,1
1057,7,69.0,1,1
1057,8,32.0,1,1
1057,9,0.0,1,1
1057,10,10.0,1,1
1057,11,36.0,1,1
1057,12,15.0,1,1
1057,13,3.0,1,1
1057,14,11.0,1,1
1057,15,26.0,1,1
1057,16,0.0,1,1
1057,17,175.0,1,1
1057,18,103.0,1,1
1057,19,35.0,1,1
1057,20,65.0,1,1
1057,21,106.0,1,1
1057,22,18.0,1,1
1057,23,58.0,1,1
1057,24,4.0,1,1
1057,25,9.0,1,1
1057,26,20.0,1,1
1057,27,0.0,1,1
1057,28,16.0,1,1
1057,29,7.0,1,1
1057,30,34.0,1,1
1057,31,13.0,1,1
1057,32,17.0,1,1
1057,33,7.0,1,1
1058,0,246.0,1,1
1058,1,228.0,1,1
1058,2,78.0,1,1
1058,3,18.0,1,1
1058,4,30.0,1,1
1058,5,115.0,1,1
1058,6,0.0,1,1
1058,7,72.0,1,1
1058,8,24.0,1,1
1058,9,0.0,1,1
1058,10,10.0,1,1
1058,11,57.0,1,1
1058,12,13.0,1,1
1058,13,2.0,1,1
1058,14,15.0,1,1
1058,15,26.0,1,1
1058,16,1.0,1,1
1058,17,162.0,1,1
1058,18,127.0,1,1
1058,19,38.0,1,1
1058,20,61.0,1,1
1058,21,64.0,1,1
1058,22,12.0,1,1
1058,23,79.0,1,1
1058,24,4.0,1,1
1058,25,26.0,1,1
1058,26,32.0,1,1
1058,27,0.0,1,1
1058,28,23.0,1,1
1058,29,19.0,1,1
1058,30,29.0,1,1
1058,31,5.0,1,1
1058,32,18.0,1,1
1058,33,25.0,1,1
1059,0,205.0,1,1
1059,1,209.0,1,1
1059,2,93.0,1,1
1059,3,27.0,1,1
1059,4,18.0,1,1
1059,5,125.0,1,1
1059,6,0.0,1,1
1059,7,68.0,1,1
1059,8,22.0,1,1
1059,9,0.0,1,1
1059,10,15.0,1,1
1059,11,39.0,1,1
1059,12,13.0,1,1
1059,13,3.0,1,1
1059,14,5.0,1,1
1059,15,42.0,1,1
1059,16,4.0,1,1
1059,17,181.0,1,1
1059,18,100.0,1,1
1059,19,43.0,1,1
1059,20,80.0,1,1
1059,21,65.0,1,1
1059,22,18.0,1,1
1059,23,77.0,1,1
1059,24,1.0,1,1
1059,25,29.0,1,1
1059,26,26.0,1,1
1059,27,0.0,1,1
1059,28,18.0,1,1
1059,29,23.0,1,1
1059,30,15.0,1,1
1059,31,13.0,1,1
1059,32,9.0,1,1
1059,33,20.0,1,1
1060,0,203.0,1,1
1060,1,196.0,1,1
1060,2,79.0,1,1
1060,3,15.0,1,1
1060,4,17.0,1,1
1060,5,154.0,1,1
1060,6,0.0,1,1
1060,7,64.0,1,1
1060,8,23.0,1,1
1060,9,0.0,1,1
1060,10,4.0,1,1
1060,11,27.0,1,1
1060,12,18.0,1,1
1060,13,0.0,1,1
1060,14,5.0,1,1
1060,15,25.0,1,1
1060,16,8.0,1,1
1060,17,157.0,1,1
1060,18,102.0,1,1
1060,19,43.0,1,1
1060,20,61.0,1,1
1060,21,61.0,1,1
1060,22,27.0,1,1
1060,23,71.0,1,1
1060,24,2.0,1,1
1060,25,17.0,1,1
1060,26,22.0,1,1
1060,27,0.0,1,1
1060,28,13.0,1,1
1060,29,38.0,1,1
1060,30,17.0,1,1
1060,31,17.0,1,1
1060,32,6.0,1,1
1060,33,21.0,1,1
1061,0,167.0,1,1
1061,1,168.0,1,1
1061,2,75.0,1,1
1061,3,20.0,1,1
1061,4,18.0,1,1
1061,5,87.0,1,1
1061,6,0.0,1,1
1061,7,65.0,1,1
1061,8,21.0,1,1
1061,9,0.0,1,1
1061,10,7.0,1,1
1061,11,44.0,1,1
1061,12,12.0,1,1
1061,13,0.0,1,1
1061,14,7.0,1,1
1061,15,23.0,1,1
1061,16,7.0,1,1
1061,17,140.0,1,1
1061,18,104.0,1,1
1061,19,45.0,1,1
1061,20,35.0,1,1
1061,21,41.0,1,1
1061,22,24.0,1,1
1061,23,63.0,1,1
1061,24,6.0,1,1
1061,25,19.0,1,1
1061,26,28.0,1,1
1061,27,0.0,1,1
1061,28,16.0,1,1
1061,29,50.0,1,1
1061,30,21.0,1,1
1061,31,11.0,1,1
1061,32,11.0,1,1
1061,33,32.0,1,1
1062,0,155.0,1,1
1062,1,165.0,1,1
1062,2,71.0,1,1
1062,3,20.0,1,1
1062,4,13.0,1,1
1062,5,105.0,1,1
1062,6,0.0,1,1
1062,7,56.0,1,1
1062,8,21.0,1,1
1062,9,0.0,1,1
1062,10,16.0,1,1
1062,11,36.0,1,1
1062,12,18.0,1,1
1062,13,0.0,1,1
1062,14,11.0,1,1
1062,15,34.0,1,1
1062,16,3.0,1,1
1062,17,138.0,1,1
1062,18,87.0,1,1
1062,19,33.0,1,1
1062,20,40.0,1,1
1062,21,40.0,1,1
1062,22,14.0,1,1
1062,23,69.0,1,1
1062,24,1.0,1,1
1062,25,11.0,1,1
1062,26,31.0,1,1
1062,27,0.0,1,1
1062,28,17.0,1,1
1062,29,55.0,1,1
1062,30,19.0,1,1
1062,31,8.0,1,1
1062,32,5.0,1,1
1062,33,28.0,1,1
1063,0,121.0,1,1
1063,1,133.0,1,1
1063,2,77.0,1,1
1063,3,18.0,1,1
1063,4,12.0,1,1
1063,5,80.0,1,1
1063,6,0.0,1,1
1063,7,52.0,1,1
1063,8,20.0,1,1
1063,9,0.0,1,1
1063,10,14.0,1,1
1063,11,43.0,1,1
1063,12,82.0,1,1
1063,13,3.0,1,1
1063,14,7.0,1,1
1063,15,29.0,1,1
1063,16,2.0,1,1
1063,17,106.0,1,1
1063,18,88.0,1,1
1063,19,20.0,1,1
1063,20,26.0,1,1
1063,21,46.0,1,1
1063,22,14.0,1,1
1063,23,27.0,1,1
1063,24,2.0,1,1
1063,25,17.0,1,1
1063,26,20.0,1,1
1063,27,0.0,1,1
1063,28,11.0,1,1
1063,29,23.0,1,1
1063,30,11.0,1,1
1063,31,2.0,1,1
1063,32,11.0,1,1
1063,33,16.0,1,1
1064,0,108.0,1,1
1064,1,153.0,1,1
1064,2,53.0,1,1
1064,3,14.0,1,1
1064,4,9.0,1,1
1064,5,94.0,1,1
1064,6,0.0,1,1
1064,7,64.0,1,1
1064,8,20.0,1,1
1064,9,0.0,1,1
1064,10,12.0,1,1
1064,11,31.0,1,1
1064,12,24.0,1,1
1064,13,2.0,1,1
1064,14,7.0,1,1
1064,15,35.0,1,1
1064,16,4.0,1,1
1064,17,73.0,1,1
1064,18,66.0,1,1
1064,19,15.0,1,1
1064,20,18.0,1,1
1064,21,27.0,1,1
1064,22,8.0,1,1
1064,23,27.0,1,1
1064,24,1.0,1,1
1064,25,7.0,1,1
1064,26,17.0,1,1
1064,27,0.0,1,1
1064,28,11.0,1,1
1064,29,9.0,1,1
1064,30,14.0,1,1
1064,31,3.0,1,1
1064,32,16.0,1,1
1064,33,9.0,1,1
1065,0,111.0,1,1
1065,1,102.0,1,1
1065,2,74.0,1,1
1065,3,16.0,1,1
1065,4,12.0,1,1
1065,5,67.0,1,1
1065,6,0.0,1,1
1065,7,64.0,1,1
1065,8,29.0,1,1
1065,9,0.0,1,1
1065,10,8.0,1,1
1065,11,33.0,1,1
1065,12,25.0,1,1
1065,13,0.0,1,1
1065,14,15.0,1,1
1065,15,29.0,1,1
1065,16,5.0,1,1
1065,17,82.0,1,1
1065,18,67.0,1,1
1065,19,11.0,1,1
1065,20,15.0,1,1
1065,21,24.0,1,1
1065,22,8.0,1,1
1065,23,22.0,1,1
1065,24,2.0,1,1
1065,25,10.0,1,1
1065,26,16.0,1,1
1065,27,0.0,1,1
1065,28,11.0,1,1
1065,29,8.0,1,1
1065,30,8.0,1,1
1065,31,5.0,1,1
1065,32,8.0,1,1
1065,33,11.0,1,1
1066,0,114.0,1,1
1066,1,122.0,1,1
1066,2,68.0,1,1
1066,3,8.0,1,1
1066,4,7.0,1,1
1066,5,77.0,1,1
1066,6,0.0,1,1
1066,7,58.0,1,1
1066,8,18.0,1,1
1066,9,0.0,1,1
1066,10,10.0,1,1
1066,11,43.0,1,1
1066,12,19.0,1,1
1066,13,0.0,1,1
1066,14,5.0,1,1
1066,15,38.0,1,1
1066,16,4.0,1,1
1066,17,73.0,1,1
1066,18,77.0,1,1
1066,19,11.0,1,1
1066,20,18.0,1,1
1066,21,23.0,1,1
1066,22,6.0,1,1
1066,23,32.0,1,1
1066,24,1.0,1,1
1066,25,8.0,1,1
1066,26,13.0,1,1
1066,27,0.0,1,1
1066,28,16.0,1,1
1066,29,11.0,1,1
1066,30,12.0,1,1
1066,31,4.0,1,1
1066,32,6.0,1,1
1066,33,8.0,1,1
1067,0,143.0,1,1
1067,1,91.0,1,1
1067,2,65.0,1,1
1067,3,18.0,1,1
1067,4,11.0,1,1
1067,5,82.0,1,1
1067,6,0.0,1,1
1067,7,50.0,1,1
1067,8,17.0,1,1
1067,9,0.0,1,1
1067,10,13.0,1,1
1067,11,33.0,1,1
1067,12,13.0,1,1
1067,13,0.0,1,1
1067,14,17.0,1,1
1067,15,27.0,1,1
1067,16,3.0,1,1
1067,17,73.0,1,1
1067,18,72.0,1,1
1067,19,19.0,1,1
1067,20,27.0,1,1
1067,21,29.0,1,1
1067,22,7.0,1,1
1067,23,31.0,1,1
1067,24,35.0,1,1
1067,25,7.0,1,1
1067,26,12.0,1,1
1067,27,0.0,1,1
1067,28,20.0,1,1
1067,29,7.0,1,1
1067,30,12.0,1,1
1067,31,7.0,1,1
1067,32,10.0,1,1
1067,33,12.0,1,1
1068,0,97.0,1,1
1068,1,102.0,1,1
1068,2,49.0,1,1
1068,3,18.0,1,1
1068,4,9.0,1,1
1068,5,76.0,1,1
1068,6,0.0,1,1
1068,7,63.0,1,1
1068,8,13.0,1,1
1068,9,0.0,1,1
1068,10,4.0,1,1
1068,11,46.0,1,1
1068,12,25.0,1,1
1068,13,1.0,1,1
1068,14,7.0,1,1
1068,15,31.0,1,1
1068,16,2.0,1,1
1068,17,65.0,1,1
1068,18,60.0,1,1
1068,19,14.0,1,1
1068,20,19.0,1,1
1068,21,28.0,1,1
1068,22,5.0,1,1
1068,23,34.0,1,1
1068,24,1.0,1,1
1068,25,6.0,1,1
1068,26,13.0,1,1
1068,27,0.0,1,1
1068,28,10.0,1,1
1068,29,10.0,1,1
1068,30,9.0,1,1
1068,31,2.0,1,1
1068,32,7.0,1,1
1068,33,9.0,1,1
1069,0,110.0,1,1
1069,1,60.0,1,1
1069,2,69.0,1,1
1069,3,25.0,1,1
1069,4,10.0,1,1
1069,5,76.0,1,1
1069,6,0.0,1,1
1069,7,59.0,1,1
1069,8,7.0,1,1
1069,9,0.0,1,1
1069,10,8.0,1,1
1069,11,35.0,1,1
1069,12,15.0,1,1
1069,13,2.0,1,1
1069,14,15.0,1,1
1069,15,28.0,1,1
1069,16,1.0,1,1
1069,17,73.0,1,1
1069,18,65.0,1,1
1069,19,14.0,1,1
1069,20,23.0,1,1
1069,21,26.0,1,1
1069,22,3.0,1,1
1069,23,22.0,1,1
1069,24,3.0,1,1
1069,25,9.0,1,1
1069,26,10.0,1,1
1069,27,0.0,1,1
1069,28,15.0,1,1
1069,29,9.0,1,1
1069,30,5.0,1,1
1069,31,1.0,1,1
1069,32,5.0,1,1
1069,33,12.0,1,1
1070,0,102.0,1,1
1070,1,92.0,1,1
1070,2,73.0,1,1
1070,3,24.0,1,1
1070,4,9.0,1,1
1070,5,86.0,1,1
1070,6,0.0,1,1
1070,7,47.0,1,1
1070,8,25.0,1,1
1070,9,0.0,1,1
1070,10,10.0,1,1
1070,11,39.0,1,1
1070,12,69.0,1,1
1070,13,0.0,1,1
1070,14,8.0,1,1
1070,15,37.0,1,1
1070,16,5.0,1,1
1070,17,108.0,1,1
1070,18,68.0,1,1
1070,19,19.0,1,1
1070,20,30.0,1,1
1070,21,17.0,1,1
1070,22,5.0,1,1
1070,23,34.0,1,1
1070,24,2.0,1,1
1070,25,3.0,1,1
1070,26,16.0,1,1
1070,27,0.0,1,1
1070,28,21.0,1,1
1070,29,6.0,1,1
1070,30,15.0,1,1
1070,31,2.0,1,1
1070,32,5.0,1,1
1070,33,6.0,1,1
1071,0,119.0,1,1
1071,1,86.0,1,1
1071,2,52.0,1,1
1071,3,20.0,1,1
1071,4,7.0,1,1
1071,5,66.0,1,1
1071,6,0.0,1,1
1071,7,47.0,1,1
1071,8,15.0,1,1
1071,9,0.0,1,1
1071,10,11.0,1,1
1071,11,42.0,1,1
1071,12,26.0,1,1
1071,13,2.0,1,1
1071,14,9.0,1,1
1071,15,37.0,1,1
1071,16,2.0,1,1
1071,17,66.0,1,1
1071,18,72.0,1,1
1071,19,13.0,1,1
1071,20,35.0,1,1
1071,21,25.0,1,1
1071,22,6.0,1,1
1071,23,38.0,1,1
1071,24,2.0,1,1
1071,25,5.0,1,1
1071,26,13.0,1,1
1071,27,0.0,1,1
1071,28,11.0,1,1
1071,29,9.0,1,1
1071,30,17.0,1,1
1071,31,8.0,1,1
1071,32,8.0,1,1
1071,33,8.0,1,1
1072,0,107.0,1,1
1072,1,69.0,1,1
1072,2,60.0,1,1
1072,3,29.0,1,1
1072,4,11.0,1,1
1072,5,67.0,1,1
1072,6,0.0,1,1
1072,7,75.0,1,1
1072,8,16.0,1,1
1072,9,0.0,1,1
1072,10,16.0,1,1
1072,11,51.0,1,1
1072,12,29.0,1,1
1072,13,0.0,1,1
1072,14,15.0,1,1
1072,15,34.0,1,1
1072,16,2.0,1,1
1072,17,97.0,1,1
1072,18,65.0,1,1
1072,19,17.0,1,1
1072,20,25.0,1,1
1072,21,21.0,1,1
1072,22,4.0,1,1
1072,23,32.0,1,1
1072,24,4.0,1,1
1072,25,11.0,1,1
1072,26,14.0,1,1
1072,27,0.0,1,1
1072,28,12.0,1,1
1072,29,11.0,1,1
1072,30,14.0,1,1
1072,31,6.0,1,1
1072,32,8.0,1,1
1072,33,9.0,1,1
1073,0,122.0,1,1
1073,1,90.0,1,1
1073,2,68.0,1,1
1073,3,22.0,1,1
1073,4,5.0,1,1
1073,5,79.0,1,1
1073,6,0.0,1,1
1073,7,76.0,1,1
1073,8,19.0,1,1
1073,9,0.0,1,1
1073,10,14.0,1,1
1073,11,47.0,1,1
1073,12,15.0,1,1
1073,13,0.0,1,1
1073,14,9.0,1,1
1073,15,38.0,1,1
1073,16,3.0,1,1
1073,17,83.0,1,1
1073,18,90.0,1,1
1073,19,19.0,1,1
1073,20,21.0,1,1
1073,21,41.0,1,1
1073,22,8.0,1,1
1073,23,28.0,1,1
1073,24,2.0,1,1
1073,25,12.0,1,1
1073,26,23.0,1,1
1073,27,0.0,1,1
1073,28,23.0,1,1
1073,29,8.0,1,1
1073,30,16.0,1,1
1073,31,3.0,1,1
1073,32,5.0,1,1
1073,33,4.0,1,1
1074,0,121.0,1,1
1074,1,73.0,1,1
1074,2,53.0,1,1
1074,3,22.0,1,1
1074,4,11.0,1,1
1074,5,60.0,1,1
1074,6,0.0,1,1
1074,7,56.0,1,1
1074,8,16.0,1,1
1074,9,0.0,1,1
1074,10,11.0,1,1
1074,11,41.0,1,1
1074,12,18.0,1,1
1074,13,2.0,1,1
1074,14,7.0,1,1
1074,15,29.0,1,1
1074,16,3.0,1,1
1074,17,50.0,1,1
1074,18,69.0,1,1
1074,19,11.0,1,1
1074,20,25.0,1,1
1074,21,25.0,1,1
1074,22,11.0,1,1
1074,23,21.0,1,1
1074,24,1.0,1,1
1074,25,11.0,1,1
1074,26,13.0,1,1
1074,27,0.0,1,1
1074,28,12.0,1,1
1074,29,13.0,1,1
1074,30,14.0,1,1
1074,31,5.0,1,1
1074,32,6.0,1,1
1074,33,5.0,1,1
1075,0,104.0,1,1
1075,1,78.0,1,1
1075,2,59.0,1,1
1075,3,9.0,1,1
1075,4,10.0,1,1
1075,5,66.0,1,1
1075,6,0.0,1,1
1075,7,71.0,1,1
1075,8,31.0,1,1
1075,9,0.0,1,1
1075,10,14.0,1,1
1075,11,48.0,1,1
1075,12,24.0,1,1
1075,13,0.0,1,1
1075,14,22.0,1,1
1075,15,32.0,1,1
1075,16,2.0,1,1
1075,17,92.0,1,1
1075,18,79.0,1,1
1075,19,17.0,1,1
1075,20,18.0,1,1
1075,21,30.0,1,1
1075,22,5.0,1,1
1075,23,33.0,1,1
1075,24,2.0,1,1
1075,25,6.0,1,1
1075,26,20.0,1,1
1075,27,0.0,1,1
1075,28,17.0,1,1
1075,29,8.0,1,1
1075,30,14.0,1,1
1075,31,5.0,1,1
1075,32,13.0,1,1
1075,33,7.0,1,1
1076,0,89.0,1,1
1076,1,89.0,1,1
1076,2,35.0,1,1
1076,3,14.0,1,1
1076,4,14.0,1,1
1076,5,94.0,1,1
1076,6,0.0,1,1
1076,7,84.0,1,1
1076,8,16.0,1,1
1076,9,0.0,1,1
1076,10,6.0,1,1
1076,11,54.0,1,1
1076,12,16.0,1,1
1076,13,0.0,1,1
1076,14,17.0,1,1
1076,15,35.0,1,1
1076,16,2.0,1,1
1076,17,76.0,1,1
1076,18,86.0,1,1
1076,19,16.0,1,1
1076,20,16.0,1,1
1076,21,64.0,1,1
1076,22,4.0,1,1
1076,23,30.0,1,1
1076,24,1.0,1,1
1076,25,8.0,1,1
1076,26,6.0,1,1
1076,27,0.0,1,1
1076,28,19.0,1,1
1076,29,14.0,1,1
1076,30,19.0,1,1
1076,31,6.0,1,1
1076,32,13.0,1,1
1076,33,8.0,1,1
1077,0,113.0,1,1
1077,1,90.0,1,1
1077,2,60.0,1,1
1077,3,23.0,1,1
1077,4,17.0,1,1
1077,5,94.0,1,1
1077,6,0.0,1,1
1077,7,78.0,1,1
1077,8,29.0,1,1
1077,9,0.0,1,1
1077,10,12.0,1,1
1077,11,60.0,1,1
1077,12,33.0,1,1
1077,13,0.0,1,1
1077,14,17.0,1,1
1077,15,33.0,1,1
1077,16,1.0,1,1
1077,17,97.0,1,1
1077,18,86.0,1,1
1077,19,20.0,1,1
1077,20,25.0,1,1
1077,21,32.0,1,1
1077,22,5.0,1,1
1077,23,41.0,1,1
1077,24,2.0,1,1
1077,25,8.0,1,1
1077,26,18.0,1,1
1077,27,0.0,1,1
1077,28,14.0,1,1
1077,29,10.0,1,1
1077,30,9.0,1,1
1077,31,4.0,1,1
1077,32,8.0,1,1
1077,33,10.0,1,1
1078,0,111.0,1,1
1078,1,98.0,1,1
1078,2,42.0,1,1
1078,3,45.0,1,1
1078,4,19.0,1,1
1078,5,87.0,1,1
1078,6,0.0,1,1
1078,7,73.0,1,1
1078,8,23.0,1,1
1078,9,0.0,1,1
1078,10,10.0,1,1
1078,11,48.0,1,1
1078,12,22.0,1,1
1078,13,0.0,1,1
1078,14,7.0,1,1
1078,15,40.0,1,1
1078,16,2.0,1,1
1078,17,83.0,1,1
1078,18,82.0,1,1
1078,19,18.0,1,1
1078,20,30.0,1,1
1078,21,38.0,1,1
1078,22,4.0,1,1
1078,23,43.0,1,1
1078,24,1.0,1,1
1078,25,14.0,1,1
1078,26,12.0,1,1
1078,27,0.0,1,1
1078,28,18.0,1,1
1078,29,20.0,1,1
1078,30,14.0,1,1
1078,31,6.0,1,1
1078,32,9.0,1,1
1078,33,15.0,1,1
1079,0,118.0,1,1
1079,1,85.0,1,1
1079,2,66.0,1,1
1079,3,28.0,1,1
1079,4,12.0,1,1
1079,5,97.0,1,1
1079,6,0.0,1,1
1079,7,71.0,1,1
1079,8,31.0,1,1
1079,9,0.0,1,1
1079,10,13.0,1,1
1079,11,48.0,1,1
1079,12,25.0,1,1
1079,13,0.0,1,1
1079,14,16.0,1,1
1079,15,48.0,1,1
1079,16,4.0,1,1
1079,17,86.0,1,1
1079,18,71.0,1,1
1079,19,26.0,1,1
1079,20,22.0,1,1
1079,21,57.0,1,1
1079,22,9.0,1,1
1079,23,35.0,1,1
1079,24,2.0,1,1
1079,25,16.0,1,1
1079,26,21.0,1,1
1079,27,0.0,1,1
1079,28,26.0,1,1
1079,29,13.0,1,1
1079,30,14.0,1,1
1079,31,6.0,1,1
1079,32,13.0,1,1
1079,33,16.0,1,1
1080,0,113.0,1,1
1080,1,89.0,1,1
1080,2,56.0,1,1
1080,3,17.0,1,1
1080,4,14.0,1,1
1080,5,88.0,1,1
1080,6,0.0,1,1
1080,7,77.0,1,1
1080,8,19.0,1,1
1080,9,0.0,1,1
1080,10,18.0,1,1
1080,11,52.0,1,1
1080,12,20.0,1,1
1080,13,0.0,1,1
1080,14,5.0,1,1
1080,15,39.0,1,1
1080,16,1.0,1,1
1080,17,83.0,1,1
1080,18,82.0,1,1
1080,19,25.0,1,1
1080,20,26.0,1,1
1080,21,30.0,1,1
1080,22,14.0,1,1
1080,23,37.0,1,1
1080,24,3.0,1,1
1080,25,14.0,1,1
1080,26,20.0,1,1
1080,27,0.0,1,1
1080,28,20.0,1,1
1080,29,12.0,1,1
1080,30,10.0,1,1
1080,31,6.0,1,1
1080,32,10.0,1,1
1080,33,9.0,1,1
1081,0,96.0,1,1
1081,1,98.0,1,1
1081,2,54.0,1,1
1081,3,19.0,1,1
1081,4,9.0,1,1
1081,5,93.0,1,1
1081,6,0.0,1,1
1081,7,70.0,1,1
1081,8,12.0,1,1
1081,9,0.0,1,1
1081,10,9.0,1,1
1081,11,60.0,1,1
1081,12,15.0,1,1
1081,13,3.0,1,1
1081,14,12.0,1,1
1081,15,55.0,1,1
1081,16,5.0,1,1
1081,17,77.0,1,1
1081,18,84.0,1,1
1081,19,31.0,1,1
1081,20,26.0,1,1
1081,21,44.0,1,1
1081,22,9.0,1,1
1081,23,44.0,1,1
1081,24,6.0,1,1
1081,25,17.0,1,1
1081,26,16.0,1,1
1081,27,0.0,1,1
1081,28,16.0,1,1
1081,29,21.0,1,1
1081,30,22.0,1,1
1081,31,6.0,1,1
1081,32,9.0,1,1
1081,33,14.0,1,1
1082,0,115.0,1,1
1082,1,92.0,1,1
1082,2,65.0,1,1
1082,3,21.0,1,1
1082,4,9.0,1,1
1082,5,96.0,1,1
1082,6,0.0,1,1
1082,7,70.0,1,1
1082,8,11.0,1,1
1082,9,0.0,1,1
1082,10,19.0,1,1
1082,11,60.0,1,1
1082,12,16.0,1,1
1082,13,2.0,1,1
1082,14,16.0,1,1
1082,15,56.0,1,1
1082,16,3.0,1,1
1082,17,87.0,1,1
1082,18,81.0,1,1
1082,19,28.0,1,1
1082,20,34.0,1,1
1082,21,30.0,1,1
1082,22,12.0,1,1
1082,23,47.0,1,1
1082,24,3.0,1,1
1082,25,12.0,1,1
1082,26,19.0,1,1
1082,27,0.0,1,1
1082,28,16.0,1,1
1082,29,21.0,1,1
1082,30,10.0,1,1
1082,31,9.0,1,1
1082,32,13.0,1,1
1082,33,12.0,1,1
1083,0,112.0,1,1
1083,1,77.0,1,1
1083,2,68.0,1,1
1083,3,22.0,1,1
1083,4,14.0,1,1
1083,5,69.0,1,1
1083,6,0.0,1,1
1083,7,61.0,1,1
1083,8,14.0,1,1
1083,9,0.0,1,1
1083,10,14.0,1,1
1083,11,34.0,1,1
1083,12,19.0,1,1
1083,13,3.0,1,1
1083,14,18.0,1,1
1083,15,45.0,1,1
1083,16,2.0,1,1
1083,17,101.0,1,1
1083,18,82.0,1,1
1083,19,27.0,1,1
1083,20,33.0,1,1
1083,21,41.0,1,1
1083,22,12.0,1,1
1083,23,51.0,1,1
1083,24,2.0,1,1
1083,25,15.0,1,1
1083,26,17.0,1,1
1083,27,0.0,1,1
1083,28,20.0,1,1
1083,29,17.0,1,1
1083,30,23.0,1,1
1083,31,5.0,1,1
1083,32,10.0,1,1
1083,33,11.0,1,1
1084,0,135.0,1,1
1084,1,95.0,1,1
1084,2,69.0,1,1
1084,3,17.0,1,1
1084,4,23.0,1,1
1084,5,99.0,1,1
1084,6,0.0,1,1
1084,7,89.0,1,1
1084,8,14.0,1,1
1084,9,0.0,1,1
1084,10,17.0,1,1
1084,11,62.0,1,1
1084,12,8.0,1,1
1084,13,0.0,1,1
1084,14,10.0,1,1
1084,15,61.0,1,1
1084,16,4.0,1,1
1084,17,105.0,1,1
1084,18,80.0,1,1
1084,19,37.0,1,1
1084,20,41.0,1,1
1084,21,37.0,1,1
1084,22,11.0,1,1
1084,23,53.0,1,1
1084,24,2.0,1,1
1084,25,11.0,1,1
1084,26,21.0,1,1
1084,27,0.0,1,1
1084,28,18.0,1,1
1084,29,25.0,1,1
1084,30,19.0,1,1
1084,31,6.0,1,1
1084,32,13.0,1,1
1084,33,14.0,1,1
1085,0,122.0,1,1
1085,1,96.0,1,1
1085,2,52.0,1,1
1085,3,28.0,1,1
1085,4,12.0,1,1
1085,5,81.0,1,1
1085,6,0.0,1,1
1085,7,77.0,1,1
1085,8,13.0,1,1
1085,9,0.0,1,1
1085,10,15.0,1,1
1085,11,50.0,1,1
1085,12,10.0,1,1
1085,13,0.0,1,1
1085,14,8.0,1,1
1085,15,48.0,1,1
1085,16,1.0,1,1
1085,17,92.0,1,1
1085,18,99.0,1,1
1085,19,23.0,1,1
1085,20,30.0,1,1
1085,21,53.0,1,1
1085,22,11.0,1,1
1085,23,57.0,1,1
1085,24,1.0,1,1
1085,25,17.0,1,1
1085,26,21.0,1,1
1085,27,0.0,1,1
1085,28,13.0,1,1
1085,29,22.0,1,1
1085,30,20.0,1,1
1085,31,8.0,1,1
1085,32,17.0,1,1
1085,33,24.0,1,1
1086,0,107.0,1,1
1086,1,80.0,1,1
1086,2,68.0,1,1
1086,3,15.0,1,1
1086,4,7.0,1,1
1086,5,85.0,1,1
1086,6,0.0,1,1
1086,7,86.0,1,1
1086,8,16.0,1,1
1086,9,0.0,1,1
1086,10,10.0,1,1
1086,11,52.0,1,1
1086,12,13.0,1,1
1086,13,2.0,1,1
1086,14,8.0,1,1
1086,15,50.0,1,1
1086,16,3.0,1,1
1086,17,92.0,1,1
1086,18,84.0,1,1
1086,19,21.0,1,1
1086,20,35.0,1,1
1086,21,43.0,1,1
1086,22,4.0,1,1
1086,23,41.0,1,1
1086,24,0.0,1,1
1086,25,19.0,1,1
1086,26,21.0,1,1
1086,27,0.0,1,1
1086,28,26.0,1,1
1086,29,14.0,1,1
1086,30,19.0,1,1
1086,31,8.0,1,1
1086,32,25.0,1,1
1086,33,16.0,1,1
1087,0,117.0,1,1
1087,1,109.0,1,1
1087,2,64.0,1,1
1087,3,13.0,1,1
1087,4,19.0,1,1
1087,5,105.0,1,1
1087,6,0.0,1,1
1087,7,78.0,1,1
1087,8,21.0,1,1
1087,9,0.0,1,1
1087,10,14.0,1,1
1087,11,55.0,1,1
1087,12,12.0,1,1
1087,13,0.0,1,1
1087,14,18.0,1,1
1087,15,72.0,1,1
1087,16,6.0,1,1
1087,17,89.0,1,1
1087,18,83.0,1,1
1087,19,36.0,1,1
1087,20,42.0,1,1
1087,21,62.0,1,1
1087,22,12.0,1,1
1087,23,44.0,1,1
1087,24,1.0,1,1
1087,25,11.0,1,1
1087,26,21.0,1,1
1087,27,0.0,1,1
1087,28,14.0,1,1
1087,29,18.0,1,1
1087,30,21.0,1,1
1087,31,14.0,1,1
1087,32,17.0,1,1
1087,33,14.0,1,1
1088,0,123.0,1,1
1088,1,117.0,1,1
1088,2,65.0,1,1
1088,3,17.0,1,1
1088,4,27.0,1,1
1088,5,92.0,1,1
1088,6,0.0,1,1
1088,7,77.0,1,1
1088,8,35.0,1,1
1088,9,0.0,1,1
1088,10,15.0,1,1
1088,11,57.0,1,1
1088,12,23.0,1,1
1088,13,1.0,1,1
1088,14,21.0,1,1
1088,15,46.0,1,1
1088,16,3.0,1,1
1088,17,106.0,1,1
1088,18,86.0,1,1
1088,19,20.0,1,1
1088,20,35.0,1,1
1088,21,33.0,1,1
1088,22,12.0,1,1
1088,23,54.0,1,1
1088,24,2.0,1,1
1088,25,13.0,1,1
1088,26,13.0,1,1
1088,27,0.0,1,1
1088,28,15.0,1,1
1088,29,14.0,1,1
1088,30,22.0,1,1
1088,31,9.0,1,1
1088,32,17.0,1,1
1088,33,11.0,1,1
1089,0,111.0,1,1
1089,1,118.0,1,1
1089,2,76.0,1,1
1089,3,21.0,1,1
1089,4,28.0,1,1
1089,5,134.0,1,1
1089,6,0.0,1,1
1089,7,90.0,1,1
1089,8,27.0,1,1
1089,9,0.0,1,1
1089,10,15.0,1,1
1089,11,60.0,1,1
1089,12,10.0,1,1
1089,13,2.0,1,1
1089,14,13.0,1,1
1089,15,81.0,1,1
1089,16,2.0,1,1
1089,17,151.0,1,1
1089,18,101.0,1,1
1089,19,24.0,1,1
1089,20,20.0,1,1
1089,21,49.0,1,1
1089,22,12.0,1,1
1089,23,50.0,1,1
1089,24,1.0,1,1
1089,25,11.0,1,1
1089,26,28.0,1,1
1089,27,0.0,1,1
1089,28,17.0,1,1
1089,29,18.0,1,1
1089,30,21.0,1,1
1089,31,9.0,1,1
1089,32,12.0,1,1
1089,33,16.0,1,1
1090,0,117.0,1,1
1090,1,116.0,1,1
1090,2,68.0,1,1
1090,3,67.0,1,1
1090,4,24.0,1,1
1090,5,92.0,1,1
1090,6,0.0,1,1
1090,7,88.0,1,1
1090,8,24.0,1,1
1090,9,0.0,1,1
1090,10,12.0,1,1
1090,11,60.0,1,1
1090,12,7.0,1,1
1090,13,2.0,1,1
1090,14,6.0,1,1
1090,15,61.0,1,1
1090,16,5.0,1,1
1090,17,98.0,1,1
1090,18,83.0,1,1
1090,19,17.0,1,1
1090,20,24.0,1,1
1090,21,32.0,1,1
1090,22,13.0,1,1
1090,23,45.0,1,1
1090,24,0.0,1,1
1090,25,10.0,1,1
1090,26,18.0,1,1
1090,27,0.0,1,1
1090,28,16.0,1,1
1090,29,11.0,1,1
1090,30,19.0,1,1
1090,31,10.0,1,1
1090,32,12.0,1,1
1090,33,7.0,1,1
1091,0,99.0,1,1
1091,1,103.0,1,1
1091,2,68.0,1,1
1091,3,24.0,1,1
1091,4,15.0,1,1
1091,5,88.0,1,1
1091,6,0.0,1,1
1091,7,84.0,1,1
1091,8,33.0,1,1
1091,9,0.0,1,1
1091,10,11.0,1,1
1091,11,58.0,1,1
1091,12,9.0,1,1
1091,13,2.0,1,1
1091,14,13.0,1,1
1091,15,68.0,1,1
1091,16,5.0,1,1
1091,17,87.0,1,1
1091,18,117.0,1,1
1091,19,14.0,1,1
1091,20,26.0,1,1
1091,21,42.0,1,1
1091,22,14.0,1,1
1091,23,28.0,1,1
1091,24,7.0,1,1
1091,25,7.0,1,1
1091,26,26.0,1,1
1091,27,0.0,1,1
1091,28,14.0,1,1
1091,29,20.0,1,1
1091,30,18.0,1,1
1091,31,9.0,1,1
1091,32,14.0,1,1
1091,33,12.0,1,1
1092,0,92.0,1,1
1092,1,93.0,1,1
1092,2,55.0,1,1
1092,3,25.0,1,1
1092,4,12.0,1,1
1092,5,77.0,1,1
1092,6,0.0,1,1
1092,7,90.0,1,1
1092,8,16.0,1,1
1092,9,0.0,1,1
1092,10,19.0,1,1
1092,11,62.0,1,1
1092,12,13.0,1,1
1092,13,0.0,1,1
1092,14,16.0,1,1
1092,15,73.0,1,1
1092,16,2.0,1,1
1092,17,89.0,1,1
1092,18,108.0,1,1
1092,19,24.0,1,1
1092,20,35.0,1,1
1092,21,58.0,1,1
1092,22,8.0,1,1
1092,23,33.0,1,1
1092,24,3.0,1,1
1092,25,13.0,1,1
1092,26,19.0,1,1
1092,27,0.0,1,1
1092,28,18.0,1,1
1092,29,20.0,1,1
1092,30,16.0,1,1
1092,31,12.0,1,1
1092,32,14.0,1,1
1092,33,14.0,1,1
1093,0,104.0,1,1
1093,1,94.0,1,1
1093,2,72.0,1,1
1093,3,24.0,1,1
1093,4,16.0,1,1
1093,5,101.0,1,1
1093,6,0.0,1,1
1093,7,84.0,1,1
1093,8,19.0,1,1
1093,9,0.0,1,1
1093,10,12.0,1,1
1093,11,58.0,1,1
1093,12,12.0,1,1
1093,13,0.0,1,1
1093,14,10.0,1,1
1093,15,51.0,1,1
1093,16,5.0,1,1
1093,17,90.0,1,1
1093,18,84.0,1,1
1093,19,25.0,1,1
1093,20,26.0,1,1
1093,21,35.0,1,1
1093,22,9.0,1,1
1093,23,49.0,1,1
1093,24,3.0,1,1
1093,25,16.0,1,1
1093,26,27.0,1,1
1093,27,0.0,1,1
1093,28,19.0,1,1
1093,29,17.0,1,1
1093,30,18.0,1,1
1093,31,7.0,1,1
1093,32,9.0,1,1
1093,33,10.0,1,1
1094,0,99.0,1,1
1094,1,78.0,1,1
1094,2,44.0,1,1
1094,3,13.0,1,1
1094,4,14.0,1,1
1094,5,72.0,1,1
1094,6,0.0,1,1
1094,7,99.0,1,1
1094,8,13.0,1,1
1094,9,0.0,1,1
1094,10,12.0,1,1
1094,11,49.0,1,1
1094,12,20.0,1,1
1094,13,0.0,1,1
1094,14,15.0,1,1
1094,15,61.0,1,1
1094,16,3.0,1,1
1094,17,89.0,1,1
1094,18,100.0,1,1
1094,19,22.0,1,1
1094,20,30.0,1,1
1094,21,55.0,1,1
1094,22,7.0,1,1
1094,23,49.0,1,1
1094,24,3.0,1,1
1094,25,12.0,1,1
1094,26,39.0,1,1
1094,27,0.0,1,1
1094,28,26.0,1,1
1094,29,13.0,1,1
1094,30,14.0,1,1
1094,31,7.0,1,1
1094,32,10.0,1,1
1094,33,15.0,1,1
1095,0,81.0,1,1
1095,1,72.0,1,1
1095,2,69.0,1,1
1095,3,27.0,1,1
1095,4,14.0,1,1
1095,5,70.0,1,1
1095,6,0.0,1,1
1095,7,80.0,1,1
1095,8,17.0,1,1
1095,9,0.0,1,1
1095,10,14.0,1,1
1095,11,63.0,1,1
1095,12,14.0,1,1
1095,13,0.0,1,1
1095,14,30.0,1,1
1095,15,91.0,1,1
1095,16,7.0,1,1
1095,17,87.0,1,1
1095,18,102.0,1,1
1095,19,32.0,1,1
1095,20,25.0,1,1
1095,21,40.0,1,1
1095,22,12.0,1,1
1095,23,56.0,1,1
1095,24,4.0,1,1
1095,25,12.0,1,1
1095,26,30.0,1,1
1095,27,0.0,1,1
1095,28,24.0,1,1
1095,29,18.0,1,1
1095,30,22.0,1,1
1095,31,3.0,1,1
1095,32,13.0,1,1
1095,33,11.0,1,1
1096,0,107.0,1,1
1096,1,65.0,1,1
1096,2,65.0,1,1
1096,3,24.0,1,1
1096,4,12.0,1,1
1096,5,67.0,1,1
1096,6,0.0,1,1
1096,7,82.0,1,1
1096,8,16.0,1,1
1096,9,0.0,1,1
1096,10,13.0,1,1
1096,11,59.0,1,1
1096,12,23.0,1,1
1096,13,0.0,1,1
1096,14,26.0,1,1
1096,15,169.0,1,1
1096,16,5.0,1,1
1096,17,82.0,1,1
1096,18,115.0,1,1
1096,19,39.0,1,1
1096,20,32.0,1,1
1096,21,39.0,1,1
1096,22,15.0,1,1
1096,23,44.0,1,1
1096,24,4.0,1,1
1096,25,13.0,1,1
1096,26,30.0,1,1
1096,27,0.0,1,1
1096,28,24.0,1,1
1096,29,62.0,1,1
1096,30,16.0,1,1
1096,31,8.0,1,1
1096,32,11.0,1,1
1096,33,33.0,1,1
1097,0,103.0,1,1
1097,1,96.0,1,1
1097,2,70.0,1,1
1097,3,30.0,1,1
1097,4,14.0,1,1
1097,5,94.0,1,1
1097,6,0.0,1,1
1097,7,96.0,1,1
1097,8,26.0,1,1
1097,9,0.0,1,1
1097,10,15.0,1,1
1097,11,70.0,1,1
1097,12,16.0,1,1
1097,13,2.0,1,1
1097,14,32.0,1,1
1097,15,162.0,1,1
1097,16,7.0,1,1
1097,17,113.0,1,1
1097,18,121.0,1,1
1097,19,30.0,1,1
1097,20,38.0,1,1
1097,21,60.0,1,1
1097,22,10.0,1,1
1097,23,49.0,1,1
1097,24,6.0,1,1
1097,25,14.0,1,1
1097,26,18.0,1,1
1097,27,0.0,1,1
1097,28,18.0,1,1
1097,29,26.0,1,1
1097,30,21.0,1,1
1097,31,8.0,1,1
1097,32,10.0,1,1
1097,33,34.0,1,1
1098,0,97.0,1,1
1098,1,92.0,1,1
1098,2,63.0,1,1
1098,3,21.0,1,1
1098,4,17.0,1,1
1098,5,86.0,1,1
1098,6,0.0,1,1
1098,7,89.0,1,1
1098,8,33.0,1,1
1098,9,0.0,1,1
1098,10,14.0,1,1
1098,11,54.0,1,1
1098,12,41.0,1,1
1098,13,2.0,1,1
1098,14,37.0,1,1
1098,15,130.0,1,1
1098,16,3.0,1,1
1098,17,96.0,1,1
1098,18,104.0,1,1
1098,19,32.0,1,1
1098,20,45.0,1,1
1098,21,74.0,1,1
1098,22,21.0,1,1
1098,23,50.0,1,1
1098,24,3.0,1,1
1098,25,19.0,1,1
1098,26,21.0,1,1
1098,27,0.0,1,1
1098,28,17.0,1,1
1098,29,13.0,1,1
1098,30,17.0,1,1
1098,31,7.0,1,1
1098,32,11.0,1,1
1098,33,16.0,1,1
1099,0,97.0,1,1
1099,1,83.0,1,1
1099,2,71.0,1,1
1099,3,21.0,1,1
1099,4,20.0,1,1
1099,5,94.0,1,1
1099,6,0.0,1,1
1099,7,77.0,1,1
1099,8,23.0,1,1
1099,9,0.0,1,1
1099,10,18.0,1,1
1099,11,67.0,1,1
1099,12,38.0,1,1
1099,13,1.0,1,1
1099,14,22.0,1,1
1099,15,113.0,1,1
1099,16,2.0,1,1
1099,17,82.0,1,1
1099,18,115.0,1,1
1099,19,36.0,1,1
1099,20,38.0,1,1
1099,21,70.0,1,1
1099,22,11.0,1,1
1099,23,35.0,1,1
1099,24,4.0,1,1
1099,25,19.0,1,1
1099,26,28.0,1,1
1099,27,0.0,1,1
1099,28,18.0,1,1
1099,29,8.0,1,1
1099,30,19.0,1,1
1099,31,8.0,1,1
1099,32,11.0,1,1
1099,33,12.0,1,1
1100,0,129.0,1,1
1100,1,102.0,1,1
1100,2,73.0,1,1
1100,3,22.0,1,1
1100,4,15.0,1,1
1100,5,89.0,1,1
1100,6,0.0,1,1
1100,7,77.0,1,1
1100,8,33.0,1,1
1100,9,0.0,1,1
1100,10,16.0,1,1
1100,11,41.0,1,1
1100,12,44.0,1,1
1100,13,0.0,1,1
1100,14,33.0,1,1
1100,15,108.0,1,1
1100,16,6.0,1,1
1100,17,122.0,1,1
1100,18,92.0,1,1
1100,19,53.0,1,1
1100,20,33.0,1,1
1100,21,70.0,1,1
1100,22,23.0,1,1
1100,23,44.0,1,1
1100,24,2.0,1,1
1100,25,37.0,1,1
1100,26,18.0,1,1
1100,27,0.0,1,1
1100,28,15.0,1,1
1100,29,32.0,1,1
1100,30,15.0,1,1
1100,31,17.0,1,1
1100,32,12.0,1,1
1100,33,21.0,1,1
1101,0,129.0,1,1
1101,1,95.0,1,1
1101,2,69.0,1,1
1101,3,35.0,1,1
1101,4,20.0,1,1
1101,5,104.0,1,1
1101,6,0.0,1,1
1101,7,103.0,1,1
1101,8,96.0,1,1
1101,9,0.0,1,1
1101,10,13.0,1,1
1101,11,57.0,1,1
1101,12,41.0,1,1
1101,13,2.0,1,1
1101,14,32.0,1,1
1101,15,132.0,1,1
1101,16,8.0,1,1
1101,17,90.0,1,1
1101,18,106.0,1,1
1101,19,53.0,1,1
1101,20,42.0,1,1
1101,21,54.0,1,1
1101,22,18.0,1,1
1101,23,54.0,1,1
1101,24,1.0,1,1
1101,25,23.0,1,1
1101,26,25.0,1,1
1101,27,0.0,1,1
1101,28,9.0,1,1
1101,29,27.0,1,1
1101,30,16.0,1,1
1101,31,14.0,1,1
1101,32,14.0,1,1
1101,33,18.0,1,1
1102,0,104.0,1,1
1102,1,99.0,1,1
1102,2,62.0,1,1
1102,3,31.0,1,1
1102,4,23.0,1,1
1102,5,96.0,1,1
1102,6,0.0,1,1
1102,7,100.0,1,1
1102,8,22.0,1,1
1102,9,0.0,1,1
1102,10,20.0,1,1
1102,11,57.0,1,1
1102,12,30.0,1,1
1102,13,2.0,1,1
1102,14,27.0,1,1
1102,15,137.0,1,1
1102,16,6.0,1,1
1102,17,99.0,1,1
1102,18,109.0,1,1
1102,19,37.0,1,1
1102,20,46.0,1,1
1102,21,64.0,1,1
1102,22,11.0,1,1
1102,23,49.0,1,1
1102,24,3.0,1,1
1102,25,13.0,1,1
1102,26,23.0,1,1
1102,27,0.0,1,1
1102,28,29.0,1,1
1102,29,18.0,1,1
1102,30,17.0,1,1
1102,31,6.0,1,1
1102,32,26.0,1,1
1102,33,10.0,1,1
1103,0,132.0,1,1
1103,1,82.0,1,1
1103,2,90.0,1,1
1103,3,19.0,1,1
1103,4,18.0,1,1
1103,5,83.0,1,1
1103,6,0.0,1,1
1103,7,106.0,1,1
1103,8,30.0,1,1
1103,9,0.0,1,1
1103,10,20.0,1,1
1103,11,65.0,1,1
1103,12,26.0,1,1
1103,13,0.0,1,1
1103,14,35.0,1,1
1103,15,145.0,1,1
1103,16,2.0,1,1
1103,17,83.0,1,1
1103,18,132.0,1,1
1103,19,27.0,1,1
1103,20,21.0,1,1
1103,21,60.0,1,1
1103,22,17.0,1,1
1103,23,44.0,1,1
1103,24,3.0,1,1
1103,25,16.0,1,1
1103,26,24.0,1,1
1103,27,0.0,1,1
1103,28,16.0,1,1
1103,29,12.0,1,1
1103,30,22.0,1,1
1103,31,9.0,1,1
1103,32,12.0,1,1
1103,33,22.0,1,1
1104,0,125.0,1,1
1104,1,88.0,1,1
1104,2,81.0,1,1
1104,3,21.0,1,1
1104,4,21.0,1,1
1104,5,82.0,1,1
1104,6,0.0,1,1
1104,7,99.0,1,1
1104,8,28.0,1,1
1104,9,0.0,1,1
1104,10,24.0,1,1
1104,11,73.0,1,1
1104,12,28.0,1,1
1104,13,0.0,1,1
1104,14,29.0,1,1
1104,15,73.0,1,1
1104,16,3.0,1,1
1104,17,90.0,1,1
1104,18,142.0,1,1
1104,19,36.0,1,1
1104,20,37.0,1,1
1104,21,138.0,1,1
1104,22,14.0,1,1
1104,23,49.0,1,1
1104,24,3.0,1,1
1104,25,15.0,1,1
1104,26,32.0,1,1
1104,27,0.0,1,1
1104,28,22.0,1,1
1104,29,13.0,1,1
1104,30,15.0,1,1
1104,31,8.0,1,1
1104,32,15.0,1,1
1104,33,14.0,1,1
1105,0,130.0,1,1
1105,1,133.0,1,1
1105,2,75.0,1,1
1105,3,32.0,1,1
1105,4,22.0,1,1
1105,5,123.0,1,1
1105,6,0.0,1,1
1105,7,86.0,1,1
1105,8,22.0,1,1
1105,9,0.0,1,1
1105,10,19.0,1,1
1105,11,70.0,1,1
1105,12,22.0,1,1
1105,13,1.0,1,1
1105,14,35.0,1,1
1105,15,100.0,1,1
1105,16,12.0,1,1
1105,17,90.0,1,1
1105,18,131.0,1,1
1105,19,43.0,1,1
1105,20,44.0,1,1
1105,21,46.0,1,1
1105,22,17.0,1,1
1105,23,42.0,1,1
1105,24,2.0,1,1
1105,25,19.0,1,1
1105,26,30.0,1,1
1105,27,0.0,1,1
1105,28,32.0,1,1
1105,29,25.0,1,1
1105,30,17.0,1,1
1105,31,25.0,1,1
1105,32,11.0,1,1
1105,33,16.0,1,1
1106,0,121.0,1,1
1106,1,98.0,1,1
1106,2,73.0,1,1
1106,3,119.0,1,1
1106,4,18.0,1,1
1106,5,85.0,1,1
1106,6,0.0,1,1
1106,7,97.0,1,1
1106,8,34.0,1,1
1106,9,0.0,1,1
1106,10,21.0,1,1
1106,11,62.0,1,1
1106,12,22.0,1,1
1106,13,0.0,1,1
1106,14,36.0,1,1
1106,15,180.0,1,1
1106,16,3.0,1,1
1106,17,107.0,1,1
1106,18,126.0,1,1
1106,19,47.0,1,1
1106,20,48.0,1,1
1106,21,84.0,1,1
1106,22,14.0,1,1
1106,23,56.0,1,1
1106,24,2.0,1,1
1106,25,22.0,1,1
1106,26,23.0,1,1
1106,27,0.0,1,1
1106,28,21.0,1,1
1106,29,23.0,1,1
1106,30,22.0,1,1
1106,31,8.0,1,1
1106,32,16.0,1,1
1106,33,10.0,1,1
1107,0,140.0,1,1
1107,1,111.0,1,1
1107,2,87.0,1,1
1107,3,28.0,1,1
1107,4,32.0,1,1
1107,5,102.0,1,1
1107,6,0.0,1,1
1107,7,129.0,1,1
1107,8,36.0,1,1
1107,9,0.0,1,1
1107,10,23.0,1,1
1107,11,79.0,1,1
1107,12,29.0,1,1
1107,13,2.0,1,1
1107,14,24.0,1,1
1107,15,152.0,1,1
1107,16,9.0,1,1
1107,17,123.0,1,1
1107,18,127.0,1,1
1107,19,49.0,1,1
1107,20,42.0,1,1
1107,21,66.0,1,1
1107,22,19.0,1,1
1107,23,69.0,1,1
1107,24,1.0,1,1
1107,25,27.0,1,1
1107,26,22.0,1,1
1107,27,0.0,1,1
1107,28,29.0,1,1
1107,29,15.0,1,1
1107,30,24.0,1,1
1107,31,8.0,1,1
1107,32,18.0,1,1
1107,33,15.0,1,1
1108,0,143.0,1,1
1108,1,76.0,1,1
1108,2,79.0,1,1
1108,3,38.0,1,1
1108,4,23.0,1,1
1108,5,69.0,1,1
1108,6,0.0,1,1
1108,7,107.0,1,1
1108,8,33.0,1,1
1108,9,0.0,1,1
1108,10,16.0,1,1
1108,11,92.0,1,1
1108,12,48.0,1,1
1108,13,2.0,1,1
1108,14,61.0,1,1
1108,15,121.0,1,1
1108,16,6.0,1,1
1108,17,100.0,1,1
1108,18,150.0,1,1
1108,19,39.0,1,1
1108,20,32.0,1,1
1108,21,52.0,1,1
1108,22,17.0,1,1
1108,23,66.0,1,1
1108,24,4.0,1,1
1108,25,25.0,1,1
1108,26,27.0,1,1
1108,27,0.0,1,1
1108,28,34.0,1,1
1108,29,25.0,1,1
1108,30,15.0,1,1
1108,31,4.0,1,1
1108,32,20.0,1,1
1108,33,23.0,1,1
1109,0,111.0,1,1
1109,1,106.0,1,1
1109,2,83.0,1,1
1109,3,29.0,1,1
1109,4,22.0,1,1
1109,5,96.0,1,1
1109,6,0.0,1,1
1109,7,120.0,1,1
1109,8,30.0,1,1
1109,9,0.0,1,1
1109,10,9.0,1,1
1109,11,108.0,1,1
1109,12,19.0,1,1
1109,13,2.0,1,1
1109,14,33.0,1,1
1109,15,138.0,1,1
1109,16,5.0,1,1
1109,17,111.0,1,1
1109,18,141.0,1,1
1109,19,52.0,1,1
1109,20,39.0,1,1
1109,21,50.0,1,1
1109,22,14.0,1,1
1109,23,66.0,1,1
1109,24,4.0,1,1
1109,25,28.0,1,1
1109,26,36.0,1,1
1109,27,0.0,1,1
1109,28,26.0,1,1
1109,29,16.0,1,1
1109,30,24.0,1,1
1109,31,8.0,1,1
1109,32,14.0,1,1
1109,33,15.0,1,1
1110,0,113.0,1,1
1110,1,103.0,1,1
1110,2,75.0,1,1
1110,3,37.0,1,1
1110,4,21.0,1,1
1110,5,88.0,1,1
1110,6,0.0,1,1
1110,7,109.0,1,1
1110,8,33.0,1,1
1110,9,0.0,1,1
1110,10,23.0,1,1
1110,11,87.0,1,1
1110,12,27.0,1,1
1110,13,1.0,1,1
1110,14,17.0,1,1
1110,15,128.0,1,1
1110,16,6.0,1,1
1110,17,111.0,1,1
1110,18,157.0,1,1
1110,19,35.0,1,1
1110,20,41.0,1,1
1110,21,72.0,1,1
1110,22,24.0,1,1
1110,23,65.0,1,1
1110,24,3.0,1,1
1110,25,19.0,1,1
1110,26,23.0,1,1
1110,27,0.0,1,1
1110,28,24.0,1,1
1110,29,23.0,1,1
1110,30,27.0,1,1
1110,31,18.0,1,1
1110,32,17.0,1,1
1110,33,16.0,1,1
1111,0,129.0,1,1
1111,1,87.0,1,1
1111,2,92.0,1,1
1111,3,29.0,1,1
1111,4,29.0,1,1
1111,5,101.0,1,1
1111,6,0.0,1,1
1111,7,110.0,1,1
1111,8,36.0,1,1
1111,9,0.0,1,1
1111,10,11.0,1,1
1111,11,95.0,1,1
1111,12,30.0,1,1
1111,13,0.0,1,1
1111,14,38.0,1,1
1111,15,156.0,1,1
1111,16,4.0,1,1
1111,17,114.0,1,1
1111,18,139.0,1,1
1111,19,37.0,1,1
1111,20,32.0,1,1
1111,21,68.0,1,1
1111,22,11.0,1,1
1111,23,60.0,1,1
1111,24,4.0,1,1
1111,25,21.0,1,1
1111,26,20.0,1,1
1111,27,0.0,1,1
1111,28,35.0,1,1
1111,29,31.0,1,1
1111,30,21.0,1,1
1111,31,11.0,1,1
1111,32,22.0,1,1
1111,33,18.0,1,1
1112,0,132.0,1,1
1112,1,116.0,1,1
1112,2,101.0,1,1
1112,3,50.0,1,1
1112,4,17.0,1,1
1112,5,92.0,1,1
1112,6,0.0,1,1
1112,7,143.0,1,1
1112,8,84.0,1,1
1112,9,0.0,1,1
1112,10,17.0,1,1
1112,11,93.0,1,1
1112,12,38.0,1,1
1112,13,0.0,1,1
1112,14,21.0,1,1
1112,15,109.0,1,1
1112,16,6.0,1,1
1112,17,110.0,1,1
1112,18,172.0,1,1
1112,19,43.0,1,1
1112,20,51.0,1,1
1112,21,59.0,1,1
1112,22,20.0,1,1
1112,23,54.0,1,1
1112,24,3.0,1,1
1112,25,12.0,1,1
1112,26,28.0,1,1
1112,27,0.0,1,1
1112,28,26.0,1,1
1112,29,18.0,1,1
1112,30,28.0,1,1
1112,31,9.0,1,1
1112,32,18.0,1,1
1112,33,13.0,1,1
1113,0,150.0,1,1
1113,1,95.0,1,1
1113,2,121.0,1,1
1113,3,51.0,1,1
1113,4,21.0,1,1
1113,5,81.0,1,1
1113,6,0.0,1,1
1113,7,135.0,1,1
1113,8,50.0,1,1
1113,9,0.0,1,1
1113,10,16.0,1,1
1113,11,96.0,1,1
1113,12,39.0,1,1
1113,13,0.0,1,1
1113,14,24.0,1,1
1113,15,169.0,1,1
1113,16,9.0,1,1
1113,17,98.0,1,1
1113,18,177.0,1,1
1113,19,40.0,1,1
1113,20,45.0,1,1
1113,21,63.0,1,1
1113,22,17.0,1,1
1113,23,45.0,1,1
1113,24,7.0,1,1
1113,25,19.0,1,1
1113,26,19.0,1,1
1113,27,0.0,1,1
1113,28,36.0,1,1
1113,29,15.0,1,1
1113,30,29.0,1,1
1113,31,5.0,1,1
1113,32,33.0,1,1
1113,33,16.0,1,1
1114,0,143.0,1,1
1114,1,84.0,1,1
1114,2,114.0,1,1
1114,3,47.0,1,1
1114,4,25.0,1,1
1114,5,89.0,1,1
1114,6,0.0,1,1
1114,7,161.0,1,1
1114,8,22.0,1,1
1114,9,0.0,1,1
1114,10,19.0,1,1
1114,11,116.0,1,1
1114,12,24.0,1,1
1114,13,1.0,1,1
1114,14,31.0,1,1
1114,15,162.0,1,1
1114,16,2.0,1,1
1114,17,104.0,1,1
1114,18,161.0,1,1
1114,19,40.0,1,1
1114,20,60.0,1,1
1114,21,68.0,1,1
1114,22,13.0,1,1
1114,23,60.0,1,1
1114,24,7.0,1,1
1114,25,21.0,1,1
1114,26,24.0,1,1
1114,27,0.0,1,1
1114,28,31.0,1,1
1114,29,11.0,1,1
1114,30,17.0,1,1
1114,31,4.0,1,1
1114,32,20.0,1,1
1114,33,18.0,1,1
1115,0,159.0,1,1
1115,1,113.0,1,1
1115,2,129.0,1,1
1115,3,43.0,1,1
1115,4,31.0,1,1
1115,5,92.0,1,1
1115,6,0.0,1,1
1115,7,150.0,1,1
1115,8,48.0,1,1
1115,9,0.0,1,1
1115,10,25.0,1,1
1115,11,106.0,1,1
1115,12,28.0,1,1
1115,13,0.0,1,1
1115,14,25.0,1,1
1115,15,159.0,1,1
1115,16,8.0,1,1
1115,17,95.0,1,1
1115,18,216.0,1,1
1115,19,56.0,1,1
1115,20,32.0,1,1
1115,21,73.0,1,1
1115,22,20.0,1,1
1115,23,55.0,1,1
1115,24,6.0,1,1
1115,25,16.0,1,1
1115,26,23.0,1,1
1115,27,0.0,1,1
1115,28,27.0,1,1
1115,29,21.0,1,1
1115,30,24.0,1,1
1115,31,9.0,1,1
1115,32,18.0,1,1
1115,33,16.0,1,1
1116,0,152.0,1,1
1116,1,74.0,1,1
1116,2,128.0,1,1
1116,3,54.0,1,1
1116,4,33.0,1,1
1116,5,74.0,1,1
1116,6,0.0,1,1
1116,7,141.0,1,1
1116,8,34.0,1,1
1116,9,0.0,1,1
1116,10,20.0,1,1
1116,11,121.0,1,1
1116,12,29.0,1,1
1116,13,0.0,1,1
1116,14,28.0,1,1
1116,15,180.0,1,1
1116,16,5.0,1,1
1116,17,120.0,1,1
1116,18,209.0,1,1
1116,19,36.0,1,1
1116,20,37.0,1,1
1116,21,60.0,1,1
1116,22,22.0,1,1
1116,23,62.0,1,1
1116,24,4.0,1,1
1116,25,19.0,1,1
1116,26,32.0,1,1
1116,27,0.0,1,1
1116,28,27.0,1,1
1116,29,29.0,1,1
1116,30,29.0,1,1
1116,31,4.0,1,1
1116,32,19.0,1,1
1116,33,15.0,1,1
1117,0,143.0,1,1
1117,1,74.0,1,1
1117,2,127.0,1,1
1117,3,86.0,1,1
1117,4,30.0,1,1
1117,5,68.0,1,1
1117,6,0.0,1,1
1117,7,137.0,1,1
1117,8,38.0,1,1
1117,9,0.0,1,1
1117,10,25.0,1,1
1117,11,104.0,1,1
1117,12,29.0,1,1
1117,13,0.0,1,1
1117,14,45.0,1,1
1117,15,184.0,1,1
1117,16,5.0,1,1
1117,17,100.0,1,1
1117,18,181.0,1,1
1117,19,35.0,1,1
1117,20,39.0,1,1
1117,21,61.0,1,1
1117,22,15.0,1,1
1117,23,58.0,1,1
1117,24,1.0,1,1
1117,25,14.0,1,1
1117,26,20.0,1,1
1117,27,0.0,1,1
1117,28,38.0,1,1
1117,29,19.0,1,1
1117,30,28.0,1,1
1117,31,4.0,1,1
1117,32,18.0,1,1
1117,33,9.0,1,1
1118,0,142.0,1,1
1118,1,93.0,1,1
1118,2,127.0,1,1
1118,3,70.0,1,1
1118,4,32.0,1,1
1118,5,88.0,1,1
1118,6,0.0,1,1
1118,7,132.0,1,1
1118,8,87.0,1,1
1118,9,0.0,1,1
1118,10,18.0,1,1
1118,11,103.0,1,1
1118,12,27.0,1,1
1118,13,3.0,1,1
1118,14,81.0,1,1
1118,15,120.0,1,1
1118,16,9.0,1,1
1118,17,112.0,1,1
1118,18,190.0,1,1
1118,19,44.0,1,1
1118,20,33.0,1,1
1118,21,60.0,1,1
1118,22,16.0,1,1
1118,23,51.0,1,1
1118,24,6.0,1,1
1118,25,14.0,1,1
1118,26,23.0,1,1
1118,27,0.0,1,1
1118,28,25.0,1,1
1118,29,20.0,1,1
1118,30,24.0,1,1
1118,31,6.0,1,1
1118,32,23.0,1,1
1118,33,19.0,1,1
1119,0,124.0,1,1
1119,1,93.0,1,1
1119,2,131.0,1,1
1119,3,44.0,1,1
1119,4,22.0,1,1
1119,5,85.0,1,1
1119,6,0.0,1,1
1119,7,147.0,1,1
1119,8,45.0,1,1
1119,9,0.0,1,1
1119,10,19.0,1,1
1119,11,106.0,1,1
1119,12,36.0,1,1
1119,13,0.0,1,1
1119,14,36.0,1,1
1119,15,139.0,1,1
1119,16,8.0,1,1
1119,17,106.0,1,1
1119,18,186.0,1,1
1119,19,46.0,1,1
1119,20,37.0,1,1
1119,21,62.0,1,1
1119,22,17.0,1,1
1119,23,58.0,1,1
1119,24,5.0,1,1
1119,25,18.0,1,1
1119,26,25.0,1,1
1119,27,0.0,1,1
1119,28,27.0,1,1
1119,29,17.0,1,1
1119,30,22.0,1,1
1119,31,9.0,1,1
1119,32,29.0,1,1
1119,33,11.0,1,1
1120,0,103.0,1,1
1120,1,72.0,1,1
1120,2,128.0,1,1
1120,3,69.0,1,1
1120,4,29.0,1,1
1120,5,80.0,1,1
1120,6,0.0,1,1
1120,7,160.0,1,1
1120,8,45.0,1,1
1120,9,0.0,1,1
1120,10,15.0,1,1
1120,11,128.0,1,1
1120,12,31.0,1,1
1120,13,3.0,1,1
1120,14,52.0,1,1
1120,15,247.0,1,1
1120,16,4.0,1,1
1120,17,133.0,1,1
1120,18,182.0,1,1
1120,19,39.0,1,1
1120,20,58.0,1,1
1120,21,73.0,1,1
1120,22,11.0,1,1
1120,23,60.0,1,1
1120,24,1.0,1,1
1120,25,14.0,1,1
1120,26,23.0,1,1
1120,27,0.0,1,1
1120,28,31.0,1,1
1120,29,17.0,1,1
1120,30,27.0,1,1
1120,31,12.0,1,1
1120,32,25.0,1,1
1120,33,11.0,1,1
1121,0,81.0,1,1
1121,1,99.0,1,1
1121,2,95.0,1,1
1121,3,64.0,1,1
1121,4,29.0,1,1
1121,5,72.0,1,1
1121,6,0.0,1,1
1121,7,142.0,1,1
1121,8,22.0,1,1
1121,9,0.0,1,1
1121,10,16.0,1,1
1121,11,98.0,1,1
1121,12,46.0,1,1
1121,13,3.0,1,1
1121,14,57.0,1,1
1121,15,122.0,1,1
1121,16,8.0,1,1
1121,17,108.0,1,1
1121,18,177.0,1,1
1121,19,44.0,1,1
1121,20,34.0,1,1
1121,21,61.0,1,1
1121,22,23.0,1,1
1121,23,67.0,1,1
1121,24,3.0,1,1
1121,25,19.0,1,1
1121,26,30.0,1,1
1121,27,0.0,1,1
1121,28,33.0,1,1
1121,29,18.0,1,1
1121,30,35.0,1,1
1121,31,5.0,1,1
1121,32,30.0,1,1
1121,33,19.0,1,1
1122,0,84.0,1,1
1122,1,81.0,1,1
1122,2,97.0,1,1
1122,3,59.0,1,1
1122,4,32.0,1,1
1122,5,88.0,1,1
1122,6,0.0,1,1
1122,7,139.0,1,1
1122,8,30.0,1,1
1122,9,0.0,1,1
1122,10,13.0,1,1
1122,11,114.0,1,1
1122,12,37.0,1,1
1122,13,2.0,1,1
1122,14,57.0,1,1
1122,15,126.0,1,1
1122,16,4.0,1,1
1122,17,168.0,1,1
1122,18,194.0,1,1
1122,19,35.0,1,1
1122,20,51.0,1,1
1122,21,69.0,1,1
1122,22,24.0,1,1
1122,23,53.0,1,1
1122,24,4.0,1,1
1122,25,19.0,1,1
1122,26,32.0,1,1
1122,27,0.0,1,1
1122,28,27.0,1,1
1122,29,18.0,1,1
1122,30,28.0,1,1
1122,31,6.0,1,1
1122,32,15.0,1,1
1122,33,16.0,1,1
1123,0,98.0,1,1
1123,1,62.0,1,1
1123,2,99.0,1,1
1123,3,55.0,1,1
1123,4,26.0,1,1
1123,5,52.0,1,1
1123,6,0.0,1,1
1123,7,113.0,1,1
1123,8,36.0,1,1
1123,9,0.0,1,1
1123,10,17.0,1,1
1123,11,97.0,1,1
1123,12,34.0,1,1
1123,13,3.0,1,1
1123,14,35.0,1,1
1123,15,151.0,1,1
1123,16,4.0,1,1
1123,17,151.0,1,1
1123,18,188.0,1,1
1123,19,47.0,1,1
1123,20,63.0,1,1
1123,21,72.0,1,1
1123,22,19.0,1,1
1123,23,50.0,1,1
1123,24,5.0,1,1
1123,25,15.0,1,1
1123,26,27.0,1,1
1123,27,0.0,1,1
1123,28,30.0,1,1
1123,29,18.0,1,1
1123,30,26.0,1,1
1123,31,10.0,1,1
1123,32,21.0,1,1
1123,33,12.0,1,1
1124,0,101.0,1,1
1124,1,94.0,1,1
1124,2,92.0,1,1
1124,3,49.0,1,1
1124,4,25.0,1,1
1124,5,87.0,1,1
1124,6,0.0,1,1
1124,7,110.0,1,1
1124,8,28.0,1,1
1124,9,0.0,1,1
1124,10,14.0,1,1
1124,11,74.0,1,1
1124,12,36.0,1,1
1124,13,0.0,1,1
1124,14,60.0,1,1
1124,15,147.0,1,1
1124,16,1.0,1,1
1124,17,94.0,1,1
1124,18,168.0,1,1
1124,19,34.0,1,1
1124,20,41.0,1,1
1124,21,105.0,1,1
1124,22,15.0,1,1
1124,23,49.0,1,1
1124,24,3.0,1,1
1124,25,19.0,1,1
1124,26,23.0,1,1
1124,27,0.0,1,1
1124,28,29.0,1,1
1124,29,21.0,1,1
1124,30,30.0,1,1
1124,31,4.0,1,1
1124,32,19.0,1,1
1124,33,14.0,1,1
1125,0,101.0,1,1
1125,1,77.0,1,1
1125,2,91.0,1,1
1125,3,28.0,1,1
1125,4,21.0,1,1
1125,5,81.0,1,1
1125,6,0.0,1,1
1125,7,108.0,1,1
1125,8,26.0,1,1
1125,9,0.0,1,1
1125,10,16.0,1,1
1125,11,78.0,1,1
1125,12,29.0,1,1
1125,13,0.0,1,1
1125,14,35.0,1,1
1125,15,164.0,1,1
1125,16,3.0,1,1
1125,17,97.0,1,1
1125,18,148.0,1,1
1125,19,38.0,1,1
1125,20,34.0,1,1
1125,21,64.0,1,1
1125,22,15.0,1,1
1125,23,47.0,1,1
1125,24,2.0,1,1
1125,25,17.0,1,1
1125,26,22.0,1,1
1125,27,0.0,1,1
1125,28,29.0,1,1
1125,29,18.0,1,1
1125,30,22.0,1,1
1125,31,7.0,1,1
1125,32,19.0,1,1
1125,33,13.0,1,1
1126,0,103.0,1,1
1126,1,79.0,1,1
1126,2,92.0,1,1
1126,3,39.0,1,1
1126,4,14.0,1,1
1126,5,79.0,1,1
1126,6,0.0,1,1
1126,7,118.0,1,1
1126,8,48.0,1,1
1126,9,0.0,1,1
1126,10,22.0,1,1
1126,11,100.0,1,1
1126,12,36.0,1,1
1126,13,2.0,1,1
1126,14,34.0,1,1
1126,15,193.0,1,1
1126,16,7.0,1,1
1126,17,91.0,1,1
1126,18,161.0,1,1
1126,19,43.0,1,1
1126,20,29.0,1,1
1126,21,60.0,1,1
1126,22,18.0,1,1
1126,23,61.0,1,1
1126,24,4.0,1,1
1126,25,14.0,1,1
1126,26,26.0,1,1
1126,27,0.0,1,1
1126,28,35.0,1,1
1126,29,19.0,1,1
1126,30,23.0,1,1
1126,31,6.0,1,1
1126,32,13.0,1,1
1126,33,14.0,1,1
1127,0,81.0,1,1
1127,1,87.0,1,1
1127,2,88.0,1,1
1127,3,26.0,1,1
1127,4,20.0,1,1
1127,5,92.0,1,1
1127,6,0.0,1,1
1127,7,104.0,1,1
1127,8,29.0,1,1
1127,9,0.0,1,1
1127,10,30.0,1,1
1127,11,76.0,1,1
1127,12,32.0,1,1
1127,13,0.0,1,1
1127,14,45.0,1,1
1127,15,151.0,1,1
1127,16,2.0,1,1
1127,17,88.0,1,1
1127,18,120.0,1,1
1127,19,41.0,1,1
1127,20,36.0,1,1
1127,21,55.0,1,1
1127,22,14.0,1,1
1127,23,50.0,1,1
1127,24,2.0,1,1
1127,25,13.0,1,1
1127,26,22.0,1,1
1127,27,0.0,1,1
1127,28,17.0,1,1
1127,29,13.0,1,1
1127,30,20.0,1,1
1127,31,2.0,1,1
1127,32,18.0,1,1
1127,33,10.0,1,1
1128,0,68.0,1,1
1128,1,70.0,1,1
1128,2,78.0,1,1
1128,3,95.0,1,1
1128,4,18.0,1,1
1128,5,75.0,1,1
1128,6,0.0,1,1
1128,7,93.0,1,1
1128,8,23.0,1,1
1128,9,0.0,1,1
1128,10,20.0,1,1
1128,11,62.0,1,1
1128,12,26.0,1,1
1128,13,0.0,1,1
1128,14,35.0,1,1
1128,15,92.0,1,1
1128,16,5.0,1,1
1128,17,92.0,1,1
1128,18,119.0,1,1
1128,19,31.0,1,1
1128,20,28.0,1,1
1128,21,54.0,1,1
1128,22,18.0,1,1
1128,23,61.0,1,1
1128,24,2.0,1,1
1128,25,20.0,1,1
1128,26,18.0,1,1
1128,27,0.0,1,1
1128,28,15.0,1,1
1128,29,16.0,1,1
1128,30,17.0,1,1
1128,31,5.0,1,1
1128,32,14.0,1,1
1128,33,9.0,1,1
1129,0,87.0,1,1
1129,1,77.0,1,1
1129,2,56.0,1,1
1129,3,22.0,1,1
1129,4,14.0,1,1
1129,5,58.0,1,1
1129,6,0.0,1,1
1129,7,100.0,1,1
1129,8,27.0,1,1
1129,9,0.0,1,1
1129,10,15.0,1,1
1129,11,64.0,1,1
1129,12,19.0,1,1
1129,13,1.0,1,1
1129,14,29.0,1,1
1129,15,102.0,1,1
1129,16,4.0,1,1
1129,17,80.0,1,1
1129,18,128.0,1,1
1129,19,29.0,1,1
1129,20,34.0,1,1
1129,21,55.0,1,1
1129,22,11.0,1,1
1129,23,58.0,1,1
1129,24,3.0,1,1
1129,25,17.0,1,1
1129,26,15.0,1,1
1129,27,0.0,1,1
1129,28,29.0,1,1
1129,29,9.0,1,1
1129,30,17.0,1,1
1129,31,6.0,1,1
1129,32,12.0,1,1
1129,33,8.0,1,1
1130,0,73.0,1,1
1130,1,55.0,1,1
1130,2,61.0,1,1
1130,3,25.0,1,1
1130,4,19.0,1,1
1130,5,57.0,1,1
1130,6,0.0,1,1
1130,7,79.0,1,1
1130,8,48.0,1,1
1130,9,0.0,1,1
1130,10,19.0,1,1
1130,11,62.0,1,1
1130,12,11.0,1,1
1130,13,0.0,1,1
1130,14,44.0,1,1
1130,15,91.0,1,1
1130,16,1.0,1,1
1130,17,80.0,1,1
1130,18,90.0,1,1
1130,19,26.0,1,1
1130,20,29.0,1,1
1130,21,33.0,1,1
1130,22,9.0,1,1
1130,23,51.0,1,1
1130,24,3.0,1,1
1130,25,9.0,1,1
1130,26,19.0,1,1
1130,27,0.0,1,1
1130,28,14.0,1,1
1130,29,12.0,1,1
1130,30,20.0,1,1
1130,31,6.0,1,1
1130,32,10.0,1,1
1130,33,9.0,1,1
1131,0,97.0,1,1
1131,1,59.0,1,1
1131,2,72.0,1,1
1131,3,15.0,1,1
1131,4,19.0,1,1
1131,5,59.0,1,1
1131,6,0.0,1,1
1131,7,93.0,1,1
1131,8,12.0,1,1
1131,9,0.0,1,1
1131,10,11.0,1,1
1131,11,63.0,1,1
1131,12,29.0,1,1
1131,13,2.0,1,1
1131,14,25.0,1,1
1131,15,78.0,1,1
1131,16,2.0,1,1
1131,17,80.0,1,1
1131,18,116.0,1,1
1131,19,23.0,1,1
1131,20,24.0,1,1
1131,21,33.0,1,1
1131,22,15.0,1,1
1131,23,28.0,1,1
1131,24,3.0,1,1
1131,25,14.0,1,1
1131,26,18.0,1,1
1131,27,0.0,1,1
1131,28,14.0,1,1
1131,29,20.0,1,1
1131,30,11.0,1,1
1131,31,1.0,1,1
1131,32,18.0,1,1
1131,33,18.0,1,1
1132,0,70.0,1,1
1132,1,52.0,1,1
1132,2,54.0,1,1
1132,3,18.0,1,1
1132,4,4.0,1,1
1132,5,48.0,1,1
1132,6,0.0,1,1
1132,7,66.0,1,1
1132,8,16.0,1,1
1132,9,0.0,1,1
1132,10,8.0,1,1
1132,11,54.0,1,1
1132,12,13.0,1,1
1132,13,0.0,1,1
1132,14,9.0,1,1
1132,15,62.0,1,1
1132,16,2.0,1,1
1132,17,58.0,1,1
1132,18,84.0,1,1
1132,19,26.0,1,1
1132,20,21.0,1,1
1132,21,36.0,1,1
1132,22,9.0,1,1
1132,23,33.0,1,1
1132,24,1.0,1,1
1132,25,11.0,1,1
1132,26,14.0,1,1
1132,27,0.0,1,1
1132,28,20.0,1,1
1132,29,12.0,1,1
1132,30,16.0,1,1
1132,31,2.0,1,1
1132,32,16.0,1,1
1132,33,11.0,1,1
1133,0,30.0,1,1
1133,1,62.0,1,1
1133,2,36.0,1,1
1133,3,13.0,1,1
1133,4,18.0,1,1
1133,5,59.0,1,1
1133,6,0.0,1,1
1133,7,54.0,1,1
1133,8,20.0,1,1
1133,9,0.0,1,1
1133,10,17.0,1,1
1133,11,37.0,1,1
1133,12,18.0,1,1
1133,13,3.0,1,1
1133,14,46.0,1,1
1133,15,90.0,1,1
1133,16,2.0,1,1
1133,17,67.0,1,1
1133,18,79.0,1,1
1133,19,32.0,1,1
1133,20,24.0,1,1
1133,21,32.0,1,1
1133,22,8.0,1,1
1133,23,46.0,1,1
1133,24,1.0,1,1
1133,25,13.0,1,1
1133,26,15.0,1,1
1133,27,0.0,1,1
1133,28,13.0,1,1
1133,29,12.0,1,1
1133,30,18.0,1,1
1133,31,3.0,1,1
1133,32,8.0,1,1
1133,33,9.0,1,1
1134,0,54.0,1,1
1134,1,54.0,1,1
1134,2,54.0,1,1
1134,3,20.0,1,1
1134,4,14.0,1,1
1134,5,51.0,1,1
1134,6,0.0,1,1
1134,7,67.0,1,1
1134,8,14.0,1,1
1134,9,0.0,1,1
1134,10,14.0,1,1
1134,11,39.0,1,1
1134,12,14.0,1,1
1134,13,0.0,1,1
1134,14,30.0,1,1
1134,15,82.0,1,1
1134,16,2.0,1,1
1134,17,57.0,1,1
1134,18,81.0,1,1
1134,19,22.0,1,1
1134,20,24.0,1,1
1134,21,42.0,1,1
1134,22,10.0,1,1
1134,23,30.0,1,1
1134,24,2.0,1,1
1134,25,9.0,1,1
1134,26,14.0,1,1
1134,27,0.0,1,1
1134,28,11.0,1,1
1134,29,19.0,1,1
1134,30,12.0,1,1
1134,31,5.0,1,1
1134,32,10.0,1,1
1134,33,7.0,1,1
1135,0,52.0,1,1
1135,1,44.0,1,1
1135,2,40.0,1,1
1135,3,16.0,1,1
1135,4,13.0,1,1
1135,5,47.0,1,1
1135,6,0.0,1,1
1135,7,60.0,1,1
1135,8,10.0,1,1
1135,9,0.0,1,1
1135,10,14.0,1,1
1135,11,45.0,1,1
1135,12,25.0,1,1
1135,13,1.0,1,1
1135,14,40.0,1,1
1135,15,80.0,1,1
1135,16,7.0,1,1
1135,17,60.0,1,1
1135,18,80.0,1,1
1135,19,26.0,1,1
1135,20,28.0,1,1
1135,21,44.0,1,1
1135,22,11.0,1,1
1135,23,38.0,1,1
1135,24,5.0,1,1
1135,25,12.0,1,1
1135,26,15.0,1,1
1135,27,0.0,1,1
1135,28,15.0,1,1
1135,29,10.0,1,1
1135,30,14.0,1,1
1135,31,2.0,1,1
1135,32,12.0,1,1
1135,33,4.0,1,1
1136,0,42.0,1,1
1136,1,53.0,1,1
1136,2,34.0,1,1
1136,3,14.0,1,1
1136,4,10.0,1,1
1136,5,68.0,1,1
1136,6,0.0,1,1
1136,7,78.0,1,1
1136,8,17.0,1,1
1136,9,0.0,1,1
1136,10,9.0,1,1
1136,11,42.0,1,1
1136,12,23.0,1,1
1136,13,1.0,1,1
1136,14,21.0,1,1
1136,15,77.0,1,1
1136,16,1.0,1,1
1136,17,72.0,1,1
1136,18,69.0,1,1
1136,19,28.0,1,1
1136,20,12.0,1,1
1136,21,23.0,1,1
1136,22,4.0,1,1
1136,23,38.0,1,1
1136,24,1.0,1,1
1136,25,6.0,1,1
1136,26,11.0,1,1
1136,27,0.0,1,1
1136,28,14.0,1,1
1136,29,10.0,1,1
1136,30,8.0,1,1
1136,31,2.0,1,1
1136,32,11.0,1,1
1136,33,9.0,1,1
1137,0,62.0,1,1
1137,1,47.0,1,1
1137,2,49.0,1,1
1137,3,10.0,1,1
1137,4,15.0,1,1
1137,5,52.0,1,1
1137,6,0.0,1,1
1137,7,56.0,1,1
1137,8,6.0,1,1
1137,9,0.0,1,1
1137,10,8.0,1,1
1137,11,48.0,1,1
1137,12,19.0,1,1
1137,13,0.0,1,1
1137,14,16.0,1,1
1137,15,104.0,1,1
1137,16,0.0,1,1
1137,17,66.0,1,1
1137,18,77.0,1,1
1137,19,15.0,1,1
1137,20,23.0,1,1
1137,21,36.0,1,1
1137,22,5.0,1,1
1137,23,43.0,1,1
1137,24,1.0,1,1
1137,25,12.0,1,1
1137,26,8.0,1,1
1137,27,0.0,1,1
1137,28,19.0,1,1
1137,29,9.0,1,1
1137,30,11.0,1,1
1137,31,8.0,1,1
1137,32,13.0,1,1
1137,33,7.0,1,1
1138,0,72.0,1,1
1138,1,51.0,1,1
1138,2,52.0,1,1
1138,3,22.0,1,1
1138,4,14.0,1,1
1138,5,47.0,1,1
1138,6,0.0,1,1
1138,7,64.0,1,1
1138,8,13.0,1,1
1138,9,0.0,1,1
1138,10,10.0,1,1
1138,11,46.0,1,1
1138,12,11.0,1,1
1138,13,1.0,1,1
1138,14,46.0,1,1
1138,15,118.0,1,1
1138,16,4.0,1,1
1138,17,56.0,1,1
1138,18,80.0,1,1
1138,19,25.0,1,1
1138,20,20.0,1,1
1138,21,39.0,1,1
1138,22,12.0,1,1
1138,23,39.0,1,1
1138,24,1.0,1,1
1138,25,10.0,1,1
1138,26,14.0,1,1
1138,27,0.0,1,1
1138,28,15.0,1,1
1138,29,10.0,1,1
1138,30,13.0,1,1
1138,31,5.0,1,1
1138,32,14.0,1,1
1138,33,5.0,1,1
1139,0,52.0,1,1
1139,1,52.0,1,1
1139,2,46.0,1,1
1139,3,17.0,1,1
1139,4,21.0,1,1
1139,5,62.0,1,1
1139,6,0.0,1,1
1139,7,55.0,1,1
1139,8,65.0,1,1
1139,9,0.0,1,1
1139,10,8.0,1,1
1139,11,44.0,1,1
1139,16,0.0,1,1
1139,17,56.0,1,1
1139,18,69.0,1,1
1139,19,22.0,1,1
1139,20,21.0,1,1
1139,21,27.0,1,1
1139,22,9.0,1,1
1139,23,32.0,1,1
1139,24,3.0,1,1
1139,25,10.0,1,1
1139,26,15.0,1,1
1139,27,0.0,1,1
1139,28,7.0,1,1
1139,29,13.0,1,1
1139,30,12.0,1,1
1139,31,7.0,1,1
1139,32,8.0,1,1
1139,33,4.0,1,1
1140,0,53.0,1,1
1140,1,59.0,1,1
1140,2,57.0,1,1
1140,3,16.0,1,1
1140,4,15.0,1,1
1140,5,59.0,1,1
1140,6,0.0,1,1
1140,7,52.0,1,1
1140,8,10.0,1,1
1140,9,0.0,1,1
1140,10,11.0,1,1
1140,11,35.0,1,1
1140,12,8.0,1,1
1140,13,0.0,1,1
1140,14,7.0,1,1
1140,15,24.0,1,1
1140,16,0.0,1,1
1140,17,62.0,1,1
1140,18,89.0,1,1
1140,19,31.0,1,1
1140,20,15.0,1,1
1140,21,39.0,1,1
1140,22,10.0,1,1
1140,23,36.0,1,1
1140,24,1.0,1,1
1140,25,7.0,1,1
1140,26,19.0,1,1
1140,27,0.0,1,1
1140,28,9.0,1,1
1140,29,18.0,1,1
1140,30,14.0,1,1
1140,31,9.0,1,1
1140,32,7.0,1,1
1140,33,14.0,1,1
1141,0,61.0,1,1
1141,1,45.0,1,1
1141,2,41.0,1,1
1141,3,14.0,1,1
1141,4,10.0,1,1
1141,5,45.0,1,1
1141,6,0.0,1,1
1141,7,57.0,1,1
1141,8,24.0,1,1
1141,9,0.0,1,1
1141,10,7.0,1,1
1141,11,42.0,1,1
1141,12,16.0,1,1
1141,13,0.0,1,1
1141,14,5.0,1,1
1141,15,19.0,1,1
1141,16,4.0,1,1
1141,17,77.0,1,1
1141,18,60.0,1,1
1141,19,26.0,1,1
1141,20,34.0,1,1
1141,21,21.0,1,1
1141,22,7.0,1,1
1141,23,54.0,1,1
1141,24,2.0,1,1
1141,25,6.0,1,1
1141,26,11.0,1,1
1141,27,0.0,1,1
1141,28,17.0,1,1
1141,29,6.0,1,1
1141,30,7.0,1,1
1141,31,3.0,1,1
1141,32,4.0,1,1
1141,33,5.0,1,1
1142,0,67.0,1,1
1142,1,54.0,1,1
1142,2,46.0,1,1
1142,3,17.0,1,1
1142,4,18.0,1,1
1142,5,56.0,1,1
1142,6,0.0,1,1
1142,7,63.0,1,1
1142,8,41.0,1,1
1142,9,0.0,1,1
1142,10,9.0,1,1
1142,11,46.0,1,1
1142,12,4.0,1,1
1142,13,0.0,1,1
1142,14,5.0,1,1
1142,15,21.0,1,1
1142,16,1.0,1,1
1142,17,50.0,1,1
1142,18,80.0,1,1
1142,19,20.0,1,1
1142,20,23.0,1,1
1142,21,29.0,1,1
1142,22,9.0,1,1
1142,23,37.0,1,1
1142,24,0.0,1,1
1142,25,8.0,1,1
1142,26,10.0,1,1
1142,27,0.0,1,1
1142,28,15.0,1,1
1142,29,9.0,1,1
1142,30,11.0,1,1
1142,31,5.0,1,1
1142,32,9.0,1,1
1142,33,10.0,1,1
1143,0,51.0,1,1
1143,1,61.0,1,1
1143,2,70.0,1,1
1143,3,16.0,1,1
1143,4,15.0,1,1
1143,5,62.0,1,1
1143,6,0.0,1,1
1143,7,73.0,1,1
1143,8,18.0,1,1
1143,9,0.0,1,1
1143,10,5.0,1,1
1143,11,56.0,1,1
1143,12,7.0,1,1
1143,13,0.0,1,1
1143,14,0.0,1,1
1143,15,33.0,1,1
1143,16,0.0,1,1
1143,17,51.0,1,1
1143,18,70.0,1,1
1143,19,16.0,1,1
1143,20,23.0,1,1
1143,21,33.0,1,1
1143,22,6.0,1,1
1143,23,39.0,1,1
1143,24,3.0,1,1
1143,25,8.0,1,1
1143,26,12.0,1,1
1143,27,0.0,1,1
1143,28,20.0,1,1
1143,29,10.0,1,1
1143,30,11.0,1,1
1143,31,9.0,1,1
1143,32,16.0,1,1
1143,33,5.0,1,1
1144,0,51.0,1,1
1144,1,44.0,1,1
1144,2,37.0,1,1
1144,3,16.0,1,1
1144,4,7.0,1,1
1144,5,50.0,1,1
1144,6,0.0,1,1
1144,7,45.0,1,1
1144,8,26.0,1,1
1144,9,0.0,1,1
1144,10,3.0,1,1
1144,11,34.0,1,1
1144,12,8.0,1,1
1144,13,0.0,1,1
1144,14,6.0,1,1
1144,15,32.0,1,1
1144,16,2.0,1,1
1144,17,51.0,1,1
1144,18,57.0,1,1
1144,19,14.0,1,1
1144,20,21.0,1,1
1144,21,28.0,1,1
1144,22,12.0,1,1
1144,23,32.0,1,1
1144,24,1.0,1,1
1144,25,8.0,1,1
1144,26,11.0,1,1
1144,27,0.0,1,1
1144,28,8.0,1,1
1144,29,14.0,1,1
1144,30,11.0,1,1
1144,31,3.0,1,1
1144,32,8.0,1,1
1144,33,9.0,1,1
1145,0,37.0,1,1
1145,1,43.0,1,1
1145,2,46.0,1,1
1145,3,9.0,1,1
1145,4,8.0,1,1
1145,5,40.0,1,1
1145,6,0.0,1,1
1145,7,56.0,1,1
1145,8,9.0,1,1
1145,9,0.0,1,1
1145,10,5.0,1,1
1145,11,43.0,1,1
1145,12,6.0,1,1
1145,13,0.0,1,1
1145,14,5.0,1,1
1145,15,32.0,1,1
1145,16,0.0,1,1
1145,17,63.0,1,1
1145,18,72.0,1,1
1145,19,19.0,1,1
1145,20,14.0,1,1
1145,21,25.0,1,1
1145,22,8.0,1,1
1145,23,26.0,1,1
1145,24,1.0,1,1
1145,25,4.0,1,1
1145,26,9.0,1,1
1145,27,0.0,1,1
1145,28,14.0,1,1
1145,29,8.0,1,1
1145,30,13.0,1,1
1145,31,1.0,1,1
1145,32,12.0,1,1
1145,33,5.0,1,1
1146,0,52.0,1,1
1146,1,49.0,1,1
1146,2,47.0,1,1
1146,3,7.0,1,1
1146,4,10.0,1,1
1146,5,43.0,1,1
1146,6,0.0,1,1
1146,7,66.0,1,1
1146,8,13.0,1,1
1146,9,0.0,1,1
1146,10,8.0,1,1
1146,11,34.0,1,1
1146,12,10.0,1,1
1146,13,1.0,1,1
1146,14,4.0,1,1
1146,15,30.0,1,1
1146,16,5.0,1,1
1146,17,51.0,1,1
1146,18,58.0,1,1
1146,19,23.0,1,1
1146,20,24.0,1,1
1146,21,25.0,1,1
1146,22,10.0,1,1
1146,23,37.0,1,1
1146,24,1.0,1,1
1146,25,4.0,1,1
1146,26,10.0,1,1
1146,27,0.0,1,1
1146,28,14.0,1,1
1146,29,4.0,1,1
1146,30,11.0,1,1
1146,31,2.0,1,1
1146,32,10.0,1,1
1146,33,3.0,1,1
1147,0,40.0,1,1
1147,1,47.0,1,1
1147,2,38.0,1,1
1147,3,6.0,1,1
1147,4,15.0,1,1
1147,5,41.0,1,1
1147,6,0.0,1,1
1147,7,57.0,1,1
1147,8,6.0,1,1
1147,9,0.0,1,1
1147,10,8.0,1,1
1147,11,33.0,1,1
1147,12,8.0,1,1
1147,13,0.0,1,1
1147,14,5.0,1,1
1147,15,18.0,1,1
1147,16,1.0,1,1
1147,17,47.0,1,1
1147,18,60.0,1,1
1147,19,9.0,1,1
1147,20,21.0,1,1
1147,21,18.0,1,1
1147,22,8.0,1,1
1147,23,28.0,1,1
1147,24,1.0,1,1
1147,25,8.0,1,1
1147,26,8.0,1,1
1147,27,0.0,1,1
1147,28,8.0,1,1
1147,29,6.0,1,1
1147,30,7.0,1,1
1147,31,1.0,1,1
1147,32,15.0,1,1
1147,33,4.0,1,1
1148,0,36.0,1,1
1148,1,39.0,1,1
1148,2,47.0,1,1
1148,3,12.0,1,1
1148,4,16.0,1,1
1148,5,30.0,1,1
1148,6,0.0,1,1
1148,7,46.0,1,1
1148,8,6.0,1,1
1148,9,0.0,1,1
1148,10,6.0,1,1
1148,11,34.0,1,1
1148,12,6.0,1,1
1148,13,0.0,1,1
1148,14,5.0,1,1
1148,15,30.0,1,1
1148,16,0.0,1,1
1148,17,51.0,1,1
1148,18,52.0,1,1
1148,19,12.0,1,1
1148,20,11.0,1,1
1148,21,19.0,1,1
1148,22,3.0,1,1
1148,23,20.0,1,1
1148,24,0.0,1,1
1148,25,6.0,1,1
1148,26,9.0,1,1
1148,27,0.0,1,1
1148,28,13.0,1,1
1148,29,6.0,1,1
1148,30,7.0,1,1
1148,31,5.0,1,1
1148,32,8.0,1,1
1148,33,7.0,1,1
1149,0,34.0,1,1
1149,1,40.0,1,1
1149,2,48.0,1,1
1149,3,8.0,1,1
1149,4,13.0,1,1
1149,5,29.0,1,1
1149,6,0.0,1,1
1149,7,61.0,1,1
1149,8,10.0,1,1
1149,9,0.0,1,1
1149,10,6.0,1,1
1149,11,44.0,1,1
1149,12,6.0,1,1
1149,13,0.0,1,1
1149,14,5.0,1,1
1149,15,21.0,1,1
1149,16,1.0,1,1
1149,17,48.0,1,1
1149,18,57.0,1,1
1149,19,12.0,1,1
1149,20,19.0,1,1
1149,21,17.0,1,1
1149,22,6.0,1,1
1149,23,27.0,1,1
1149,24,0.0,1,1
1149,25,5.0,1,1
1149,26,16.0,1,1
1149,27,0.0,1,1
1149,28,14.0,1,1
1149,29,4.0,1,1
1149,30,10.0,1,1
1149,31,3.0,1,1
1149,32,8.0,1,1
1149,33,4.0,1,1
1150,0,27.0,1,1
1150,1,34.0,1,1
1150,2,21.0,1,1
1150,3,8.0,1,1
1150,4,4.0,1,1
1150,5,34.0,1,1
1150,6,0.0,1,1
1150,7,47.0,1,1
1150,8,6.0,1,1
1150,9,0.0,1,1
1150,10,6.0,1,1
1150,11,34.0,1,1
1150,12,7.0,1,1
1150,13,0.0,1,1
1150,14,7.0,1,1
1150,15,26.0,1,1
1150,16,1.0,1,1
1150,17,32.0,1,1
1150,18,56.0,1,1
1150,19,9.0,1,1
1150,20,8.0,1,1
1150,21,19.0,1,1
1150,22,5.0,1,1
1150,23,24.0,1,1
1150,24,0.0,1,1
1150,25,4.0,1,1
1150,26,10.0,1,1
1150,27,0.0,1,1
1150,28,9.0,1,1
1150,29,8.0,1,1
1150,30,6.0,1,1
1150,31,2.0,1,1
1150,32,7.0,1,1
1150,33,3.0,1,1
1151,0,25.0,1,1
1151,1,40.0,1,1
1151,2,30.0,1,1
1151,3,8.0,1,1
1151,4,11.0,1,1
1151,5,29.0,1,1
1151,6,0.0,1,1
1151,7,42.0,1,1
1151,8,2.0,1,1
1151,9,0.0,1,1
1151,10,4.0,1,1
1151,11,23.0,1,1
1151,12,6.0,1,1
1151,13,0.0,1,1
1151,14,0.0,1,1
1151,15,33.0,1,1
1151,16,0.0,1,1
1151,17,38.0,1,1
1151,18,37.0,1,1
1151,19,8.0,1,1
1151,20,8.0,1,1
1151,21,15.0,1,1
1151,22,7.0,1,1
1151,23,17.0,1,1
1151,24,2.0,1,1
1151,25,2.0,1,1
1151,26,10.0,1,1
1151,27,0.0,1,1
1151,28,14.0,1,1
1151,29,7.0,1,1
1151,30,7.0,1,1
1151,31,2.0,1,1
1151,32,13.0,1,1
1151,33,3.0,1,1
1152,0,31.0,1,1
1152,1,21.0,1,1
1152,2,25.0,1,1
1152,3,4.0,1,1
1152,4,9.0,1,1
1152,5,25.0,1,1
1152,6,0.0,1,1
1152,7,28.0,1,1
1152,8,7.0,1,1
1152,9,0.0,1,1
1152,10,2.0,1,1
1152,11,22.0,1,1
1152,12,3.0,1,1
1152,13,1.0,1,1
1152,14,5.0,1,1
1152,15,14.0,1,1
1152,16,1.0,1,1
1152,17,45.0,1,1
1152,18,36.0,1,1
1152,19,11.0,1,1
1152,20,8.0,1,1
1152,21,25.0,1,1
1152,22,7.0,1,1
1152,23,16.0,1,1
1152,24,1.0,1,1
1152,25,2.0,1,1
1152,26,10.0,1,1
1152,27,0.0,1,1
1152,28,8.0,1,1
1152,29,4.0,1,1
1152,30,8.0,1,1
1152,31,5.0,1,1
1152,32,6.0,1,1
1152,33,3.0,1,1
1153,0,31.0,1,1
1153,1,19.0,1,1
1153,2,25.0,1,1
1153,3,9.0,1,1
1153,4,5.0,1,1
1153,5,18.0,1,1
1153,6,0.0,1,1
1153,7,32.0,1,1
1153,8,3.0,1,1
1153,9,0.0,1,1
1153,10,7.0,1,1
1153,11,20.0,1,1
1153,12,6.0,1,1
1153,13,0.0,1,1
1153,14,0.0,1,1
1153,15,24.0,1,1
1153,16,0.0,1,1
1153,17,21.0,1,1
1153,18,30.0,1,1
1153,19,9.0,1,1
1153,20,12.0,1,1
1153,21,14.0,1,1
1153,22,1.0,1,1
1153,23,20.0,1,1
1153,24,0.0,1,1
1153,25,2.0,1,1
1153,26,6.0,1,1
1153,27,0.0,1,1
1153,28,5.0,1,1
1153,29,5.0,1,1
1153,30,5.0,1,1
1153,31,3.0,1,1
1153,32,10.0,1,1
1153,33,5.0,1,1
1154,0,16.0,1,1
1154,1,24.0,1,1
1154,2,24.0,1,1
1154,3,10.0,1,1
1154,4,5.0,1,1
1154,5,16.0,1,1
1154,6,0.0,1,1
1154,7,38.0,1,1
1154,8,3.0,1,1
1154,9,0.0,1,1
1154,10,1.0,1,1
1154,11,22.0,1,1
1154,12,6.0,1,1
1154,13,3.0,1,1
1154,14,7.0,1,1
1154,15,39.0,1,1
1154,16,1.0,1,1
1154,17,30.0,1,1
1154,18,31.0,1,1
1154,19,9.0,1,1
1154,20,6.0,1,1
1154,21,12.0,1,1
1154,22,3.0,1,1
1154,23,10.0,1,1
1154,24,0.0,1,1
1154,25,2.0,1,1
1154,26,6.0,1,1
1154,27,0.0,1,1
1154,28,4.0,1,1
1154,29,2.0,1,1
1154,30,3.0,1,1
1154,31,1.0,1,1
1154,32,4.0,1,1
1154,33,3.0,1,1
1155,0,26.0,1,1
1155,1,15.0,1,1
1155,2,16.0,1,1
1155,3,7.0,1,1
1155,4,6.0,1,1
1155,5,17.0,1,1
1155,6,0.0,1,1
1155,7,32.0,1,1
1155,8,6.0,1,1
1155,9,0.0,1,1
1155,10,1.0,1,1
1155,11,13.0,1,1
1155,12,6.0,1,1
1155,13,2.0,1,1
1155,14,10.0,1,1
1155,15,30.0,1,1
1155,16,2.0,1,1
1155,17,16.0,1,1
1155,18,30.0,1,1
1155,19,6.0,1,1
1155,20,7.0,1,1
1155,21,6.0,1,1
1155,22,3.0,1,1
1155,23,13.0,1,1
1155,24,1.0,1,1
1155,25,2.0,1,1
1155,26,6.0,1,1
1155,27,0.0,1,1
1155,28,10.0,1,1
1155,29,3.0,1,1
1155,30,1.0,1,1
1155,31,0.0,1,1
1155,32,10.0,1,1
1155,33,4.0,1,1
1156,0,17.0,1,1
1156,1,26.0,1,1
1156,2,15.0,1,1
1156,3,1.0,1,1
1156,4,5.0,1,1
1156,5,18.0,1,1
1156,6,0.0,1,1
1156,7,16.0,1,1
1156,8,6.0,1,1
1156,9,0.0,1,1
1156,10,2.0,1,1
1156,11,10.0,1,1
1156,12,6.0,1,1
1156,13,2.0,1,1
1156,14,5.0,1,1
1156,15,38.0,1,1
1156,16,0.0,1,1
1156,17,19.0,1,1
1156,18,17.0,1,1
1156,19,2.0,1,1
1156,20,3.0,1,1
1156,21,6.0,1,1
1156,22,3.0,1,1
1156,23,10.0,1,1
1156,24,0.0,1,1
1156,25,4.0,1,1
1156,26,5.0,1,1
1156,27,0.0,1,1
1156,28,7.0,1,1
1156,29,6.0,1,1
1156,30,6.0,1,1
1156,31,0.0,1,1
1156,32,6.0,1,1
1156,33,3.0,1,1
1157,0,29.0,1,1
1157,1,7.0,1,1
1157,2,13.0,1,1
1157,3,3.0,1,1
1157,4,5.0,1,1
1157,5,9.0,1,1
1157,6,0.0,1,1
1157,7,21.0,1,1
1157,8,4.0,1,1
1157,9,0.0,1,1
1157,10,3.0,1,1
1157,11,10.0,1,1
1157,12,8.0,1,1
1157,13,0.0,1,1
1157,14,1.0,1,1
1157,15,35.0,1,1
1157,16,1.0,1,1
1157,17,16.0,1,1
1157,18,14.0,1,1
1157,19,7.0,1,1
1157,20,7.0,1,1
1157,21,11.0,1,1
1157,22,3.0,1,1
1157,23,14.0,1,1
1157,24,0.0,1,1
1157,25,1.0,1,1
1157,26,7.0,1,1
1157,27,0.0,1,1
1157,28,1.0,1,1
1157,29,2.0,1,1
1157,30,4.0,1,1
1157,31,0.0,1,1
1157,32,2.0,1,1
1157,33,1.0,1,1
1158,0,9.0,1,1
1158,1,13.0,1,1
1158,2,19.0,1,1
1158,3,5.0,1,1
1158,4,2.0,1,1
1158,5,16.0,1,1
1158,6,0.0,1,1
1158,7,19.0,1,1
1158,8,4.0,1,1
1158,9,0.0,1,1
1158,10,5.0,1,1
1158,11,10.0,1,1
1158,12,7.0,1,1
1158,13,0.0,1,1
1158,14,0.0,1,1
1158,15,14.0,1,1
1158,16,0.0,1,1
1158,17,25.0,1,1
1158,18,19.0,1,1
1158,19,1.0,1,1
1158,20,1.0,1,1
1158,21,7.0,1,1
1158,22,1.0,1,1
1158,23,11.0,1,1
1158,24,1.0,1,1
1158,25,2.0,1,1
1158,26,3.0,1,1
1158,27,0.0,1,1
1158,28,2.0,1,1
1158,29,3.0,1,1
1158,30,2.0,1,1
1158,31,1.0,1,1
1158,32,4.0,1,1
1158,33,0.0,1,1
1159,0,16.0,1,1
1159,1,14.0,1,1
1159,2,12.0,1,1
1159,3,1.0,1,1
1159,4,0.0,1,1
1159,5,8.0,1,1
1159,6,0.0,1,1
1159,7,18.0,1,1
1159,8,1.0,1,1
1159,9,0.0,1,1
1159,10,0.0,1,1
1159,11,11.0,1,1
1159,12,9.0,1,1
1159,13,0.0,1,1
1159,14,6.0,1,1
1159,15,27.0,1,1
1159,16,0.0,1,1
1159,17,19.0,1,1
1159,18,30.0,1,1
1159,19,4.0,1,1
1159,20,2.0,1,1
1159,21,17.0,1,1
1159,22,3.0,1,1
1159,23,8.0,1,1
1159,24,0.0,1,1
1159,25,3.0,1,1
1159,26,4.0,1,1
1159,27,0.0,1,1
1159,28,4.0,1,1
1159,29,3.0,1,1
1159,30,0.0,1,1
1159,31,0.0,1,1
1159,32,0.0,1,1
1159,33,2.0,1,1
1160,0,14.0,1,1
1160,1,9.0,1,1
1160,2,11.0,1,1
1160,3,2.0,1,1
1160,4,4.0,1,1
1160,5,10.0,1,1
1160,6,0.0,1,1
1160,7,19.0,1,1
1160,8,5.0,1,1
1160,9,0.0,1,1
1160,10,3.0,1,1
1160,11,12.0,1,1
1160,12,2.0,1,1
1160,13,0.0,1,1
1160,14,0.0,1,1
1160,15,8.0,1,1
1160,16,0.0,1,1
1160,17,14.0,1,1
1160,18,16.0,1,1
1160,19,6.0,1,1
1160,20,4.0,1,1
1160,21,7.0,1,1
1160,22,1.0,1,1
1160,23,5.0,1,1
1160,24,0.0,1,1
1160,25,1.0,1,1
1160,26,4.0,1,1
1160,27,0.0,1,1
1160,28,4.0,1,1
1160,29,1.0,1,1
1160,30,1.0,1,1
1160,31,0.0,1,1
1160,32,2.0,1,1
1160,33,0.0,1,1
1161,0,10.0,1,1
1161,1,7.0,1,1
1161,2,7.0,1,1
1161,3,2.0,1,1
1161,4,2.0,1,1
1161,5,4.0,1,1
1161,6,0.0,1,1
1161,7,12.0,1,1
1161,8,3.0,1,1
1161,9,0.0,1,1
1161,10,2.0,1,1
1161,11,9.0,1,1
1161,12,3.0,1,1
1161,13,2.0,1,1
1161,14,8.0,1,1
1161,15,13.0,1,1
1161,16,0.0,1,1
1161,17,13.0,1,1
1161,18,12.0,1,1
1161,19,1.0,1,1
1161,20,0.0,1,1
1161,21,10.0,1,1
1161,22,0.0,1,1
1161,23,8.0,1,1
1161,24,0.0,1,1
1161,25,1.0,1,1
1161,26,6.0,1,1
1161,27,0.0,1,1
1161,28,7.0,1,1
1161,29,1.0,1,1
1161,30,4.0,1,1
1161,31,1.0,1,1
1161,32,4.0,1,1
1161,33,2.0,1,1
1162,0,8.0,1,1
1162,1,6.0,1,1
1162,2,3.0,1,1
1162,3,1.0,1,1
1162,4,5.0,1,1
1162,5,12.0,1,1
1162,6,0.0,1,1
1162,7,10.0,1,1
1162,8,2.0,1,1
1162,9,0.0,1,1
1162,10,3.0,1,1
1162,11,6.0,1,1
1162,12,4.0,1,1
1162,13,0.0,1,1
1162,14,1.0,1,1
1162,15,23.0,1,1
1162,16,0.0,1,1
1162,17,7.0,1,1
1162,18,12.0,1,1
1162,19,1.0,1,1
1162,20,0.0,1,1
1162,21,4.0,1,1
1162,22,1.0,1,1
1162,23,5.0,1,1
1162,24,0.0,1,1
1162,25,0.0,1,1
1162,26,1.0,1,1
1162,27,0.0,1,1
1162,28,4.0,1,1
1162,29,0.0,1,1
1162,30,2.0,1,1
1162,31,1.0,1,1
1162,32,5.0,1,1
1162,33,0.0,1,1
1163,0,7.0,1,1
1163,1,8.0,1,1
1163,2,6.0,1,1
1163,3,2.0,1,1
1163,4,7.0,1,1
1163,5,9.0,1,1
1163,6,0.0,1,1
1163,7,11.0,1,1
1163,8,3.0,1,1
1163,9,0.0,1,1
1163,10,1.0,1,1
1163,11,5.0,1,1
1163,12,0.0,1,1
1163,13,0.0,1,1
1163,14,4.0,1,1
1163,15,10.0,1,1
1163,16,0.0,1,1
1163,17,7.0,1,1
1163,18,5.0,1,1
1163,19,2.0,1,1
1163,20,2.0,1,1
1163,21,3.0,1,1
1163,22,2.0,1,1
1163,23,5.0,1,1
1163,24,0.0,1,1
1163,25,0.0,1,1
1163,26,2.0,1,1
1163,27,0.0,1,1
1163,28,2.0,1,1
1163,29,2.0,1,1
1163,30,1.0,1,1
1163,31,1.0,1,1
1163,32,1.0,1,1
1163,33,0.0,1,1
1164,0,10.0,1,1
1164,1,6.0,1,1
1164,2,9.0,1,1
1164,3,1.0,1,1
1164,4,4.0,1,1
1164,5,6.0,1,1
1164,6,0.0,1,1
1164,7,10.0,1,1
1164,8,4.0,1,1
1164,9,0.0,1,1
1164,10,2.0,1,1
1164,11,6.0,1,1
1164,12,1.0,1,1
1164,13,0.0,1,1
1164,14,2.0,1,1
1164,15,14.0,1,1
1164,16,0.0,1,1
1164,17,8.0,1,1
1164,18,10.0,1,1
1164,19,4.0,1,1
1164,20,1.0,1,1
1164,21,3.0,1,1
1164,22,1.0,1,1
1164,23,6.0,1,1
1164,24,0.0,1,1
1164,25,2.0,1,1
1164,26,2.0,1,1
1164,27,0.0,1,1
1164,28,3.0,1,1
1164,29,1.0,1,1
1164,30,2.0,1,1
1164,31,0.0,1,1
1164,32,1.0,1,1
1164,33,1.0,1,1
1165,0,4.0,1,1
1165,1,8.0,1,1
1165,2,1.0,1,1
1165,3,1.0,1,1
1165,4,1.0,1,1
1165,5,7.0,1,1
1165,6,0.0,1,1
1165,7,7.0,1,1
1165,8,3.0,1,1
1165,9,0.0,1,1
1165,10,2.0,1,1
1165,11,9.0,1,1
1165,12,7.0,1,1
1165,13,3.0,1,1
1165,14,0.0,1,1
1165,15,23.0,1,1
1165,16,0.0,1,1
1165,17,11.0,1,1
1165,18,9.0,1,1
1165,19,1.0,1,1
1165,20,0.0,1,1
1165,21,3.0,1,1
1165,22,0.0,1,1
1165,23,5.0,1,1
1165,24,0.0,1,1
1165,25,0.0,1,1
1165,26,0.0,1,1
1165,27,0.0,1,1
1165,28,5.0,1,1
1165,29,0.0,1,1
1165,30,1.0,1,1
1165,31,0.0,1,1
1165,32,1.0,1,1
1165,33,0.0,1,1
1166,0,1.0,1,1
1166,1,13.0,1,1
1166,2,1.0,1,1
1166,3,1.0,1,1
1166,4,1.0,1,1
1166,5,7.0,1,1
1166,6,0.0,1,1
1166,7,11.0,1,1
1166,8,1.0,1,1
1166,9,0.0,1,1
1166,10,0.0,1,1
1166,11,7.0,1,1
1166,12,0.0,1,1
1166,13,1.0,1,1
1166,14,4.0,1,1
1166,15,13.0,1,1
1166,16,1.0,1,1
1166,17,5.0,1,1
1166,18,7.0,1,1
1166,19,3.0,1,1
1166,20,2.0,1,1
1166,21,3.0,1,1
1166,22,1.0,1,1
1166,23,4.0,1,1
1166,24,0.0,1,1
1166,25,0.0,1,1
1166,26,3.0,1,1
1166,27,0.0,1,1
1166,28,1.0,1,1
1166,29,0.0,1,1
1166,30,0.0,1,1
1166,31,0.0,1,1
1166,32,1.0,1,1
1166,33,0.0,1,1
1167,0,5.0,1,1
1167,1,7.0,1,1
1167,2,4.0,1,1
1167,3,0.0,1,1
1167,4,0.0,1,1
1167,5,5.0,1,1
1167,6,0.0,1,1
1167,7,7.0,1,1
1167,8,2.0,1,1
1167,9,0.0,1,1
1167,10,0.0,1,1
1167,11,2.0,1,1
1167,12,5.0,1,1
1167,13,0.0,1,1
1167,14,0.0,1,1
1167,15,8.0,1,1
1167,16,0.0,1,1
1167,17,6.0,1,1
1167,18,7.0,1,1
1167,19,0.0,1,1
1167,20,2.0,1,1
1167,21,3.0,1,1
1167,22,1.0,1,1
1167,23,2.0,1,1
1167,24,1.0,1,1
1167,25,1.0,1,1
1167,26,2.0,1,1
1167,27,0.0,1,1
1167,28,1.0,1,1
1167,29,0.0,1,1
1167,30,1.0,1,1
1167,31,1.0,1,1
1167,32,0.0,1,1
1167,33,0.0,1,1
1168,0,7.0,1,1
1168,1,8.0,1,1
1168,2,2.0,1,1
1168,3,2.0,1,1
1168,4,0.0,1,1
1168,5,6.0,1,1
1168,6,0.0,1,1
1168,7,3.0,1,1
1168,8,2.0,1,1
1168,9,0.0,1,1
1168,10,3.0,1,1
1168,11,2.0,1,1
1168,12,4.0,1,1
1168,13,1.0,1,1
1168,14,14.0,1,1
1168,15,9.0,1,1
1168,16,0.0,1,1
1168,17,0.0,1,1
1168,18,2.0,1,1
1168,19,1.0,1,1
1168,20,1.0,1,1
1168,21,1.0,1,1
1168,22,0.0,1,1
1168,23,1.0,1,1
1168,24,0.0,1,1
1168,25,1.0,1,1
1168,26,0.0,1,1
1168,27,0.0,1,1
1168,28,1.0,1,1
1168,29,0.0,1,1
1168,30,0.0,1,1
1168,31,0.0,1,1
1168,32,0.0,1,1
1168,33,0.0,1,1
1169,0,7.0,1,1
1169,1,2.0,1,1
1169,2,3.0,1,1
1169,3,1.0,1,1
1169,4,0.0,1,1
1169,5,4.0,1,1
1169,6,0.0,1,1
1169,7,10.0,1,1
1169,8,1.0,1,1
1169,9,0.0,1,1
1169,10,0.0,1,1
1169,11,8.0,1,1
1169,12,0.0,1,1
1169,13,0.0,1,1
1169,14,7.0,1,1
1169,15,6.0,1,1
1169,16,1.0,1,1
1169,17,5.0,1,1
1169,18,12.0,1,1
1169,19,2.0,1,1
1169,20,0.0,1,1
1169,21,4.0,1,1
1169,22,1.0,1,1
1169,23,3.0,1,1
1169,24,0.0,1,1
1169,25,3.0,1,1
1169,26,1.0,1,1
1169,27,0.0,1,1
1169,28,2.0,1,1
1169,29,0.0,1,1
1169,30,1.0,1,1
1169,31,0.0,1,1
1169,32,1.0,1,1
1169,33,0.0,1,1
1170,0,5.0,1,1
1170,1,7.0,1,1
1170,2,1.0,1,1
1170,3,0.0,1,1
1170,4,1.0,1,1
1170,5,10.0,1,1
1170,6,0.0,1,1
1170,7,12.0,1,1
1170,8,4.0,1,1
1170,9,0.0,1,1
1170,10,1.0,1,1
1170,11,13.0,1,1
1170,12,0.0,1,1
1170,13,0.0,1,1
1170,14,1.0,1,1
1170,15,10.0,1,1
1170,16,0.0,1,1
1170,17,6.0,1,1
1170,18,9.0,1,1
1170,19,1.0,1,1
1170,20,0.0,1,1
1170,21,1.0,1,1
1170,22,1.0,1,1
1170,23,2.0,1,1
1170,24,0.0,1,1
1170,25,2.0,1,1
1170,26,2.0,1,1
1170,27,0.0,1,1
1170,28,1.0,1,1
1170,29,2.0,1,1
1170,30,1.0,1,1
1170,31,0.0,1,1
1170,32,1.0,1,1
1170,33,2.0,1,1
1171,0,6.0,1,1
1171,1,4.0,1,1
1171,2,0.0,1,1
1171,3,2.0,1,1
1171,4,1.0,1,1
1171,5,3.0,1,1
1171,6,0.0,1,1
1171,7,5.0,1,1
1171,8,1.0,1,1
1171,9,0.0,1,1
1171,10,1.0,1,1
1171,11,4.0,1,1
1171,12,1.0,1,1
1171,13,2.0,1,1
1171,14,0.0,1,1
1171,15,11.0,1,1
1171,16,0.0,1,1
1171,17,6.0,1,1
1171,18,6.0,1,1
1171,19,1.0,1,1
1171,20,2.0,1,1
1171,21,3.0,1,1
1171,22,0.0,1,1
1171,23,4.0,1,1
1171,24,0.0,1,1
1171,25,0.0,1,1
1171,26,2.0,1,1
1171,27,0.0,1,1
1171,28,1.0,1,1
1171,29,1.0,1,1
1171,30,1.0,1,1
1171,31,0.0,1,1
1171,32,2.0,1,1
1171,33,1.0,1,1
1172,0,1.0,1,1
1172,1,9.0,1,1
1172,2,3.0,1,1
1172,3,1.0,1,1
1172,4,0.0,1,1
1172,5,4.0,1,1
1172,6,0.0,1,1
1172,7,5.0,1,1
1172,8,0.0,1,1
1172,9,0.0,1,1
1172,10,0.0,1,1
1172,11,4.0,1,1
1172,12,4.0,1,1
1172,13,0.0,1,1
1172,14,3.0,1,1
1172,15,5.0,1,1
1172,16,0.0,1,1
1172,17,1.0,1,1
1172,18,3.0,1,1
1172,19,0.0,1,1
1172,20,1.0,1,1
1172,21,2.0,1,1
1172,22,0.0,1,1
1172,23,1.0,1,1
1172,24,0.0,1,1
1172,25,0.0,1,1
1172,26,2.0,1,1
1172,27,0.0,1,1
1172,28,0.0,1,1
1172,29,0.0,1,1
1172,30,0.0,1,1
1172,31,0.0,1,1
1172,32,0.0,1,1
1172,33,0.0,1,1
1173,0,3.0,1,1
1173,1,2.0,1,1
1173,2,4.0,1,1
1173,3,0.0,1,1
1173,4,0.0,1,1
1173,5,3.0,1,1
1173,6,0.0,1,1
1173,7,2.0,1,1
1173,8,3.0,1,1
1173,9,0.0,1,1
1173,10,0.0,1,1
1173,11,1.0,1,1
1173,12,0.0,1,1
1173,13,1.0,1,1
1173,14,1.0,1,1
1173,15,1.0,1,1
1173,16,0.0,1,1
1173,17,1.0,1,1
1173,18,2.0,1,1
1173,19,2.0,1,1
1173,20,0.0,1,1
1173,21,1.0,1,1
1173,22,0.0,1,1
1173,23,1.0,1,1
1173,24,0.0,1,1
1173,25,0.0,1,1
1173,26,0.0,1,1
1173,27,0.0,1,1
1173,28,2.0,1,1
1173,29,0.0,1,1
1173,30,1.0,1,1
1173,31,0.0,1,1
1173,32,0.0,1,1
1173,33,0.0,1,1
1174,0,3.0,1,1
1174,1,2.0,1,1
1174,2,1.0,1,1
1174,3,0.0,1,1
1174,4,0.0,1,1
1174,5,2.0,1,1
1174,6,0.0,1,1
1174,7,1.0,1,1
1174,8,1.0,1,1
1174,9,0.0,1,1
1174,10,0.0,1,1
1174,11,1.0,1,1
1174,12,2.0,1,1
1174,13,0.0,1,1
1174,14,0.0,1,1
1174,15,3.0,1,1
1174,16,0.0,1,1
1174,17,2.0,1,1
1174,18,2.0,1,1
1174,19,1.0,1,1
1174,20,3.0,1,1
1174,21,2.0,1,1
1174,22,0.0,1,1
1174,23,3.0,1,1
1174,24,0.0,1,1
1174,25,0.0,1,1
1174,26,1.0,1,1
1174,27,0.0,1,1
1174,28,0.0,1,1
1174,29,0.0,1,1
1174,30,0.0,1,1
1174,31,0.0,1,1
1174,32,0.0,1,1
1174,33,0.0,1,1
1175,0,5.0,1,1
1175,1,4.0,1,1
1175,2,1.0,1,1
1175,3,0.0,1,1
1175,4,0.0,1,1
1175,5,4.0,1,1
1175,6,0.0,1,1
1175,7,2.0,1,1
1175,8,1.0,1,1
1175,9,0.0,1,1
1175,10,0.0,1,1
1175,11,1.0,1,1
1175,12,0.0,1,1
1175,13,0.0,1,1
1175,14,0.0,1,1
1175,15,6.0,1,1
1175,16,0.0,1,1
1175,17,4.0,1,1
1175,18,3.0,1,1
1175,19,1.0,1,1
1175,20,1.0,1,1
1175,21,3.0,1,1
1175,22,1.0,1,1
1175,23,1.0,1,1
1175,24,0.0,1,1
1175,25,0.0,1,1
1175,26,0.0,1,1
1175,27,0.0,1,1
1175,28,1.0,1,1
1175,29,0.0,1,1
1175,30,0.0,1,1
1175,31,0.0,1,1
1175,32,0.0,1,1
1175,33,0.0,1,1
1176,0,4.0,1,1
1176,1,1.0,1,1
1176,2,1.0,1,1
1176,3,0.0,1,1
1176,4,3.0,1,1
1176,5,1.0,1,1
1176,6,0.0,1,1
1176,7,2.0,1,1
1176,8,0.0,1,1
1176,9,0.0,1,1
1176,10,0.0,1,1
1176,11,2.0,1,1
1176,12,5.0,1,1
1176,13,0.0,1,1
1176,14,2.0,1,1
1176,15,6.0,1,1
1176,16,0.0,1,1
1176,17,2.0,1,1
1176,18,3.0,1,1
1176,19,2.0,1,1
1176,20,1.0,1,1
1176,21,1.0,1,1
1176,22,0.0,1,1
1176,23,0.0,1,1
1176,24,0.0,1,1
1176,25,0.0,1,1
1176,26,2.0,1,1
1176,27,0.0,1,1
1176,28,0.0,1,1
1176,29,1.0,1,1
1176,30,0.0,1,1
1176,31,0.0,1,1
1176,32,0.0,1,1
1176,33,0.0,1,1
1177,0,5.0,1,1
1177,1,3.0,1,1
1177,2,0.0,1,1
1177,3,1.0,1,1
1177,4,1.0,1,1
1177,5,2.0,1,1
1177,6,0.0,1,1
1177,7,5.0,1,1
1177,8,1.0,1,1
1177,9,0.0,1,1
1177,10,0.0,1,1
1177,11,3.0,1,1
1177,12,0.0,1,1
1177,13,1.0,1,1
1177,14,8.0,1,1
1177,15,4.0,1,1
1177,16,0.0,1,1
1177,17,3.0,1,1
1177,18,4.0,1,1
1177,19,0.0,1,1
1177,20,0.0,1,1
1177,21,5.0,1,1
1177,22,0.0,1,1
1177,23,0.0,1,1
1177,24,0.0,1,1
1177,25,1.0,1,1
1177,26,0.0,1,1
1177,27,0.0,1,1
1177,28,0.0,1,1
1177,29,0.0,1,1
1177,30,1.0,1,1
1177,31,0.0,1,1
1177,32,0.0,1,1
1177,33,0.0,1,1
1178,0,3.0,1,1
1178,1,2.0,1,1
1178,2,1.0,1,1
1178,3,0.0,1,1
1178,4,0.0,1,1
1178,5,4.0,1,1
1178,6,0.0,1,1
1178,7,0.0,1,1
1178,8,1.0,1,1
1178,9,0.0,1,1
1178,10,2.0,1,1
1178,11,1.0,1,1
1178,12,7.0,1,1
1178,13,1.0,1,1
1178,14,5.0,1,1
1178,15,9.0,1,1
1178,16,0.0,1,1
1178,17,5.0,1,1
1178,18,2.0,1,1
1178,19,0.0,1,1
1178,20,2.0,1,1
1178,21,1.0,1,1
1178,22,0.0,1,1
1178,23,5.0,1,1
1178,24,0.0,1,1
1178,25,0.0,1,1
1178,26,2.0,1,1
1178,27,0.0,1,1
1178,28,0.0,1,1
1178,29,1.0,1,1
1178,30,1.0,1,1
1178,31,2.0,1,1
1178,32,0.0,1,1
1178,33,1.0,1,1
1179,0,3.0,1,1
1179,1,4.0,1,1
1179,2,3.0,1,1
1179,3,1.0,1,1
1179,4,1.0,1,1
1179,5,6.0,1,1
1179,6,0.0,1,1
1179,7,2.0,1,1
1179,8,0.0,1,1
1179,9,0.0,1,1
1179,10,2.0,1,1
1179,11,3.0,1,1
1179,12,0.0,1,1
1179,13,2.0,1,1
1179,14,8.0,1,1
1179,15,3.0,1,1
1179,16,0.0,1,1
1179,17,3.0,1,1
1179,18,2.0,1,1
1179,19,1.0,1,1
1179,20,1.0,1,1
1179,21,0.0,1,1
1179,22,1.0,1,1
1179,23,0.0,1,1
1179,24,0.0,1,1
1179,25,0.0,1,1
1179,26,4.0,1,1
1179,27,0.0,1,1
1179,28,1.0,1,1
1179,29,1.0,1,1
1179,30,0.0,1,1
1179,31,1.0,1,1
1179,32,0.0,1,1
1179,33,1.0,1,1
1180,0,1.0,1,1
1180,1,3.0,1,1
1180,2,1.0,1,1
1180,3,3.0,1,1
1180,4,0.0,1,1
1180,5,2.0,1,1
1180,6,0.0,1,1
1180,7,4.0,1,1
1180,8,2.0,1,1
1180,9,0.0,1,1
1180,10,0.0,1,1
1180,11,2.0,1,1
1180,12,2.0,1,1
1180,13,0.0,1,1
1180,14,1.0,1,1
1180,15,3.0,1,1
1180,16,0.0,1,1
1180,17,2.0,1,1
1180,18,1.0,1,1
1180,19,0.0,1,1
1180,20,1.0,1,1
1180,21,1.0,1,1
1180,22,0.0,1,1
1180,23,1.0,1,1
1180,24,0.0,1,1
1180,25,0.0,1,1
1180,26,0.0,1,1
1180,27,0.0,1,1
1180,28,0.0,1,1
1180,29,0.0,1,1
1180,30,0.0,1,1
1180,31,0.0,1,1
1180,32,1.0,1,1
1180,33,1.0,1,1
1181,0,8.0,1,1
1181,1,8.0,1,1
1181,2,2.0,1,1
1181,3,1.0,1,1
1181,4,0.0,1,1
1181,5,4.0,1,1
1181,6,0.0,1,1
1181,7,3.0,1,1
1181,8,1.0,1,1
1181,9,0.0,1,1
1181,10,0.0,1,1
1181,11,2.0,1,1
1181,12,0.0,1,1
1181,13,0.0,1,1
1181,14,0.0,1,1
1181,15,3.0,1,1
1181,16,0.0,1,1
1181,17,4.0,1,1
1181,18,3.0,1,1
1181,19,0.0,1,1
1181,20,1.0,1,1
1181,21,1.0,1,1
1181,22,0.0,1,1
1181,23,1.0,1,1
1181,24,0.0,1,1
1181,25,0.0,1,1
1181,26,0.0,1,1
1181,27,0.0,1,1
1181,28,0.0,1,1
1181,29,0.0,1,1
1181,30,0.0,1,1
1181,31,0.0,1,1
1181,32,0.0,1,1
1181,33,0.0,1,1
1182,0,6.0,1,1
1182,1,5.0,1,1
1182,2,2.0,1,1
1182,3,0.0,1,1
1182,4,0.0,1,1
1182,5,6.0,1,1
1182,6,0.0,1,1
1182,7,3.0,1,1
1182,8,0.0,1,1
1182,9,0.0,1,1
1182,10,0.0,1,1
1182,11,2.0,1,1
1182,12,4.0,1,1
1182,13,2.0,1,1
1182,14,3.0,1,1
1182,15,11.0,1,1
1182,16,0.0,1,1
1182,17,1.0,1,1
1182,18,3.0,1,1
1182,19,1.0,1,1
1182,20,2.0,1,1
1182,21,2.0,1,1
1182,22,0.0,1,1
1182,23,1.0,1,1
1182,24,0.0,1,1
1182,25,0.0,1,1
1182,26,0.0,1,1
1182,27,0.0,1,1
1182,28,0.0,1,1
1182,29,0.0,1,1
1182,30,0.0,1,1
1182,31,1.0,1,1
1182,32,1.0,1,1
1182,33,0.0,1,1
1183,0,7.0,1,1
1183,1,5.0,1,1
1183,2,3.0,1,1
1183,3,1.0,1,1
1183,4,0.0,1,1
1183,5,5.0,1,1
1183,6,0.0,1,1
1183,7,2.0,1,1
1183,8,1.0,1,1
1183,9,0.0,1,1
1183,10,0.0,1,1
1183,11,1.0,1,1
1183,12,0.0,1,1
1183,13,3.0,1,1
1183,14,0.0,1,1
1183,15,4.0,1,1
1183,16,1.0,1,1
1183,17,4.0,1,1
1183,18,3.0,1,1
1183,19,1.0,1,1
1183,20,3.0,1,1
1183,21,3.0,1,1
1183,22,3.0,1,1
1183,23,1.0,1,1
1183,24,0.0,1,1
1183,25,0.0,1,1
1183,26,1.0,1,1
1183,27,0.0,1,1
1183,28,0.0,1,1
1183,29,2.0,1,1
1183,30,0.0,1,1
1183,31,0.0,1,1
1183,32,0.0,1,1
1183,33,1.0,1,1
1184,0,7.0,1,1
1184,1,7.0,1,1
1184,2,1.0,1,1
1184,3,0.0,1,1
1184,4,3.0,1,1
1184,5,4.0,1,1
1184,6,0.0,1,1
1184,7,3.0,1,1
1184,8,0.0,1,1
1184,9,0.0,1,1
1184,10,0.0,1,1
1184,11,1.0,1,1
1184,12,1.0,1,1
1184,13,0.0,1,1
1184,14,2.0,1,1
1184,15,0.0,1,1
1184,16,0.0,1,1
1184,17,5.0,1,1
1184,18,2.0,1,1
1184,19,1.0,1,1
1184,20,0.0,1,1
1184,21,2.0,1,1
1184,22,0.0,1,1
1184,23,5.0,1,1
1184,24,0.0,1,1
1184,25,2.0,1,1
1184,26,0.0,1,1
1184,27,0.0,1,1
1184,28,1.0,1,1
1184,29,1.0,1,1
1184,30,1.0,1,1
1184,31,0.0,1,1
1184,32,2.0,1,1
1184,33,1.0,1,1
1185,0,7.0,1,1
1185,1,8.0,1,1
1185,2,3.0,1,1
1185,3,1.0,1,1
1185,4,2.0,1,1
1185,5,9.0,1,1
1185,6,0.0,1,1
1185,7,7.0,1,1
1185,8,2.0,1,1
1185,9,0.0,1,1
1185,10,2.0,1,1
1185,11,3.0,1,1
1185,12,2.0,1,1
1185,13,0.0,1,1
1185,14,2.0,1,1
1185,15,4.0,1,1
1185,16,0.0,1,1
1185,17,5.0,1,1
1185,18,4.0,1,1
1185,19,1.0,1,1
1185,20,1.0,1,1
1185,21,1.0,1,1
1185,22,1.0,1,1
1185,23,4.0,1,1
1185,24,0.0,1,1
1185,25,0.0,1,1
1185,26,1.0,1,1
1185,27,0.0,1,1
1185,28,2.0,1,1
1185,29,0.0,1,1
1185,30,3.0,1,1
1185,31,1.0,1,1
1185,32,0.0,1,1
1185,33,0.0,1,1
1186,0,12.0,1,1
1186,1,8.0,1,1
1186,2,1.0,1,1
1186,3,2.0,1,1
1186,4,0.0,1,1
1186,5,6.0,1,1
1186,6,0.0,1,1
1186,7,3.0,1,1
1186,8,2.0,1,1
1186,9,0.0,1,1
1186,10,1.0,1,1
1186,11,3.0,1,1
1186,12,1.0,1,1
1186,13,1.0,1,1
1186,14,9.0,1,1
1186,15,5.0,1,1
1186,16,0.0,1,1
1186,17,11.0,1,1
1186,18,5.0,1,1
1186,19,1.0,1,1
1186,20,2.0,1,1
1186,21,2.0,1,1
1186,22,1.0,1,1
1186,23,2.0,1,1
1186,24,0.0,1,1
1186,25,1.0,1,1
1186,26,4.0,1,1
1186,27,0.0,1,1
1186,28,2.0,1,1
1186,29,0.0,1,1
1186,30,0.0,1,1
1186,31,0.0,1,1
1186,32,1.0,1,1
1186,33,0.0,1,1
1187,0,9.0,1,1
1187,1,10.0,1,1
1187,2,10.0,1,1
1187,3,2.0,1,1
1187,4,1.0,1,1
1187,5,4.0,1,1
1187,6,0.0,1,1
1187,7,8.0,1,1
1187,8,4.0,1,1
1187,9,0.0,1,1
1187,10,1.0,1,1
1187,11,2.0,1,1
1187,12,6.0,1,1
1187,13,0.0,1,1
1187,14,3.0,1,1
1187,15,4.0,1,1
1187,16,0.0,1,1
1187,17,17.0,1,1
1187,18,9.0,1,1
1187,19,3.0,1,1
1187,20,0.0,1,1
1187,21,3.0,1,1
1187,22,0.0,1,1
1187,23,4.0,1,1
1187,24,0.0,1,1
1187,25,1.0,1,1
1187,26,2.0,1,1
1187,27,0.0,1,1
1187,28,1.0,1,1
1187,29,2.0,1,1
1187,30,5.0,1,1
1187,31,2.0,1,1
1187,32,0.0,1,1
1187,33,0.0,1,1
1188,0,12.0,1,1
1188,1,19.0,1,1
1188,2,9.0,1,1
1188,3,2.0,1,1
1188,4,6.0,1,1
1188,5,14.0,1,1
1188,6,0.0,1,1
1188,7,8.0,1,1
1188,8,3.0,1,1
1188,9,0.0,1,1
1188,10,1.0,1,1
1188,11,6.0,1,1
1188,12,3.0,1,1
1188,13,0.0,1,1
1188,14,4.0,1,1
1188,15,9.0,1,1
1188,16,0.0,1,1
1188,17,30.0,1,1
1188,18,17.0,1,1
1188,19,5.0,1,1
1188,20,3.0,1,1
1188,21,4.0,1,1
1188,22,2.0,1,1
1188,23,5.0,1,1
1188,24,0.0,1,1
1188,25,0.0,1,1
1188,26,1.0,1,1
1188,27,0.0,1,1
1188,28,6.0,1,1
1188,29,6.0,1,1
1188,30,7.0,1,1
1188,31,4.0,1,1
1188,32,3.0,1,1
1188,33,3.0,1,1
1189,0,18.0,1,1
1189,1,27.0,1,1
1189,2,12.0,1,1
1189,3,3.0,1,1
1189,4,2.0,1,1
1189,5,20.0,1,1
1189,6,0.0,1,1
1189,7,16.0,1,1
1189,8,4.0,1,1
1189,9,0.0,1,1
1189,10,3.0,1,1
1189,11,8.0,1,1
1189,12,13.0,1,1
1189,13,1.0,1,1
1189,14,11.0,1,1
1189,15,15.0,1,1
1189,16,0.0,1,1
1189,17,29.0,1,1
1189,18,15.0,1,1
1189,19,4.0,1,1
1189,20,9.0,1,1
1189,21,8.0,1,1
1189,22,0.0,1,1
1189,23,9.0,1,1
1189,24,0.0,1,1
1189,25,3.0,1,1
1189,26,3.0,1,1
1189,27,0.0,1,1
1189,28,3.0,1,1
1189,29,2.0,1,1
1189,30,4.0,1,1
1189,31,1.0,1,1
1189,32,4.0,1,1
1189,33,1.0,1,1
1190,0,23.0,1,1
1190,1,21.0,1,1
1190,2,7.0,1,1
1190,3,5.0,1,1
1190,4,11.0,1,1
1190,5,18.0,1,1
1190,6,0.0,1,1
1190,7,11.0,1,1
1190,8,8.0,1,1
1190,9,0.0,1,1
1190,10,2.0,1,1
1190,11,10.0,1,1
1190,12,0.0,1,1
1190,13,0.0,1,1
1190,14,8.0,1,1
1190,15,15.0,1,1
1190,16,0.0,1,1
1190,17,30.0,1,1
1190,18,23.0,1,1
1190,19,8.0,1,1
1190,20,15.0,1,1
1190,21,8.0,1,1
1190,22,2.0,1,1
1190,23,14.0,1,1
1190,24,0.0,1,1
1190,25,4.0,1,1
1190,26,7.0,1,1
1190,27,0.0,1,1
1190,28,3.0,1,1
1190,29,1.0,1,1
1190,30,5.0,1,1
1190,31,2.0,1,1
1190,32,5.0,1,1
1190,33,0.0,1,1
1191,0,42.0,1,1
1191,1,29.0,1,1
1191,2,10.0,1,1
1191,3,4.0,1,1
1191,4,7.0,1,1
1191,5,23.0,1,1
1191,6,0.0,1,1
1191,7,14.0,1,1
1191,8,7.0,1,1
1191,9,0.0,1,1
1191,10,2.0,1,1
1191,11,7.0,1,1
1191,12,5.0,1,1
1191,13,3.0,1,1
1191,14,5.0,1,1
1191,15,19.0,1,1
1191,16,0.0,1,1
1191,17,52.0,1,1
1191,18,21.0,1,1
1191,19,11.0,1,1
1191,20,12.0,1,1
1191,21,6.0,1,1
1191,22,4.0,1,1
1191,23,21.0,1,1
1191,24,1.0,1,1
1191,25,3.0,1,1
1191,26,4.0,1,1
1191,27,0.0,1,1
1191,28,5.0,1,1
1191,29,7.0,1,1
1191,30,11.0,1,1
1191,31,5.0,1,1
1191,32,5.0,1,1
1191,33,7.0,1,1
1192,0,56.0,1,1
1192,1,46.0,1,1
1192,2,18.0,1,1
1192,3,7.0,1,1
1192,4,8.0,1,1
1192,5,32.0,1,1
1192,6,0.0,1,1
1192,7,16.0,1,1
1192,8,12.0,1,1
1192,9,0.0,1,1
1192,10,11.0,1,1
1192,11,8.0,1,1
1192,12,9.0,1,1
1192,13,2.0,1,1
1192,14,4.0,1,1
1192,15,23.0,1,1
1192,16,0.0,1,1
1192,17,63.0,1,1
1192,18,33.0,1,1
1192,19,16.0,1,1
1192,20,11.0,1,1
1192,21,8.0,1,1
1192,22,2.0,1,1
1192,23,21.0,1,1
1192,24,0.0,1,1
1192,25,7.0,1,1
1192,26,17.0,1,1
1192,27,0.0,1,1
1192,28,7.0,1,1
1192,29,5.0,1,1
1192,30,16.0,1,1
1192,31,1.0,1,1
1192,32,7.0,1,1
1192,33,5.0,1,1
1193,0,71.0,1,1
1193,1,71.0,1,1
1193,2,16.0,1,1
1193,3,11.0,1,1
1193,4,16.0,1,1
1193,5,57.0,1,1
1193,6,0.0,1,1
1193,7,31.0,1,1
1193,8,11.0,1,1
1193,9,0.0,1,1
1193,10,12.0,1,1
1193,11,20.0,1,1
1193,12,10.0,1,1
1193,13,1.0,1,1
1193,14,11.0,1,1
1193,15,21.0,1,1
1193,16,0.0,1,1
1193,17,62.0,1,1
1193,18,62.0,1,1
1193,19,6.0,1,1
1193,20,27.0,1,1
1193,21,28.0,1,1
1193,22,10.0,1,1
1193,23,27.0,1,1
1193,24,1.0,1,1
1193,25,8.0,1,1
1193,26,19.0,1,1
1193,27,0.0,1,1
1193,28,11.0,1,1
1193,29,6.0,1,1
1193,30,10.0,1,1
1193,31,4.0,1,1
1193,32,9.0,1,1
1193,33,3.0,1,1
1194,0,70.0,1,1
1194,1,88.0,1,1
1194,2,28.0,1,1
1194,3,9.0,1,1
1194,4,26.0,1,1
1194,5,64.0,1,1
1194,6,0.0,1,1
1194,7,36.0,1,1
1194,8,14.0,1,1
1194,9,0.0,1,1
1194,10,2.0,1,1
1194,11,19.0,1,1
1194,12,14.0,1,1
1194,13,4.0,1,1
1194,14,16.0,1,1
1194,15,22.0,1,1
1194,16,0.0,1,1
1194,17,75.0,1,1
1194,18,68.0,1,1
1194,19,16.0,1,1
1194,20,30.0,1,1
1194,21,18.0,1,1
1194,22,9.0,1,1
1194,23,23.0,1,1
1194,24,2.0,1,1
1194,25,7.0,1,1
1194,26,20.0,1,1
1194,27,0.0,1,1
1194,28,15.0,1,1
1194,29,4.0,1,1
1194,30,12.0,1,1
1194,31,8.0,1,1
1194,32,18.0,1,1
1194,33,3.0,1,1
1195,0,96.0,1,1
1195,1,103.0,1,1
1195,2,49.0,1,1
1195,3,27.0,1,1
1195,4,22.0,1,1
1195,5,80.0,1,1
1195,6,0.0,1,1
1195,7,29.0,1,1
1195,8,13.0,1,1
1195,9,0.0,1,1
1195,10,13.0,1,1
1195,11,19.0,1,1
1195,12,14.0,1,1
1195,13,0.0,1,1
1195,14,16.0,1,1
1195,15,26.0,1,1
1195,16,0.0,1,1
1195,17,106.0,1,1
1195,18,55.0,1,1
1195,19,10.0,1,1
1195,20,33.0,1,1
1195,21,22.0,1,1
1195,22,4.0,1,1
1195,23,33.0,1,1
1195,24,1.0,1,1
1195,25,11.0,1,1
1195,26,33.0,1,1
1195,27,0.0,1,1
1195,28,17.0,1,1
1195,29,10.0,1,1
1195,30,19.0,1,1
1195,31,10.0,1,1
1195,32,20.0,1,1
1195,33,15.0,1,1
1196,0,127.0,1,1
1196,1,126.0,1,1
1196,2,46.0,1,1
1196,3,12.0,1,1
1196,4,20.0,1,1
1196,5,106.0,1,1
1196,6,0.0,1,1
1196,7,50.0,1,1
1196,8,21.0,1,1
1196,9,0.0,1,1
1196,10,13.0,1,1
1196,11,27.0,1,1
1196,12,20.0,1,1
1196,13,2.0,1,1
1196,14,22.0,1,1
1196,15,41.0,1,1
1196,16,1.0,1,1
1196,17,111.0,1,1
1196,18,58.0,1,1
1196,19,25.0,1,1
1196,20,23.0,1,1
1196,21,31.0,1,1
1196,22,10.0,1,1
1196,23,30.0,1,1
1196,24,3.0,1,1
1196,25,4.0,1,1
1196,26,27.0,1,1
1196,27,0.0,1,1
1196,28,17.0,1,1
1196,29,4.0,1,1
1196,30,11.0,1,1
1196,31,3.0,1,1
1196,32,10.0,1,1
1196,33,5.0,1,1
1197,0,160.0,1,1
1197,1,120.0,1,1
1197,2,47.0,1,1
1197,3,7.0,1,1
1197,4,28.0,1,1
1197,5,107.0,1,1
1197,6,0.0,1,1
1197,7,60.0,1,1
1197,8,11.0,1,1
1197,9,0.0,1,1
1197,10,12.0,1,1
1197,11,37.0,1,1
1197,12,30.0,1,1
1197,13,0.0,1,1
1197,14,33.0,1,1
1197,15,33.0,1,1
1197,16,0.0,1,1
1197,17,139.0,1,1
1197,18,80.0,1,1
1197,19,25.0,1,1
1197,20,44.0,1,1
1197,21,28.0,1,1
1197,22,7.0,1,1
1197,23,38.0,1,1
1197,24,1.0,1,1
1197,25,9.0,1,1
1197,26,21.0,1,1
1197,27,0.0,1,1
1197,28,17.0,1,1
1197,29,7.0,1,1
1197,30,14.0,1,1
1197,31,13.0,1,1
1197,32,12.0,1,1
1197,33,12.0,1,1
1198,0,183.0,1,1
1198,1,150.0,1,1
1198,2,67.0,1,1
1198,3,19.0,1,1
1198,4,22.0,1,1
1198,5,116.0,1,1
1198,6,0.0,1,1
1198,7,63.0,1,1
1198,8,52.0,1,1
1198,9,0.0,1,1
1198,10,12.0,1,1
1198,11,39.0,1,1
1198,12,178.0,1,1
1198,13,2.0,1,1
1198,14,18.0,1,1
1198,15,47.0,1,1
1198,16,5.0,1,1
1198,17,147.0,1,1
1198,18,79.0,1,1
1198,19,20.0,1,1
1198,20,49.0,1,1
1198,21,40.0,1,1
1198,22,13.0,1,1
1198,23,50.0,1,1
1198,24,1.0,1,1
1198,25,10.0,1,1
1198,26,20.0,1,1
1198,27,0.0,1,1
1198,28,7.0,1,1
1198,29,15.0,1,1
1198,30,20.0,1,1
1198,31,6.0,1,1
1198,32,19.0,1,1
1198,33,13.0,1,1
1199,0,194.0,1,1
1199,1,189.0,1,1
1199,2,58.0,1,1
1199,3,14.0,1,1
1199,4,20.0,1,1
1199,5,146.0,1,1
1199,6,0.0,1,1
1199,7,70.0,1,1
1199,8,27.0,1,1
1199,9,0.0,1,1
1199,10,14.0,1,1
1199,11,65.0,1,1
1199,12,268.0,1,1
1199,13,0.0,1,1
1199,14,28.0,1,1
1199,15,37.0,1,1
1199,16,2.0,1,1
1199,17,136.0,1,1
1199,18,83.0,1,1
1199,19,34.0,1,1
1199,20,46.0,1,1
1199,21,37.0,1,1
1199,22,6.0,1,1
1199,23,47.0,1,1
1199,24,0.0,1,1
1199,25,8.0,1,1
1199,26,19.0,1,1
1199,27,0.0,1,1
1199,28,14.0,1,1
1199,29,11.0,1,1
1199,30,22.0,1,1
1199,31,9.0,1,1
1199,32,15.0,1,1
1199,33,10.0,1,1
1200,0,224.0,1,1
1200,1,165.0,1,1
1200,2,87.0,1,1
1200,3,25.0,1,1
1200,4,29.0,1,1
1200,5,158.0,1,1
1200,6,0.0,1,1
1200,7,71.0,1,1
1200,8,21.0,1,1
1200,9,0.0,1,1
1200,10,17.0,1,1
1200,11,42.0,1,1
1200,12,21.0,1,1
1200,13,0.0,1,1
1200,14,37.0,1,1
1200,15,57.0,1,1
1200,16,5.0,1,1
1200,17,183.0,1,1
1200,18,86.0,1,1
1200,19,34.0,1,1
1200,20,52.0,1,1
1200,21,32.0,1,1
1200,22,9.0,1,1
1200,23,63.0,1,1
1200,24,3.0,1,1
1200,25,9.0,1,1
1200,26,28.0,1,1
1200,27,0.0,1,1
1200,28,20.0,1,1
1200,29,10.0,1,1
1200,30,30.0,1,1
1200,31,2.0,1,1
1200,32,10.0,1,1
1200,33,8.0,1,1
1201,0,270.0,1,1
1201,1,196.0,1,1
1201,2,94.0,1,1
1201,3,13.0,1,1
1201,4,31.0,1,1
1201,5,168.0,1,1
1201,6,0.0,1,1
1201,7,77.0,1,1
1201,8,20.0,1,1
1201,9,0.0,1,1
1201,10,14.0,1,1
1201,11,55.0,1,1
1201,12,14.0,1,1
1201,13,0.0,1,1
1201,14,23.0,1,1
1201,15,71.0,1,1
1201,16,6.0,1,1
1201,17,170.0,1,1
1201,18,117.0,1,1
1201,19,35.0,1,1
1201,20,64.0,1,1
1201,21,45.0,1,1
1201,22,14.0,1,1
1201,23,52.0,1,1
1201,24,3.0,1,1
1201,25,11.0,1,1
1201,26,25.0,1,1
1201,27,0.0,1,1
1201,28,19.0,1,1
1201,29,13.0,1,1
1201,30,26.0,1,1
1201,31,4.0,1,1
1201,32,19.0,1,1
1201,33,11.0,1,1
1202,0,224.0,1,1
1202,1,178.0,1,1
1202,2,91.0,1,1
1202,3,14.0,1,1
1202,4,22.0,1,1
1202,5,166.0,1,1
1202,6,0.0,1,1
1202,7,98.0,1,1
1202,8,37.0,1,1
1202,9,0.0,1,1
1202,10,25.0,1,1
1202,11,60.0,1,1
1202,12,38.0,1,1
1202,13,1.0,1,1
1202,14,44.0,1,1
1202,15,66.0,1,1
1202,16,3.0,1,1
1202,17,181.0,1,1
1202,18,122.0,1,1
1202,19,36.0,1,1
1202,20,61.0,1,1
1202,21,67.0,1,1
1202,22,17.0,1,1
1202,23,87.0,1,1
1202,24,8.0,1,1
1202,25,20.0,1,1
1202,26,23.0,1,1
1202,27,0.0,1,1
1202,28,16.0,1,1
1202,29,24.0,1,1
1202,30,36.0,1,1
1202,31,8.0,1,1
1202,32,18.0,1,1
1202,33,11.0,1,1
1203,0,170.0,1,1
1203,1,210.0,1,1
1203,2,88.0,1,1
1203,3,14.0,1,1
1203,4,21.0,1,1
1203,5,157.0,1,1
1203,6,0.0,1,1
1203,7,89.0,1,1
1203,8,18.0,1,1
1203,9,0.0,1,1
1203,10,16.0,1,1
1203,11,61.0,1,1
1203,12,889.0,1,1
1203,13,0.0,1,1
1203,14,42.0,1,1
1203,15,79.0,1,1
1203,16,6.0,1,1
1203,17,155.0,1,1
1203,18,103.0,1,1
1203,19,37.0,1,1
1203,20,71.0,1,1
1203,21,56.0,1,1
1203,22,15.0,1,1
1203,23,69.0,1,1
1203,24,1.0,1,1
1203,25,26.0,1,1
1203,26,25.0,1,1
1203,27,0.0,1,1
1203,28,14.0,1,1
1203,29,24.0,1,1
1203,30,23.0,1,1
1203,31,14.0,1,1
1203,32,10.0,1,1
1203,33,11.0,1,1
1204,0,163.0,1,1
1204,1,182.0,1,1
1204,2,78.0,1,1
1204,3,18.0,1,1
1204,4,18.0,1,1
1204,5,146.0,1,1
1204,6,0.0,1,1
1204,7,83.0,1,1
1204,8,20.0,1,1
1204,9,0.0,1,1
1204,10,15.0,1,1
1204,11,51.0,1,1
1204,12,178.0,1,1
1204,13,2.0,1,1
1204,14,34.0,1,1
1204,15,68.0,1,1
1204,16,4.0,1,1
1204,17,154.0,1,1
1204,18,80.0,1,1
1204,19,50.0,1,1
1204,20,67.0,1,1
1204,21,46.0,1,1
1204,22,14.0,1,1
1204,23,80.0,1,1
1204,24,4.0,1,1
1204,25,19.0,1,1
1204,26,22.0,1,1
1204,27,0.0,1,1
1204,28,18.0,1,1
1204,29,50.0,1,1
1204,30,19.0,1,1
1204,31,12.0,1,1
1204,32,8.0,1,1
1204,33,19.0,1,1
1205,0,157.0,1,1
1205,1,191.0,1,1
1205,2,63.0,1,1
1205,3,26.0,1,1
1205,4,22.0,1,1
1205,5,157.0,1,1
1205,6,0.0,1,1
1205,7,84.0,1,1
1205,8,62.0,1,1
1205,9,0.0,1,1
1205,10,8.0,1,1
1205,11,61.0,1,1
1205,12,204.0,1,1
1205,13,0.0,1,1
1205,14,32.0,1,1
1205,15,77.0,1,1
1205,16,5.0,1,1
1205,17,139.0,1,1
1205,18,85.0,1,1
1205,19,42.0,1,1
1205,20,48.0,1,1
1205,21,35.0,1,1
1205,22,16.0,1,1
1205,23,91.0,1,1
1205,24,2.0,1,1
1205,25,15.0,1,1
1205,26,31.0,1,1
1205,27,0.0,1,1
1205,28,15.0,1,1
1205,29,52.0,1,1
1205,30,21.0,1,1
1205,31,22.0,1,1
1205,32,2.0,1,1
1205,33,22.0,1,1
1206,0,142.0,1,1
1206,1,131.0,1,1
1206,2,69.0,1,1
1206,3,16.0,1,1
1206,4,4.0,1,1
1206,5,114.0,1,1
1206,6,0.0,1,1
1206,7,88.0,1,1
1206,8,19.0,1,1
1206,9,0.0,1,1
1206,10,11.0,1,1
1206,11,64.0,1,1
1206,12,52.0,1,1
1206,13,0.0,1,1
1206,14,10.0,1,1
1206,15,46.0,1,1
1206,16,3.0,1,1
1206,17,118.0,1,1
1206,18,101.0,1,1
1206,19,27.0,1,1
1206,20,25.0,1,1
1206,21,59.0,1,1
1206,22,8.0,1,1
1206,23,63.0,1,1
1206,24,2.0,1,1
1206,25,10.0,1,1
1206,26,35.0,1,1
1206,27,0.0,1,1
1206,28,20.0,1,1
1206,29,37.0,1,1
1206,30,11.0,1,1
1206,31,8.0,1,1
1206,32,7.0,1,1
1206,33,23.0,1,1
1207,0,134.0,1,1
1207,1,119.0,1,1
1207,2,79.0,1,1
1207,3,11.0,1,1
1207,4,8.0,1,1
1207,5,111.0,1,1
1207,6,0.0,1,1
1207,7,72.0,1,1
1207,8,17.0,1,1
1207,9,0.0,1,1
1207,10,13.0,1,1
1207,11,45.0,1,1
1207,12,23.0,1,1
1207,13,0.0,1,1
1207,14,25.0,1,1
1207,15,72.0,1,1
1207,16,2.0,1,1
1207,17,88.0,1,1
1207,18,71.0,1,1
1207,19,20.0,1,1
1207,20,34.0,1,1
1207,21,80.0,1,1
1207,22,9.0,1,1
1207,23,40.0,1,1
1207,24,6.0,1,1
1207,25,17.0,1,1
1207,26,17.0,1,1
1207,27,0.0,1,1
1207,28,15.0,1,1
1207,29,22.0,1,1
1207,30,13.0,1,1
1207,31,10.0,1,1
1207,32,10.0,1,1
1207,33,15.0,1,1
1208,0,124.0,1,1
1208,1,87.0,1,1
1208,2,68.0,1,1
1208,3,16.0,1,1
1208,4,7.0,1,1
1208,5,80.0,1,1
1208,6,0.0,1,1
1208,7,82.0,1,1
1208,8,56.0,1,1
1208,9,0.0,1,1
1208,10,15.0,1,1
1208,11,60.0,1,1
1208,12,16.0,1,1
1208,13,0.0,1,1
1208,14,40.0,1,1
1208,15,65.0,1,1
1208,16,3.0,1,1
1208,17,83.0,1,1
1208,18,75.0,1,1
1208,19,11.0,1,1
1208,20,19.0,1,1
1208,21,72.0,1,1
1208,22,4.0,1,1
1208,23,28.0,1,1
1208,24,1.0,1,1
1208,25,7.0,1,1
1208,26,23.0,1,1
1208,27,0.0,1,1
1208,28,11.0,1,1
1208,29,6.0,1,1
1208,30,5.0,1,1
1208,31,6.0,1,1
1208,32,9.0,1,1
1208,33,12.0,1,1
1209,0,118.0,1,1
1209,1,106.0,1,1
1209,2,43.0,1,1
1209,3,15.0,1,1
1209,4,8.0,1,1
1209,5,93.0,1,1
1209,6,0.0,1,1
1209,7,66.0,1,1
1209,8,18.0,1,1
1209,9,0.0,1,1
1209,10,10.0,1,1
1209,11,53.0,1,1
1209,12,8.0,1,1
1209,13,0.0,1,1
1209,14,19.0,1,1
1209,15,68.0,1,1
1209,16,2.0,1,1
1209,17,83.0,1,1
1209,18,70.0,1,1
1209,19,17.0,1,1
1209,20,23.0,1,1
1209,21,29.0,1,1
1209,22,4.0,1,1
1209,23,38.0,1,1
1209,24,1.0,1,1
1209,25,6.0,1,1
1209,26,13.0,1,1
1209,27,0.0,1,1
1209,28,18.0,1,1
1209,29,5.0,1,1
1209,30,11.0,1,1
1209,31,3.0,1,1
1209,32,4.0,1,1
1209,33,5.0,1,1
1210,0,111.0,1,1
1210,1,105.0,1,1
1210,2,45.0,1,1
1210,3,14.0,1,1
1210,4,9.0,1,1
1210,5,93.0,1,1
1210,6,0.0,1,1
1210,7,58.0,1,1
1210,8,18.0,1,1
1210,9,0.0,1,1
1210,10,12.0,1,1
1210,11,52.0,1,1
1210,12,19.0,1,1
1210,13,0.0,1,1
1210,14,16.0,1,1
1210,15,44.0,1,1
1210,16,2.0,1,1
1210,17,89.0,1,1
1210,18,74.0,1,1
1210,19,19.0,1,1
1210,20,18.0,1,1
1210,21,33.0,1,1
1210,22,4.0,1,1
1210,23,38.0,1,1
1210,24,2.0,1,1
1210,25,8.0,1,1
1210,26,12.0,1,1
1210,27,0.0,1,1
1210,28,21.0,1,1
1210,29,5.0,1,1
1210,30,13.0,1,1
1210,31,7.0,1,1
1210,32,8.0,1,1
1210,33,10.0,1,1
1211,0,120.0,1,1
1211,1,128.0,1,1
1211,2,67.0,1,1
1211,3,72.0,1,1
1211,4,17.0,1,1
1211,5,100.0,1,1
1211,6,0.0,1,1
1211,7,62.0,1,1
1211,8,22.0,1,1
1211,9,0.0,1,1
1211,10,17.0,1,1
1211,11,37.0,1,1
1211,12,14.0,1,1
1211,13,0.0,1,1
1211,14,24.0,1,1
1211,15,44.0,1,1
1211,16,3.0,1,1
1211,17,91.0,1,1
1211,18,82.0,1,1
1211,19,16.0,1,1
1211,20,21.0,1,1
1211,21,31.0,1,1
1211,22,10.0,1,1
1211,23,42.0,1,1
1211,24,0.0,1,1
1211,25,6.0,1,1
1211,26,15.0,1,1
1211,27,0.0,1,1
1211,28,20.0,1,1
1211,29,11.0,1,1
1211,30,9.0,1,1
1211,31,8.0,1,1
1211,32,10.0,1,1
1211,33,16.0,1,1
1212,0,119.0,1,1
1212,1,71.0,1,1
1212,2,61.0,1,1
1212,3,21.0,1,1
1212,4,13.0,1,1
1212,5,77.0,1,1
1212,6,0.0,1,1
1212,7,58.0,1,1
1212,8,18.0,1,1
1212,9,0.0,1,1
1212,10,8.0,1,1
1212,11,41.0,1,1
1212,12,19.0,1,1
1212,13,0.0,1,1
1212,14,22.0,1,1
1212,15,57.0,1,1
1212,16,2.0,1,1
1212,17,75.0,1,1
1212,18,67.0,1,1
1212,19,23.0,1,1
1212,20,20.0,1,1
1212,21,115.0,1,1
1212,22,6.0,1,1
1212,23,25.0,1,1
1212,24,2.0,1,1
1212,25,9.0,1,1
1212,26,16.0,1,1
1212,27,0.0,1,1
1212,28,15.0,1,1
1212,29,11.0,1,1
1212,30,11.0,1,1
1212,31,1.0,1,1
1212,32,10.0,1,1
1212,33,12.0,1,1
1213,0,105.0,1,1
1213,1,80.0,1,1
1213,2,61.0,1,1
1213,3,22.0,1,1
1213,4,11.0,1,1
1213,5,70.0,1,1
1213,6,0.0,1,1
1213,7,65.0,1,1
1213,8,11.0,1,1
1213,9,0.0,1,1
1213,10,13.0,1,1
1213,11,52.0,1,1
1213,12,32.0,1,1
1213,13,0.0,1,1
1213,14,28.0,1,1
1213,15,58.0,1,1
1213,16,2.0,1,1
1213,17,74.0,1,1
1213,18,87.0,1,1
1213,19,16.0,1,1
1213,20,17.0,1,1
1213,21,35.0,1,1
1213,22,4.0,1,1
1213,23,18.0,1,1
1213,24,0.0,1,1
1213,25,10.0,1,1
1213,26,17.0,1,1
1213,27,0.0,1,1
1213,28,21.0,1,1
1213,29,9.0,1,1
1213,30,16.0,1,1
1213,31,4.0,1,1
1213,32,9.0,1,1
1213,33,11.0,1,1
1214,0,93.0,1,1
1214,1,74.0,1,1
1214,2,46.0,1,1
1214,3,19.0,1,1
1214,4,14.0,1,1
1214,5,66.0,1,1
1214,6,0.0,1,1
1214,7,71.0,1,1
1214,8,15.0,1,1
1214,9,0.0,1,1
1214,10,16.0,1,1
1214,11,50.0,1,1
1214,12,20.0,1,1
1214,13,0.0,1,1
1214,14,26.0,1,1
1214,15,61.0,1,1
1214,16,4.0,1,1
1214,17,68.0,1,1
1214,18,74.0,1,1
1214,19,21.0,1,1
1214,20,20.0,1,1
1214,21,31.0,1,1
1214,22,9.0,1,1
1214,23,26.0,1,1
1214,24,1.0,1,1
1214,25,7.0,1,1
1214,26,15.0,1,1
1214,27,0.0,1,1
1214,28,12.0,1,1
1214,29,9.0,1,1
1214,30,14.0,1,1
1214,31,0.0,1,1
1214,32,6.0,1,1
1214,33,8.0,1,1
1215,0,85.0,1,1
1215,1,100.0,1,1
1215,2,57.0,1,1
1215,3,17.0,1,1
1215,4,17.0,1,1
1215,5,95.0,1,1
1215,6,0.0,1,1
1215,7,51.0,1,1
1215,8,13.0,1,1
1215,9,0.0,1,1
1215,10,12.0,1,1
1215,11,40.0,1,1
1215,12,19.0,1,1
1215,13,2.0,1,1
1215,14,17.0,1,1
1215,15,62.0,1,1
1215,16,4.0,1,1
1215,17,83.0,1,1
1215,18,65.0,1,1
1215,19,20.0,1,1
1215,20,20.0,1,1
1215,21,32.0,1,1
1215,22,6.0,1,1
1215,23,30.0,1,1
1215,24,1.0,1,1
1215,25,6.0,1,1
1215,26,18.0,1,1
1215,27,0.0,1,1
1215,28,11.0,1,1
1215,29,10.0,1,1
1215,30,20.0,1,1
1215,31,1.0,1,1
1215,32,5.0,1,1
1215,33,7.0,1,1
1216,0,104.0,1,1
1216,1,74.0,1,1
1216,2,52.0,1,1
1216,3,14.0,1,1
1216,4,8.0,1,1
1216,5,74.0,1,1
1216,6,0.0,1,1
1216,7,74.0,1,1
1216,8,10.0,1,1
1216,9,0.0,1,1
1216,10,15.0,1,1
1216,11,50.0,1,1
1216,12,14.0,1,1
1216,13,1.0,1,1
1216,14,17.0,1,1
1216,15,63.0,1,1
1216,16,1.0,1,1
1216,17,72.0,1,1
1216,18,73.0,1,1
1216,19,13.0,1,1
1216,20,18.0,1,1
1216,21,41.0,1,1
1216,22,8.0,1,1
1216,23,25.0,1,1
1216,24,0.0,1,1
1216,25,6.0,1,1
1216,26,20.0,1,1
1216,27,0.0,1,1
1216,28,22.0,1,1
1216,29,7.0,1,1
1216,30,12.0,1,1
1216,31,6.0,1,1
1216,32,7.0,1,1
1216,33,10.0,1,1
1217,0,93.0,1,1
1217,1,79.0,1,1
1217,2,50.0,1,1
1217,3,13.0,1,1
1217,4,6.0,1,1
1217,5,72.0,1,1
1217,6,0.0,1,1
1217,7,71.0,1,1
1217,8,17.0,1,1
1217,9,0.0,1,1
1217,10,19.0,1,1
1217,11,47.0,1,1
1217,12,13.0,1,1
1217,13,0.0,1,1
1217,14,25.0,1,1
1217,15,50.0,1,1
1217,16,1.0,1,1
1217,17,63.0,1,1
1217,18,71.0,1,1
1217,19,13.0,1,1
1217,20,21.0,1,1
1217,21,36.0,1,1
1217,22,7.0,1,1
1217,23,22.0,1,1
1217,24,2.0,1,1
1217,25,7.0,1,1
1217,26,20.0,1,1
1217,27,0.0,1,1
1217,28,13.0,1,1
1217,29,14.0,1,1
1217,30,15.0,1,1
1217,31,4.0,1,1
1217,32,11.0,1,1
1217,33,6.0,1,1
1218,0,81.0,1,1
1218,1,82.0,1,1
1218,2,55.0,1,1
1218,3,30.0,1,1
1218,4,9.0,1,1
1218,5,79.0,1,1
1218,6,0.0,1,1
1218,7,73.0,1,1
1218,8,21.0,1,1
1218,9,0.0,1,1
1218,10,7.0,1,1
1218,11,45.0,1,1
1218,12,20.0,1,1
1218,13,3.0,1,1
1218,14,30.0,1,1
1218,15,70.0,1,1
1218,16,3.0,1,1
1218,17,70.0,1,1
1218,18,83.0,1,1
1218,19,21.0,1,1
1218,20,34.0,1,1
1218,21,37.0,1,1
1218,22,4.0,1,1
1218,23,29.0,1,1
1218,24,4.0,1,1
1218,25,2.0,1,1
1218,26,20.0,1,1
1218,27,0.0,1,1
1218,28,17.0,1,1
1218,29,10.0,1,1
1218,30,14.0,1,1
1218,31,6.0,1,1
1218,32,9.0,1,1
1218,33,6.0,1,1
1219,0,85.0,1,1
1219,1,81.0,1,1
1219,2,58.0,1,1
1219,3,17.0,1,1
1219,4,13.0,1,1
1219,5,85.0,1,1
1219,6,0.0,1,1
1219,7,70.0,1,1
1219,8,13.0,1,1
1219,9,0.0,1,1
1219,10,8.0,1,1
1219,11,50.0,1,1
1219,12,16.0,1,1
1219,13,2.0,1,1
1219,14,30.0,1,1
1219,15,78.0,1,1
1219,16,0.0,1,1
1219,17,86.0,1,1
1219,18,84.0,1,1
1219,19,17.0,1,1
1219,20,26.0,1,1
1219,21,34.0,1,1
1219,22,2.0,1,1
1219,23,28.0,1,1
1219,24,2.0,1,1
1219,25,5.0,1,1
1219,26,18.0,1,1
1219,27,0.0,1,1
1219,28,17.0,1,1
1219,29,6.0,1,1
1219,30,13.0,1,1
1219,31,4.0,1,1
1219,32,10.0,1,1
1219,33,11.0,1,1
1220,0,98.0,1,1
1220,1,101.0,1,1
1220,2,61.0,1,1
1220,3,17.0,1,1
1220,4,9.0,1,1
1220,5,95.0,1,1
1220,6,0.0,1,1
1220,7,72.0,1,1
1220,8,25.0,1,1
1220,9,0.0,1,1
1220,10,19.0,1,1
1220,11,49.0,1,1
1220,12,17.0,1,1
1220,13,0.0,1,1
1220,14,30.0,1,1
1220,15,81.0,1,1
1220,16,2.0,1,1
1220,17,91.0,1,1
1220,18,79.0,1,1
1220,19,21.0,1,1
1220,20,20.0,1,1
1220,21,27.0,1,1
1220,22,5.0,1,1
1220,23,31.0,1,1
1220,24,2.0,1,1
1220,25,10.0,1,1
1220,26,14.0,1,1
1220,27,0.0,1,1
1220,28,16.0,1,1
1220,29,7.0,1,1
1220,30,12.0,1,1
1220,31,1.0,1,1
1220,32,15.0,1,1
1220,33,13.0,1,1
1221,0,96.0,1,1
1221,1,74.0,1,1
1221,2,60.0,1,1
1221,3,16.0,1,1
1221,4,24.0,1,1
1221,5,77.0,1,1
1221,6,0.0,1,1
1221,7,71.0,1,1
1221,8,19.0,1,1
1221,9,0.0,1,1
1221,10,13.0,1,1
1221,11,55.0,1,1
1221,12,26.0,1,1
1221,13,1.0,1,1
1221,14,31.0,1,1
1221,15,42.0,1,1
1221,16,4.0,1,1
1221,17,89.0,1,1
1221,18,82.0,1,1
1221,19,15.0,1,1
1221,20,19.0,1,1
1221,21,30.0,1,1
1221,22,11.0,1,1
1221,23,29.0,1,1
1221,24,2.0,1,1
1221,25,8.0,1,1
1221,26,19.0,1,1
1221,27,0.0,1,1
1221,28,13.0,1,1
1221,29,11.0,1,1
1221,30,25.0,1,1
1221,31,3.0,1,1
1221,32,20.0,1,1
1221,33,7.0,1,1
1222,0,107.0,1,1
1222,1,82.0,1,1
1222,2,50.0,1,1
1222,3,13.0,1,1
1222,4,13.0,1,1
1222,5,76.0,1,1
1222,6,0.0,1,1
1222,7,54.0,1,1
1222,8,13.0,1,1
1222,9,0.0,1,1
1222,10,7.0,1,1
1222,11,45.0,1,1
1222,12,32.0,1,1
1222,13,0.0,1,1
1222,14,41.0,1,1
1222,15,91.0,1,1
1222,16,3.0,1,1
1222,17,84.0,1,1
1222,18,83.0,1,1
1222,19,22.0,1,1
1222,20,26.0,1,1
1222,21,35.0,1,1
1222,22,6.0,1,1
1222,23,37.0,1,1
1222,24,5.0,1,1
1222,25,6.0,1,1
1222,26,15.0,1,1
1222,27,0.0,1,1
1222,28,17.0,1,1
1222,29,12.0,1,1
1222,30,14.0,1,1
1222,31,2.0,1,1
1222,32,8.0,1,1
1222,33,7.0,1,1
1223,0,97.0,1,1
1223,1,83.0,1,1
1223,2,52.0,1,1
1223,3,15.0,1,1
1223,4,9.0,1,1
1223,5,74.0,1,1
1223,6,0.0,1,1
1223,7,86.0,1,1
1223,8,26.0,1,1
1223,9,0.0,1,1
1223,10,12.0,1,1
1223,11,60.0,1,1
1223,12,18.0,1,1
1223,13,0.0,1,1
1223,14,49.0,1,1
1223,15,112.0,1,1
1223,16,5.0,1,1
1223,17,85.0,1,1
1223,18,90.0,1,1
1223,19,23.0,1,1
1223,20,25.0,1,1
1223,21,28.0,1,1
1223,22,8.0,1,1
1223,23,36.0,1,1
1223,24,2.0,1,1
1223,25,13.0,1,1
1223,26,25.0,1,1
1223,27,0.0,1,1
1223,28,15.0,1,1
1223,29,16.0,1,1
1223,30,17.0,1,1
1223,31,6.0,1,1
1223,32,11.0,1,1
1223,33,13.0,1,1
1224,0,120.0,1,1
1224,1,91.0,1,1
1224,2,55.0,1,1
1224,3,30.0,1,1
1224,4,16.0,1,1
1224,5,76.0,1,1
1224,6,0.0,1,1
1224,7,92.0,1,1
1224,8,10.0,1,1
1224,9,0.0,1,1
1224,10,17.0,1,1
1224,11,53.0,1,1
1224,12,10.0,1,1
1224,13,3.0,1,1
1224,14,35.0,1,1
1224,15,78.0,1,1
1224,16,2.0,1,1
1224,17,92.0,1,1
1224,18,95.0,1,1
1224,19,20.0,1,1
1224,20,21.0,1,1
1224,21,34.0,1,1
1224,22,14.0,1,1
1224,23,50.0,1,1
1224,24,5.0,1,1
1224,25,10.0,1,1
1224,26,23.0,1,1
1224,27,0.0,1,1
1224,28,15.0,1,1
1224,29,15.0,1,1
1224,30,11.0,1,1
1224,31,4.0,1,1
1224,32,10.0,1,1
1224,33,11.0,1,1
1225,0,113.0,1,1
1225,1,74.0,1,1
1225,2,64.0,1,1
1225,3,30.0,1,1
1225,4,10.0,1,1
1225,5,76.0,1,1
1225,6,0.0,1,1
1225,7,73.0,1,1
1225,8,26.0,1,1
1225,9,0.0,1,1
1225,10,13.0,1,1
1225,11,58.0,1,1
1225,12,27.0,1,1
1225,13,3.0,1,1
1225,14,43.0,1,1
1225,15,64.0,1,1
1225,16,4.0,1,1
1225,17,106.0,1,1
1225,18,100.0,1,1
1225,19,26.0,1,1
1225,20,25.0,1,1
1225,21,28.0,1,1
1225,22,9.0,1,1
1225,23,42.0,1,1
1225,24,2.0,1,1
1225,25,15.0,1,1
1225,26,31.0,1,1
1225,27,0.0,1,1
1225,28,17.0,1,1
1225,29,18.0,1,1
1225,30,14.0,1,1
1225,31,15.0,1,1
1225,32,12.0,1,1
1225,33,17.0,1,1
1226,0,100.0,1,1
1226,1,98.0,1,1
1226,2,60.0,1,1
1226,3,26.0,1,1
1226,4,16.0,1,1
1226,5,105.0,1,1
1226,6,0.0,1,1
1226,7,90.0,1,1
1226,8,15.0,1,1
1226,9,0.0,1,1
1226,10,18.0,1,1
1226,11,48.0,1,1
1226,12,16.0,1,1
1226,13,0.0,1,1
1226,14,33.0,1,1
1226,15,62.0,1,1
1226,16,4.0,1,1
1226,17,95.0,1,1
1226,18,86.0,1,1
1226,19,35.0,1,1
1226,20,31.0,1,1
1226,21,29.0,1,1
1226,22,15.0,1,1
1226,23,54.0,1,1
1226,24,0.0,1,1
1226,25,10.0,1,1
1226,26,31.0,1,1
1226,27,0.0,1,1
1226,28,26.0,1,1
1226,29,17.0,1,1
1226,30,23.0,1,1
1226,31,10.0,1,1
1226,32,16.0,1,1
1226,33,12.0,1,1
1227,0,101.0,1,1
1227,1,106.0,1,1
1227,2,58.0,1,1
1227,3,30.0,1,1
1227,4,11.0,1,1
1227,5,92.0,1,1
1227,6,0.0,1,1
1227,7,91.0,1,1
1227,8,28.0,1,1
1227,9,0.0,1,1
1227,10,26.0,1,1
1227,11,53.0,1,1
1227,12,17.0,1,1
1227,13,2.0,1,1
1227,14,46.0,1,1
1227,15,121.0,1,1
1227,16,9.0,1,1
1227,17,113.0,1,1
1227,18,89.0,1,1
1227,19,28.0,1,1
1227,20,35.0,1,1
1227,21,47.0,1,1
1227,22,10.0,1,1
1227,23,48.0,1,1
1227,24,3.0,1,1
1227,25,20.0,1,1
1227,26,22.0,1,1
1227,27,0.0,1,1
1227,28,19.0,1,1
1227,29,20.0,1,1
1227,30,28.0,1,1
1227,31,9.0,1,1
1227,32,14.0,1,1
1227,33,12.0,1,1
1228,0,115.0,1,1
1228,1,105.0,1,1
1228,2,72.0,1,1
1228,3,26.0,1,1
1228,4,21.0,1,1
1228,5,101.0,1,1
1228,6,0.0,1,1
1228,7,70.0,1,1
1228,8,14.0,1,1
1228,9,0.0,1,1
1228,10,9.0,1,1
1228,11,49.0,1,1
1228,12,29.0,1,1
1228,13,3.0,1,1
1228,14,27.0,1,1
1228,15,80.0,1,1
1228,16,5.0,1,1
1228,17,101.0,1,1
1228,18,89.0,1,1
1228,19,27.0,1,1
1228,20,33.0,1,1
1228,21,40.0,1,1
1228,22,10.0,1,1
1228,23,52.0,1,1
1228,24,2.0,1,1
1228,25,17.0,1,1
1228,26,22.0,1,1
1228,27,0.0,1,1
1228,28,22.0,1,1
1228,29,33.0,1,1
1228,30,18.0,1,1
1228,31,9.0,1,1
1228,32,16.0,1,1
1228,33,18.0,1,1
1229,0,122.0,1,1
1229,1,93.0,1,1
1229,2,61.0,1,1
1229,3,26.0,1,1
1229,4,18.0,1,1
1229,5,88.0,1,1
1229,6,0.0,1,1
1229,7,66.0,1,1
1229,8,17.0,1,1
1229,9,0.0,1,1
1229,10,15.0,1,1
1229,11,51.0,1,1
1229,12,10.0,1,1
1229,13,0.0,1,1
1229,14,21.0,1,1
1229,15,89.0,1,1
1229,16,7.0,1,1
1229,17,111.0,1,1
1229,18,83.0,1,1
1229,19,32.0,1,1
1229,20,40.0,1,1
1229,21,40.0,1,1
1229,22,13.0,1,1
1229,23,43.0,1,1
1229,24,1.0,1,1
1229,25,12.0,1,1
1229,26,22.0,1,1
1229,27,0.0,1,1
1229,28,18.0,1,1
1229,29,35.0,1,1
1229,30,16.0,1,1
1229,31,7.0,1,1
1229,32,16.0,1,1
1229,33,22.0,1,1
1230,0,90.0,1,1
1230,1,92.0,1,1
1230,2,66.0,1,1
1230,3,18.0,1,1
1230,4,11.0,1,1
1230,5,90.0,1,1
1230,6,0.0,1,1
1230,7,90.0,1,1
1230,8,20.0,1,1
1230,9,0.0,1,1
1230,10,15.0,1,1
1230,11,46.0,1,1
1230,12,15.0,1,1
1230,13,0.0,1,1
1230,14,18.0,1,1
1230,15,66.0,1,1
1230,16,2.0,1,1
1230,17,93.0,1,1
1230,18,91.0,1,1
1230,19,23.0,1,1
1230,20,31.0,1,1
1230,21,55.0,1,1
1230,22,14.0,1,1
1230,23,38.0,1,1
1230,24,3.0,1,1
1230,25,13.0,1,1
1230,26,19.0,1,1
1230,27,0.0,1,1
1230,28,13.0,1,1
1230,29,18.0,1,1
1230,30,19.0,1,1
1230,31,3.0,1,1
1230,32,9.0,1,1
1230,33,13.0,1,1
1231,0,106.0,1,1
1231,1,81.0,1,1
1231,2,66.0,1,1
1231,3,24.0,1,1
1231,4,16.0,1,1
1231,5,73.0,1,1
1231,6,0.0,1,1
1231,7,68.0,1,1
1231,8,19.0,1,1
1231,9,0.0,1,1
1231,10,10.0,1,1
1231,11,53.0,1,1
1231,12,206.0,1,1
1231,13,0.0,1,1
1231,14,26.0,1,1
1231,15,71.0,1,1
1231,16,6.0,1,1
1231,17,101.0,1,1
1231,18,76.0,1,1
1231,19,25.0,1,1
1231,20,31.0,1,1
1231,21,27.0,1,1
1231,22,12.0,1,1
1231,23,51.0,1,1
1231,24,3.0,1,1
1231,25,6.0,1,1
1231,26,17.0,1,1
1231,27,0.0,1,1
1231,28,9.0,1,1
1231,29,20.0,1,1
1231,30,18.0,1,1
1231,31,6.0,1,1
1231,32,10.0,1,1
1231,33,20.0,1,1
1232,0,137.0,1,1
1232,1,100.0,1,1
1232,2,60.0,1,1
1232,3,18.0,1,1
1232,4,18.0,1,1
1232,5,89.0,1,1
1232,6,0.0,1,1
1232,7,76.0,1,1
1232,8,25.0,1,1
1232,9,0.0,1,1
1232,10,7.0,1,1
1232,11,54.0,1,1
1232,12,38.0,1,1
1232,13,0.0,1,1
1232,14,20.0,1,1
1232,15,99.0,1,1
1232,16,5.0,1,1
1232,17,106.0,1,1
1232,18,101.0,1,1
1232,19,27.0,1,1
1232,20,33.0,1,1
1232,21,34.0,1,1
1232,22,15.0,1,1
1232,23,45.0,1,1
1232,24,3.0,1,1
1232,25,14.0,1,1
1232,26,14.0,1,1
1232,27,0.0,1,1
1232,28,16.0,1,1
1232,29,15.0,1,1
1232,30,14.0,1,1
1232,31,3.0,1,1
1232,32,13.0,1,1
1232,33,13.0,1,1
1233,0,120.0,1,1
1233,1,98.0,1,1
1233,2,67.0,1,1
1233,3,13.0,1,1
1233,4,8.0,1,1
1233,5,97.0,1,1
1233,6,0.0,1,1
1233,7,111.0,1,1
1233,8,28.0,1,1
1233,9,0.0,1,1
1233,10,11.0,1,1
1233,11,67.0,1,1
1233,12,19.0,1,1
1233,13,0.0,1,1
1233,14,26.0,1,1
1233,15,69.0,1,1
1233,16,1.0,1,1
1233,17,129.0,1,1
1233,18,98.0,1,1
1233,19,23.0,1,1
1233,20,37.0,1,1
1233,21,41.0,1,1
1233,22,8.0,1,1
1233,23,40.0,1,1
1233,24,0.0,1,1
1233,25,12.0,1,1
1233,26,35.0,1,1
1233,27,0.0,1,1
1233,28,17.0,1,1
1233,29,12.0,1,1
1233,30,20.0,1,1
1233,31,6.0,1,1
1233,32,16.0,1,1
1233,33,12.0,1,1
1234,0,106.0,1,1
1234,1,111.0,1,1
1234,2,52.0,1,1
1234,3,26.0,1,1
1234,4,15.0,1,1
1234,5,94.0,1,1
1234,6,0.0,1,1
1234,7,112.0,1,1
1234,8,26.0,1,1
1234,9,0.0,1,1
1234,10,13.0,1,1
1234,11,96.0,1,1
1234,12,45.0,1,1
1234,13,0.0,1,1
1234,14,29.0,1,1
1234,15,85.0,1,1
1234,16,1.0,1,1
1234,17,111.0,1,1
1234,18,107.0,1,1
1234,19,20.0,1,1
1234,20,21.0,1,1
1234,21,42.0,1,1
1234,22,8.0,1,1
1234,23,44.0,1,1
1234,24,4.0,1,1
1234,25,11.0,1,1
1234,26,26.0,1,1
1234,27,0.0,1,1
1234,28,26.0,1,1
1234,29,13.0,1,1
1234,30,18.0,1,1
1234,31,8.0,1,1
1234,32,15.0,1,1
1234,33,7.0,1,1
1235,0,106.0,1,1
1235,1,94.0,1,1
1235,2,68.0,1,1
1235,3,54.0,1,1
1235,4,10.0,1,1
1235,5,80.0,1,1
1235,6,0.0,1,1
1235,7,82.0,1,1
1235,8,25.0,1,1
1235,9,0.0,1,1
1235,10,9.0,1,1
1235,11,77.0,1,1
1235,12,18.0,1,1
1235,13,0.0,1,1
1235,14,52.0,1,1
1235,15,64.0,1,1
1235,16,7.0,1,1
1235,17,80.0,1,1
1235,18,138.0,1,1
1235,19,23.0,1,1
1235,20,33.0,1,1
1235,21,48.0,1,1
1235,22,7.0,1,1
1235,23,30.0,1,1
1235,24,3.0,1,1
1235,25,11.0,1,1
1235,26,24.0,1,1
1235,27,0.0,1,1
1235,28,22.0,1,1
1235,29,12.0,1,1
1235,30,14.0,1,1
1235,31,3.0,1,1
1235,32,19.0,1,1
1235,33,12.0,1,1
1236,0,116.0,1,1
1236,1,95.0,1,1
1236,2,70.0,1,1
1236,3,36.0,1,1
1236,4,6.0,1,1
1236,5,100.0,1,1
1236,6,0.0,1,1
1236,7,73.0,1,1
1236,8,120.0,1,1
1236,9,0.0,1,1
1236,10,17.0,1,1
1236,11,46.0,1,1
1236,12,16.0,1,1
1236,13,0.0,1,1
1236,14,36.0,1,1
1236,15,81.0,1,1
1236,16,2.0,1,1
1236,17,108.0,1,1
1236,18,126.0,1,1
1236,19,18.0,1,1
1236,20,32.0,1,1
1236,21,42.0,1,1
1236,22,9.0,1,1
1236,23,41.0,1,1
1236,24,1.0,1,1
1236,25,9.0,1,1
1236,26,16.0,1,1
1236,27,0.0,1,1
1236,28,20.0,1,1
1236,29,18.0,1,1
1236,30,7.0,1,1
1236,31,6.0,1,1
1236,32,12.0,1,1
1236,33,18.0,1,1
1237,0,87.0,1,1
1237,1,101.0,1,1
1237,2,46.0,1,1
1237,3,24.0,1,1
1237,4,14.0,1,1
1237,5,95.0,1,1
1237,6,0.0,1,1
1237,7,93.0,1,1
1237,8,21.0,1,1
1237,9,0.0,1,1
1237,10,7.0,1,1
1237,11,63.0,1,1
1237,12,15.0,1,1
1237,13,2.0,1,1
1237,14,44.0,1,1
1237,15,78.0,1,1
1237,16,7.0,1,1
1237,17,102.0,1,1
1237,18,120.0,1,1
1237,19,38.0,1,1
1237,20,33.0,1,1
1237,21,45.0,1,1
1237,22,11.0,1,1
1237,23,52.0,1,1
1237,24,3.0,1,1
1237,25,18.0,1,1
1237,26,27.0,1,1
1237,27,0.0,1,1
1237,28,19.0,1,1
1237,29,16.0,1,1
1237,30,20.0,1,1
1237,31,8.0,1,1
1237,32,9.0,1,1
1237,33,12.0,1,1
1238,0,100.0,1,1
1238,1,109.0,1,1
1238,2,52.0,1,1
1238,3,12.0,1,1
1238,4,18.0,1,1
1238,5,126.0,1,1
1238,6,0.0,1,1
1238,7,88.0,1,1
1238,8,30.0,1,1
1238,9,0.0,1,1
1238,10,14.0,1,1
1238,11,52.0,1,1
1238,12,77.0,1,1
1238,13,2.0,1,1
1238,14,66.0,1,1
1238,15,72.0,1,1
1238,16,5.0,1,1
1238,17,135.0,1,1
1238,18,93.0,1,1
1238,19,32.0,1,1
1238,20,26.0,1,1
1238,21,41.0,1,1
1238,22,5.0,1,1
1238,23,59.0,1,1
1238,24,4.0,1,1
1238,25,11.0,1,1
1238,26,17.0,1,1
1238,27,0.0,1,1
1238,28,21.0,1,1
1238,29,13.0,1,1
1238,30,27.0,1,1
1238,31,7.0,1,1
1238,32,15.0,1,1
1238,33,10.0,1,1
1239,0,119.0,1,1
1239,1,88.0,1,1
1239,2,59.0,1,1
1239,3,12.0,1,1
1239,4,13.0,1,1
1239,5,86.0,1,1
1239,6,0.0,1,1
1239,7,78.0,1,1
1239,8,16.0,1,1
1239,9,0.0,1,1
1239,10,23.0,1,1
1239,11,59.0,1,1
1239,12,69.0,1,1
1239,13,0.0,1,1
1239,14,28.0,1,1
1239,15,78.0,1,1
1239,16,5.0,1,1
1239,17,104.0,1,1
1239,18,114.0,1,1
1239,19,27.0,1,1
1239,20,34.0,1,1
1239,21,44.0,1,1
1239,22,10.0,1,1
1239,23,51.0,1,1
1239,24,3.0,1,1
1239,25,14.0,1,1
1239,26,35.0,1,1
1239,27,0.0,1,1
1239,28,22.0,1,1
1239,29,17.0,1,1
1239,30,26.0,1,1
1239,31,4.0,1,1
1239,32,15.0,1,1
1239,33,13.0,1,1
1240,0,126.0,1,1
1240,1,75.0,1,1
1240,2,78.0,1,1
1240,3,27.0,1,1
1240,4,10.0,1,1
1240,5,82.0,1,1
1240,6,0.0,1,1
1240,7,79.0,1,1
1240,8,19.0,1,1
1240,9,0.0,1,1
1240,10,12.0,1,1
1240,11,56.0,1,1
1240,12,28.0,1,1
1240,13,3.0,1,1
1240,14,24.0,1,1
1240,15,109.0,1,1
1240,16,5.0,1,1
1240,17,96.0,1,1
1240,18,100.0,1,1
1240,19,38.0,1,1
1240,20,42.0,1,1
1240,21,52.0,1,1
1240,22,16.0,1,1
1240,23,55.0,1,1
1240,24,3.0,1,1
1240,25,13.0,1,1
1240,26,26.0,1,1
1240,27,0.0,1,1
1240,28,16.0,1,1
1240,29,66.0,1,1
1240,30,16.0,1,1
1240,31,5.0,1,1
1240,32,14.0,1,1
1240,33,31.0,1,1
1241,0,106.0,1,1
1241,1,92.0,1,1
1241,2,75.0,1,1
1241,3,27.0,1,1
1241,4,20.0,1,1
1241,5,76.0,1,1
1241,6,0.0,1,1
1241,7,98.0,1,1
1241,8,20.0,1,1
1241,9,0.0,1,1
1241,10,8.0,1,1
1241,11,71.0,1,1
1241,12,27.0,1,1
1241,13,2.0,1,1
1241,14,43.0,1,1
1241,15,118.0,1,1
1241,16,6.0,1,1
1241,17,102.0,1,1
1241,18,112.0,1,1
1241,19,34.0,1,1
1241,20,26.0,1,1
1241,21,47.0,1,1
1241,22,8.0,1,1
1241,23,43.0,1,1
1241,24,3.0,1,1
1241,25,11.0,1,1
1241,26,21.0,1,1
1241,27,0.0,1,1
1241,28,24.0,1,1
1241,29,39.0,1,1
1241,30,16.0,1,1
1241,31,10.0,1,1
1241,32,11.0,1,1
1241,33,24.0,1,1
1242,0,113.0,1,1
1242,1,90.0,1,1
1242,2,73.0,1,1
1242,3,23.0,1,1
1242,4,19.0,1,1
1242,5,100.0,1,1
1242,6,0.0,1,1
1242,7,96.0,1,1
1242,8,50.0,1,1
1242,9,0.0,1,1
1242,10,13.0,1,1
1242,11,63.0,1,1
1242,12,29.0,1,1
1242,13,0.0,1,1
1242,14,42.0,1,1
1242,15,98.0,1,1
1242,16,5.0,1,1
1242,17,101.0,1,1
1242,18,120.0,1,1
1242,19,37.0,1,1
1242,20,36.0,1,1
1242,21,74.0,1,1
1242,22,11.0,1,1
1242,23,43.0,1,1
1242,24,2.0,1,1
1242,25,17.0,1,1
1242,26,19.0,1,1
1242,27,0.0,1,1
1242,28,22.0,1,1
1242,29,18.0,1,1
1242,30,21.0,1,1
1242,31,7.0,1,1
1242,32,12.0,1,1
1242,33,15.0,1,1
1243,0,139.0,1,1
1243,1,95.0,1,1
1243,2,71.0,1,1
1243,3,33.0,1,1
1243,4,18.0,1,1
1243,5,102.0,1,1
1243,6,0.0,1,1
1243,7,89.0,1,1
1243,8,11.0,1,1
1243,9,0.0,1,1
1243,10,17.0,1,1
1243,11,58.0,1,1
1243,12,22.0,1,1
1243,13,0.0,1,1
1243,14,53.0,1,1
1243,15,92.0,1,1
1243,16,4.0,1,1
1243,17,96.0,1,1
1243,18,110.0,1,1
1243,19,33.0,1,1
1243,20,35.0,1,1
1243,21,57.0,1,1
1243,22,9.0,1,1
1243,23,41.0,1,1
1243,24,4.0,1,1
1243,25,24.0,1,1
1243,26,18.0,1,1
1243,27,0.0,1,1
1243,28,22.0,1,1
1243,29,17.0,1,1
1243,30,16.0,1,1
1243,31,9.0,1,1
1243,32,16.0,1,1
1243,33,11.0,1,1
1244,0,134.0,1,1
1244,1,104.0,1,1
1244,2,83.0,1,1
1244,3,26.0,1,1
1244,4,22.0,1,1
1244,5,76.0,1,1
1244,6,0.0,1,1
1244,7,82.0,1,1
1244,8,25.0,1,1
1244,9,0.0,1,1
1244,10,13.0,1,1
1244,11,61.0,1,1
1244,12,18.0,1,1
1244,13,3.0,1,1
1244,14,49.0,1,1
1244,15,104.0,1,1
1244,16,3.0,1,1
1244,17,105.0,1,1
1244,18,133.0,1,1
1244,19,42.0,1,1
1244,20,31.0,1,1
1244,21,55.0,1,1
1244,22,15.0,1,1
1244,23,37.0,1,1
1244,24,2.0,1,1
1244,25,27.0,1,1
1244,26,19.0,1,1
1244,27,0.0,1,1
1244,28,25.0,1,1
1244,29,21.0,1,1
1244,30,23.0,1,1
1244,31,13.0,1,1
1244,32,27.0,1,1
1244,33,10.0,1,1
1245,0,86.0,1,1
1245,1,88.0,1,1
1245,2,74.0,1,1
1245,3,29.0,1,1
1245,4,21.0,1,1
1245,5,87.0,1,1
1245,6,0.0,1,1
1245,7,78.0,1,1
1245,8,22.0,1,1
1245,9,0.0,1,1
1245,10,14.0,1,1
1245,11,51.0,1,1
1245,12,33.0,1,1
1245,13,0.0,1,1
1245,14,60.0,1,1
1245,15,80.0,1,1
1245,16,7.0,1,1
1245,17,133.0,1,1
1245,18,101.0,1,1
1245,19,50.0,1,1
1245,20,41.0,1,1
1245,21,55.0,1,1
1245,22,23.0,1,1
1245,23,41.0,1,1
1245,24,5.0,1,1
1245,25,27.0,1,1
1245,26,27.0,1,1
1245,27,0.0,1,1
1245,28,20.0,1,1
1245,29,13.0,1,1
1245,30,26.0,1,1
1245,31,11.0,1,1
1245,32,34.0,1,1
1245,33,9.0,1,1
1246,0,110.0,1,1
1246,1,97.0,1,1
1246,2,91.0,1,1
1246,3,16.0,1,1
1246,4,20.0,1,1
1246,5,83.0,1,1
1246,6,0.0,1,1
1246,7,101.0,1,1
1246,8,24.0,1,1
1246,9,0.0,1,1
1246,10,12.0,1,1
1246,11,69.0,1,1
1246,12,26.0,1,1
1246,13,1.0,1,1
1246,14,53.0,1,1
1246,15,131.0,1,1
1246,16,4.0,1,1
1246,17,93.0,1,1
1246,18,118.0,1,1
1246,19,27.0,1,1
1246,20,37.0,1,1
1246,21,44.0,1,1
1246,22,14.0,1,1
1246,23,40.0,1,1
1246,24,1.0,1,1
1246,25,22.0,1,1
1246,26,19.0,1,1
1246,27,0.0,1,1
1246,28,24.0,1,1
1246,29,29.0,1,1
1246,30,19.0,1,1
1246,31,5.0,1,1
1246,32,13.0,1,1
1246,33,16.0,1,1
1247,0,117.0,1,1
1247,1,131.0,1,1
1247,2,61.0,1,1
1247,3,31.0,1,1
1247,4,21.0,1,1
1247,5,125.0,1,1
1247,6,0.0,1,1
1247,7,109.0,1,1
1247,8,19.0,1,1
1247,9,0.0,1,1
1247,10,21.0,1,1
1247,11,77.0,1,1
1247,12,235.0,1,1
1247,13,0.0,1,1
1247,14,65.0,1,1
1247,15,133.0,1,1
1247,16,9.0,1,1
1247,17,103.0,1,1
1247,18,141.0,1,1
1247,19,26.0,1,1
1247,20,38.0,1,1
1247,21,60.0,1,1
1247,22,16.0,1,1
1247,23,48.0,1,1
1247,24,2.0,1,1
1247,25,18.0,1,1
1247,26,21.0,1,1
1247,27,0.0,1,1
1247,28,37.0,1,1
1247,29,20.0,1,1
1247,30,21.0,1,1
1247,31,5.0,1,1
1247,32,11.0,1,1
1247,33,15.0,1,1
1248,0,135.0,1,1
1248,1,101.0,1,1
1248,2,81.0,1,1
1248,3,36.0,1,1
1248,4,24.0,1,1
1248,5,95.0,1,1
1248,6,0.0,1,1
1248,7,99.0,1,1
1248,8,23.0,1,1
1248,9,0.0,1,1
1248,10,16.0,1,1
1248,11,78.0,1,1
1248,12,147.0,1,1
1248,13,0.0,1,1
1248,14,440.0,1,1
1248,15,133.0,1,1
1248,16,8.0,1,1
1248,17,95.0,1,1
1248,18,140.0,1,1
1248,19,26.0,1,1
1248,20,38.0,1,1
1248,21,97.0,1,1
1248,22,16.0,1,1
1248,23,53.0,1,1
1248,24,2.0,1,1
1248,25,11.0,1,1
1248,26,16.0,1,1
1248,27,0.0,1,1
1248,28,27.0,1,1
1248,29,18.0,1,1
1248,30,23.0,1,1
1248,31,4.0,1,1
1248,32,12.0,1,1
1248,33,12.0,1,1
1249,0,114.0,1,1
1249,1,82.0,1,1
1249,2,72.0,1,1
1249,3,26.0,1,1
1249,4,30.0,1,1
1249,5,81.0,1,1
1249,6,0.0,1,1
1249,7,111.0,1,1
1249,8,20.0,1,1
1249,9,0.0,1,1
1249,10,18.0,1,1
1249,11,80.0,1,1
1249,12,25.0,1,1
1249,13,3.0,1,1
1249,14,185.0,1,1
1249,15,106.0,1,1
1249,16,6.0,1,1
1249,17,112.0,1,1
1249,18,138.0,1,1
1249,19,40.0,1,1
1249,20,32.0,1,1
1249,21,48.0,1,1
1249,22,17.0,1,1
1249,23,37.0,1,1
1249,24,3.0,1,1
1249,25,24.0,1,1
1249,26,37.0,1,1
1249,27,0.0,1,1
1249,28,21.0,1,1
1249,29,18.0,1,1
1249,30,20.0,1,1
1249,31,17.0,1,1
1249,32,16.0,1,1
1249,33,19.0,1,1
1250,0,109.0,1,1
1250,1,92.0,1,1
1250,2,79.0,1,1
1250,3,24.0,1,1
1250,4,20.0,1,1
1250,5,87.0,1,1
1250,6,0.0,1,1
1250,7,112.0,1,1
1250,8,23.0,1,1
1250,9,0.0,1,1
1250,10,16.0,1,1
1250,11,71.0,1,1
1250,12,35.0,1,1
1250,13,3.0,1,1
1250,14,48.0,1,1
1250,15,119.0,1,1
1250,16,8.0,1,1
1250,17,132.0,1,1
1250,18,140.0,1,1
1250,19,42.0,1,1
1250,20,47.0,1,1
1250,21,58.0,1,1
1250,22,12.0,1,1
1250,23,54.0,1,1
1250,24,1.0,1,1
1250,25,19.0,1,1
1250,26,25.0,1,1
1250,27,0.0,1,1
1250,28,19.0,1,1
1250,29,20.0,1,1
1250,30,15.0,1,1
1250,31,7.0,1,1
1250,32,15.0,1,1
1250,33,18.0,1,1
1251,0,109.0,1,1
1251,1,91.0,1,1
1251,2,84.0,1,1
1251,3,27.0,1,1
1251,4,17.0,1,1
1251,5,97.0,1,1
1251,6,0.0,1,1
1251,7,120.0,1,1
1251,8,32.0,1,1
1251,9,0.0,1,1
1251,10,13.0,1,1
1251,11,75.0,1,1
1251,12,18.0,1,1
1251,13,1.0,1,1
1251,14,38.0,1,1
1251,15,107.0,1,1
1251,16,5.0,1,1
1251,17,102.0,1,1
1251,18,148.0,1,1
1251,19,31.0,1,1
1251,20,44.0,1,1
1251,21,57.0,1,1
1251,22,12.0,1,1
1251,23,61.0,1,1
1251,24,5.0,1,1
1251,25,24.0,1,1
1251,26,26.0,1,1
1251,27,0.0,1,1
1251,28,25.0,1,1
1251,29,25.0,1,1
1251,30,16.0,1,1
1251,31,5.0,1,1
1251,32,17.0,1,1
1251,33,16.0,1,1
1252,0,117.0,1,1
1252,1,86.0,1,1
1252,2,73.0,1,1
1252,3,30.0,1,1
1252,4,19.0,1,1
1252,5,98.0,1,1
1252,6,0.0,1,1
1252,7,119.0,1,1
1252,8,18.0,1,1
1252,9,0.0,1,1
1252,10,14.0,1,1
1252,11,88.0,1,1
1252,12,321.0,1,1
1252,13,3.0,1,1
1252,14,32.0,1,1
1252,15,137.0,1,1
1252,16,7.0,1,1
1252,17,108.0,1,1
1252,18,124.0,1,1
1252,19,37.0,1,1
1252,20,44.0,1,1
1252,21,52.0,1,1
1252,22,5.0,1,1
1252,23,58.0,1,1
1252,24,4.0,1,1
1252,25,17.0,1,1
1252,26,30.0,1,1
1252,27,0.0,1,1
1252,28,23.0,1,1
1252,29,19.0,1,1
1252,30,20.0,1,1
1252,31,6.0,1,1
1252,32,12.0,1,1
1252,33,11.0,1,1
1253,0,139.0,1,1
1253,1,100.0,1,1
1253,2,85.0,1,1
1253,3,23.0,1,1
1253,4,24.0,1,1
1253,5,81.0,1,1
1253,6,0.0,1,1
1253,7,95.0,1,1
1253,8,26.0,1,1
1253,9,0.0,1,1
1253,10,16.0,1,1
1253,11,76.0,1,1
1253,12,66.0,1,1
1253,13,2.0,1,1
1253,14,54.0,1,1
1253,15,201.0,1,1
1253,16,7.0,1,1
1253,17,110.0,1,1
1253,18,139.0,1,1
1253,19,51.0,1,1
1253,20,50.0,1,1
1253,21,47.0,1,1
1253,22,15.0,1,1
1253,23,60.0,1,1
1253,24,2.0,1,1
1253,25,25.0,1,1
1253,26,29.0,1,1
1253,27,0.0,1,1
1253,28,28.0,1,1
1253,29,13.0,1,1
1253,30,16.0,1,1
1253,31,7.0,1,1
1253,32,19.0,1,1
1253,33,12.0,1,1
1254,0,119.0,1,1
1254,1,77.0,1,1
1254,2,83.0,1,1
1254,3,45.0,1,1
1254,4,20.0,1,1
1254,5,83.0,1,1
1254,6,0.0,1,1
1254,7,105.0,1,1
1254,8,25.0,1,1
1254,9,0.0,1,1
1254,10,13.0,1,1
1254,11,84.0,1,1
1254,12,35.0,1,1
1254,13,0.0,1,1
1254,14,26.0,1,1
1254,15,143.0,1,1
1254,16,7.0,1,1
1254,17,141.0,1,1
1254,18,151.0,1,1
1254,19,41.0,1,1
1254,20,45.0,1,1
1254,21,65.0,1,1
1254,22,17.0,1,1
1254,23,62.0,1,1
1254,24,1.0,1,1
1254,25,23.0,1,1
1254,26,29.0,1,1
1254,27,0.0,1,1
1254,28,35.0,1,1
1254,29,19.0,1,1
1254,30,21.0,1,1
1254,31,15.0,1,1
1254,32,15.0,1,1
1254,33,14.0,1,1
1255,0,157.0,1,1
1255,1,98.0,1,1
1255,2,101.0,1,1
1255,3,39.0,1,1
1255,4,25.0,1,1
1255,5,120.0,1,1
1255,6,0.0,1,1
1255,7,117.0,1,1
1255,8,22.0,1,1
1255,9,0.0,1,1
1255,10,14.0,1,1
1255,11,85.0,1,1
1255,12,152.0,1,1
1255,13,3.0,1,1
1255,14,35.0,1,1
1255,15,188.0,1,1
1255,16,8.0,1,1
1255,17,138.0,1,1
1255,18,142.0,1,1
1255,19,54.0,1,1
1255,20,40.0,1,1
1255,21,67.0,1,1
1255,22,17.0,1,1
1255,23,50.0,1,1
1255,24,5.0,1,1
1255,25,11.0,1,1
1255,26,18.0,1,1
1255,27,0.0,1,1
1255,28,28.0,1,1
1255,29,32.0,1,1
1255,30,25.0,1,1
1255,31,8.0,1,1
1255,32,19.0,1,1
1255,33,20.0,1,1
1256,0,123.0,1,1
1256,1,107.0,1,1
1256,2,89.0,1,1
1256,3,41.0,1,1
1256,4,19.0,1,1
1256,5,97.0,1,1
1256,6,0.0,1,1
1256,7,140.0,1,1
1256,8,30.0,1,1
1256,9,0.0,1,1
1256,10,20.0,1,1
1256,11,81.0,1,1
1256,12,50.0,1,1
1256,13,0.0,1,1
1256,14,64.0,1,1
1256,15,106.0,1,1
1256,16,9.0,1,1
1256,17,129.0,1,1
1256,18,139.0,1,1
1256,19,37.0,1,1
1256,20,41.0,1,1
1256,21,48.0,1,1
1256,22,17.0,1,1
1256,23,46.0,1,1
1256,24,2.0,1,1
1256,25,20.0,1,1
1256,26,24.0,1,1
1256,27,0.0,1,1
1256,28,25.0,1,1
1256,29,17.0,1,1
1256,30,25.0,1,1
1256,31,3.0,1,1
1256,32,12.0,1,1
1256,33,20.0,1,1
1257,0,102.0,1,1
1257,1,96.0,1,1
1257,2,96.0,1,1
1257,3,49.0,1,1
1257,4,26.0,1,1
1257,5,103.0,1,1
1257,6,0.0,1,1
1257,7,110.0,1,1
1257,8,167.0,1,1
1257,9,0.0,1,1
1257,10,13.0,1,1
1257,11,84.0,1,1
1257,12,158.0,1,1
1257,13,0.0,1,1
1257,14,70.0,1,1
1257,15,153.0,1,1
1257,16,5.0,1,1
1257,17,132.0,1,1
1257,18,169.0,1,1
1257,19,33.0,1,1
1257,20,36.0,1,1
1257,21,67.0,1,1
1257,22,26.0,1,1
1257,23,39.0,1,1
1257,24,2.0,1,1
1257,25,19.0,1,1
1257,26,25.0,1,1
1257,27,0.0,1,1
1257,28,23.0,1,1
1257,29,14.0,1,1
1257,30,28.0,1,1
1257,31,6.0,1,1
1257,32,18.0,1,1
1257,33,13.0,1,1
1258,0,124.0,1,1
1258,1,94.0,1,1
1258,2,119.0,1,1
1258,3,64.0,1,1
1258,4,28.0,1,1
1258,5,88.0,1,1
1258,6,0.0,1,1
1258,7,173.0,1,1
1258,8,51.0,1,1
1258,9,0.0,1,1
1258,10,15.0,1,1
1258,11,130.0,1,1
1258,12,131.0,1,1
1258,13,0.0,1,1
1258,14,45.0,1,1
1258,15,98.0,1,1
1258,16,4.0,1,1
1258,17,110.0,1,1
1258,18,162.0,1,1
1258,19,53.0,1,1
1258,20,40.0,1,1
1258,21,72.0,1,1
1258,22,15.0,1,1
1258,23,49.0,1,1
1258,24,0.0,1,1
1258,25,19.0,1,1
1258,26,28.0,1,1
1258,27,0.0,1,1
1258,28,36.0,1,1
1258,29,14.0,1,1
1258,30,21.0,1,1
1258,31,6.0,1,1
1258,32,22.0,1,1
1258,33,19.0,1,1
1259,0,141.0,1,1
1259,1,83.0,1,1
1259,2,116.0,1,1
1259,3,49.0,1,1
1259,4,32.0,1,1
1259,5,74.0,1,1
1259,6,0.0,1,1
1259,7,157.0,1,1
1259,8,83.0,1,1
1259,9,0.0,1,1
1259,10,18.0,1,1
1259,11,87.0,1,1
1259,12,35.0,1,1
1259,13,0.0,1,1
1259,14,62.0,1,1
1259,15,133.0,1,1
1259,16,7.0,1,1
1259,17,109.0,1,1
1259,18,178.0,1,1
1259,19,43.0,1,1
1259,20,39.0,1,1
1259,21,58.0,1,1
1259,22,15.0,1,1
1259,23,60.0,1,1
1259,24,3.0,1,1
1259,25,21.0,1,1
1259,26,16.0,1,1
1259,27,0.0,1,1
1259,28,35.0,1,1
1259,29,21.0,1,1
1259,30,26.0,1,1
1259,31,4.0,1,1
1259,32,24.0,1,1
1259,33,18.0,1,1
1260,0,136.0,1,1
1260,1,82.0,1,1
1260,2,116.0,1,1
1260,3,51.0,1,1
1260,4,31.0,1,1
1260,5,73.0,1,1
1260,6,0.0,1,1
1260,7,157.0,1,1
1260,8,38.0,1,1
1260,9,0.0,1,1
1260,10,15.0,1,1
1260,11,109.0,1,1
1260,12,57.0,1,1
1260,13,4.0,1,1
1260,14,41.0,1,1
1260,15,193.0,1,1
1260,16,6.0,1,1
1260,17,113.0,1,1
1260,18,189.0,1,1
1260,19,44.0,1,1
1260,20,55.0,1,1
1260,21,59.0,1,1
1260,22,19.0,1,1
1260,23,69.0,1,1
1260,24,5.0,1,1
1260,25,18.0,1,1
1260,26,20.0,1,1
1260,27,0.0,1,1
1260,28,33.0,1,1
1260,29,23.0,1,1
1260,30,19.0,1,1
1260,31,11.0,1,1
1260,32,19.0,1,1
1260,33,16.0,1,1
1261,0,135.0,1,1
1261,1,101.0,1,1
1261,2,123.0,1,1
1261,3,48.0,1,1
1261,4,34.0,1,1
1261,5,96.0,1,1
1261,6,0.0,1,1
1261,7,166.0,1,1
1261,8,30.0,1,1
1261,9,0.0,1,1
1261,10,25.0,1,1
1261,11,114.0,1,1
1261,12,55.0,1,1
1261,13,3.0,1,1
1261,14,80.0,1,1
1261,15,196.0,1,1
1261,16,5.0,1,1
1261,17,98.0,1,1
1261,18,205.0,1,1
1261,19,39.0,1,1
1261,20,33.0,1,1
1261,21,75.0,1,1
1261,22,19.0,1,1
1261,23,47.0,1,1
1261,24,4.0,1,1
1261,25,19.0,1,1
1261,26,31.0,1,1
1261,27,0.0,1,1
1261,28,32.0,1,1
1261,29,22.0,1,1
1261,30,24.0,1,1
1261,31,4.0,1,1
1261,32,24.0,1,1
1261,33,10.0,1,1
1262,0,133.0,1,1
1262,1,94.0,1,1
1262,2,93.0,1,1
1262,3,62.0,1,1
1262,4,26.0,1,1
1262,5,101.0,1,1
1262,6,0.0,1,1
1262,7,152.0,1,1
1262,8,39.0,1,1
1262,9,0.0,1,1
1262,10,21.0,1,1
1262,11,123.0,1,1
1262,12,60.0,1,1
1262,13,2.0,1,1
1262,14,74.0,1,1
1262,15,164.0,1,1
1262,16,1.0,1,1
1262,17,127.0,1,1
1262,18,201.0,1,1
1262,19,44.0,1,1
1262,20,47.0,1,1
1262,21,67.0,1,1
1262,22,16.0,1,1
1262,23,78.0,1,1
1262,24,3.0,1,1
1262,25,18.0,1,1
1262,26,21.0,1,1
1262,27,0.0,1,1
1262,28,28.0,1,1
1262,29,21.0,1,1
1262,30,28.0,1,1
1262,31,6.0,1,1
1262,32,23.0,1,1
1262,33,15.0,1,1
1263,0,128.0,1,1
1263,1,90.0,1,1
1263,2,85.0,1,1
1263,3,60.0,1,1
1263,4,27.0,1,1
1263,5,87.0,1,1
1263,6,0.0,1,1
1263,7,126.0,1,1
1263,8,39.0,1,1
1263,9,0.0,1,1
1263,10,20.0,1,1
1263,11,116.0,1,1
1263,12,40.0,1,1
1263,13,2.0,1,1
1263,14,53.0,1,1
1263,15,154.0,1,1
1263,16,7.0,1,1
1263,17,139.0,1,1
1263,18,200.0,1,1
1263,19,50.0,1,1
1263,20,47.0,1,1
1263,21,74.0,1,1
1263,22,19.0,1,1
1263,23,78.0,1,1
1263,24,1.0,1,1
1263,25,20.0,1,1
1263,26,23.0,1,1
1263,27,0.0,1,1
1263,28,33.0,1,1
1263,29,22.0,1,1
1263,30,23.0,1,1
1263,31,7.0,1,1
1263,32,24.0,1,1
1263,33,15.0,1,1
1264,0,91.0,1,1
1264,1,105.0,1,1
1264,2,123.0,1,1
1264,3,68.0,1,1
1264,4,21.0,1,1
1264,5,90.0,1,1
1264,6,0.0,1,1
1264,7,153.0,1,1
1264,8,31.0,1,1
1264,9,0.0,1,1
1264,10,21.0,1,1
1264,11,111.0,1,1
1264,12,66.0,1,1
1264,13,0.0,1,1
1264,14,49.0,1,1
1264,15,158.0,1,1
1264,16,10.0,1,1
1264,17,124.0,1,1
1264,18,205.0,1,1
1264,19,44.0,1,1
1264,20,49.0,1,1
1264,21,63.0,1,1
1264,22,12.0,1,1
1264,23,72.0,1,1
1264,24,10.0,1,1
1264,25,21.0,1,1
1264,26,29.0,1,1
1264,27,0.0,1,1
1264,28,36.0,1,1
1264,29,18.0,1,1
1264,30,26.0,1,1
1264,31,8.0,1,1
1264,32,29.0,1,1
1264,33,13.0,1,1
1265,0,142.0,1,1
1265,1,100.0,1,1
1265,2,103.0,1,1
1265,3,63.0,1,1
1265,4,23.0,1,1
1265,5,102.0,1,1
1265,6,0.0,1,1
1265,7,140.0,1,1
1265,8,45.0,1,1
1265,9,0.0,1,1
1265,10,20.0,1,1
1265,11,121.0,1,1
1265,12,59.0,1,1
1265,13,0.0,1,1
1265,14,43.0,1,1
1265,15,174.0,1,1
1265,16,10.0,1,1
1265,17,133.0,1,1
1265,18,207.0,1,1
1265,19,40.0,1,1
1265,20,45.0,1,1
1265,21,73.0,1,1
1265,22,22.0,1,1
1265,23,75.0,1,1
1265,24,6.0,1,1
1265,25,18.0,1,1
1265,26,27.0,1,1
1265,27,0.0,1,1
1265,28,42.0,1,1
1265,29,23.0,1,1
1265,30,29.0,1,1
1265,31,8.0,1,1
1265,32,18.0,1,1
1265,33,16.0,1,1
1266,0,104.0,1,1
1266,1,85.0,1,1
1266,2,115.0,1,1
1266,3,53.0,1,1
1266,4,23.0,1,1
1266,5,96.0,1,1
1266,6,0.0,1,1
1266,7,128.0,1,1
1266,8,35.0,1,1
1266,9,0.0,1,1
1266,10,26.0,1,1
1266,11,100.0,1,1
1266,12,58.0,1,1
1266,13,2.0,1,1
1266,14,45.0,1,1
1266,15,123.0,1,1
1266,16,7.0,1,1
1266,17,143.0,1,1
1266,18,162.0,1,1
1266,19,42.0,1,1
1266,20,48.0,1,1
1266,21,61.0,1,1
1266,22,19.0,1,1
1266,23,52.0,1,1
1266,24,2.0,1,1
1266,25,27.0,1,1
1266,26,40.0,1,1
1266,27,0.0,1,1
1266,28,27.0,1,1
1266,29,12.0,1,1
1266,30,41.0,1,1
1266,31,4.0,1,1
1266,32,18.0,1,1
1266,33,10.0,1,1
1267,0,118.0,1,1
1267,1,90.0,1,1
1267,2,117.0,1,1
1267,3,62.0,1,1
1267,4,26.0,1,1
1267,5,74.0,1,1
1267,6,0.0,1,1
1267,7,135.0,1,1
1267,8,37.0,1,1
1267,9,0.0,1,1
1267,10,21.0,1,1
1267,11,105.0,1,1
1267,12,52.0,1,1
1267,13,0.0,1,1
1267,14,61.0,1,1
1267,15,175.0,1,1
1267,16,3.0,1,1
1267,17,126.0,1,1
1267,18,218.0,1,1
1267,19,48.0,1,1
1267,20,46.0,1,1
1267,21,72.0,1,1
1267,22,15.0,1,1
1267,23,76.0,1,1
1267,24,3.0,1,1
1267,25,20.0,1,1
1267,26,32.0,1,1
1267,27,0.0,1,1
1267,28,36.0,1,1
1267,29,24.0,1,1
1267,30,33.0,1,1
1267,31,13.0,1,1
1267,32,17.0,1,1
1267,33,11.0,1,1
1268,0,134.0,1,1
1268,1,94.0,1,1
1268,2,119.0,1,1
1268,3,83.0,1,1
1268,4,31.0,1,1
1268,5,100.0,1,1
1268,6,0.0,1,1
1268,7,136.0,1,1
1268,8,55.0,1,1
1268,9,0.0,1,1
1268,10,24.0,1,1
1268,11,102.0,1,1
1268,12,58.0,1,1
1268,13,2.0,1,1
1268,14,62.0,1,1
1268,15,121.0,1,1
1268,16,4.0,1,1
1268,17,122.0,1,1
1268,18,203.0,1,1
1268,19,29.0,1,1
1268,20,44.0,1,1
1268,21,82.0,1,1
1268,22,19.0,1,1
1268,23,67.0,1,1
1268,24,4.0,1,1
1268,25,17.0,1,1
1268,26,31.0,1,1
1268,27,0.0,1,1
1268,28,35.0,1,1
1268,29,16.0,1,1
1268,30,31.0,1,1
1268,31,9.0,1,1
1268,32,29.0,1,1
1268,33,16.0,1,1
1269,0,114.0,1,1
1269,1,90.0,1,1
1269,2,94.0,1,1
1269,3,35.0,1,1
1269,4,31.0,1,1
1269,5,89.0,1,1
1269,6,0.0,1,1
1269,7,122.0,1,1
1269,8,22.0,1,1
1269,9,0.0,1,1
1269,10,13.0,1,1
1269,11,111.0,1,1
1269,12,51.0,1,1
1269,13,2.0,1,1
1269,14,53.0,1,1
1269,15,159.0,1,1
1269,16,4.0,1,1
1269,17,156.0,1,1
1269,18,170.0,1,1
1269,19,37.0,1,1
1269,20,33.0,1,1
1269,21,52.0,1,1
1269,22,12.0,1,1
1269,23,52.0,1,1
1269,24,3.0,1,1
1269,25,24.0,1,1
1269,26,29.0,1,1
1269,27,0.0,1,1
1269,28,23.0,1,1
1269,29,12.0,1,1
1269,30,18.0,1,1
1269,31,8.0,1,1
1269,32,13.0,1,1
1269,33,8.0,1,1
1270,0,108.0,1,1
1270,1,97.0,1,1
1270,2,80.0,1,1
1270,3,47.0,1,1
1270,4,18.0,1,1
1270,5,100.0,1,1
1270,6,0.0,1,1
1270,7,141.0,1,1
1270,8,24.0,1,1
1270,9,0.0,1,1
1270,10,18.0,1,1
1270,11,90.0,1,1
1270,12,35.0,1,1
1270,13,1.0,1,1
1270,14,66.0,1,1
1270,15,125.0,1,1
1270,16,4.0,1,1
1270,17,106.0,1,1
1270,18,146.0,1,1
1270,19,35.0,1,1
1270,20,44.0,1,1
1270,21,44.0,1,1
1270,22,18.0,1,1
1270,23,58.0,1,1
1270,24,1.0,1,1
1270,25,11.0,1,1
1270,26,21.0,1,1
1270,27,0.0,1,1
1270,28,28.0,1,1
1270,29,13.0,1,1
1270,30,25.0,1,1
1270,31,3.0,1,1
1270,32,23.0,1,1
1270,33,10.0,1,1
1271,0,103.0,1,1
1271,1,90.0,1,1
1271,2,85.0,1,1
1271,3,47.0,1,1
1271,4,28.0,1,1
1271,5,85.0,1,1
1271,6,0.0,1,1
1271,7,115.0,1,1
1271,8,91.0,1,1
1271,9,0.0,1,1
1271,10,23.0,1,1
1271,11,75.0,1,1
1271,12,25.0,1,1
1271,13,0.0,1,1
1271,14,50.0,1,1
1271,15,149.0,1,1
1271,16,2.0,1,1
1271,17,102.0,1,1
1271,18,157.0,1,1
1271,19,40.0,1,1
1271,20,40.0,1,1
1271,21,61.0,1,1
1271,22,26.0,1,1
1271,23,40.0,1,1
1271,24,2.0,1,1
1271,25,18.0,1,1
1271,26,23.0,1,1
1271,27,0.0,1,1
1271,28,26.0,1,1
1271,29,21.0,1,1
1271,30,23.0,1,1
1271,31,5.0,1,1
1271,32,21.0,1,1
1271,33,21.0,1,1
1272,0,108.0,1,1
1272,1,77.0,1,1
1272,2,77.0,1,1
1272,3,36.0,1,1
1272,4,18.0,1,1
1272,5,82.0,1,1
1272,6,0.0,1,1
1272,7,116.0,1,1
1272,8,25.0,1,1
1272,9,0.0,1,1
1272,10,11.0,1,1
1272,11,94.0,1,1
1272,12,25.0,1,1
1272,13,0.0,1,1
1272,14,39.0,1,1
1272,15,72.0,1,1
1272,16,2.0,1,1
1272,17,102.0,1,1
1272,18,162.0,1,1
1272,19,36.0,1,1
1272,20,30.0,1,1
1272,21,89.0,1,1
1272,22,15.0,1,1
1272,23,50.0,1,1
1272,24,2.0,1,1
1272,25,9.0,1,1
1272,26,25.0,1,1
1272,27,0.0,1,1
1272,28,13.0,1,1
1272,29,12.0,1,1
1272,30,16.0,1,1
1272,31,6.0,1,1
1272,32,18.0,1,1
1272,33,13.0,1,1
1273,0,92.0,1,1
1273,1,118.0,1,1
1273,2,65.0,1,1
1273,3,34.0,1,1
1273,4,23.0,1,1
1273,5,98.0,1,1
1273,6,0.0,1,1
1273,7,111.0,1,1
1273,8,28.0,1,1
1273,9,0.0,1,1
1273,10,23.0,1,1
1273,11,78.0,1,1
1273,12,33.0,1,1
1273,13,0.0,1,1
1273,14,43.0,1,1
1273,15,98.0,1,1
1273,16,0.0,1,1
1273,17,113.0,1,1
1273,18,142.0,1,1
1273,19,38.0,1,1
1273,20,32.0,1,1
1273,21,50.0,1,1
1273,22,17.0,1,1
1273,23,67.0,1,1
1273,24,3.0,1,1
1273,25,12.0,1,1
1273,26,21.0,1,1
1273,27,0.0,1,1
1273,28,32.0,1,1
1273,29,17.0,1,1
1273,30,21.0,1,1
1273,31,12.0,1,1
1273,32,12.0,1,1
1273,33,8.0,1,1
1274,0,65.0,1,1
1274,1,75.0,1,1
1274,2,68.0,1,1
1274,3,140.0,1,1
1274,4,27.0,1,1
1274,5,74.0,1,1
1274,6,0.0,1,1
1274,7,90.0,1,1
1274,8,19.0,1,1
1274,9,0.0,1,1
1274,10,16.0,1,1
1274,11,68.0,1,1
1274,12,35.0,1,1
1274,13,1.0,1,1
1274,14,29.0,1,1
1274,15,84.0,1,1
1274,16,3.0,1,1
1274,17,92.0,1,1
1274,18,131.0,1,1
1274,19,36.0,1,1
1274,20,27.0,1,1
1274,21,64.0,1,1
1274,22,14.0,1,1
1274,23,51.0,1,1
1274,24,1.0,1,1
1274,25,14.0,1,1
1274,26,17.0,1,1
1274,27,0.0,1,1
1274,28,29.0,1,1
1274,29,17.0,1,1
1274,30,20.0,1,1
1274,31,7.0,1,1
1274,32,13.0,1,1
1274,33,11.0,1,1
1275,0,100.0,1,1
1275,1,81.0,1,1
1275,2,98.0,1,1
1275,3,22.0,1,1
1275,4,23.0,1,1
1275,5,66.0,1,1
1275,6,0.0,1,1
1275,7,92.0,1,1
1275,8,24.0,1,1
1275,9,0.0,1,1
1275,10,18.0,1,1
1275,11,63.0,1,1
1275,12,28.0,1,1
1275,13,1.0,1,1
1275,14,31.0,1,1
1275,15,59.0,1,1
1275,16,1.0,1,1
1275,17,75.0,1,1
1275,18,135.0,1,1
1275,19,19.0,1,1
1275,20,48.0,1,1
1275,21,52.0,1,1
1275,22,10.0,1,1
1275,23,46.0,1,1
1275,24,0.0,1,1
1275,25,17.0,1,1
1275,26,14.0,1,1
1275,27,0.0,1,1
1275,28,33.0,1,1
1275,29,19.0,1,1
1275,30,22.0,1,1
1275,31,4.0,1,1
1275,32,12.0,1,1
1275,33,18.0,1,1
1276,0,78.0,1,1
1276,1,70.0,1,1
1276,2,74.0,1,1
1276,3,21.0,1,1
1276,4,23.0,1,1
1276,5,66.0,1,1
1276,6,0.0,1,1
1276,7,107.0,1,1
1276,8,15.0,1,1
1276,9,0.0,1,1
1276,10,12.0,1,1
1276,11,61.0,1,1
1276,12,26.0,1,1
1276,13,0.0,1,1
1276,14,30.0,1,1
1276,15,80.0,1,1
1276,16,1.0,1,1
1276,17,98.0,1,1
1276,18,130.0,1,1
1276,19,24.0,1,1
1276,20,51.0,1,1
1276,21,50.0,1,1
1276,22,20.0,1,1
1276,23,52.0,1,1
1276,24,0.0,1,1
1276,25,14.0,1,1
1276,26,17.0,1,1
1276,27,0.0,1,1
1276,28,17.0,1,1
1276,29,16.0,1,1
1276,30,20.0,1,1
1276,31,2.0,1,1
1276,32,22.0,1,1
1276,33,7.0,1,1
1277,0,71.0,1,1
1277,1,79.0,1,1
1277,2,49.0,1,1
1277,3,18.0,1,1
1277,4,23.0,1,1
1277,5,64.0,1,1
1277,6,0.0,1,1
1277,7,73.0,1,1
1277,8,17.0,1,1
1277,9,0.0,1,1
1277,10,16.0,1,1
1277,11,67.0,1,1
1277,12,17.0,1,1
1277,13,0.0,1,1
1277,14,17.0,1,1
1277,15,51.0,1,1
1277,16,4.0,1,1
1277,17,66.0,1,1
1277,18,118.0,1,1
1277,19,35.0,1,1
1277,20,37.0,1,1
1277,21,32.0,1,1
1277,22,13.0,1,1
1277,23,38.0,1,1
1277,24,2.0,1,1
1277,25,15.0,1,1
1277,26,22.0,1,1
1277,27,0.0,1,1
1277,28,15.0,1,1
1277,29,13.0,1,1
1277,30,11.0,1,1
1277,31,9.0,1,1
1277,32,11.0,1,1
1277,33,6.0,1,1
1278,0,65.0,1,1
1278,1,59.0,1,1
1278,2,49.0,1,1
1278,3,12.0,1,1
1278,4,13.0,1,1
1278,5,48.0,1,1
1278,6,0.0,1,1
1278,7,76.0,1,1
1278,8,11.0,1,1
1278,9,0.0,1,1
1278,10,13.0,1,1
1278,11,43.0,1,1
1278,12,19.0,1,1
1278,13,1.0,1,1
1278,14,29.0,1,1
1278,15,53.0,1,1
1278,16,5.0,1,1
1278,17,69.0,1,1
1278,18,96.0,1,1
1278,19,27.0,1,1
1278,20,38.0,1,1
1278,21,49.0,1,1
1278,22,10.0,1,1
1278,23,46.0,1,1
1278,24,0.0,1,1
1278,25,9.0,1,1
1278,26,17.0,1,1
1278,27,0.0,1,1
1278,28,17.0,1,1
1278,29,18.0,1,1
1278,30,12.0,1,1
1278,31,1.0,1,1
1278,32,11.0,1,1
1278,33,12.0,1,1
1279,0,73.0,1,1
1279,1,62.0,1,1
1279,2,46.0,1,1
1279,3,14.0,1,1
1279,4,18.0,1,1
1279,5,58.0,1,1
1279,6,0.0,1,1
1279,7,87.0,1,1
1279,8,14.0,1,1
1279,9,0.0,1,1
1279,10,5.0,1,1
1279,11,64.0,1,1
1279,12,39.0,1,1
1279,13,3.0,1,1
1279,14,25.0,1,1
1279,15,63.0,1,1
1279,16,4.0,1,1
1279,17,67.0,1,1
1279,18,105.0,1,1
1279,19,22.0,1,1
1279,20,37.0,1,1
1279,21,44.0,1,1
1279,22,12.0,1,1
1279,23,59.0,1,1
1279,24,1.0,1,1
1279,25,13.0,1,1
1279,26,24.0,1,1
1279,27,0.0,1,1
1279,28,18.0,1,1
1279,29,7.0,1,1
1279,30,15.0,1,1
1279,31,3.0,1,1
1279,32,6.0,1,1
1279,33,7.0,1,1
1280,0,61.0,1,1
1280,1,64.0,1,1
1280,2,44.0,1,1
1280,3,23.0,1,1
1280,4,22.0,1,1
1280,5,52.0,1,1
1280,6,0.0,1,1
1280,7,82.0,1,1
1280,8,17.0,1,1
1280,9,0.0,1,1
1280,10,15.0,1,1
1280,11,48.0,1,1
1280,12,11.0,1,1
1280,13,0.0,1,1
1280,14,29.0,1,1
1280,15,53.0,1,1
1280,16,2.0,1,1
1280,17,63.0,1,1
1280,18,85.0,1,1
1280,19,26.0,1,1
1280,20,17.0,1,1
1280,21,36.0,1,1
1280,22,19.0,1,1
1280,23,33.0,1,1
1280,24,1.0,1,1
1280,25,12.0,1,1
1280,26,12.0,1,1
1280,27,0.0,1,1
1280,28,18.0,1,1
1280,29,17.0,1,1
1280,30,13.0,1,1
1280,31,3.0,1,1
1280,32,11.0,1,1
1280,33,10.0,1,1
1281,0,65.0,1,1
1281,1,62.0,1,1
1281,2,62.0,1,1
1281,3,11.0,1,1
1281,4,13.0,1,1
1281,5,63.0,1,1
1281,6,0.0,1,1
1281,7,62.0,1,1
1281,8,28.0,1,1
1281,9,0.0,1,1
1281,10,12.0,1,1
1281,11,39.0,1,1
1281,16,7.0,1,1
1281,17,67.0,1,1
1281,18,90.0,1,1
1281,19,27.0,1,1
1281,20,30.0,1,1
1281,21,47.0,1,1
1281,22,11.0,1,1
1281,23,37.0,1,1
1281,24,0.0,1,1
1281,25,5.0,1,1
1281,26,16.0,1,1
1281,27,0.0,1,1
1281,28,24.0,1,1
1281,29,4.0,1,1
1281,30,15.0,1,1
1281,31,5.0,1,1
1281,32,16.0,1,1
1281,33,6.0,1,1
1282,0,56.0,1,1
1282,1,60.0,1,1
1282,2,51.0,1,1
1282,3,19.0,1,1
1282,4,17.0,1,1
1282,5,75.0,1,1
1282,6,0.0,1,1
1282,7,66.0,1,1
1282,8,44.0,1,1
1282,9,0.0,1,1
1282,10,8.0,1,1
1282,11,54.0,1,1
1282,12,26.0,1,1
1282,13,0.0,1,1
1282,14,16.0,1,1
1282,15,71.0,1,1
1282,16,2.0,1,1
1282,17,73.0,1,1
1282,18,90.0,1,1
1282,19,43.0,1,1
1282,20,31.0,1,1
1282,21,49.0,1,1
1282,22,6.0,1,1
1282,23,50.0,1,1
1282,24,2.0,1,1
1282,25,9.0,1,1
1282,26,11.0,1,1
1282,27,0.0,1,1
1282,28,17.0,1,1
1282,29,5.0,1,1
1282,30,13.0,1,1
1282,31,4.0,1,1
1282,32,12.0,1,1
1282,33,5.0,1,1
1283,0,61.0,1,1
1283,1,61.0,1,1
1283,2,52.0,1,1
1283,3,12.0,1,1
1283,4,14.0,1,1
1283,5,58.0,1,1
1283,6,0.0,1,1
1283,7,72.0,1,1
1283,8,24.0,1,1
1283,9,0.0,1,1
1283,10,9.0,1,1
1283,11,42.0,1,1
1283,12,12.0,1,1
1283,13,0.0,1,1
1283,14,30.0,1,1
1283,15,65.0,1,1
1283,16,4.0,1,1
1283,17,51.0,1,1
1283,18,91.0,1,1
1283,19,29.0,1,1
1283,20,22.0,1,1
1283,21,39.0,1,1
1283,22,13.0,1,1
1283,23,25.0,1,1
1283,24,2.0,1,1
1283,25,11.0,1,1
1283,26,7.0,1,1
1283,27,0.0,1,1
1283,28,12.0,1,1
1283,29,13.0,1,1
1283,30,18.0,1,1
1283,31,5.0,1,1
1283,32,11.0,1,1
1283,33,19.0,1,1
1284,0,69.0,1,1
1284,1,60.0,1,1
1284,2,67.0,1,1
1284,3,19.0,1,1
1284,4,17.0,1,1
1284,5,91.0,1,1
1284,6,0.0,1,1
1284,7,73.0,1,1
1284,8,20.0,1,1
1284,9,0.0,1,1
1284,10,9.0,1,1
1284,11,59.0,1,1
1284,12,12.0,1,1
1284,13,0.0,1,1
1284,14,32.0,1,1
1284,15,91.0,1,1
1284,16,1.0,1,1
1284,17,64.0,1,1
1284,18,71.0,1,1
1284,19,23.0,1,1
1284,20,34.0,1,1
1284,21,38.0,1,1
1284,22,12.0,1,1
1284,23,42.0,1,1
1284,24,1.0,1,1
1284,25,8.0,1,1
1284,26,17.0,1,1
1284,27,0.0,1,1
1284,28,19.0,1,1
1284,29,11.0,1,1
1284,30,7.0,1,1
1284,31,5.0,1,1
1284,32,14.0,1,1
1284,33,6.0,1,1
1285,0,62.0,1,1
1285,1,78.0,1,1
1285,2,58.0,1,1
1285,3,19.0,1,1
1285,4,17.0,1,1
1285,5,56.0,1,1
1285,6,0.0,1,1
1285,7,68.0,1,1
1285,8,9.0,1,1
1285,9,0.0,1,1
1285,10,7.0,1,1
1285,11,47.0,1,1
1285,12,10.0,1,1
1285,13,0.0,1,1
1285,14,36.0,1,1
1285,15,60.0,1,1
1285,16,1.0,1,1
1285,17,79.0,1,1
1285,18,86.0,1,1
1285,19,15.0,1,1
1285,20,41.0,1,1
1285,21,53.0,1,1
1285,22,4.0,1,1
1285,23,51.0,1,1
1285,24,0.0,1,1
1285,25,11.0,1,1
1285,26,10.0,1,1
1285,27,0.0,1,1
1285,28,19.0,1,1
1285,29,16.0,1,1
1285,30,12.0,1,1
1285,31,4.0,1,1
1285,32,15.0,1,1
1285,33,9.0,1,1
1286,0,44.0,1,1
1286,1,70.0,1,1
1286,2,63.0,1,1
1286,3,6.0,1,1
1286,4,20.0,1,1
1286,5,85.0,1,1
1286,6,0.0,1,1
1286,7,91.0,1,1
1286,8,41.0,1,1
1286,9,0.0,1,1
1286,10,7.0,1,1
1286,11,47.0,1,1
1286,12,13.0,1,1
1286,13,0.0,1,1
1286,14,12.0,1,1
1286,15,88.0,1,1
1286,16,4.0,1,1
1286,17,59.0,1,1
1286,18,84.0,1,1
1286,19,18.0,1,1
1286,20,26.0,1,1
1286,21,45.0,1,1
1286,22,7.0,1,1
1286,23,35.0,1,1
1286,24,0.0,1,1
1286,25,7.0,1,1
1286,26,18.0,1,1
1286,27,0.0,1,1
1286,28,19.0,1,1
1286,29,7.0,1,1
1286,30,14.0,1,1
1286,31,3.0,1,1
1286,32,10.0,1,1
1286,33,8.0,1,1
1287,0,73.0,1,1
1287,1,60.0,1,1
1287,2,72.0,1,1
1287,3,19.0,1,1
1287,4,11.0,1,1
1287,5,80.0,1,1
1287,6,0.0,1,1
1287,7,99.0,1,1
1287,8,14.0,1,1
1287,9,0.0,1,1
1287,10,4.0,1,1
1287,11,69.0,1,1
1287,12,16.0,1,1
1287,13,2.0,1,1
1287,14,32.0,1,1
1287,15,79.0,1,1
1287,16,3.0,1,1
1287,17,61.0,1,1
1287,18,85.0,1,1
1287,19,17.0,1,1
1287,20,29.0,1,1
1287,21,34.0,1,1
1287,22,7.0,1,1
1287,23,34.0,1,1
1287,24,2.0,1,1
1287,25,9.0,1,1
1287,26,10.0,1,1
1287,27,0.0,1,1
1287,28,11.0,1,1
1287,29,10.0,1,1
1287,30,9.0,1,1
1287,31,2.0,1,1
1287,32,10.0,1,1
1287,33,6.0,1,1
1288,0,61.0,1,1
1288,1,76.0,1,1
1288,2,53.0,1,1
1288,3,11.0,1,1
1288,4,12.0,1,1
1288,5,97.0,1,1
1288,6,0.0,1,1
1288,7,80.0,1,1
1288,8,19.0,1,1
1288,9,0.0,1,1
1288,10,3.0,1,1
1288,11,65.0,1,1
1288,12,27.0,1,1
1288,13,0.0,1,1
1288,14,21.0,1,1
1288,15,119.0,1,1
1288,16,1.0,1,1
1288,17,62.0,1,1
1288,18,94.0,1,1
1288,19,13.0,1,1
1288,20,19.0,1,1
1288,21,76.0,1,1
1288,22,7.0,1,1
1288,23,38.0,1,1
1288,24,2.0,1,1
1288,25,7.0,1,1
1288,26,13.0,1,1
1288,27,0.0,1,1
1288,28,12.0,1,1
1288,29,6.0,1,1
1288,30,6.0,1,1
1288,31,3.0,1,1
1288,32,18.0,1,1
1288,33,2.0,1,1
1289,0,48.0,1,1
1289,1,66.0,1,1
1289,2,40.0,1,1
1289,3,18.0,1,1
1289,4,14.0,1,1
1289,5,71.0,1,1
1289,6,0.0,1,1
1289,7,70.0,1,1
1289,8,11.0,1,1
1289,9,0.0,1,1
1289,10,10.0,1,1
1289,11,42.0,1,1
1289,12,12.0,1,1
1289,13,0.0,1,1
1289,14,28.0,1,1
1289,15,68.0,1,1
1289,16,1.0,1,1
1289,17,64.0,1,1
1289,18,69.0,1,1
1289,19,16.0,1,1
1289,20,21.0,1,1
1289,21,29.0,1,1
1289,22,11.0,1,1
1289,23,35.0,1,1
1289,24,2.0,1,1
1289,25,14.0,1,1
1289,26,20.0,1,1
1289,27,0.0,1,1
1289,28,22.0,1,1
1289,29,9.0,1,1
1289,30,18.0,1,1
1289,31,2.0,1,1
1289,32,7.0,1,1
1289,33,8.0,1,1
1290,0,53.0,1,1
1290,1,56.0,1,1
1290,2,37.0,1,1
1290,3,16.0,1,1
1290,4,27.0,1,1
1290,5,47.0,1,1
1290,6,0.0,1,1
1290,7,63.0,1,1
1290,8,9.0,1,1
1290,9,0.0,1,1
1290,10,9.0,1,1
1290,11,41.0,1,1
1290,12,25.0,1,1
1290,13,2.0,1,1
1290,14,20.0,1,1
1290,15,64.0,1,1
1290,16,1.0,1,1
1290,17,78.0,1,1
1290,18,94.0,1,1
1290,19,13.0,1,1
1290,20,26.0,1,1
1290,21,55.0,1,1
1290,22,6.0,1,1
1290,23,26.0,1,1
1290,24,0.0,1,1
1290,25,6.0,1,1
1290,26,12.0,1,1
1290,27,0.0,1,1
1290,28,15.0,1,1
1290,29,6.0,1,1
1290,30,14.0,1,1
1290,31,4.0,1,1
1290,32,6.0,1,1
1290,33,7.0,1,1
1291,0,42.0,1,1
1291,1,56.0,1,1
1291,2,41.0,1,1
1291,3,60.0,1,1
1291,4,14.0,1,1
1291,5,57.0,1,1
1291,6,0.0,1,1
1291,7,66.0,1,1
1291,8,16.0,1,1
1291,9,0.0,1,1
1291,10,6.0,1,1
1291,11,42.0,1,1
1291,12,20.0,1,1
1291,13,0.0,1,1
1291,14,12.0,1,1
1291,15,95.0,1,1
1291,16,0.0,1,1
1291,17,51.0,1,1
1291,18,57.0,1,1
1291,19,15.0,1,1
1291,20,22.0,1,1
1291,21,25.0,1,1
1291,22,7.0,1,1
1291,23,24.0,1,1
1291,24,1.0,1,1
1291,25,6.0,1,1
1291,26,9.0,1,1
1291,27,0.0,1,1
1291,28,18.0,1,1
1291,29,10.0,1,1
1291,30,8.0,1,1
1291,31,3.0,1,1
1291,32,12.0,1,1
1291,33,8.0,1,1
1292,0,37.0,1,1
1292,1,47.0,1,1
1292,2,44.0,1,1
1292,3,10.0,1,1
1292,4,7.0,1,1
1292,5,41.0,1,1
1292,6,0.0,1,1
1292,7,51.0,1,1
1292,8,48.0,1,1
1292,9,0.0,1,1
1292,10,7.0,1,1
1292,11,38.0,1,1
1292,12,18.0,1,1
1292,13,0.0,1,1
1292,14,18.0,1,1
1292,15,99.0,1,1
1292,16,4.0,1,1
1292,17,54.0,1,1
1292,18,67.0,1,1
1292,19,20.0,1,1
1292,20,19.0,1,1
1292,21,16.0,1,1
1292,22,15.0,1,1
1292,23,40.0,1,1
1292,24,1.0,1,1
1292,25,9.0,1,1
1292,26,13.0,1,1
1292,27,0.0,1,1
1292,28,7.0,1,1
1292,29,12.0,1,1
1292,30,9.0,1,1
1292,31,2.0,1,1
1292,32,15.0,1,1
1292,33,10.0,1,1
1293,0,35.0,1,1
1293,1,51.0,1,1
1293,2,32.0,1,1
1293,3,6.0,1,1
1293,4,7.0,1,1
1293,5,50.0,1,1
1293,6,0.0,1,1
1293,7,51.0,1,1
1293,8,8.0,1,1
1293,9,0.0,1,1
1293,10,8.0,1,1
1293,11,33.0,1,1
1293,12,7.0,1,1
1293,13,0.0,1,1
1293,14,18.0,1,1
1293,15,50.0,1,1
1293,16,2.0,1,1
1293,17,58.0,1,1
1293,18,52.0,1,1
1293,19,12.0,1,1
1293,20,15.0,1,1
1293,21,56.0,1,1
1293,22,3.0,1,1
1293,23,32.0,1,1
1293,24,0.0,1,1
1293,25,5.0,1,1
1293,26,13.0,1,1
1293,27,0.0,1,1
1293,28,10.0,1,1
1293,29,5.0,1,1
1293,30,10.0,1,1
1293,31,1.0,1,1
1293,32,8.0,1,1
1293,33,4.0,1,1
1294,0,39.0,1,1
1294,1,50.0,1,1
1294,2,46.0,1,1
1294,3,84.0,1,1
1294,4,11.0,1,1
1294,5,50.0,1,1
1294,6,0.0,1,1
1294,7,44.0,1,1
1294,8,14.0,1,1
1294,9,0.0,1,1
1294,10,4.0,1,1
1294,11,32.0,1,1
1294,12,10.0,1,1
1294,13,2.0,1,1
1294,14,33.0,1,1
1294,15,53.0,1,1
1294,16,3.0,1,1
1294,17,57.0,1,1
1294,18,72.0,1,1
1294,19,20.0,1,1
1294,20,13.0,1,1
1294,21,18.0,1,1
1294,22,9.0,1,1
1294,23,24.0,1,1
1294,24,2.0,1,1
1294,25,7.0,1,1
1294,26,11.0,1,1
1294,27,0.0,1,1
1294,28,14.0,1,1
1294,29,6.0,1,1
1294,30,7.0,1,1
1294,31,3.0,1,1
1294,32,11.0,1,1
1294,33,0.0,1,1
1295,0,28.0,1,1
1295,1,49.0,1,1
1295,2,24.0,1,1
1295,3,10.0,1,1
1295,4,14.0,1,1
1295,5,38.0,1,1
1295,6,0.0,1,1
1295,7,45.0,1,1
1295,8,12.0,1,1
1295,9,0.0,1,1
1295,10,5.0,1,1
1295,11,34.0,1,1
1295,12,8.0,1,1
1295,13,0.0,1,1
1295,14,14.0,1,1
1295,15,60.0,1,1
1295,16,2.0,1,1
1295,17,41.0,1,1
1295,18,52.0,1,1
1295,19,10.0,1,1
1295,20,8.0,1,1
1295,21,19.0,1,1
1295,22,3.0,1,1
1295,23,14.0,1,1
1295,24,1.0,1,1
1295,25,7.0,1,1
1295,26,11.0,1,1
1295,27,0.0,1,1
1295,28,8.0,1,1
1295,29,3.0,1,1
1295,30,12.0,1,1
1295,31,0.0,1,1
1295,32,8.0,1,1
1295,33,4.0,1,1
1296,0,32.0,1,1
1296,1,34.0,1,1
1296,2,29.0,1,1
1296,3,11.0,1,1
1296,4,6.0,1,1
1296,5,39.0,1,1
1296,6,0.0,1,1
1296,7,45.0,1,1
1296,8,5.0,1,1
1296,9,0.0,1,1
1296,10,3.0,1,1
1296,11,34.0,1,1
1296,12,10.0,1,1
1296,13,1.0,1,1
1296,14,5.0,1,1
1296,15,37.0,1,1
1296,16,1.0,1,1
1296,17,53.0,1,1
1296,18,51.0,1,1
1296,19,9.0,1,1
1296,20,8.0,1,1
1296,21,20.0,1,1
1296,22,5.0,1,1
1296,23,16.0,1,1
1296,24,0.0,1,1
1296,25,3.0,1,1
1296,26,12.0,1,1
1296,27,0.0,1,1
1296,28,14.0,1,1
1296,29,3.0,1,1
1296,30,10.0,1,1
1296,31,4.0,1,1
1296,32,8.0,1,1
1296,33,1.0,1,1
1297,0,19.0,1,1
1297,1,45.0,1,1
1297,2,38.0,1,1
1297,3,4.0,1,1
1297,4,3.0,1,1
1297,5,34.0,1,1
1297,6,0.0,1,1
1297,7,21.0,1,1
1297,8,4.0,1,1
1297,9,0.0,1,1
1297,10,2.0,1,1
1297,11,18.0,1,1
1297,12,0.0,1,1
1297,13,1.0,1,1
1297,14,3.0,1,1
1297,15,21.0,1,1
1297,16,1.0,1,1
1297,17,38.0,1,1
1297,18,38.0,1,1
1297,19,16.0,1,1
1297,20,15.0,1,1
1297,21,24.0,1,1
1297,22,5.0,1,1
1297,23,22.0,1,1
1297,24,1.0,1,1
1297,25,2.0,1,1
1297,26,5.0,1,1
1297,27,0.0,1,1
1297,28,10.0,1,1
1297,29,4.0,1,1
1297,30,5.0,1,1
1297,31,1.0,1,1
1297,32,5.0,1,1
1297,33,1.0,1,1
1298,0,36.0,1,1
1298,1,31.0,1,1
1298,2,25.0,1,1
1298,3,5.0,1,1
1298,4,4.0,1,1
1298,5,27.0,1,1
1298,6,0.0,1,1
1298,7,41.0,1,1
1298,8,3.0,1,1
1298,9,0.0,1,1
1298,10,3.0,1,1
1298,11,25.0,1,1
1298,12,0.0,1,1
1298,13,2.0,1,1
1298,14,2.0,1,1
1298,15,17.0,1,1
1298,16,1.0,1,1
1298,17,32.0,1,1
1298,18,36.0,1,1
1298,19,7.0,1,1
1298,20,8.0,1,1
1298,21,16.0,1,1
1298,22,1.0,1,1
1298,23,20.0,1,1
1298,24,0.0,1,1
1298,25,4.0,1,1
1298,26,6.0,1,1
1298,27,0.0,1,1
1298,28,7.0,1,1
1298,29,0.0,1,1
1298,30,4.0,1,1
1298,31,2.0,1,1
1298,32,6.0,1,1
1298,33,1.0,1,1
1299,0,23.0,1,1
1299,1,29.0,1,1
1299,2,21.0,1,1
1299,3,3.0,1,1
1299,4,5.0,1,1
1299,5,27.0,1,1
1299,6,0.0,1,1
1299,7,36.0,1,1
1299,8,3.0,1,1
1299,9,0.0,1,1
1299,10,3.0,1,1
1299,11,20.0,1,1
1299,12,1.0,1,1
1299,13,1.0,1,1
1299,14,0.0,1,1
1299,15,15.0,1,1
1299,16,0.0,1,1
1299,17,26.0,1,1
1299,18,29.0,1,1
1299,19,9.0,1,1
1299,20,7.0,1,1
1299,21,12.0,1,1
1299,22,2.0,1,1
1299,23,10.0,1,1
1299,24,0.0,1,1
1299,25,1.0,1,1
1299,26,5.0,1,1
1299,27,0.0,1,1
1299,28,4.0,1,1
1299,29,3.0,1,1
1299,30,2.0,1,1
1299,31,2.0,1,1
1299,32,9.0,1,1
1299,33,2.0,1,1
1300,0,25.0,1,1
1300,1,18.0,1,1
1300,2,20.0,1,1
1300,3,6.0,1,1
1300,4,12.0,1,1
1300,5,19.0,1,1
1300,6,0.0,1,1
1300,7,28.0,1,1
1300,8,7.0,1,1
1300,9,0.0,1,1
1300,10,4.0,1,1
1300,11,18.0,1,1
1300,12,3.0,1,1
1300,13,1.0,1,1
1300,14,4.0,1,1
1300,15,5.0,1,1
1300,16,2.0,1,1
1300,17,20.0,1,1
1300,18,37.0,1,1
1300,19,6.0,1,1
1300,20,2.0,1,1
1300,21,9.0,1,1
1300,22,5.0,1,1
1300,23,5.0,1,1
1300,24,0.0,1,1
1300,25,4.0,1,1
1300,26,3.0,1,1
1300,27,0.0,1,1
1300,28,5.0,1,1
1300,29,1.0,1,1
1300,30,4.0,1,1
1300,31,0.0,1,1
1300,32,3.0,1,1
1300,33,1.0,1,1
1301,0,24.0,1,1
1301,1,19.0,1,1
1301,2,19.0,1,1
1301,3,5.0,1,1
1301,4,5.0,1,1
1301,5,28.0,1,1
1301,6,0.0,1,1
1301,7,26.0,1,1
1301,8,9.0,1,1
1301,9,0.0,1,1
1301,10,5.0,1,1
1301,11,18.0,1,1
1301,12,2.0,1,1
1301,13,2.0,1,1
1301,14,3.0,1,1
1301,15,8.0,1,1
1301,16,3.0,1,1
1301,17,16.0,1,1
1301,18,21.0,1,1
1301,19,4.0,1,1
1301,20,7.0,1,1
1301,21,11.0,1,1
1301,22,6.0,1,1
1301,23,11.0,1,1
1301,24,0.0,1,1
1301,25,3.0,1,1
1301,26,7.0,1,1
1301,27,0.0,1,1
1301,28,5.0,1,1
1301,29,6.0,1,1
1301,30,2.0,1,1
1301,31,0.0,1,1
1301,32,4.0,1,1
1301,33,3.0,1,1
1302,0,25.0,1,1
1302,1,14.0,1,1
1302,2,15.0,1,1
1302,3,4.0,1,1
1302,4,6.0,1,1
1302,5,9.0,1,1
1302,6,0.0,1,1
1302,7,18.0,1,1
1302,8,16.0,1,1
1302,9,0.0,1,1
1302,10,4.0,1,1
1302,11,12.0,1,1
1302,12,2.0,1,1
1302,13,0.0,1,1
1302,14,1.0,1,1
1302,15,12.0,1,1
1302,16,0.0,1,1
1302,17,20.0,1,1
1302,18,24.0,1,1
1302,19,2.0,1,1
1302,20,5.0,1,1
1302,21,7.0,1,1
1302,22,1.0,1,1
1302,23,9.0,1,1
1302,24,3.0,1,1
1302,25,0.0,1,1
1302,26,4.0,1,1
1302,27,0.0,1,1
1302,28,3.0,1,1
1302,29,3.0,1,1
1302,30,1.0,1,1
1302,31,1.0,1,1
1302,32,4.0,1,1
1302,33,0.0,1,1
1303,0,16.0,1,1
1303,1,16.0,1,1
1303,2,19.0,1,1
1303,3,6.0,1,1
1303,4,6.0,1,1
1303,5,16.0,1,1
1303,6,0.0,1,1
1303,7,11.0,1,1
1303,8,8.0,1,1
1303,9,0.0,1,1
1303,10,0.0,1,1
1303,11,6.0,1,1
1303,12,4.0,1,1
1303,13,0.0,1,1
1303,14,3.0,1,1
1303,15,4.0,1,1
1303,16,0.0,1,1
1303,17,18.0,1,1
1303,18,10.0,1,1
1303,19,6.0,1,1
1303,20,4.0,1,1
1303,21,8.0,1,1
1303,22,5.0,1,1
1303,23,10.0,1,1
1303,24,0.0,1,1
1303,25,3.0,1,1
1303,26,2.0,1,1
1303,27,0.0,1,1
1303,28,6.0,1,1
1303,29,6.0,1,1
1303,30,3.0,1,1
1303,31,1.0,1,1
1303,32,3.0,1,1
1303,33,2.0,1,1
1304,0,10.0,1,1
1304,1,16.0,1,1
1304,2,13.0,1,1
1304,3,5.0,1,1
1304,4,1.0,1,1
1304,5,11.0,1,1
1304,6,0.0,1,1
1304,7,24.0,1,1
1304,8,12.0,1,1
1304,9,0.0,1,1
1304,10,3.0,1,1
1304,11,8.0,1,1
1304,12,2.0,1,1
1304,13,0.0,1,1
1304,14,4.0,1,1
1304,15,3.0,1,1
1304,16,0.0,1,1
1304,17,20.0,1,1
1304,18,16.0,1,1
1304,19,8.0,1,1
1304,20,7.0,1,1
1304,21,16.0,1,1
1304,22,4.0,1,1
1304,23,9.0,1,1
1304,24,0.0,1,1
1304,25,5.0,1,1
1304,26,4.0,1,1
1304,27,0.0,1,1
1304,28,4.0,1,1
1304,29,0.0,1,1
1304,30,3.0,1,1
1304,31,0.0,1,1
1304,32,0.0,1,1
1304,33,1.0,1,1
1305,0,15.0,1,1
1305,1,8.0,1,1
1305,2,9.0,1,1
1305,3,1.0,1,1
1305,4,0.0,1,1
1305,5,7.0,1,1
1305,6,0.0,1,1
1305,7,20.0,1,1
1305,8,15.0,1,1
1305,9,0.0,1,1
1305,10,3.0,1,1
1305,11,12.0,1,1
1305,12,0.0,1,1
1305,13,0.0,1,1
1305,14,0.0,1,1
1305,15,8.0,1,1
1305,16,1.0,1,1
1305,17,7.0,1,1
1305,18,16.0,1,1
1305,19,3.0,1,1
1305,20,5.0,1,1
1305,21,11.0,1,1
1305,22,2.0,1,1
1305,23,7.0,1,1
1305,24,1.0,1,1
1305,25,0.0,1,1
1305,26,1.0,1,1
1305,27,0.0,1,1
1305,28,4.0,1,1
1305,29,1.0,1,1
1305,30,5.0,1,1
1305,31,0.0,1,1
1305,32,3.0,1,1
1305,33,0.0,1,1
1306,0,10.0,1,1
1306,1,9.0,1,1
1306,2,7.0,1,1
1306,3,0.0,1,1
1306,4,0.0,1,1
1306,5,7.0,1,1
1306,6,0.0,1,1
1306,7,11.0,1,1
1306,8,0.0,1,1
1306,9,0.0,1,1
1306,10,0.0,1,1
1306,11,7.0,1,1
1306,12,2.0,1,1
1306,13,0.0,1,1
1306,14,5.0,1,1
1306,15,7.0,1,1
1306,16,1.0,1,1
1306,17,10.0,1,1
1306,18,12.0,1,1
1306,19,1.0,1,1
1306,20,0.0,1,1
1306,21,4.0,1,1
1306,22,1.0,1,1
1306,23,2.0,1,1
1306,24,0.0,1,1
1306,25,0.0,1,1
1306,26,0.0,1,1
1306,27,0.0,1,1
1306,28,1.0,1,1
1306,29,1.0,1,1
1306,30,1.0,1,1
1306,31,0.0,1,1
1306,32,1.0,1,1
1306,33,1.0,1,1
1307,0,15.0,1,1
1307,1,7.0,1,1
1307,2,6.0,1,1
1307,3,3.0,1,1
1307,4,0.0,1,1
1307,5,9.0,1,1
1307,6,0.0,1,1
1307,7,10.0,1,1
1307,8,7.0,1,1
1307,9,0.0,1,1
1307,10,0.0,1,1
1307,11,5.0,1,1
1307,12,1.0,1,1
1307,13,1.0,1,1
1307,14,4.0,1,1
1307,15,5.0,1,1
1307,16,0.0,1,1
1307,17,9.0,1,1
1307,18,9.0,1,1
1307,19,3.0,1,1
1307,20,2.0,1,1
1307,21,3.0,1,1
1307,22,1.0,1,1
1307,23,8.0,1,1
1307,24,0.0,1,1
1307,25,0.0,1,1
1307,26,1.0,1,1
1307,27,0.0,1,1
1307,28,2.0,1,1
1307,29,2.0,1,1
1307,30,2.0,1,1
1307,31,0.0,1,1
1307,32,2.0,1,1
1307,33,1.0,1,1
1308,0,11.0,1,1
1308,1,9.0,1,1
1308,2,8.0,1,1
1308,3,4.0,1,1
1308,4,1.0,1,1
1308,5,10.0,1,1
1308,6,0.0,1,1
1308,7,11.0,1,1
1308,8,0.0,1,1
1308,9,0.0,1,1
1308,10,0.0,1,1
1308,11,10.0,1,1
1308,12,2.0,1,1
1308,13,0.0,1,1
1308,14,0.0,1,1
1308,15,8.0,1,1
1308,16,0.0,1,1
1308,17,9.0,1,1
1308,18,16.0,1,1
1308,19,2.0,1,1
1308,20,2.0,1,1
1308,21,4.0,1,1
1308,22,1.0,1,1
1308,23,4.0,1,1
1308,24,0.0,1,1
1308,25,2.0,1,1
1308,26,0.0,1,1
1308,27,0.0,1,1
1308,28,5.0,1,1
1308,29,0.0,1,1
1308,30,2.0,1,1
1308,31,0.0,1,1
1308,32,1.0,1,1
1308,33,0.0,1,1
1309,0,8.0,1,1
1309,1,6.0,1,1
1309,2,5.0,1,1
1309,3,1.0,1,1
1309,4,2.0,1,1
1309,5,4.0,1,1
1309,6,0.0,1,1
1309,7,15.0,1,1
1309,8,0.0,1,1
1309,9,0.0,1,1
1309,10,1.0,1,1
1309,11,10.0,1,1
1309,12,3.0,1,1
1309,13,0.0,1,1
1309,14,2.0,1,1
1309,15,3.0,1,1
1309,16,0.0,1,1
1309,17,7.0,1,1
1309,18,9.0,1,1
1309,19,5.0,1,1
1309,20,3.0,1,1
1309,21,1.0,1,1
1309,22,0.0,1,1
1309,23,6.0,1,1
1309,24,0.0,1,1
1309,25,1.0,1,1
1309,26,2.0,1,1
1309,27,0.0,1,1
1309,28,1.0,1,1
1309,29,0.0,1,1
1309,30,3.0,1,1
1309,31,0.0,1,1
1309,32,3.0,1,1
1309,33,0.0,1,1
1310,0,9.0,1,1
1310,1,12.0,1,1
1310,2,4.0,1,1
1310,3,0.0,1,1
1310,4,0.0,1,1
1310,5,9.0,1,1
1310,6,0.0,1,1
1310,7,12.0,1,1
1310,8,1.0,1,1
1310,9,0.0,1,1
1310,10,3.0,1,1
1310,11,7.0,1,1
1310,12,0.0,1,1
1310,13,0.0,1,1
1310,14,5.0,1,1
1310,15,14.0,1,1
1310,16,0.0,1,1
1310,17,7.0,1,1
1310,18,6.0,1,1
1310,19,0.0,1,1
1310,20,1.0,1,1
1310,21,5.0,1,1
1310,22,3.0,1,1
1310,23,4.0,1,1
1310,24,0.0,1,1
1310,25,0.0,1,1
1310,26,2.0,1,1
1310,27,0.0,1,1
1310,28,0.0,1,1
1310,29,0.0,1,1
1310,30,0.0,1,1
1310,31,0.0,1,1
1310,32,0.0,1,1
1310,33,0.0,1,1
1311,0,9.0,1,1
1311,1,12.0,1,1
1311,2,4.0,1,1
1311,3,1.0,1,1
1311,4,2.0,1,1
1311,5,5.0,1,1
1311,6,0.0,1,1
1311,7,11.0,1,1
1311,8,1.0,1,1
1311,9,0.0,1,1
1311,10,4.0,1,1
1311,11,8.0,1,1
1311,12,2.0,1,1
1311,13,0.0,1,1
1311,14,1.0,1,1
1311,15,7.0,1,1
1311,16,0.0,1,1
1311,17,8.0,1,1
1311,18,5.0,1,1
1311,19,1.0,1,1
1311,20,0.0,1,1
1311,21,1.0,1,1
1311,22,1.0,1,1
1311,23,4.0,1,1
1311,24,0.0,1,1
1311,25,1.0,1,1
1311,26,1.0,1,1
1311,27,0.0,1,1
1311,28,2.0,1,1
1311,29,4.0,1,1
1311,30,0.0,1,1
1311,31,0.0,1,1
1311,32,0.0,1,1
1311,33,2.0,1,1
1312,0,11.0,1,1
1312,1,7.0,1,1
1312,2,3.0,1,1
1312,3,3.0,1,1
1312,4,1.0,1,1
1312,5,6.0,1,1
1312,6,0.0,1,1
1312,7,8.0,1,1
1312,8,3.0,1,1
1312,9,0.0,1,1
1312,10,3.0,1,1
1312,11,4.0,1,1
1312,12,5.0,1,1
1312,13,3.0,1,1
1312,14,0.0,1,1
1312,15,4.0,1,1
1312,16,2.0,1,1
1312,17,7.0,1,1
1312,18,7.0,1,1
1312,19,2.0,1,1
1312,20,1.0,1,1
1312,21,4.0,1,1
1312,22,1.0,1,1
1312,23,7.0,1,1
1312,24,0.0,1,1
1312,25,0.0,1,1
1312,26,4.0,1,1
1312,27,0.0,1,1
1312,28,1.0,1,1
1312,29,0.0,1,1
1312,30,1.0,1,1
1312,31,0.0,1,1
1312,32,2.0,1,1
1312,33,2.0,1,1
1313,0,8.0,1,1
1313,1,10.0,1,1
1313,2,3.0,1,1
1313,3,1.0,1,1
1313,4,3.0,1,1
1313,5,7.0,1,1
1313,6,0.0,1,1
1313,7,9.0,1,1
1313,8,2.0,1,1
1313,9,0.0,1,1
1313,10,0.0,1,1
1313,11,6.0,1,1
1313,12,0.0,1,1
1313,13,0.0,1,1
1313,14,3.0,1,1
1313,15,2.0,1,1
1313,16,0.0,1,1
1313,17,7.0,1,1
1313,18,8.0,1,1
1313,19,0.0,1,1
1313,20,1.0,1,1
1313,21,3.0,1,1
1313,22,1.0,1,1
1313,23,2.0,1,1
1313,24,0.0,1,1
1313,25,3.0,1,1
1313,26,0.0,1,1
1313,27,0.0,1,1
1313,28,1.0,1,1
1313,29,0.0,1,1
1313,30,1.0,1,1
1313,31,0.0,1,1
1313,32,1.0,1,1
1313,33,0.0,1,1
1314,0,6.0,1,1
1314,1,11.0,1,1
1314,2,4.0,1,1
1314,3,1.0,1,1
1314,4,2.0,1,1
1314,5,7.0,1,1
1314,6,0.0,1,1
1314,7,10.0,1,1
1314,8,0.0,1,1
1314,9,0.0,1,1
1314,10,1.0,1,1
1314,11,10.0,1,1
1314,12,3.0,1,1
1314,13,1.0,1,1
1314,14,0.0,1,1
1314,15,3.0,1,1
1314,16,0.0,1,1
1314,17,4.0,1,1
1314,18,4.0,1,1
1314,19,0.0,1,1
1314,20,2.0,1,1
1314,21,1.0,1,1
1314,22,1.0,1,1
1314,23,3.0,1,1
1314,24,0.0,1,1
1314,25,0.0,1,1
1314,26,2.0,1,1
1314,27,0.0,1,1
1314,28,2.0,1,1
1314,29,2.0,1,1
1314,30,1.0,1,1
1314,31,0.0,1,1
1314,32,2.0,1,1
1314,33,2.0,1,1
1315,0,6.0,1,1
1315,1,4.0,1,1
1315,2,1.0,1,1
1315,3,1.0,1,1
1315,4,0.0,1,1
1315,5,2.0,1,1
1315,6,0.0,1,1
1315,7,10.0,1,1
1315,8,3.0,1,1
1315,9,0.0,1,1
1315,10,0.0,1,1
1315,11,7.0,1,1
1315,12,3.0,1,1
1315,13,0.0,1,1
1315,14,3.0,1,1
1315,15,1.0,1,1
1315,16,0.0,1,1
1315,17,4.0,1,1
1315,18,11.0,1,1
1315,19,1.0,1,1
1315,20,0.0,1,1
1315,21,4.0,1,1
1315,22,0.0,1,1
1315,23,3.0,1,1
1315,24,0.0,1,1
1315,25,1.0,1,1
1315,26,0.0,1,1
1315,27,0.0,1,1
1315,28,0.0,1,1
1315,29,2.0,1,1
1315,30,0.0,1,1
1315,31,0.0,1,1
1315,32,0.0,1,1
1315,33,0.0,1,1
1316,0,5.0,1,1
1316,1,8.0,1,1
1316,2,2.0,1,1
1316,3,1.0,1,1
1316,4,0.0,1,1
1316,5,7.0,1,1
1316,6,0.0,1,1
1316,7,6.0,1,1
1316,8,1.0,1,1
1316,9,0.0,1,1
1316,10,3.0,1,1
1316,11,7.0,1,1
1316,12,1.0,1,1
1316,13,0.0,1,1
1316,14,0.0,1,1
1316,15,7.0,1,1
1316,16,1.0,1,1
1316,17,2.0,1,1
1316,18,5.0,1,1
1316,19,2.0,1,1
1316,20,3.0,1,1
1316,21,1.0,1,1
1316,22,0.0,1,1
1316,23,2.0,1,1
1316,24,0.0,1,1
1316,25,0.0,1,1
1316,26,1.0,1,1
1316,27,0.0,1,1
1316,28,0.0,1,1
1316,29,1.0,1,1
1316,30,1.0,1,1
1316,31,0.0,1,1
1316,32,0.0,1,1
1316,33,0.0,1,1
1317,0,8.0,1,1
1317,1,8.0,1,1
1317,2,2.0,1,1
1317,3,0.0,1,1
1317,4,1.0,1,1
1317,5,8.0,1,1
1317,6,0.0,1,1
1317,7,3.0,1,1
1317,8,1.0,1,1
1317,9,0.0,1,1
1317,10,0.0,1,1
1317,11,0.0,1,1
1317,12,0.0,1,1
1317,13,2.0,1,1
1317,14,0.0,1,1
1317,15,4.0,1,1
1317,16,0.0,1,1
1317,17,4.0,1,1
1317,18,5.0,1,1
1317,19,0.0,1,1
1317,20,1.0,1,1
1317,21,2.0,1,1
1317,22,0.0,1,1
1317,23,0.0,1,1
1317,24,0.0,1,1
1317,25,0.0,1,1
1317,26,1.0,1,1
1317,27,0.0,1,1
1317,28,0.0,1,1
1317,29,0.0,1,1
1317,30,0.0,1,1
1317,31,0.0,1,1
1317,32,1.0,1,1
1317,33,0.0,1,1
1318,0,5.0,1,1
1318,1,5.0,1,1
1318,2,1.0,1,1
1318,3,0.0,1,1
1318,4,1.0,1,1
1318,5,5.0,1,1
1318,6,0.0,1,1
1318,7,3.0,1,1
1318,8,1.0,1,1
1318,9,0.0,1,1
1318,10,0.0,1,1
1318,11,3.0,1,1
1318,12,0.0,1,1
1318,13,0.0,1,1
1318,14,2.0,1,1
1318,15,1.0,1,1
1318,16,0.0,1,1
1318,17,4.0,1,1
1318,18,2.0,1,1
1318,19,0.0,1,1
1318,20,1.0,1,1
1318,21,1.0,1,1
1318,22,0.0,1,1
1318,23,0.0,1,1
1318,24,0.0,1,1
1318,25,1.0,1,1
1318,26,0.0,1,1
1318,27,0.0,1,1
1318,28,2.0,1,1
1318,29,0.0,1,1
1318,30,1.0,1,1
1318,31,0.0,1,1
1318,32,0.0,1,1
1318,33,0.0,1,1
1319,0,8.0,1,1
1319,1,6.0,1,1
1319,2,2.0,1,1
1319,3,1.0,1,1
1319,4,1.0,1,1
1319,5,6.0,1,1
1319,6,0.0,1,1
1319,7,4.0,1,1
1319,8,0.0,1,1
1319,9,0.0,1,1
1319,10,0.0,1,1
1319,11,2.0,1,1
1319,12,0.0,1,1
1319,13,0.0,1,1
1319,14,0.0,1,1
1319,15,3.0,1,1
1319,16,0.0,1,1
1319,17,3.0,1,1
1319,18,4.0,1,1
1319,19,5.0,1,1
1319,20,2.0,1,1
1319,21,2.0,1,1
1319,22,2.0,1,1
1319,23,1.0,1,1
1319,24,0.0,1,1
1319,25,0.0,1,1
1319,26,0.0,1,1
1319,27,0.0,1,1
1319,28,1.0,1,1
1319,29,0.0,1,1
1319,30,1.0,1,1
1319,31,0.0,1,1
1319,32,0.0,1,1
1319,33,0.0,1,1
1320,0,3.0,1,1
1320,1,3.0,1,1
1320,2,0.0,1,1
1320,3,1.0,1,1
1320,4,3.0,1,1
1320,5,4.0,1,1
1320,6,0.0,1,1
1320,7,1.0,1,1
1320,8,1.0,1,1
1320,9,0.0,1,1
1320,10,0.0,1,1
1320,11,1.0,1,1
1320,12,0.0,1,1
1320,13,0.0,1,1
1320,14,0.0,1,1
1320,15,3.0,1,1
1320,16,0.0,1,1
1320,17,2.0,1,1
1320,18,7.0,1,1
1320,19,4.0,1,1
1320,20,0.0,1,1
1320,21,1.0,1,1
1320,22,1.0,1,1
1320,23,1.0,1,1
1320,24,0.0,1,1
1320,25,1.0,1,1
1320,26,3.0,1,1
1320,27,0.0,1,1
1320,28,1.0,1,1
1320,29,0.0,1,1
1320,30,0.0,1,1
1320,31,0.0,1,1
1320,32,2.0,1,1
1320,33,1.0,1,1
1321,0,2.0,1,1
1321,1,8.0,1,1
1321,2,2.0,1,1
1321,3,0.0,1,1
1321,4,0.0,1,1
1321,5,5.0,1,1
1321,6,0.0,1,1
1321,7,5.0,1,1
1321,8,3.0,1,1
1321,9,0.0,1,1
1321,10,1.0,1,1
1321,11,4.0,1,1
1321,12,0.0,1,1
1321,13,0.0,1,1
1321,14,0.0,1,1
1321,15,4.0,1,1
1321,16,0.0,1,1
1321,17,2.0,1,1
1321,18,2.0,1,1
1321,19,1.0,1,1
1321,20,0.0,1,1
1321,21,0.0,1,1
1321,22,1.0,1,1
1321,23,2.0,1,1
1321,24,0.0,1,1
1321,25,1.0,1,1
1321,26,2.0,1,1
1321,27,0.0,1,1
1321,28,0.0,1,1
1321,29,0.0,1,1
1321,30,0.0,1,1
1321,31,0.0,1,1
1321,32,1.0,1,1
1321,33,0.0,1,1
1322,0,1.0,1,1
1322,1,3.0,1,1
1322,2,1.0,1,1
1322,3,0.0,1,1
1322,4,1.0,1,1
1322,5,4.0,1,1
1322,6,0.0,1,1
1322,7,4.0,1,1
1322,8,1.0,1,1
1322,9,0.0,1,1
1322,10,0.0,1,1
1322,11,2.0,1,1
1322,12,2.0,1,1
1322,13,0.0,1,1
1322,14,1.0,1,1
1322,15,3.0,1,1
1322,16,0.0,1,1
1322,17,7.0,1,1
1322,18,3.0,1,1
1322,19,0.0,1,1
1322,20,1.0,1,1
1322,21,1.0,1,1
1322,22,0.0,1,1
1322,23,4.0,1,1
1322,24,0.0,1,1
1322,25,0.0,1,1
1322,26,0.0,1,1
1322,27,0.0,1,1
1322,28,2.0,1,1
1322,29,0.0,1,1
1322,30,1.0,1,1
1322,31,1.0,1,1
1322,32,0.0,1,1
1322,33,0.0,1,1
1323,0,4.0,1,1
1323,1,9.0,1,1
1323,2,3.0,1,1
1323,3,1.0,1,1
1323,4,4.0,1,1
1323,5,7.0,1,1
1323,6,0.0,1,1
1323,7,2.0,1,1
1323,8,0.0,1,1
1323,9,0.0,1,1
1323,10,0.0,1,1
1323,11,1.0,1,1
1323,12,1.0,1,1
1323,13,0.0,1,1
1323,14,0.0,1,1
1323,15,2.0,1,1
1323,16,0.0,1,1
1323,17,5.0,1,1
1323,18,0.0,1,1
1323,19,2.0,1,1
1323,20,0.0,1,1
1323,21,0.0,1,1
1323,22,1.0,1,1
1323,23,1.0,1,1
1323,24,0.0,1,1
1323,25,0.0,1,1
1323,26,3.0,1,1
1323,27,0.0,1,1
1323,28,0.0,1,1
1323,29,0.0,1,1
1323,30,1.0,1,1
1323,31,0.0,1,1
1323,32,1.0,1,1
1323,33,0.0,1,1
1324,0,4.0,1,1
1324,1,0.0,1,1
1324,2,3.0,1,1
1324,3,0.0,1,1
1324,4,2.0,1,1
1324,5,2.0,1,1
1324,6,0.0,1,1
1324,7,5.0,1,1
1324,8,2.0,1,1
1324,9,0.0,1,1
1324,10,1.0,1,1
1324,11,4.0,1,1
1324,12,1.0,1,1
1324,13,0.0,1,1
1324,14,0.0,1,1
1324,15,0.0,1,1
1324,16,0.0,1,1
1324,17,1.0,1,1
1324,18,3.0,1,1
1324,19,2.0,1,1
1324,20,0.0,1,1
1324,21,1.0,1,1
1324,22,0.0,1,1
1324,23,0.0,1,1
1324,24,0.0,1,1
1324,25,0.0,1,1
1324,26,0.0,1,1
1324,27,0.0,1,1
1324,28,0.0,1,1
1324,29,0.0,1,1
1324,30,0.0,1,1
1324,31,1.0,1,1
1324,32,1.0,1,1
1324,33,0.0,1,1
1325,0,5.0,1,1
1325,1,6.0,1,1
1325,2,4.0,1,1
1325,3,1.0,1,1
1325,4,2.0,1,1
1325,5,6.0,1,1
1325,6,0.0,1,1
1325,7,6.0,1,1
1325,8,1.0,1,1
1325,9,0.0,1,1
1325,10,1.0,1,1
1325,11,5.0,1,1
1325,12,4.0,1,1
1325,13,0.0,1,1
1325,14,2.0,1,1
1325,15,3.0,1,1
1325,16,0.0,1,1
1325,17,5.0,1,1
1325,18,3.0,1,1
1325,19,0.0,1,1
1325,20,3.0,1,1
1325,21,4.0,1,1
1325,22,0.0,1,1
1325,23,0.0,1,1
1325,24,0.0,1,1
1325,25,0.0,1,1
1325,26,1.0,1,1
1325,27,0.0,1,1
1325,28,1.0,1,1
1325,29,0.0,1,1
1325,30,0.0,1,1
1325,31,0.0,1,1
1325,32,2.0,1,1
1325,33,0.0,1,1
1326,0,5.0,1,1
1326,1,4.0,1,1
1326,2,1.0,1,1
1326,3,0.0,1,1
1326,4,0.0,1,1
1326,5,4.0,1,1
1326,6,0.0,1,1
1326,7,2.0,1,1
1326,8,2.0,1,1
1326,9,0.0,1,1
1326,10,0.0,1,1
1326,11,3.0,1,1
1326,12,0.0,1,1
1326,13,0.0,1,1
1326,14,0.0,1,1
1326,15,3.0,1,1
1326,16,0.0,1,1
1326,17,3.0,1,1
1326,18,5.0,1,1
1326,19,0.0,1,1
1326,20,2.0,1,1
1326,21,3.0,1,1
1326,22,0.0,1,1
1326,23,2.0,1,1
1326,24,0.0,1,1
1326,25,0.0,1,1
1326,26,1.0,1,1
1326,27,0.0,1,1
1326,28,2.0,1,1
1326,29,2.0,1,1
1326,30,1.0,1,1
1326,31,0.0,1,1
1326,32,1.0,1,1
1326,33,0.0,1,1
1327,0,8.0,1,1
1327,1,6.0,1,1
1327,2,4.0,1,1
1327,3,0.0,1,1
1327,4,0.0,1,1
1327,5,5.0,1,1
1327,6,0.0,1,1
1327,7,6.0,1,1
1327,8,1.0,1,1
1327,9,0.0,1,1
1327,10,1.0,1,1
1327,11,1.0,1,1
1327,12,0.0,1,1
1327,13,0.0,1,1
1327,14,4.0,1,1
1327,15,0.0,1,1
1327,16,1.0,1,1
1327,17,5.0,1,1
1327,18,6.0,1,1
1327,19,0.0,1,1
1327,20,2.0,1,1
1327,21,1.0,1,1
1327,22,2.0,1,1
1327,23,1.0,1,1
1327,24,0.0,1,1
1327,25,0.0,1,1
1327,26,1.0,1,1
1327,27,0.0,1,1
1327,28,1.0,1,1
1327,29,0.0,1,1
1327,30,1.0,1,1
1327,31,1.0,1,1
1327,32,1.0,1,1
1327,33,0.0,1,1
1328,0,11.0,1,1
1328,1,7.0,1,1
1328,2,1.0,1,1
1328,3,0.0,1,1
1328,4,2.0,1,1
1328,5,2.0,1,1
1328,6,0.0,1,1
1328,7,2.0,1,1
1328,8,2.0,1,1
1328,9,0.0,1,1
1328,10,0.0,1,1
1328,11,0.0,1,1
1328,12,0.0,1,1
1328,13,0.0,1,1
1328,14,0.0,1,1
1328,15,2.0,1,1
1328,16,0.0,1,1
1328,17,7.0,1,1
1328,18,3.0,1,1
1328,19,1.0,1,1
1328,20,0.0,1,1
1328,21,1.0,1,1
1328,22,1.0,1,1
1328,23,5.0,1,1
1328,24,0.0,1,1
1328,25,1.0,1,1
1328,26,2.0,1,1
1328,27,0.0,1,1
1328,28,1.0,1,1
1328,29,0.0,1,1
1328,30,1.0,1,1
1328,31,0.0,1,1
1328,32,0.0,1,1
1328,33,0.0,1,1
1329,0,13.0,1,1
1329,1,8.0,1,1
1329,2,0.0,1,1
1329,3,1.0,1,1
1329,4,4.0,1,1
1329,5,7.0,1,1
1329,6,0.0,1,1
1329,7,2.0,1,1
1329,8,1.0,1,1
1329,9,0.0,1,1
1329,10,1.0,1,1
1329,11,2.0,1,1
1329,12,0.0,1,1
1329,13,0.0,1,1
1329,14,0.0,1,1
1329,15,4.0,1,1
1329,16,0.0,1,1
1329,17,9.0,1,1
1329,18,5.0,1,1
1329,19,1.0,1,1
1329,20,1.0,1,1
1329,21,1.0,1,1
1329,22,0.0,1,1
1329,23,5.0,1,1
1329,24,0.0,1,1
1329,25,0.0,1,1
1329,26,3.0,1,1
1329,27,0.0,1,1
1329,28,2.0,1,1
1329,29,0.0,1,1
1329,30,2.0,1,1
1329,31,1.0,1,1
1329,32,1.0,1,1
1329,33,0.0,1,1
1330,0,12.0,1,1
1330,1,6.0,1,1
1330,2,1.0,1,1
1330,3,1.0,1,1
1330,4,0.0,1,1
1330,5,9.0,1,1
1330,6,0.0,1,1
1330,7,11.0,1,1
1330,8,2.0,1,1
1330,9,0.0,1,1
1330,10,1.0,1,1
1330,11,6.0,1,1
1330,12,2.0,1,1
1330,13,0.0,1,1
1330,14,0.0,1,1
1330,15,4.0,1,1
1330,16,0.0,1,1
1330,17,6.0,1,1
1330,18,6.0,1,1
1330,19,1.0,1,1
1330,20,5.0,1,1
1330,21,1.0,1,1
1330,22,0.0,1,1
1330,23,5.0,1,1
1330,24,1.0,1,1
1330,25,0.0,1,1
1330,26,2.0,1,1
1330,27,0.0,1,1
1330,28,2.0,1,1
1330,29,0.0,1,1
1330,30,2.0,1,1
1330,31,0.0,1,1
1330,32,1.0,1,1
1330,33,0.0,1,1
1331,0,15.0,1,1
1331,1,12.0,1,1
1331,2,7.0,1,1
1331,3,3.0,1,1
1331,4,1.0,1,1
1331,5,10.0,1,1
1331,6,0.0,1,1
1331,7,11.0,1,1
1331,8,2.0,1,1
1331,9,0.0,1,1
1331,10,3.0,1,1
1331,11,4.0,1,1
1331,12,3.0,1,1
1331,13,0.0,1,1
1331,14,0.0,1,1
1331,15,1.0,1,1
1331,16,0.0,1,1
1331,17,8.0,1,1
1331,18,12.0,1,1
1331,19,9.0,1,1
1331,20,3.0,1,1
1331,21,6.0,1,1
1331,22,1.0,1,1
1331,23,3.0,1,1
1331,24,0.0,1,1
1331,25,1.0,1,1
1331,26,0.0,1,1
1331,27,0.0,1,1
1331,28,3.0,1,1
1331,29,3.0,1,1
1331,30,2.0,1,1
1331,31,2.0,1,1
1331,32,2.0,1,1
1331,33,2.0,1,1
1332,0,16.0,1,1
1332,1,17.0,1,1
1332,2,8.0,1,1
1332,3,3.0,1,1
1332,4,3.0,1,1
1332,5,12.0,1,1
1332,6,0.0,1,1
1332,7,12.0,1,1
1332,8,2.0,1,1
1332,9,0.0,1,1
1332,10,0.0,1,1
1332,11,8.0,1,1
1332,12,0.0,1,1
1332,13,0.0,1,1
1332,14,6.0,1,1
1332,15,7.0,1,1
1332,16,0.0,1,1
1332,17,18.0,1,1
1332,18,20.0,1,1
1332,19,2.0,1,1
1332,20,2.0,1,1
1332,21,6.0,1,1
1332,22,3.0,1,1
1332,23,16.0,1,1
1332,24,0.0,1,1
1332,25,4.0,1,1
1332,26,1.0,1,1
1332,27,0.0,1,1
1332,28,2.0,1,1
1332,29,4.0,1,1
1332,30,3.0,1,1
1332,31,2.0,1,1
1332,32,8.0,1,1
1332,33,5.0,1,1
1333,0,18.0,1,1
1333,1,25.0,1,1
1333,2,11.0,1,1
1333,3,3.0,1,1
1333,4,3.0,1,1
1333,5,20.0,1,1
1333,6,0.0,1,1
1333,7,12.0,1,1
1333,8,2.0,1,1
1333,9,0.0,1,1
1333,10,0.0,1,1
1333,11,7.0,1,1
1333,12,3.0,1,1
1333,13,3.0,1,1
1333,14,2.0,1,1
1333,15,3.0,1,1
1333,16,0.0,1,1
1333,17,32.0,1,1
1333,18,15.0,1,1
1333,19,4.0,1,1
1333,20,15.0,1,1
1333,21,6.0,1,1
1333,22,1.0,1,1
1333,23,10.0,1,1
1333,24,1.0,1,1
1333,25,0.0,1,1
1333,26,3.0,1,1
1333,27,0.0,1,1
1333,28,3.0,1,1
1333,29,1.0,1,1
1333,30,4.0,1,1
1333,31,0.0,1,1
1333,32,2.0,1,1
1333,33,1.0,1,1
1334,0,31.0,1,1
1334,1,26.0,1,1
1334,2,12.0,1,1
1334,3,1.0,1,1
1334,4,16.0,1,1
1334,5,21.0,1,1
1334,6,0.0,1,1
1334,7,13.0,1,1
1334,8,5.0,1,1
1334,9,0.0,1,1
1334,10,4.0,1,1
1334,11,9.0,1,1
1334,12,5.0,1,1
1334,13,0.0,1,1
1334,14,1.0,1,1
1334,15,3.0,1,1
1334,16,0.0,1,1
1334,17,33.0,1,1
1334,18,22.0,1,1
1334,19,6.0,1,1
1334,20,23.0,1,1
1334,21,9.0,1,1
1334,22,3.0,1,1
1334,23,15.0,1,1
1334,24,0.0,1,1
1334,25,5.0,1,1
1334,26,5.0,1,1
1334,27,0.0,1,1
1334,28,4.0,1,1
1334,29,1.0,1,1
1334,30,9.0,1,1
1334,31,2.0,1,1
1334,32,4.0,1,1
1334,33,1.0,1,1
1335,0,42.0,1,1
1335,1,35.0,1,1
1335,2,9.0,1,1
1335,3,4.0,1,1
1335,4,11.0,1,1
1335,5,26.0,1,1
1335,6,0.0,1,1
1335,7,6.0,1,1
1335,8,6.0,1,1
1335,9,0.0,1,1
1335,10,3.0,1,1
1335,11,7.0,1,1
1335,12,3.0,1,1
1335,13,3.0,1,1
1335,14,5.0,1,1
1335,15,7.0,1,1
1335,16,1.0,1,1
1335,17,43.0,1,1
1335,18,20.0,1,1
1335,19,11.0,1,1
1335,20,12.0,1,1
1335,21,8.0,1,1
1335,22,6.0,1,1
1335,23,20.0,1,1
1335,24,0.0,1,1
1335,25,7.0,1,1
1335,26,5.0,1,1
1335,27,0.0,1,1
1335,28,4.0,1,1
1335,29,2.0,1,1
1335,30,6.0,1,1
1335,31,3.0,1,1
1335,32,6.0,1,1
1335,33,2.0,1,1
1336,0,55.0,1,1
1336,1,47.0,1,1
1336,2,15.0,1,1
1336,3,11.0,1,1
1336,4,8.0,1,1
1336,5,46.0,1,1
1336,6,0.0,1,1
1336,7,18.0,1,1
1336,8,11.0,1,1
1336,9,0.0,1,1
1336,10,5.0,1,1
1336,11,14.0,1,1
1336,12,7.0,1,1
1336,13,0.0,1,1
1336,14,3.0,1,1
1336,15,15.0,1,1
1336,16,0.0,1,1
1336,17,64.0,1,1
1336,18,46.0,1,1
1336,19,11.0,1,1
1336,20,18.0,1,1
1336,21,12.0,1,1
1336,22,2.0,1,1
1336,23,24.0,1,1
1336,24,0.0,1,1
1336,25,4.0,1,1
1336,26,14.0,1,1
1336,27,0.0,1,1
1336,28,7.0,1,1
1336,29,7.0,1,1
1336,30,14.0,1,1
1336,31,4.0,1,1
1336,32,12.0,1,1
1336,33,3.0,1,1
1337,0,70.0,1,1
1337,1,52.0,1,1
1337,2,24.0,1,1
1337,3,11.0,1,1
1337,4,13.0,1,1
1337,5,52.0,1,1
1337,6,0.0,1,1
1337,7,26.0,1,1
1337,8,9.0,1,1
1337,9,0.0,1,1
1337,10,4.0,1,1
1337,11,13.0,1,1
1337,12,9.0,1,1
1337,13,3.0,1,1
1337,14,3.0,1,1
1337,15,7.0,1,1
1337,16,1.0,1,1
1337,17,70.0,1,1
1337,18,47.0,1,1
1337,19,14.0,1,1
1337,20,23.0,1,1
1337,21,12.0,1,1
1337,22,6.0,1,1
1337,23,28.0,1,1
1337,24,1.0,1,1
1337,25,8.0,1,1
1337,26,16.0,1,1
1337,27,0.0,1,1
1337,28,12.0,1,1
1337,29,5.0,1,1
1337,30,10.0,1,1
1337,31,3.0,1,1
1337,32,9.0,1,1
1337,33,1.0,1,1
1338,0,66.0,1,1
1338,1,88.0,1,1
1338,2,23.0,1,1
1338,3,7.0,1,1
1338,4,23.0,1,1
1338,5,91.0,1,1
1338,6,0.0,1,1
1338,7,27.0,1,1
1338,8,14.0,1,1
1338,9,0.0,1,1
1338,10,6.0,1,1
1338,11,22.0,1,1
1338,12,8.0,1,1
1338,13,0.0,1,1
1338,14,4.0,1,1
1338,15,8.0,1,1
1338,16,0.0,1,1
1338,17,90.0,1,1
1338,18,73.0,1,1
1338,19,17.0,1,1
1338,20,30.0,1,1
1338,21,23.0,1,1
1338,22,7.0,1,1
1338,23,25.0,1,1
1338,24,2.0,1,1
1338,25,8.0,1,1
1338,26,18.0,1,1
1338,27,0.0,1,1
1338,28,18.0,1,1
1338,29,3.0,1,1
1338,30,18.0,1,1
1338,31,8.0,1,1
1338,32,20.0,1,1
1338,33,4.0,1,1
1339,0,101.0,1,1
1339,1,107.0,1,1
1339,2,29.0,1,1
1339,3,8.0,1,1
1339,4,19.0,1,1
1339,5,98.0,1,1
1339,6,0.0,1,1
1339,7,26.0,1,1
1339,8,13.0,1,1
1339,9,0.0,1,1
1339,10,10.0,1,1
1339,11,18.0,1,1
1339,12,6.0,1,1
1339,13,0.0,1,1
1339,14,11.0,1,1
1339,15,11.0,1,1
1339,16,0.0,1,1
1339,17,87.0,1,1
1339,18,60.0,1,1
1339,19,9.0,1,1
1339,20,32.0,1,1
1339,21,22.0,1,1
1339,22,5.0,1,1
1339,23,38.0,1,1
1339,24,3.0,1,1
1339,25,16.0,1,1
1339,26,18.0,1,1
1339,27,0.0,1,1
1339,28,17.0,1,1
1339,29,6.0,1,1
1339,30,12.0,1,1
1339,31,9.0,1,1
1339,32,20.0,1,1
1339,33,9.0,1,1
1340,0,138.0,1,1
1340,1,125.0,1,1
1340,2,41.0,1,1
1340,3,8.0,1,1
1340,4,28.0,1,1
1340,5,104.0,1,1
1340,6,0.0,1,1
1340,7,48.0,1,1
1340,8,16.0,1,1
1340,9,0.0,1,1
1340,10,10.0,1,1
1340,11,31.0,1,1
1340,12,6.0,1,1
1340,13,2.0,1,1
1340,14,20.0,1,1
1340,15,15.0,1,1
1340,16,1.0,1,1
1340,17,100.0,1,1
1340,18,66.0,1,1
1340,19,24.0,1,1
1340,20,38.0,1,1
1340,21,28.0,1,1
1340,22,11.0,1,1
1340,23,36.0,1,1
1340,24,1.0,1,1
1340,25,3.0,1,1
1340,26,27.0,1,1
1340,27,0.0,1,1
1340,28,14.0,1,1
1340,29,9.0,1,1
1340,30,15.0,1,1
1340,31,5.0,1,1
1340,32,13.0,1,1
1340,33,10.0,1,1
1341,0,141.0,1,1
1341,1,150.0,1,1
1341,2,41.0,1,1
1341,3,11.0,1,1
1341,4,20.0,1,1
1341,5,113.0,1,1
1341,6,0.0,1,1
1341,7,49.0,1,1
1341,8,17.0,1,1
1341,9,0.0,1,1
1341,10,12.0,1,1
1341,11,31.0,1,1
1341,12,9.0,1,1
1341,13,1.0,1,1
1341,14,12.0,1,1
1341,15,17.0,1,1
1341,16,1.0,1,1
1341,17,131.0,1,1
1341,18,67.0,1,1
1341,19,25.0,1,1
1341,20,33.0,1,1
1341,21,24.0,1,1
1341,22,8.0,1,1
1341,23,43.0,1,1
1341,24,2.0,1,1
1341,25,6.0,1,1
1341,26,29.0,1,1
1341,27,0.0,1,1
1341,28,11.0,1,1
1341,29,9.0,1,1
1341,30,13.0,1,1
1341,31,3.0,1,1
1341,32,13.0,1,1
1341,33,7.0,1,1
1342,0,184.0,1,1
1342,1,161.0,1,1
1342,2,70.0,1,1
1342,3,14.0,1,1
1342,4,20.0,1,1
1342,5,111.0,1,1
1342,6,0.0,1,1
1342,7,53.0,1,1
1342,8,12.0,1,1
1342,9,0.0,1,1
1342,10,20.0,1,1
1342,11,34.0,1,1
1342,12,12.0,1,1
1342,13,3.0,1,1
1342,14,12.0,1,1
1342,15,30.0,1,1
1342,16,1.0,1,1
1342,17,148.0,1,1
1342,18,81.0,1,1
1342,19,17.0,1,1
1342,20,34.0,1,1
1342,21,41.0,1,1
1342,22,9.0,1,1
1342,23,45.0,1,1
1342,24,4.0,1,1
1342,25,12.0,1,1
1342,26,26.0,1,1
1342,27,0.0,1,1
1342,28,14.0,1,1
1342,29,12.0,1,1
1342,30,20.0,1,1
1342,31,4.0,1,1
1342,32,11.0,1,1
1342,33,12.0,1,1
1343,0,180.0,1,1
1343,1,183.0,1,1
1343,2,78.0,1,1
1343,3,11.0,1,1
1343,4,28.0,1,1
1343,5,153.0,1,1
1343,6,0.0,1,1
1343,7,64.0,1,1
1343,8,28.0,1,1
1343,9,0.0,1,1
1343,10,13.0,1,1
1343,11,40.0,1,1
1343,12,15.0,1,1
1343,13,0.0,1,1
1343,14,22.0,1,1
1343,15,18.0,1,1
1343,16,2.0,1,1
1343,17,128.0,1,1
1343,18,70.0,1,1
1343,19,30.0,1,1
1343,20,52.0,1,1
1343,21,32.0,1,1
1343,22,10.0,1,1
1343,23,45.0,1,1
1343,24,1.0,1,1
1343,25,9.0,1,1
1343,26,27.0,1,1
1343,27,0.0,1,1
1343,28,11.0,1,1
1343,29,9.0,1,1
1343,30,29.0,1,1
1343,31,11.0,1,1
1343,32,12.0,1,1
1343,33,11.0,1,1
1344,0,208.0,1,1
1344,1,166.0,1,1
1344,2,120.0,1,1
1344,3,25.0,1,1
1344,4,33.0,1,1
1344,5,140.0,1,1
1344,6,0.0,1,1
1344,7,84.0,1,1
1344,8,27.0,1,1
1344,9,0.0,1,1
1344,10,20.0,1,1
1344,11,53.0,1,1
1344,12,8.0,1,1
1344,13,2.0,1,1
1344,14,33.0,1,1
1344,15,31.0,1,1
1344,16,4.0,1,1
1344,17,206.0,1,1
1344,18,85.0,1,1
1344,19,37.0,1,1
1344,20,48.0,1,1
1344,21,60.0,1,1
1344,22,8.0,1,1
1344,23,60.0,1,1
1344,24,1.0,1,1
1344,25,8.0,1,1
1344,26,20.0,1,1
1344,27,0.0,1,1
1344,28,18.0,1,1
1344,29,7.0,1,1
1344,30,24.0,1,1
1344,31,6.0,1,1
1344,32,10.0,1,1
1344,33,5.0,1,1
1345,0,167.0,1,1
1345,1,204.0,1,1
1345,2,76.0,1,1
1345,3,17.0,1,1
1345,4,26.0,1,1
1345,5,162.0,1,1
1345,6,0.0,1,1
1345,7,69.0,1,1
1345,8,17.0,1,1
1345,9,0.0,1,1
1345,10,8.0,1,1
1345,11,53.0,1,1
1345,12,6.0,1,1
1345,13,3.0,1,1
1345,14,7.0,1,1
1345,15,37.0,1,1
1345,16,4.0,1,1
1345,17,190.0,1,1
1345,18,115.0,1,1
1345,19,42.0,1,1
1345,20,61.0,1,1
1345,21,41.0,1,1
1345,22,16.0,1,1
1345,23,63.0,1,1
1345,24,3.0,1,1
1345,25,15.0,1,1
1345,26,22.0,1,1
1345,27,0.0,1,1
1345,28,20.0,1,1
1345,29,17.0,1,1
1345,30,37.0,1,1
1345,31,5.0,1,1
1345,32,15.0,1,1
1345,33,8.0,1,1
1346,0,176.0,1,1
1346,1,239.0,1,1
1346,2,106.0,1,1
1346,3,17.0,1,1
1346,4,29.0,1,1
1346,5,192.0,1,1
1346,6,0.0,1,1
1346,7,73.0,1,1
1346,8,28.0,1,1
1346,9,0.0,1,1
1346,10,35.0,1,1
1346,11,47.0,1,1
1346,12,8.0,1,1
1346,13,2.0,1,1
1346,14,13.0,1,1
1346,15,30.0,1,1
1346,16,5.0,1,1
1346,17,195.0,1,1
1346,18,129.0,1,1
1346,19,40.0,1,1
1346,20,75.0,1,1
1346,21,59.0,1,1
1346,22,18.0,1,1
1346,23,75.0,1,1
1346,24,5.0,1,1
1346,25,17.0,1,1
1346,26,29.0,1,1
1346,27,0.0,1,1
1346,28,29.0,1,1
1346,29,15.0,1,1
1346,30,22.0,1,1
1346,31,2.0,1,1
1346,32,21.0,1,1
1346,33,19.0,1,1
1347,0,248.0,1,1
1347,1,167.0,1,1
1347,2,74.0,1,1
1347,3,16.0,1,1
1347,4,22.0,1,1
1347,5,167.0,1,1
1347,6,0.0,1,1
1347,7,85.0,1,1
1347,8,21.0,1,1
1347,9,0.0,1,1
1347,10,13.0,1,1
1347,11,61.0,1,1
1347,12,11.0,1,1
1347,13,0.0,1,1
1347,14,10.0,1,1
1347,15,47.0,1,1
1347,16,4.0,1,1
1347,17,143.0,1,1
1347,18,106.0,1,1
1347,19,32.0,1,1
1347,20,66.0,1,1
1347,21,177.0,1,1
1347,22,23.0,1,1
1347,23,82.0,1,1
1347,24,4.0,1,1
1347,25,32.0,1,1
1347,26,27.0,1,1
1347,27,0.0,1,1
1347,28,19.0,1,1
1347,29,28.0,1,1
1347,30,10.0,1,1
1347,31,13.0,1,1
1347,32,6.0,1,1
1347,33,15.0,1,1
1348,0,194.0,1,1
1348,1,156.0,1,1
1348,2,59.0,1,1
1348,3,17.0,1,1
1348,4,19.0,1,1
1348,5,127.0,1,1
1348,6,0.0,1,1
1348,7,78.0,1,1
1348,8,29.0,1,1
1348,9,0.0,1,1
1348,10,21.0,1,1
1348,11,57.0,1,1
1348,12,17.0,1,1
1348,13,0.0,1,1
1348,14,2.0,1,1
1348,15,27.0,1,1
1348,16,6.0,1,1
1348,17,112.0,1,1
1348,18,89.0,1,1
1348,19,44.0,1,1
1348,20,64.0,1,1
1348,21,57.0,1,1
1348,22,26.0,1,1
1348,23,73.0,1,1
1348,24,7.0,1,1
1348,25,22.0,1,1
1348,26,38.0,1,1
1348,27,0.0,1,1
1348,28,10.0,1,1
1348,29,44.0,1,1
1348,30,14.0,1,1
1348,31,14.0,1,1
1348,32,12.0,1,1
1348,33,18.0,1,1
1349,0,172.0,1,1
1349,1,164.0,1,1
1349,2,76.0,1,1
1349,3,16.0,1,1
1349,4,13.0,1,1
1349,5,119.0,1,1
1349,6,0.0,1,1
1349,7,79.0,1,1
1349,8,21.0,1,1
1349,9,0.0,1,1
1349,10,5.0,1,1
1349,11,71.0,1,1
1349,12,9.0,1,1
1349,13,2.0,1,1
1349,14,15.0,1,1
1349,15,37.0,1,1
1349,16,5.0,1,1
1349,17,125.0,1,1
1349,18,106.0,1,1
1349,19,46.0,1,1
1349,20,42.0,1,1
1349,21,158.0,1,1
1349,22,23.0,1,1
1349,23,56.0,1,1
1349,24,4.0,1,1
1349,25,12.0,1,1
1349,26,30.0,1,1
1349,27,0.0,1,1
1349,28,21.0,1,1
1349,29,38.0,1,1
1349,30,19.0,1,1
1349,31,14.0,1,1
1349,32,7.0,1,1
1349,33,28.0,1,1
1350,0,128.0,1,1
1350,1,158.0,1,1
1350,2,98.0,1,1
1350,3,13.0,1,1
1350,4,20.0,1,1
1350,5,135.0,1,1
1350,6,0.0,1,1
1350,7,73.0,1,1
1350,8,16.0,1,1
1350,9,0.0,1,1
1350,10,15.0,1,1
1350,11,64.0,1,1
1350,12,12.0,1,1
1350,13,0.0,1,1
1350,14,3.0,1,1
1350,15,33.0,1,1
1350,16,6.0,1,1
1350,17,145.0,1,1
1350,18,89.0,1,1
1350,19,29.0,1,1
1350,20,47.0,1,1
1350,21,49.0,1,1
1350,22,17.0,1,1
1350,23,52.0,1,1
1350,24,5.0,1,1
1350,25,15.0,1,1
1350,26,22.0,1,1
1350,27,0.0,1,1
1350,28,13.0,1,1
1350,29,46.0,1,1
1350,30,21.0,1,1
1350,31,5.0,1,1
1350,32,13.0,1,1
1350,33,16.0,1,1
1351,0,132.0,1,1
1351,1,137.0,1,1
1351,2,65.0,1,1
1351,3,19.0,1,1
1351,4,11.0,1,1
1351,5,117.0,1,1
1351,6,0.0,1,1
1351,7,58.0,1,1
1351,8,10.0,1,1
1351,9,0.0,1,1
1351,10,18.0,1,1
1351,11,46.0,1,1
1351,12,12.0,1,1
1351,13,0.0,1,1
1351,14,8.0,1,1
1351,15,40.0,1,1
1351,16,6.0,1,1
1351,17,103.0,1,1
1351,18,84.0,1,1
1351,19,20.0,1,1
1351,20,29.0,1,1
1351,21,39.0,1,1
1351,22,12.0,1,1
1351,23,31.0,1,1
1351,24,1.0,1,1
1351,25,15.0,1,1
1351,26,21.0,1,1
1351,27,0.0,1,1
1351,28,15.0,1,1
1351,29,24.0,1,1
1351,30,20.0,1,1
1351,31,3.0,1,1
1351,32,8.0,1,1
1351,33,11.0,1,1
1352,0,117.0,1,1
1352,1,116.0,1,1
1352,2,60.0,1,1
1352,3,17.0,1,1
1352,4,9.0,1,1
1352,5,84.0,1,1
1352,6,0.0,1,1
1352,7,78.0,1,1
1352,8,16.0,1,1
1352,9,0.0,1,1
1352,10,8.0,1,1
1352,11,38.0,1,1
1352,12,3.0,1,1
1352,13,0.0,1,1
1352,14,14.0,1,1
1352,15,33.0,1,1
1352,16,2.0,1,1
1352,17,73.0,1,1
1352,18,50.0,1,1
1352,19,16.0,1,1
1352,20,19.0,1,1
1352,21,32.0,1,1
1352,22,6.0,1,1
1352,23,29.0,1,1
1352,24,2.0,1,1
1352,25,10.0,1,1
1352,26,25.0,1,1
1352,27,0.0,1,1
1352,28,15.0,1,1
1352,29,5.0,1,1
1352,30,14.0,1,1
1352,31,5.0,1,1
1352,32,9.0,1,1
1352,33,11.0,1,1
1353,0,105.0,1,1
1353,1,79.0,1,1
1353,2,53.0,1,1
1353,3,12.0,1,1
1353,4,7.0,1,1
1353,5,81.0,1,1
1353,6,0.0,1,1
1353,7,56.0,1,1
1353,8,33.0,1,1
1353,9,0.0,1,1
1353,10,6.0,1,1
1353,11,45.0,1,1
1353,12,10.0,1,1
1353,13,0.0,1,1
1353,14,13.0,1,1
1353,15,27.0,1,1
1353,16,0.0,1,1
1353,17,112.0,1,1
1353,18,82.0,1,1
1353,19,11.0,1,1
1353,20,13.0,1,1
1353,21,26.0,1,1
1353,22,2.0,1,1
1353,23,17.0,1,1
1353,24,4.0,1,1
1353,25,6.0,1,1
1353,26,10.0,1,1
1353,27,0.0,1,1
1353,28,15.0,1,1
1353,29,4.0,1,1
1353,30,12.0,1,1
1353,31,2.0,1,1
1353,32,5.0,1,1
1353,33,8.0,1,1
1354,0,141.0,1,1
1354,1,105.0,1,1
1354,2,48.0,1,1
1354,3,13.0,1,1
1354,4,13.0,1,1
1354,5,91.0,1,1
1354,6,0.0,1,1
1354,7,61.0,1,1
1354,8,47.0,1,1
1354,9,0.0,1,1
1354,10,13.0,1,1
1354,11,43.0,1,1
1354,12,8.0,1,1
1354,13,3.0,1,1
1354,14,3.0,1,1
1354,15,40.0,1,1
1354,16,2.0,1,1
1354,17,86.0,1,1
1354,18,77.0,1,1
1354,19,13.0,1,1
1354,20,22.0,1,1
1354,21,39.0,1,1
1354,22,3.0,1,1
1354,23,29.0,1,1
1354,24,4.0,1,1
1354,25,9.0,1,1
1354,26,18.0,1,1
1354,27,0.0,1,1
1354,28,15.0,1,1
1354,29,6.0,1,1
1354,30,14.0,1,1
1354,31,5.0,1,1
1354,32,5.0,1,1
1354,33,4.0,1,1
1355,0,98.0,1,1
1355,1,84.0,1,1
1355,2,51.0,1,1
1355,3,18.0,1,1
1355,4,7.0,1,1
1355,5,82.0,1,1
1355,6,0.0,1,1
1355,7,60.0,1,1
1355,8,18.0,1,1
1355,9,0.0,1,1
1355,10,9.0,1,1
1355,11,37.0,1,1
1355,12,11.0,1,1
1355,13,0.0,1,1
1355,14,9.0,1,1
1355,15,34.0,1,1
1355,16,3.0,1,1
1355,17,77.0,1,1
1355,18,80.0,1,1
1355,19,20.0,1,1
1355,20,18.0,1,1
1355,21,33.0,1,1
1355,22,9.0,1,1
1355,23,22.0,1,1
1355,24,0.0,1,1
1355,25,10.0,1,1
1355,26,9.0,1,1
1355,27,0.0,1,1
1355,28,20.0,1,1
1355,29,17.0,1,1
1355,30,13.0,1,1
1355,31,4.0,1,1
1355,32,14.0,1,1
1355,33,9.0,1,1
1356,0,109.0,1,1
1356,1,103.0,1,1
1356,2,62.0,1,1
1356,3,28.0,1,1
1356,4,6.0,1,1
1356,5,73.0,1,1
1356,6,0.0,1,1
1356,7,47.0,1,1
1356,8,23.0,1,1
1356,9,0.0,1,1
1356,10,11.0,1,1
1356,11,32.0,1,1
1356,12,7.0,1,1
1356,13,0.0,1,1
1356,14,7.0,1,1
1356,15,28.0,1,1
1356,16,5.0,1,1
1356,17,79.0,1,1
1356,18,76.0,1,1
1356,19,19.0,1,1
1356,20,21.0,1,1
1356,21,26.0,1,1
1356,22,6.0,1,1
1356,23,23.0,1,1
1356,24,0.0,1,1
1356,25,8.0,1,1
1356,26,19.0,1,1
1356,27,0.0,1,1
1356,28,11.0,1,1
1356,29,8.0,1,1
1356,30,11.0,1,1
1356,31,5.0,1,1
1356,32,6.0,1,1
1356,33,5.0,1,1
1357,0,108.0,1,1
1357,1,73.0,1,1
1357,2,44.0,1,1
1357,3,18.0,1,1
1357,4,9.0,1,1
1357,5,64.0,1,1
1357,6,0.0,1,1
1357,7,65.0,1,1
1357,8,20.0,1,1
1357,9,0.0,1,1
1357,10,13.0,1,1
1357,11,39.0,1,1
1357,12,9.0,1,1
1357,13,0.0,1,1
1357,14,5.0,1,1
1357,15,35.0,1,1
1357,16,4.0,1,1
1357,17,60.0,1,1
1357,18,64.0,1,1
1357,19,27.0,1,1
1357,20,24.0,1,1
1357,21,29.0,1,1
1357,22,3.0,1,1
1357,23,31.0,1,1
1357,24,1.0,1,1
1357,25,4.0,1,1
1357,26,19.0,1,1
1357,27,0.0,1,1
1357,28,8.0,1,1
1357,29,8.0,1,1
1357,30,9.0,1,1
1357,31,0.0,1,1
1357,32,11.0,1,1
1357,33,8.0,1,1
1358,0,105.0,1,1
1358,1,97.0,1,1
1358,2,66.0,1,1
1358,3,14.0,1,1
1358,4,10.0,1,1
1358,5,83.0,1,1
1358,6,0.0,1,1
1358,7,71.0,1,1
1358,8,20.0,1,1
1358,9,0.0,1,1
1358,10,21.0,1,1
1358,11,48.0,1,1
1358,12,8.0,1,1
1358,13,0.0,1,1
1358,14,10.0,1,1
1358,15,23.0,1,1
1358,16,2.0,1,1
1358,17,84.0,1,1
1358,18,90.0,1,1
1358,19,10.0,1,1
1358,20,12.0,1,1
1358,21,36.0,1,1
1358,22,4.0,1,1
1358,23,27.0,1,1
1358,24,3.0,1,1
1358,25,9.0,1,1
1358,26,15.0,1,1
1358,27,0.0,1,1
1358,28,19.0,1,1
1358,29,11.0,1,1
1358,30,14.0,1,1
1358,31,4.0,1,1
1358,32,7.0,1,1
1358,33,13.0,1,1
1359,0,115.0,1,1
1359,1,93.0,1,1
1359,2,50.0,1,1
1359,3,19.0,1,1
1359,4,10.0,1,1
1359,5,92.0,1,1
1359,6,0.0,1,1
1359,7,50.0,1,1
1359,8,45.0,1,1
1359,9,0.0,1,1
1359,10,15.0,1,1
1359,11,36.0,1,1
1359,12,11.0,1,1
1359,13,0.0,1,1
1359,14,4.0,1,1
1359,15,39.0,1,1
1359,16,4.0,1,1
1359,17,81.0,1,1
1359,18,65.0,1,1
1359,19,21.0,1,1
1359,20,21.0,1,1
1359,21,40.0,1,1
1359,22,3.0,1,1
1359,23,28.0,1,1
1359,24,1.0,1,1
1359,25,7.0,1,1
1359,26,18.0,1,1
1359,27,0.0,1,1
1359,28,19.0,1,1
1359,29,4.0,1,1
1359,30,15.0,1,1
1359,31,1.0,1,1
1359,32,1.0,1,1
1359,33,7.0,1,1
1360,0,111.0,1,1
1360,1,83.0,1,1
1360,2,46.0,1,1
1360,3,19.0,1,1
1360,4,7.0,1,1
1360,5,85.0,1,1
1360,6,0.0,1,1
1360,7,59.0,1,1
1360,8,12.0,1,1
1360,9,0.0,1,1
1360,10,15.0,1,1
1360,11,43.0,1,1
1360,12,3.0,1,1
1360,13,0.0,1,1
1360,14,3.0,1,1
1360,15,26.0,1,1
1360,16,3.0,1,1
1360,17,75.0,1,1
1360,18,63.0,1,1
1360,19,15.0,1,1
1360,20,20.0,1,1
1360,21,22.0,1,1
1360,22,3.0,1,1
1360,23,30.0,1,1
1360,24,3.0,1,1
1360,25,6.0,1,1
1360,26,18.0,1,1
1360,27,0.0,1,1
1360,28,13.0,1,1
1360,29,8.0,1,1
1360,30,18.0,1,1
1360,31,4.0,1,1
1360,32,3.0,1,1
1360,33,9.0,1,1
1361,0,95.0,1,1
1361,1,85.0,1,1
1361,2,48.0,1,1
1361,3,17.0,1,1
1361,4,10.0,1,1
1361,5,73.0,1,1
1361,6,0.0,1,1
1361,7,71.0,1,1
1361,8,28.0,1,1
1361,9,0.0,1,1
1361,10,9.0,1,1
1361,11,51.0,1,1
1361,12,13.0,1,1
1361,13,0.0,1,1
1361,14,7.0,1,1
1361,15,31.0,1,1
1361,16,5.0,1,1
1361,17,89.0,1,1
1361,18,73.0,1,1
1361,19,20.0,1,1
1361,20,19.0,1,1
1361,21,26.0,1,1
1361,22,6.0,1,1
1361,23,28.0,1,1
1361,24,1.0,1,1
1361,25,13.0,1,1
1361,26,17.0,1,1
1361,27,0.0,1,1
1361,28,12.0,1,1
1361,29,18.0,1,1
1361,30,17.0,1,1
1361,31,3.0,1,1
1361,32,4.0,1,1
1361,33,8.0,1,1
1362,0,113.0,1,1
1362,1,84.0,1,1
1362,2,49.0,1,1
1362,3,16.0,1,1
1362,4,14.0,1,1
1362,5,82.0,1,1
1362,6,0.0,1,1
1362,7,56.0,1,1
1362,8,25.0,1,1
1362,9,0.0,1,1
1362,10,11.0,1,1
1362,11,35.0,1,1
1362,12,10.0,1,1
1362,13,2.0,1,1
1362,14,5.0,1,1
1362,15,36.0,1,1
1362,16,5.0,1,1
1362,17,61.0,1,1
1362,18,76.0,1,1
1362,19,17.0,1,1
1362,20,22.0,1,1
1362,21,29.0,1,1
1362,22,11.0,1,1
1362,23,26.0,1,1
1362,24,1.0,1,1
1362,25,6.0,1,1
1362,26,16.0,1,1
1362,27,0.0,1,1
1362,28,19.0,1,1
1362,29,12.0,1,1
1362,30,10.0,1,1
1362,31,5.0,1,1
1362,32,8.0,1,1
1362,33,10.0,1,1
1363,0,101.0,1,1
1363,1,85.0,1,1
1363,2,56.0,1,1
1363,3,17.0,1,1
1363,4,9.0,1,1
1363,5,85.0,1,1
1363,6,0.0,1,1
1363,7,72.0,1,1
1363,8,20.0,1,1
1363,9,0.0,1,1
1363,10,14.0,1,1
1363,11,38.0,1,1
1363,12,13.0,1,1
1363,13,2.0,1,1
1363,14,14.0,1,1
1363,15,35.0,1,1
1363,16,2.0,1,1
1363,17,84.0,1,1
1363,18,67.0,1,1
1363,19,23.0,1,1
1363,20,20.0,1,1
1363,21,37.0,1,1
1363,22,7.0,1,1
1363,23,29.0,1,1
1363,24,0.0,1,1
1363,25,7.0,1,1
1363,26,20.0,1,1
1363,27,0.0,1,1
1363,28,21.0,1,1
1363,29,7.0,1,1
1363,30,13.0,1,1
1363,31,3.0,1,1
1363,32,6.0,1,1
1363,33,5.0,1,1
1364,0,102.0,1,1
1364,1,85.0,1,1
1364,2,71.0,1,1
1364,3,16.0,1,1
1364,4,9.0,1,1
1364,5,78.0,1,1
1364,6,0.0,1,1
1364,7,79.0,1,1
1364,8,22.0,1,1
1364,9,0.0,1,1
1364,10,9.0,1,1
1364,11,46.0,1,1
1364,12,6.0,1,1
1364,13,3.0,1,1
1364,14,7.0,1,1
1364,15,26.0,1,1
1364,16,6.0,1,1
1364,17,84.0,1,1
1364,18,67.0,1,1
1364,19,24.0,1,1
1364,20,25.0,1,1
1364,21,24.0,1,1
1364,22,8.0,1,1
1364,23,33.0,1,1
1364,24,0.0,1,1
1364,25,11.0,1,1
1364,26,17.0,1,1
1364,27,0.0,1,1
1364,28,17.0,1,1
1364,29,10.0,1,1
1364,30,18.0,1,1
1364,31,6.0,1,1
1364,32,6.0,1,1
1364,33,11.0,1,1
1365,0,100.0,1,1
1365,1,77.0,1,1
1365,2,58.0,1,1
1365,3,27.0,1,1
1365,4,6.0,1,1
1365,5,94.0,1,1
1365,6,0.0,1,1
1365,7,71.0,1,1
1365,8,25.0,1,1
1365,9,0.0,1,1
1365,10,9.0,1,1
1365,11,50.0,1,1
1365,12,6.0,1,1
1365,13,2.0,1,1
1365,14,41.0,1,1
1365,15,40.0,1,1
1365,16,3.0,1,1
1365,17,97.0,1,1
1365,18,71.0,1,1
1365,19,25.0,1,1
1365,20,21.0,1,1
1365,21,28.0,1,1
1365,22,7.0,1,1
1365,23,37.0,1,1
1365,24,1.0,1,1
1365,25,11.0,1,1
1365,26,14.0,1,1
1365,27,0.0,1,1
1365,28,21.0,1,1
1365,29,8.0,1,1
1365,30,16.0,1,1
1365,31,5.0,1,1
1365,32,16.0,1,1
1365,33,7.0,1,1
1366,0,109.0,1,1
1366,1,103.0,1,1
1366,2,57.0,1,1
1366,3,18.0,1,1
1366,4,14.0,1,1
1366,5,81.0,1,1
1366,6,0.0,1,1
1366,7,58.0,1,1
1366,8,16.0,1,1
1366,9,0.0,1,1
1366,10,16.0,1,1
1366,11,44.0,1,1
1366,12,8.0,1,1
1366,13,0.0,1,1
1366,14,19.0,1,1
1366,15,28.0,1,1
1366,16,4.0,1,1
1366,17,78.0,1,1
1366,18,82.0,1,1
1366,19,25.0,1,1
1366,20,27.0,1,1
1366,21,40.0,1,1
1366,22,8.0,1,1
1366,23,33.0,1,1
1366,24,1.0,1,1
1366,25,14.0,1,1
1366,26,18.0,1,1
1366,27,0.0,1,1
1366,28,16.0,1,1
1366,29,10.0,1,1
1366,30,18.0,1,1
1366,31,2.0,1,1
1366,32,12.0,1,1
1366,33,8.0,1,1
1367,0,107.0,1,1
1367,1,92.0,1,1
1367,2,46.0,1,1
1367,3,20.0,1,1
1367,4,14.0,1,1
1367,5,93.0,1,1
1367,6,0.0,1,1
1367,7,77.0,1,1
1367,8,26.0,1,1
1367,9,0.0,1,1
1367,10,10.0,1,1
1367,11,48.0,1,1
1367,12,7.0,1,1
1367,13,0.0,1,1
1367,14,24.0,1,1
1367,15,41.0,1,1
1367,16,2.0,1,1
1367,17,87.0,1,1
1367,18,70.0,1,1
1367,19,20.0,1,1
1367,20,26.0,1,1
1367,21,74.0,1,1
1367,22,8.0,1,1
1367,23,33.0,1,1
1367,24,3.0,1,1
1367,25,4.0,1,1
1367,26,19.0,1,1
1367,27,0.0,1,1
1367,28,9.0,1,1
1367,29,9.0,1,1
1367,30,14.0,1,1
1367,31,11.0,1,1
1367,32,10.0,1,1
1367,33,10.0,1,1
1368,0,110.0,1,1
1368,1,104.0,1,1
1368,2,51.0,1,1
1368,3,21.0,1,1
1368,4,20.0,1,1
1368,5,85.0,1,1
1368,6,0.0,1,1
1368,7,61.0,1,1
1368,8,20.0,1,1
1368,9,0.0,1,1
1368,10,15.0,1,1
1368,11,46.0,1,1
1368,12,13.0,1,1
1368,13,0.0,1,1
1368,14,10.0,1,1
1368,15,38.0,1,1
1368,16,7.0,1,1
1368,17,95.0,1,1
1368,18,88.0,1,1
1368,19,15.0,1,1
1368,20,17.0,1,1
1368,21,29.0,1,1
1368,22,12.0,1,1
1368,23,47.0,1,1
1368,24,3.0,1,1
1368,25,17.0,1,1
1368,26,24.0,1,1
1368,27,0.0,1,1
1368,28,20.0,1,1
1368,29,17.0,1,1
1368,30,19.0,1,1
1368,31,11.0,1,1
1368,32,16.0,1,1
1368,33,9.0,1,1
1369,0,96.0,1,1
1369,1,115.0,1,1
1369,2,63.0,1,1
1369,3,22.0,1,1
1369,4,25.0,1,1
1369,5,105.0,1,1
1369,6,0.0,1,1
1369,7,74.0,1,1
1369,8,21.0,1,1
1369,9,0.0,1,1
1369,10,13.0,1,1
1369,11,46.0,1,1
1369,12,11.0,1,1
1369,13,0.0,1,1
1369,14,16.0,1,1
1369,15,37.0,1,1
1369,16,8.0,1,1
1369,17,110.0,1,1
1369,18,75.0,1,1
1369,19,26.0,1,1
1369,20,23.0,1,1
1369,21,44.0,1,1
1369,22,8.0,1,1
1369,23,40.0,1,1
1369,24,0.0,1,1
1369,25,10.0,1,1
1369,26,27.0,1,1
1369,27,0.0,1,1
1369,28,18.0,1,1
1369,29,26.0,1,1
1369,30,21.0,1,1
1369,31,8.0,1,1
1369,32,8.0,1,1
1369,33,8.0,1,1
1370,0,105.0,1,1
1370,1,77.0,1,1
1370,2,57.0,1,1
1370,3,20.0,1,1
1370,4,15.0,1,1
1370,5,78.0,1,1
1370,6,0.0,1,1
1370,7,84.0,1,1
1370,8,10.0,1,1
1370,9,0.0,1,1
1370,10,15.0,1,1
1370,11,56.0,1,1
1370,12,11.0,1,1
1370,13,1.0,1,1
1370,14,15.0,1,1
1370,15,34.0,1,1
1370,16,8.0,1,1
1370,17,100.0,1,1
1370,18,83.0,1,1
1370,19,29.0,1,1
1370,20,27.0,1,1
1370,21,82.0,1,1
1370,22,8.0,1,1
1370,23,41.0,1,1
1370,24,3.0,1,1
1370,25,10.0,1,1
1370,26,23.0,1,1
1370,27,0.0,1,1
1370,28,19.0,1,1
1370,29,18.0,1,1
1370,30,16.0,1,1
1370,31,5.0,1,1
1370,32,17.0,1,1
1370,33,14.0,1,1
1371,0,105.0,1,1
1371,1,83.0,1,1
1371,2,72.0,1,1
1371,3,44.0,1,1
1371,4,12.0,1,1
1371,5,76.0,1,1
1371,6,0.0,1,1
1371,7,81.0,1,1
1371,8,14.0,1,1
1371,9,0.0,1,1
1371,10,11.0,1,1
1371,11,42.0,1,1
1371,12,11.0,1,1
1371,13,3.0,1,1
1371,14,17.0,1,1
1371,15,38.0,1,1
1371,16,3.0,1,1
1371,17,115.0,1,1
1371,18,76.0,1,1
1371,19,39.0,1,1
1371,20,26.0,1,1
1371,21,46.0,1,1
1371,22,9.0,1,1
1371,23,54.0,1,1
1371,24,2.0,1,1
1371,25,14.0,1,1
1371,26,27.0,1,1
1371,27,0.0,1,1
1371,28,18.0,1,1
1371,29,32.0,1,1
1371,30,19.0,1,1
1371,31,11.0,1,1
1371,32,14.0,1,1
1371,33,20.0,1,1
1372,0,97.0,1,1
1372,1,82.0,1,1
1372,2,54.0,1,1
1372,3,26.0,1,1
1372,4,17.0,1,1
1372,5,71.0,1,1
1372,6,0.0,1,1
1372,7,80.0,1,1
1372,8,16.0,1,1
1372,9,0.0,1,1
1372,10,12.0,1,1
1372,11,45.0,1,1
1372,12,9.0,1,1
1372,13,0.0,1,1
1372,14,22.0,1,1
1372,15,40.0,1,1
1372,16,8.0,1,1
1372,17,97.0,1,1
1372,18,93.0,1,1
1372,19,29.0,1,1
1372,20,34.0,1,1
1372,21,43.0,1,1
1372,22,9.0,1,1
1372,23,54.0,1,1
1372,24,3.0,1,1
1372,25,19.0,1,1
1372,26,23.0,1,1
1372,27,0.0,1,1
1372,28,20.0,1,1
1372,29,27.0,1,1
1372,30,19.0,1,1
1372,31,8.0,1,1
1372,32,13.0,1,1
1372,33,17.0,1,1
1373,0,90.0,1,1
1373,1,75.0,1,1
1373,2,61.0,1,1
1373,3,67.0,1,1
1373,4,25.0,1,1
1373,5,70.0,1,1
1373,6,0.0,1,1
1373,7,85.0,1,1
1373,8,17.0,1,1
1373,9,0.0,1,1
1373,10,18.0,1,1
1373,11,68.0,1,1
1373,12,8.0,1,1
1373,13,3.0,1,1
1373,14,18.0,1,1
1373,15,35.0,1,1
1373,16,6.0,1,1
1373,17,77.0,1,1
1373,18,100.0,1,1
1373,19,25.0,1,1
1373,20,40.0,1,1
1373,21,41.0,1,1
1373,22,7.0,1,1
1373,23,46.0,1,1
1373,24,1.0,1,1
1373,25,14.0,1,1
1373,26,21.0,1,1
1373,27,0.0,1,1
1373,28,10.0,1,1
1373,29,15.0,1,1
1373,30,15.0,1,1
1373,31,10.0,1,1
1373,32,13.0,1,1
1373,33,17.0,1,1
1374,0,90.0,1,1
1374,1,67.0,1,1
1374,2,44.0,1,1
1374,3,14.0,1,1
1374,4,8.0,1,1
1374,5,71.0,1,1
1374,6,0.0,1,1
1374,7,53.0,1,1
1374,8,13.0,1,1
1374,9,0.0,1,1
1374,10,10.0,1,1
1374,11,42.0,1,1
1374,12,8.0,1,1
1374,13,1.0,1,1
1374,14,19.0,1,1
1374,15,33.0,1,1
1374,16,2.0,1,1
1374,17,69.0,1,1
1374,18,63.0,1,1
1374,19,12.0,1,1
1374,20,16.0,1,1
1374,21,73.0,1,1
1374,22,6.0,1,1
1374,23,21.0,1,1
1374,24,1.0,1,1
1374,25,13.0,1,1
1374,26,17.0,1,1
1374,27,0.0,1,1
1374,28,14.0,1,1
1374,29,11.0,1,1
1374,30,17.0,1,1
1374,31,9.0,1,1
1374,32,9.0,1,1
1374,33,12.0,1,1
1375,0,72.0,1,1
1375,1,77.0,1,1
1375,2,31.0,1,1
1375,3,13.0,1,1
1375,4,18.0,1,1
1375,5,61.0,1,1
1375,6,0.0,1,1
1375,7,59.0,1,1
1375,8,20.0,1,1
1375,9,0.0,1,1
1375,10,17.0,1,1
1375,11,34.0,1,1
1375,12,8.0,1,1
1375,13,0.0,1,1
1375,14,16.0,1,1
1375,15,34.0,1,1
1375,16,3.0,1,1
1375,17,64.0,1,1
1375,18,63.0,1,1
1375,19,18.0,1,1
1375,20,27.0,1,1
1375,21,38.0,1,1
1375,22,11.0,1,1
1375,23,18.0,1,1
1375,24,1.0,1,1
1375,25,10.0,1,1
1375,26,11.0,1,1
1375,27,0.0,1,1
1375,28,17.0,1,1
1375,29,25.0,1,1
1375,30,12.0,1,1
1375,31,3.0,1,1
1375,32,11.0,1,1
1375,33,11.0,1,1
1376,0,104.0,1,1
1376,1,83.0,1,1
1376,2,55.0,1,1
1376,3,26.0,1,1
1376,4,31.0,1,1
1376,5,73.0,1,1
1376,6,0.0,1,1
1376,7,71.0,1,1
1376,8,34.0,1,1
1376,9,0.0,1,1
1376,10,12.0,1,1
1376,11,36.0,1,1
1376,12,8.0,1,1
1376,13,0.0,1,1
1376,14,12.0,1,1
1376,15,43.0,1,1
1376,16,10.0,1,1
1376,17,83.0,1,1
1376,18,72.0,1,1
1376,19,24.0,1,1
1376,20,39.0,1,1
1376,21,30.0,1,1
1376,22,31.0,1,1
1376,23,47.0,1,1
1376,24,3.0,1,1
1376,25,10.0,1,1
1376,26,20.0,1,1
1376,27,0.0,1,1
1376,28,5.0,1,1
1376,29,41.0,1,1
1376,30,27.0,1,1
1376,31,12.0,1,1
1376,32,12.0,1,1
1376,33,26.0,1,1
1377,0,164.0,1,1
1377,1,110.0,1,1
1377,2,39.0,1,1
1377,3,15.0,1,1
1377,4,22.0,1,1
1377,5,100.0,1,1
1377,6,0.0,1,1
1377,7,74.0,1,1
1377,8,42.0,1,1
1377,9,0.0,1,1
1377,10,12.0,1,1
1377,11,60.0,1,1
1377,12,18.0,1,1
1377,13,1.0,1,1
1377,14,13.0,1,1
1377,15,38.0,1,1
1377,16,7.0,1,1
1377,17,101.0,1,1
1377,18,96.0,1,1
1377,19,26.0,1,1
1377,20,45.0,1,1
1377,21,47.0,1,1
1377,22,23.0,1,1
1377,23,43.0,1,1
1377,24,4.0,1,1
1377,25,10.0,1,1
1377,26,37.0,1,1
1377,27,0.0,1,1
1377,28,26.0,1,1
1377,29,30.0,1,1
1377,30,26.0,1,1
1377,31,5.0,1,1
1377,32,17.0,1,1
1377,33,21.0,1,1
1378,0,134.0,1,1
1378,1,107.0,1,1
1378,2,58.0,1,1
1378,3,21.0,1,1
1378,4,11.0,1,1
1378,5,101.0,1,1
1378,6,0.0,1,1
1378,7,62.0,1,1
1378,8,85.0,1,1
1378,9,0.0,1,1
1378,10,14.0,1,1
1378,11,46.0,1,1
1378,12,9.0,1,1
1378,13,0.0,1,1
1378,14,14.0,1,1
1378,15,31.0,1,1
1378,16,3.0,1,1
1378,17,115.0,1,1
1378,18,89.0,1,1
1378,19,24.0,1,1
1378,20,41.0,1,1
1378,21,50.0,1,1
1378,22,25.0,1,1
1378,23,72.0,1,1
1378,24,1.0,1,1
1378,25,14.0,1,1
1378,26,35.0,1,1
1378,27,0.0,1,1
1378,28,21.0,1,1
1378,29,22.0,1,1
1378,30,15.0,1,1
1378,31,9.0,1,1
1378,32,21.0,1,1
1378,33,12.0,1,1
1379,0,111.0,1,1
1379,1,97.0,1,1
1379,2,48.0,1,1
1379,3,35.0,1,1
1379,4,19.0,1,1
1379,5,83.0,1,1
1379,6,0.0,1,1
1379,7,77.0,1,1
1379,8,20.0,1,1
1379,9,0.0,1,1
1379,10,19.0,1,1
1379,11,43.0,1,1
1379,12,10.0,1,1
1379,13,0.0,1,1
1379,14,17.0,1,1
1379,15,41.0,1,1
1379,16,4.0,1,1
1379,17,99.0,1,1
1379,18,98.0,1,1
1379,19,26.0,1,1
1379,20,33.0,1,1
1379,21,41.0,1,1
1379,22,10.0,1,1
1379,23,50.0,1,1
1379,24,3.0,1,1
1379,25,12.0,1,1
1379,26,36.0,1,1
1379,27,0.0,1,1
1379,28,25.0,1,1
1379,29,20.0,1,1
1379,30,24.0,1,1
1379,31,12.0,1,1
1379,32,10.0,1,1
1379,33,12.0,1,1
1380,0,114.0,1,1
1380,1,92.0,1,1
1380,2,65.0,1,1
1380,3,15.0,1,1
1380,4,14.0,1,1
1380,5,84.0,1,1
1380,6,0.0,1,1
1380,7,72.0,1,1
1380,8,23.0,1,1
1380,9,0.0,1,1
1380,10,12.0,1,1
1380,11,45.0,1,1
1380,12,16.0,1,1
1380,13,3.0,1,1
1380,14,19.0,1,1
1380,15,35.0,1,1
1380,16,2.0,1,1
1380,17,94.0,1,1
1380,18,92.0,1,1
1380,19,28.0,1,1
1380,20,37.0,1,1
1380,21,36.0,1,1
1380,22,4.0,1,1
1380,23,47.0,1,1
1380,24,3.0,1,1
1380,25,13.0,1,1
1380,26,37.0,1,1
1380,27,0.0,1,1
1380,28,31.0,1,1
1380,29,22.0,1,1
1380,30,17.0,1,1
1380,31,13.0,1,1
1380,32,10.0,1,1
1380,33,14.0,1,1
1381,0,94.0,1,1
1381,1,93.0,1,1
1381,2,72.0,1,1
1381,3,22.0,1,1
1381,4,16.0,1,1
1381,5,96.0,1,1
1381,6,0.0,1,1
1381,7,73.0,1,1
1381,8,23.0,1,1
1381,9,0.0,1,1
1381,10,9.0,1,1
1381,11,74.0,1,1
1381,12,7.0,1,1
1381,13,0.0,1,1
1381,14,17.0,1,1
1381,15,40.0,1,1
1381,16,4.0,1,1
1381,17,94.0,1,1
1381,18,133.0,1,1
1381,19,25.0,1,1
1381,20,25.0,1,1
1381,21,49.0,1,1
1381,22,10.0,1,1
1381,23,37.0,1,1
1381,24,4.0,1,1
1381,25,23.0,1,1
1381,26,22.0,1,1
1381,27,0.0,1,1
1381,28,26.0,1,1
1381,29,13.0,1,1
1381,30,14.0,1,1
1381,31,7.0,1,1
1381,32,13.0,1,1
1381,33,17.0,1,1
1382,0,126.0,1,1
1382,1,113.0,1,1
1382,2,73.0,1,1
1382,3,17.0,1,1
1382,4,25.0,1,1
1382,5,91.0,1,1
1382,6,0.0,1,1
1382,7,91.0,1,1
1382,8,38.0,1,1
1382,9,0.0,1,1
1382,10,9.0,1,1
1382,11,55.0,1,1
1382,12,9.0,1,1
1382,13,0.0,1,1
1382,14,16.0,1,1
1382,15,29.0,1,1
1382,16,8.0,1,1
1382,17,85.0,1,1
1382,18,96.0,1,1
1382,19,42.0,1,1
1382,20,35.0,1,1
1382,21,44.0,1,1
1382,22,19.0,1,1
1382,23,53.0,1,1
1382,24,3.0,1,1
1382,25,19.0,1,1
1382,26,28.0,1,1
1382,27,0.0,1,1
1382,28,30.0,1,1
1382,29,17.0,1,1
1382,30,8.0,1,1
1382,31,6.0,1,1
1382,32,16.0,1,1
1382,33,15.0,1,1
1383,0,118.0,1,1
1383,1,116.0,1,1
1383,2,80.0,1,1
1383,3,21.0,1,1
1383,4,12.0,1,1
1383,5,99.0,1,1
1383,6,0.0,1,1
1383,7,80.0,1,1
1383,8,20.0,1,1
1383,9,0.0,1,1
1383,10,12.0,1,1
1383,11,62.0,1,1
1383,12,13.0,1,1
1383,13,1.0,1,1
1383,14,8.0,1,1
1383,15,39.0,1,1
1383,16,2.0,1,1
1383,17,96.0,1,1
1383,18,88.0,1,1
1383,19,32.0,1,1
1383,20,34.0,1,1
1383,21,83.0,1,1
1383,22,18.0,1,1
1383,23,61.0,1,1
1383,24,3.0,1,1
1383,25,9.0,1,1
1383,26,27.0,1,1
1383,27,0.0,1,1
1383,28,24.0,1,1
1383,29,18.0,1,1
1383,30,18.0,1,1
1383,31,6.0,1,1
1383,32,9.0,1,1
1383,33,13.0,1,1
1384,0,107.0,1,1
1384,1,86.0,1,1
1384,2,66.0,1,1
1384,3,30.0,1,1
1384,4,15.0,1,1
1384,5,87.0,1,1
1384,6,0.0,1,1
1384,7,122.0,1,1
1384,8,22.0,1,1
1384,9,0.0,1,1
1384,10,25.0,1,1
1384,11,64.0,1,1
1384,12,7.0,1,1
1384,13,0.0,1,1
1384,14,31.0,1,1
1384,15,46.0,1,1
1384,16,2.0,1,1
1384,17,119.0,1,1
1384,18,105.0,1,1
1384,19,24.0,1,1
1384,20,20.0,1,1
1384,21,49.0,1,1
1384,22,15.0,1,1
1384,23,48.0,1,1
1384,24,3.0,1,1
1384,25,8.0,1,1
1384,26,17.0,1,1
1384,27,0.0,1,1
1384,28,17.0,1,1
1384,29,29.0,1,1
1384,30,18.0,1,1
1384,31,4.0,1,1
1384,32,12.0,1,1
1384,33,22.0,1,1
1385,0,102.0,1,1
1385,1,82.0,1,1
1385,2,82.0,1,1
1385,3,17.0,1,1
1385,4,19.0,1,1
1385,5,90.0,1,1
1385,6,0.0,1,1
1385,7,81.0,1,1
1385,8,29.0,1,1
1385,9,0.0,1,1
1385,10,20.0,1,1
1385,11,85.0,1,1
1385,12,15.0,1,1
1385,13,3.0,1,1
1385,14,29.0,1,1
1385,15,63.0,1,1
1385,16,5.0,1,1
1385,17,104.0,1,1
1385,18,106.0,1,1
1385,19,31.0,1,1
1385,20,35.0,1,1
1385,21,50.0,1,1
1385,22,8.0,1,1
1385,23,55.0,1,1
1385,24,8.0,1,1
1385,25,10.0,1,1
1385,26,18.0,1,1
1385,27,0.0,1,1
1385,28,31.0,1,1
1385,29,62.0,1,1
1385,30,17.0,1,1
1385,31,8.0,1,1
1385,32,22.0,1,1
1385,33,32.0,1,1
1386,0,130.0,1,1
1386,1,105.0,1,1
1386,2,59.0,1,1
1386,3,20.0,1,1
1386,4,19.0,1,1
1386,5,110.0,1,1
1386,6,0.0,1,1
1386,7,76.0,1,1
1386,8,37.0,1,1
1386,9,0.0,1,1
1386,10,15.0,1,1
1386,11,63.0,1,1
1386,12,6.0,1,1
1386,13,3.0,1,1
1386,14,19.0,1,1
1386,15,36.0,1,1
1386,16,6.0,1,1
1386,17,137.0,1,1
1386,18,91.0,1,1
1386,19,29.0,1,1
1386,20,40.0,1,1
1386,21,42.0,1,1
1386,22,11.0,1,1
1386,23,55.0,1,1
1386,24,4.0,1,1
1386,25,18.0,1,1
1386,26,23.0,1,1
1386,27,0.0,1,1
1386,28,22.0,1,1
1386,29,36.0,1,1
1386,30,19.0,1,1
1386,31,7.0,1,1
1386,32,17.0,1,1
1386,33,27.0,1,1
1387,0,130.0,1,1
1387,1,97.0,1,1
1387,2,82.0,1,1
1387,3,31.0,1,1
1387,4,23.0,1,1
1387,5,75.0,1,1
1387,6,0.0,1,1
1387,7,106.0,1,1
1387,8,92.0,1,1
1387,9,0.0,1,1
1387,10,12.0,1,1
1387,11,65.0,1,1
1387,12,16.0,1,1
1387,13,0.0,1,1
1387,14,17.0,1,1
1387,15,47.0,1,1
1387,16,7.0,1,1
1387,17,97.0,1,1
1387,18,127.0,1,1
1387,19,56.0,1,1
1387,20,45.0,1,1
1387,21,49.0,1,1
1387,22,21.0,1,1
1387,23,58.0,1,1
1387,24,2.0,1,1
1387,25,17.0,1,1
1387,26,24.0,1,1
1387,27,0.0,1,1
1387,28,17.0,1,1
1387,29,25.0,1,1
1387,30,26.0,1,1
1387,31,6.0,1,1
1387,32,16.0,1,1
1387,33,17.0,1,1
1388,0,122.0,1,1
1388,1,108.0,1,1
1388,2,90.0,1,1
1388,3,23.0,1,1
1388,4,21.0,1,1
1388,5,89.0,1,1
1388,6,0.0,1,1
1388,7,106.0,1,1
1388,8,25.0,1,1
1388,9,0.0,1,1
1388,10,15.0,1,1
1388,11,94.0,1,1
1388,12,13.0,1,1
1388,13,0.0,1,1
1388,14,18.0,1,1
1388,15,44.0,1,1
1388,16,8.0,1,1
1388,17,134.0,1,1
1388,18,146.0,1,1
1388,19,57.0,1,1
1388,20,39.0,1,1
1388,21,70.0,1,1
1388,22,32.0,1,1
1388,23,65.0,1,1
1388,24,4.0,1,1
1388,25,31.0,1,1
1388,26,30.0,1,1
1388,27,0.0,1,1
1388,28,7.0,1,1
1388,29,38.0,1,1
1388,30,27.0,1,1
1388,31,14.0,1,1
1388,32,15.0,1,1
1388,33,17.0,1,1
1389,0,93.0,1,1
1389,1,126.0,1,1
1389,2,57.0,1,1
1389,3,44.0,1,1
1389,4,28.0,1,1
1389,5,121.0,1,1
1389,6,0.0,1,1
1389,7,92.0,1,1
1389,8,35.0,1,1
1389,9,0.0,1,1
1389,10,13.0,1,1
1389,11,66.0,1,1
1389,12,7.0,1,1
1389,13,0.0,1,1
1389,14,16.0,1,1
1389,15,48.0,1,1
1389,16,5.0,1,1
1389,17,128.0,1,1
1389,18,145.0,1,1
1389,19,48.0,1,1
1389,20,35.0,1,1
1389,21,89.0,1,1
1389,22,13.0,1,1
1389,23,52.0,1,1
1389,24,1.0,1,1
1389,25,26.0,1,1
1389,26,29.0,1,1
1389,27,0.0,1,1
1389,28,25.0,1,1
1389,29,38.0,1,1
1389,30,25.0,1,1
1389,31,14.0,1,1
1389,32,23.0,1,1
1389,33,25.0,1,1
1390,0,144.0,1,1
1390,1,86.0,1,1
1390,2,91.0,1,1
1390,3,25.0,1,1
1390,4,22.0,1,1
1390,5,99.0,1,1
1390,6,0.0,1,1
1390,7,105.0,1,1
1390,8,31.0,1,1
1390,9,0.0,1,1
1390,10,13.0,1,1
1390,11,87.0,1,1
1390,12,7.0,1,1
1390,13,0.0,1,1
1390,14,11.0,1,1
1390,15,46.0,1,1
1390,16,7.0,1,1
1390,17,133.0,1,1
1390,18,146.0,1,1
1390,19,43.0,1,1
1390,20,32.0,1,1
1390,21,59.0,1,1
1390,22,18.0,1,1
1390,23,45.0,1,1
1390,24,2.0,1,1
1390,25,17.0,1,1
1390,26,24.0,1,1
1390,27,0.0,1,1
1390,28,37.0,1,1
1390,29,25.0,1,1
1390,30,17.0,1,1
1390,31,5.0,1,1
1390,32,25.0,1,1
1390,33,17.0,1,1
1391,0,119.0,1,1
1391,1,116.0,1,1
1391,2,100.0,1,1
1391,3,35.0,1,1
1391,4,20.0,1,1
1391,5,118.0,1,1
1391,6,0.0,1,1
1391,7,124.0,1,1
1391,8,24.0,1,1
1391,9,0.0,1,1
1391,10,24.0,1,1
1391,11,86.0,1,1
1391,12,15.0,1,1
1391,13,1.0,1,1
1391,14,16.0,1,1
1391,15,53.0,1,1
1391,16,3.0,1,1
1391,17,117.0,1,1
1391,18,147.0,1,1
1391,19,41.0,1,1
1391,20,38.0,1,1
1391,21,49.0,1,1
1391,22,23.0,1,1
1391,23,50.0,1,1
1391,24,4.0,1,1
1391,25,23.0,1,1
1391,26,18.0,1,1
1391,27,0.0,1,1
1391,28,17.0,1,1
1391,29,24.0,1,1
1391,30,24.0,1,1
1391,31,6.0,1,1
1391,32,12.0,1,1
1391,33,18.0,1,1
1392,0,137.0,1,1
1392,1,125.0,1,1
1392,2,83.0,1,1
1392,3,24.0,1,1
1392,4,16.0,1,1
1392,5,133.0,1,1
1392,6,0.0,1,1
1392,7,108.0,1,1
1392,8,40.0,1,1
1392,9,0.0,1,1
1392,10,22.0,1,1
1392,11,80.0,1,1
1392,12,14.0,1,1
1392,13,3.0,1,1
1392,14,20.0,1,1
1392,15,58.0,1,1
1392,16,6.0,1,1
1392,17,103.0,1,1
1392,18,170.0,1,1
1392,19,26.0,1,1
1392,20,41.0,1,1
1392,21,61.0,1,1
1392,22,14.0,1,1
1392,23,50.0,1,1
1392,24,6.0,1,1
1392,25,17.0,1,1
1392,26,24.0,1,1
1392,27,0.0,1,1
1392,28,39.0,1,1
1392,29,26.0,1,1
1392,30,21.0,1,1
1392,31,9.0,1,1
1392,32,14.0,1,1
1392,33,13.0,1,1
1393,0,139.0,1,1
1393,1,95.0,1,1
1393,2,81.0,1,1
1393,3,50.0,1,1
1393,4,30.0,1,1
1393,5,109.0,1,1
1393,6,0.0,1,1
1393,7,94.0,1,1
1393,8,19.0,1,1
1393,9,0.0,1,1
1393,10,13.0,1,1
1393,11,75.0,1,1
1393,12,9.0,1,1
1393,13,0.0,1,1
1393,14,27.0,1,1
1393,15,63.0,1,1
1393,16,3.0,1,1
1393,17,110.0,1,1
1393,18,137.0,1,1
1393,19,34.0,1,1
1393,20,37.0,1,1
1393,21,55.0,1,1
1393,22,10.0,1,1
1393,23,49.0,1,1
1393,24,1.0,1,1
1393,25,17.0,1,1
1393,26,28.0,1,1
1393,27,0.0,1,1
1393,28,28.0,1,1
1393,29,20.0,1,1
1393,30,21.0,1,1
1393,31,7.0,1,1
1393,32,21.0,1,1
1393,33,22.0,1,1
1394,0,141.0,1,1
1394,1,115.0,1,1
1394,2,92.0,1,1
1394,3,26.0,1,1
1394,4,22.0,1,1
1394,5,93.0,1,1
1394,6,0.0,1,1
1394,7,109.0,1,1
1394,8,30.0,1,1
1394,9,0.0,1,1
1394,10,14.0,1,1
1394,11,92.0,1,1
1394,12,8.0,1,1
1394,13,2.0,1,1
1394,14,23.0,1,1
1394,15,49.0,1,1
1394,16,7.0,1,1
1394,17,107.0,1,1
1394,18,143.0,1,1
1394,19,27.0,1,1
1394,20,64.0,1,1
1394,21,61.0,1,1
1394,22,19.0,1,1
1394,23,64.0,1,1
1394,24,3.0,1,1
1394,25,18.0,1,1
1394,26,26.0,1,1
1394,27,0.0,1,1
1394,28,35.0,1,1
1394,29,21.0,1,1
1394,30,25.0,1,1
1394,31,7.0,1,1
1394,32,18.0,1,1
1394,33,15.0,1,1
1395,0,133.0,1,1
1395,1,87.0,1,1
1395,2,81.0,1,1
1395,3,25.0,1,1
1395,4,24.0,1,1
1395,5,95.0,1,1
1395,6,0.0,1,1
1395,7,119.0,1,1
1395,8,25.0,1,1
1395,9,0.0,1,1
1395,10,15.0,1,1
1395,11,85.0,1,1
1395,12,9.0,1,1
1395,13,0.0,1,1
1395,14,22.0,1,1
1395,15,71.0,1,1
1395,16,2.0,1,1
1395,17,124.0,1,1
1395,18,139.0,1,1
1395,19,33.0,1,1
1395,20,29.0,1,1
1395,21,59.0,1,1
1395,22,10.0,1,1
1395,23,63.0,1,1
1395,24,2.0,1,1
1395,25,24.0,1,1
1395,26,19.0,1,1
1395,27,0.0,1,1
1395,28,23.0,1,1
1395,29,14.0,1,1
1395,30,18.0,1,1
1395,31,13.0,1,1
1395,32,24.0,1,1
1395,33,8.0,1,1
1396,0,132.0,1,1
1396,1,111.0,1,1
1396,2,101.0,1,1
1396,3,29.0,1,1
1396,4,14.0,1,1
1396,5,100.0,1,1
1396,6,0.0,1,1
1396,7,128.0,1,1
1396,8,27.0,1,1
1396,9,0.0,1,1
1396,10,24.0,1,1
1396,11,72.0,1,1
1396,12,10.0,1,1
1396,13,0.0,1,1
1396,14,21.0,1,1
1396,15,66.0,1,1
1396,16,4.0,1,1
1396,17,93.0,1,1
1396,18,133.0,1,1
1396,19,41.0,1,1
1396,20,41.0,1,1
1396,21,99.0,1,1
1396,22,11.0,1,1
1396,23,38.0,1,1
1396,24,2.0,1,1
1396,25,20.0,1,1
1396,26,19.0,1,1
1396,27,0.0,1,1
1396,28,27.0,1,1
1396,29,26.0,1,1
1396,30,23.0,1,1
1396,31,10.0,1,1
1396,32,20.0,1,1
1396,33,12.0,1,1
1397,0,113.0,1,1
1397,1,93.0,1,1
1397,2,97.0,1,1
1397,3,42.0,1,1
1397,4,17.0,1,1
1397,5,84.0,1,1
1397,6,0.0,1,1
1397,7,108.0,1,1
1397,8,34.0,1,1
1397,9,0.0,1,1
1397,10,15.0,1,1
1397,11,98.0,1,1
1397,12,19.0,1,1
1397,13,0.0,1,1
1397,14,62.0,1,1
1397,15,52.0,1,1
1397,16,6.0,1,1
1397,17,117.0,1,1
1397,18,150.0,1,1
1397,19,45.0,1,1
1397,20,34.0,1,1
1397,21,47.0,1,1
1397,22,19.0,1,1
1397,23,68.0,1,1
1397,24,1.0,1,1
1397,25,16.0,1,1
1397,26,30.0,1,1
1397,27,0.0,1,1
1397,28,26.0,1,1
1397,29,18.0,1,1
1397,30,18.0,1,1
1397,31,14.0,1,1
1397,32,23.0,1,1
1397,33,15.0,1,1
1398,0,122.0,1,1
1398,1,71.0,1,1
1398,2,94.0,1,1
1398,3,40.0,1,1
1398,4,27.0,1,1
1398,5,88.0,1,1
1398,6,0.0,1,1
1398,7,119.0,1,1
1398,8,20.0,1,1
1398,9,0.0,1,1
1398,10,16.0,1,1
1398,11,98.0,1,1
1398,12,18.0,1,1
1398,13,0.0,1,1
1398,14,17.0,1,1
1398,15,61.0,1,1
1398,16,7.0,1,1
1398,17,137.0,1,1
1398,18,156.0,1,1
1398,19,34.0,1,1
1398,20,36.0,1,1
1398,21,66.0,1,1
1398,22,19.0,1,1
1398,23,66.0,1,1
1398,24,7.0,1,1
1398,25,14.0,1,1
1398,26,30.0,1,1
1398,27,0.0,1,1
1398,28,27.0,1,1
1398,29,21.0,1,1
1398,30,21.0,1,1
1398,31,20.0,1,1
1398,32,23.0,1,1
1398,33,14.0,1,1
1399,0,123.0,1,1
1399,1,85.0,1,1
1399,2,102.0,1,1
1399,3,39.0,1,1
1399,4,26.0,1,1
1399,5,84.0,1,1
1399,6,0.0,1,1
1399,7,108.0,1,1
1399,8,24.0,1,1
1399,9,0.0,1,1
1399,10,21.0,1,1
1399,11,68.0,1,1
1399,12,9.0,1,1
1399,13,2.0,1,1
1399,14,12.0,1,1
1399,15,77.0,1,1
1399,16,7.0,1,1
1399,17,148.0,1,1
1399,18,164.0,1,1
1399,19,41.0,1,1
1399,20,28.0,1,1
1399,21,54.0,1,1
1399,22,19.0,1,1
1399,23,57.0,1,1
1399,24,4.0,1,1
1399,25,19.0,1,1
1399,26,40.0,1,1
1399,27,0.0,1,1
1399,28,35.0,1,1
1399,29,42.0,1,1
1399,30,26.0,1,1
1399,31,8.0,1,1
1399,32,18.0,1,1
1399,33,30.0,1,1
1400,0,120.0,1,1
1400,1,81.0,1,1
1400,2,109.0,1,1
1400,3,108.0,1,1
1400,4,19.0,1,1
1400,5,73.0,1,1
1400,6,0.0,1,1
1400,7,141.0,1,1
1400,8,17.0,1,1
1400,9,0.0,1,1
1400,10,18.0,1,1
1400,11,68.0,1,1
1400,12,19.0,1,1
1400,13,0.0,1,1
1400,14,13.0,1,1
1400,15,83.0,1,1
1400,16,3.0,1,1
1400,17,113.0,1,1
1400,18,149.0,1,1
1400,19,51.0,1,1
1400,20,36.0,1,1
1400,21,78.0,1,1
1400,22,18.0,1,1
1400,23,53.0,1,1
1400,24,4.0,1,1
1400,25,16.0,1,1
1400,26,31.0,1,1
1400,27,0.0,1,1
1400,28,21.0,1,1
1400,29,11.0,1,1
1400,30,22.0,1,1
1400,31,7.0,1,1
1400,32,29.0,1,1
1400,33,11.0,1,1
1401,0,112.0,1,1
1401,1,95.0,1,1
1401,2,129.0,1,1
1401,3,59.0,1,1
1401,4,33.0,1,1
1401,5,91.0,1,1
1401,6,0.0,1,1
1401,7,164.0,1,1
1401,8,24.0,1,1
1401,9,0.0,1,1
1401,10,27.0,1,1
1401,11,134.0,1,1
1401,12,15.0,1,1
1401,13,2.0,1,1
1401,14,17.0,1,1
1401,15,62.0,1,1
1401,16,8.0,1,1
1401,17,121.0,1,1
1401,18,179.0,1,1
1401,19,39.0,1,1
1401,20,42.0,1,1
1401,21,35.0,1,1
1401,22,13.0,1,1
1401,23,55.0,1,1
1401,24,5.0,1,1
1401,25,14.0,1,1
1401,26,23.0,1,1
1401,27,0.0,1,1
1401,28,36.0,1,1
1401,29,17.0,1,1
1401,30,28.0,1,1
1401,31,8.0,1,1
1401,32,24.0,1,1
1401,33,8.0,1,1
1402,0,139.0,1,1
1402,1,88.0,1,1
1402,2,125.0,1,1
1402,3,47.0,1,1
1402,4,28.0,1,1
1402,5,96.0,1,1
1402,6,0.0,1,1
1402,7,138.0,1,1
1402,8,27.0,1,1
1402,9,0.0,1,1
1402,10,14.0,1,1
1402,11,117.0,1,1
1402,12,10.0,1,1
1402,13,0.0,1,1
1402,14,14.0,1,1
1402,15,29.0,1,1
1402,16,5.0,1,1
1402,17,121.0,1,1
1402,18,175.0,1,1
1402,19,41.0,1,1
1402,20,35.0,1,1
1402,21,63.0,1,1
1402,22,8.0,1,1
1402,23,46.0,1,1
1402,24,5.0,1,1
1402,25,18.0,1,1
1402,26,30.0,1,1
1402,27,0.0,1,1
1402,28,32.0,1,1
1402,29,15.0,1,1
1402,30,28.0,1,1
1402,31,10.0,1,1
1402,32,20.0,1,1
1402,33,19.0,1,1
1403,0,123.0,1,1
1403,1,87.0,1,1
1403,2,119.0,1,1
1403,3,51.0,1,1
1403,4,37.0,1,1
1403,5,92.0,1,1
1403,6,0.0,1,1
1403,7,151.0,1,1
1403,8,34.0,1,1
1403,9,0.0,1,1
1403,10,17.0,1,1
1403,11,108.0,1,1
1403,12,16.0,1,1
1403,13,0.0,1,1
1403,14,15.0,1,1
1403,15,76.0,1,1
1403,16,5.0,1,1
1403,17,126.0,1,1
1403,18,191.0,1,1
1403,19,38.0,1,1
1403,20,42.0,1,1
1403,21,68.0,1,1
1403,22,16.0,1,1
1403,23,60.0,1,1
1403,24,4.0,1,1
1403,25,19.0,1,1
1403,26,29.0,1,1
1403,27,0.0,1,1
1403,28,46.0,1,1
1403,29,23.0,1,1
1403,30,26.0,1,1
1403,31,4.0,1,1
1403,32,15.0,1,1
1403,33,21.0,1,1
1404,0,121.0,1,1
1404,1,97.0,1,1
1404,2,110.0,1,1
1404,3,45.0,1,1
1404,4,43.0,1,1
1404,5,80.0,1,1
1404,6,0.0,1,1
1404,7,172.0,1,1
1404,8,36.0,1,1
1404,9,0.0,1,1
1404,10,15.0,1,1
1404,11,102.0,1,1
1404,12,15.0,1,1
1404,13,3.0,1,1
1404,14,14.0,1,1
1404,15,48.0,1,1
1404,16,11.0,1,1
1404,17,117.0,1,1
1404,18,175.0,1,1
1404,19,46.0,1,1
1404,20,32.0,1,1
1404,21,69.0,1,1
1404,22,12.0,1,1
1404,23,69.0,1,1
1404,24,11.0,1,1
1404,25,14.0,1,1
1404,26,18.0,1,1
1404,27,0.0,1,1
1404,28,27.0,1,1
1404,29,16.0,1,1
1404,30,30.0,1,1
1404,31,5.0,1,1
1404,32,21.0,1,1
1404,33,18.0,1,1
1405,0,105.0,1,1
1405,1,94.0,1,1
1405,2,149.0,1,1
1405,3,46.0,1,1
1405,4,40.0,1,1
1405,5,78.0,1,1
1405,6,0.0,1,1
1405,7,123.0,1,1
1405,8,30.0,1,1
1405,9,0.0,1,1
1405,10,16.0,1,1
1405,11,108.0,1,1
1405,12,16.0,1,1
1405,13,0.0,1,1
1405,14,12.0,1,1
1405,15,52.0,1,1
1405,16,2.0,1,1
1405,17,96.0,1,1
1405,18,211.0,1,1
1405,19,40.0,1,1
1405,20,37.0,1,1
1405,21,71.0,1,1
1405,22,21.0,1,1
1405,23,59.0,1,1
1405,24,4.0,1,1
1405,25,12.0,1,1
1405,26,24.0,1,1
1405,27,0.0,1,1
1405,28,35.0,1,1
1405,29,19.0,1,1
1405,30,29.0,1,1
1405,31,9.0,1,1
1405,32,20.0,1,1
1405,33,8.0,1,1
1406,0,154.0,1,1
1406,1,111.0,1,1
1406,2,108.0,1,1
1406,3,50.0,1,1
1406,4,28.0,1,1
1406,5,73.0,1,1
1406,6,0.0,1,1
1406,7,154.0,1,1
1406,8,36.0,1,1
1406,9,0.0,1,1
1406,10,20.0,1,1
1406,11,94.0,1,1
1406,12,8.0,1,1
1406,13,0.0,1,1
1406,14,22.0,1,1
1406,15,86.0,1,1
1406,16,6.0,1,1
1406,17,115.0,1,1
1406,18,174.0,1,1
1406,19,41.0,1,1
1406,20,49.0,1,1
1406,21,51.0,1,1
1406,22,20.0,1,1
1406,23,58.0,1,1
1406,24,4.0,1,1
1406,25,22.0,1,1
1406,26,31.0,1,1
1406,27,0.0,1,1
1406,28,29.0,1,1
1406,29,30.0,1,1
1406,30,35.0,1,1
1406,31,6.0,1,1
1406,32,24.0,1,1
1406,33,22.0,1,1
1407,0,111.0,1,1
1407,1,90.0,1,1
1407,2,122.0,1,1
1407,3,53.0,1,1
1407,4,22.0,1,1
1407,5,73.0,1,1
1407,6,0.0,1,1
1407,7,162.0,1,1
1407,8,36.0,1,1
1407,9,0.0,1,1
1407,10,21.0,1,1
1407,11,94.0,1,1
1407,12,14.0,1,1
1407,13,0.0,1,1
1407,14,18.0,1,1
1407,15,58.0,1,1
1407,16,8.0,1,1
1407,17,118.0,1,1
1407,18,212.0,1,1
1407,19,39.0,1,1
1407,20,43.0,1,1
1407,21,65.0,1,1
1407,22,18.0,1,1
1407,23,54.0,1,1
1407,24,6.0,1,1
1407,25,20.0,1,1
1407,26,31.0,1,1
1407,27,0.0,1,1
1407,28,37.0,1,1
1407,29,26.0,1,1
1407,30,25.0,1,1
1407,31,11.0,1,1
1407,32,23.0,1,1
1407,33,16.0,1,1
1408,0,128.0,1,1
1408,1,124.0,1,1
1408,2,117.0,1,1
1408,3,49.0,1,1
1408,4,42.0,1,1
1408,5,85.0,1,1
1408,6,0.0,1,1
1408,7,123.0,1,1
1408,8,37.0,1,1
1408,9,0.0,1,1
1408,10,21.0,1,1
1408,11,71.0,1,1
1408,12,13.0,1,1
1408,13,1.0,1,1
1408,14,12.0,1,1
1408,15,70.0,1,1
1408,16,6.0,1,1
1408,17,141.0,1,1
1408,18,206.0,1,1
1408,19,45.0,1,1
1408,20,65.0,1,1
1408,21,64.0,1,1
1408,22,12.0,1,1
1408,23,64.0,1,1
1408,24,4.0,1,1
1408,25,19.0,1,1
1408,26,39.0,1,1
1408,27,0.0,1,1
1408,28,41.0,1,1
1408,29,26.0,1,1
1408,30,23.0,1,1
1408,31,8.0,1,1
1408,32,25.0,1,1
1408,33,25.0,1,1
1409,0,122.0,1,1
1409,1,98.0,1,1
1409,2,116.0,1,1
1409,3,62.0,1,1
1409,4,26.0,1,1
1409,5,73.0,1,1
1409,6,0.0,1,1
1409,7,132.0,1,1
1409,8,35.0,1,1
1409,9,0.0,1,1
1409,10,19.0,1,1
1409,11,93.0,1,1
1409,12,19.0,1,1
1409,13,0.0,1,1
1409,14,26.0,1,1
1409,15,84.0,1,1
1409,16,8.0,1,1
1409,17,127.0,1,1
1409,18,194.0,1,1
1409,19,39.0,1,1
1409,20,35.0,1,1
1409,21,62.0,1,1
1409,22,25.0,1,1
1409,23,53.0,1,1
1409,24,5.0,1,1
1409,25,20.0,1,1
1409,26,38.0,1,1
1409,27,0.0,1,1
1409,28,33.0,1,1
1409,29,21.0,1,1
1409,30,32.0,1,1
1409,31,8.0,1,1
1409,32,28.0,1,1
1409,33,11.0,1,1
1410,0,104.0,1,1
1410,1,96.0,1,1
1410,2,116.0,1,1
1410,3,67.0,1,1
1410,4,41.0,1,1
1410,5,62.0,1,1
1410,6,0.0,1,1
1410,7,116.0,1,1
1410,8,31.0,1,1
1410,9,0.0,1,1
1410,10,16.0,1,1
1410,11,75.0,1,1
1410,12,12.0,1,1
1410,13,0.0,1,1
1410,14,31.0,1,1
1410,15,66.0,1,1
1410,16,8.0,1,1
1410,17,116.0,1,1
1410,18,194.0,1,1
1410,19,53.0,1,1
1410,20,48.0,1,1
1410,21,71.0,1,1
1410,22,25.0,1,1
1410,23,76.0,1,1
1410,24,6.0,1,1
1410,25,19.0,1,1
1410,26,34.0,1,1
1410,27,0.0,1,1
1410,28,45.0,1,1
1410,29,17.0,1,1
1410,30,36.0,1,1
1410,31,4.0,1,1
1410,32,32.0,1,1
1410,33,13.0,1,1
1411,0,144.0,1,1
1411,1,124.0,1,1
1411,2,125.0,1,1
1411,3,49.0,1,1
1411,4,36.0,1,1
1411,5,83.0,1,1
1411,6,0.0,1,1
1411,7,127.0,1,1
1411,8,39.0,1,1
1411,9,0.0,1,1
1411,10,16.0,1,1
1411,11,89.0,1,1
1411,12,12.0,1,1
1411,13,0.0,1,1
1411,14,17.0,1,1
1411,15,59.0,1,1
1411,16,5.0,1,1
1411,17,128.0,1,1
1411,18,206.0,1,1
1411,19,36.0,1,1
1411,20,43.0,1,1
1411,21,60.0,1,1
1411,22,21.0,1,1
1411,23,91.0,1,1
1411,24,6.0,1,1
1411,25,15.0,1,1
1411,26,38.0,1,1
1411,27,0.0,1,1
1411,28,36.0,1,1
1411,29,19.0,1,1
1411,30,27.0,1,1
1411,31,4.0,1,1
1411,32,27.0,1,1
1411,33,11.0,1,1
1412,0,101.0,1,1
1412,1,105.0,1,1
1412,2,91.0,1,1
1412,3,56.0,1,1
1412,4,25.0,1,1
1412,5,59.0,1,1
1412,6,0.0,1,1
1412,7,119.0,1,1
1412,8,27.0,1,1
1412,9,0.0,1,1
1412,10,10.0,1,1
1412,11,70.0,1,1
1412,12,14.0,1,1
1412,13,0.0,1,1
1412,14,28.0,1,1
1412,15,43.0,1,1
1412,16,6.0,1,1
1412,17,117.0,1,1
1412,18,190.0,1,1
1412,19,50.0,1,1
1412,20,41.0,1,1
1412,21,61.0,1,1
1412,22,17.0,1,1
1412,23,70.0,1,1
1412,24,9.0,1,1
1412,25,17.0,1,1
1412,26,27.0,1,1
1412,27,0.0,1,1
1412,28,38.0,1,1
1412,29,15.0,1,1
1412,30,26.0,1,1
1412,31,7.0,1,1
1412,32,21.0,1,1
1412,33,11.0,1,1
1413,0,105.0,1,1
1413,1,99.0,1,1
1413,2,111.0,1,1
1413,3,43.0,1,1
1413,4,26.0,1,1
1413,5,69.0,1,1
1413,6,0.0,1,1
1413,7,123.0,1,1
1413,8,28.0,1,1
1413,9,0.0,1,1
1413,10,16.0,1,1
1413,11,75.0,1,1
1413,12,11.0,1,1
1413,13,2.0,1,1
1413,14,16.0,1,1
1413,15,61.0,1,1
1413,16,4.0,1,1
1413,17,120.0,1,1
1413,18,145.0,1,1
1413,19,45.0,1,1
1413,20,42.0,1,1
1413,21,52.0,1,1
1413,22,22.0,1,1
1413,23,62.0,1,1
1413,24,5.0,1,1
1413,25,19.0,1,1
1413,26,24.0,1,1
1413,27,0.0,1,1
1413,28,30.0,1,1
1413,29,14.0,1,1
1413,30,32.0,1,1
1413,31,3.0,1,1
1413,32,25.0,1,1
1413,33,9.0,1,1
1414,0,128.0,1,1
1414,1,98.0,1,1
1414,2,78.0,1,1
1414,3,49.0,1,1
1414,4,22.0,1,1
1414,5,69.0,1,1
1414,6,0.0,1,1
1414,7,122.0,1,1
1414,8,40.0,1,1
1414,9,0.0,1,1
1414,10,20.0,1,1
1414,11,75.0,1,1
1414,12,13.0,1,1
1414,13,3.0,1,1
1414,14,27.0,1,1
1414,15,61.0,1,1
1414,16,5.0,1,1
1414,17,102.0,1,1
1414,18,157.0,1,1
1414,19,38.0,1,1
1414,20,45.0,1,1
1414,21,54.0,1,1
1414,22,16.0,1,1
1414,23,72.0,1,1
1414,24,4.0,1,1
1414,25,11.0,1,1
1414,26,26.0,1,1
1414,27,0.0,1,1
1414,28,27.0,1,1
1414,29,20.0,1,1
1414,30,24.0,1,1
1414,31,4.0,1,1
1414,32,16.0,1,1
1414,33,12.0,1,1
1415,0,127.0,1,1
1415,1,117.0,1,1
1415,2,85.0,1,1
1415,3,41.0,1,1
1415,4,22.0,1,1
1415,5,87.0,1,1
1415,6,0.0,1,1
1415,7,124.0,1,1
1415,8,31.0,1,1
1415,9,0.0,1,1
1415,10,26.0,1,1
1415,11,60.0,1,1
1415,12,12.0,1,1
1415,13,0.0,1,1
1415,14,29.0,1,1
1415,15,62.0,1,1
1415,16,7.0,1,1
1415,17,114.0,1,1
1415,18,161.0,1,1
1415,19,42.0,1,1
1415,20,43.0,1,1
1415,21,59.0,1,1
1415,22,22.0,1,1
1415,23,41.0,1,1
1415,24,6.0,1,1
1415,25,12.0,1,1
1415,26,30.0,1,1
1415,27,0.0,1,1
1415,28,36.0,1,1
1415,29,15.0,1,1
1415,30,17.0,1,1
1415,31,9.0,1,1
1415,32,15.0,1,1
1415,33,15.0,1,1
1416,0,110.0,1,1
1416,1,131.0,1,1
1416,2,82.0,1,1
1416,3,87.0,1,1
1416,4,20.0,1,1
1416,5,78.0,1,1
1416,6,0.0,1,1
1416,7,100.0,1,1
1416,8,33.0,1,1
1416,9,0.0,1,1
1416,10,25.0,1,1
1416,11,60.0,1,1
1416,12,17.0,1,1
1416,13,0.0,1,1
1416,14,20.0,1,1
1416,15,46.0,1,1
1416,16,3.0,1,1
1416,17,110.0,1,1
1416,18,161.0,1,1
1416,19,40.0,1,1
1416,20,41.0,1,1
1416,21,72.0,1,1
1416,22,15.0,1,1
1416,23,50.0,1,1
1416,24,2.0,1,1
1416,25,18.0,1,1
1416,26,31.0,1,1
1416,27,0.0,1,1
1416,28,18.0,1,1
1416,29,22.0,1,1
1416,30,29.0,1,1
1416,31,4.0,1,1
1416,32,25.0,1,1
1416,33,9.0,1,1
1417,0,133.0,1,1
1417,1,107.0,1,1
1417,2,77.0,1,1
1417,3,29.0,1,1
1417,4,24.0,1,1
1417,5,73.0,1,1
1417,6,0.0,1,1
1417,7,102.0,1,1
1417,8,40.0,1,1
1417,9,0.0,1,1
1417,10,15.0,1,1
1417,11,70.0,1,1
1417,12,14.0,1,1
1417,13,0.0,1,1
1417,14,25.0,1,1
1417,15,51.0,1,1
1417,16,5.0,1,1
1417,17,107.0,1,1
1417,18,150.0,1,1
1417,19,39.0,1,1
1417,20,40.0,1,1
1417,21,75.0,1,1
1417,22,12.0,1,1
1417,23,55.0,1,1
1417,24,3.0,1,1
1417,25,22.0,1,1
1417,26,29.0,1,1
1417,27,0.0,1,1
1417,28,27.0,1,1
1417,29,19.0,1,1
1417,30,27.0,1,1
1417,31,2.0,1,1
1417,32,13.0,1,1
1417,33,11.0,1,1
1418,0,88.0,1,1
1418,1,115.0,1,1
1418,2,73.0,1,1
1418,3,33.0,1,1
1418,4,25.0,1,1
1418,5,83.0,1,1
1418,6,0.0,1,1
1418,7,97.0,1,1
1418,8,35.0,1,1
1418,9,0.0,1,1
1418,10,21.0,1,1
1418,11,71.0,1,1
1418,12,13.0,1,1
1418,13,1.0,1,1
1418,14,13.0,1,1
1418,15,42.0,1,1
1418,16,2.0,1,1
1418,17,104.0,1,1
1418,18,149.0,1,1
1418,19,38.0,1,1
1418,20,37.0,1,1
1418,21,67.0,1,1
1418,22,15.0,1,1
1418,23,47.0,1,1
1418,24,6.0,1,1
1418,25,27.0,1,1
1418,26,25.0,1,1
1418,27,0.0,1,1
1418,28,28.0,1,1
1418,29,9.0,1,1
1418,30,24.0,1,1
1418,31,4.0,1,1
1418,32,21.0,1,1
1418,33,8.0,1,1
1419,0,103.0,1,1
1419,1,79.0,1,1
1419,2,84.0,1,1
1419,3,32.0,1,1
1419,4,23.0,1,1
1419,5,58.0,1,1
1419,6,0.0,1,1
1419,7,98.0,1,1
1419,8,36.0,1,1
1419,9,0.0,1,1
1419,10,18.0,1,1
1419,11,75.0,1,1
1419,12,6.0,1,1
1419,13,3.0,1,1
1419,14,22.0,1,1
1419,15,35.0,1,1
1419,16,3.0,1,1
1419,17,112.0,1,1
1419,18,106.0,1,1
1419,19,29.0,1,1
1419,20,27.0,1,1
1419,21,57.0,1,1
1419,22,16.0,1,1
1419,23,54.0,1,1
1419,24,4.0,1,1
1419,25,16.0,1,1
1419,26,28.0,1,1
1419,27,0.0,1,1
1419,28,26.0,1,1
1419,29,13.0,1,1
1419,30,19.0,1,1
1419,31,6.0,1,1
1419,32,29.0,1,1
1419,33,4.0,1,1
1420,0,74.0,1,1
1420,1,93.0,1,1
1420,2,71.0,1,1
1420,3,23.0,1,1
1420,4,20.0,1,1
1420,5,65.0,1,1
1420,6,0.0,1,1
1420,7,101.0,1,1
1420,8,23.0,1,1
1420,9,0.0,1,1
1420,10,20.0,1,1
1420,11,66.0,1,1
1420,12,16.0,1,1
1420,13,0.0,1,1
1420,14,24.0,1,1
1420,15,102.0,1,1
1420,16,2.0,1,1
1420,17,88.0,1,1
1420,18,116.0,1,1
1420,19,27.0,1,1
1420,20,43.0,1,1
1420,21,88.0,1,1
1420,22,12.0,1,1
1420,23,57.0,1,1
1420,24,1.0,1,1
1420,25,9.0,1,1
1420,26,25.0,1,1
1420,27,0.0,1,1
1420,28,14.0,1,1
1420,29,11.0,1,1
1420,30,19.0,1,1
1420,31,4.0,1,1
1420,32,22.0,1,1
1420,33,9.0,1,1
1421,0,85.0,1,1
1421,1,84.0,1,1
1421,2,64.0,1,1
1421,3,20.0,1,1
1421,4,20.0,1,1
1421,5,61.0,1,1
1421,6,0.0,1,1
1421,7,89.0,1,1
1421,8,24.0,1,1
1421,9,0.0,1,1
1421,10,11.0,1,1
1421,11,64.0,1,1
1421,12,20.0,1,1
1421,13,0.0,1,1
1421,14,13.0,1,1
1421,15,30.0,1,1
1421,16,1.0,1,1
1421,17,78.0,1,1
1421,18,111.0,1,1
1421,19,24.0,1,1
1421,20,42.0,1,1
1421,21,53.0,1,1
1421,22,8.0,1,1
1421,23,44.0,1,1
1421,24,2.0,1,1
1421,25,14.0,1,1
1421,26,25.0,1,1
1421,27,0.0,1,1
1421,28,24.0,1,1
1421,29,14.0,1,1
1421,30,18.0,1,1
1421,31,6.0,1,1
1421,32,10.0,1,1
1421,33,11.0,1,1
1422,0,53.0,1,1
1422,1,77.0,1,1
1422,2,57.0,1,1
1422,3,39.0,1,1
1422,4,13.0,1,1
1422,5,59.0,1,1
1422,6,0.0,1,1
1422,7,87.0,1,1
1422,8,38.0,1,1
1422,9,0.0,1,1
1422,10,16.0,1,1
1422,11,58.0,1,1
1422,12,26.0,1,1
1422,13,2.0,1,1
1422,14,12.0,1,1
1422,15,46.0,1,1
1422,16,1.0,1,1
1422,17,90.0,1,1
1422,18,106.0,1,1
1422,19,24.0,1,1
1422,20,18.0,1,1
1422,21,52.0,1,1
1422,22,15.0,1,1
1422,23,39.0,1,1
1422,24,1.0,1,1
1422,25,13.0,1,1
1422,26,9.0,1,1
1422,27,0.0,1,1
1422,28,21.0,1,1
1422,29,9.0,1,1
1422,30,14.0,1,1
1422,31,4.0,1,1
1422,32,13.0,1,1
1422,33,5.0,1,1
1423,0,82.0,1,1
1423,1,75.0,1,1
1423,2,50.0,1,1
1423,3,20.0,1,1
1423,4,12.0,1,1
1423,5,47.0,1,1
1423,6,0.0,1,1
1423,7,58.0,1,1
1423,8,30.0,1,1
1423,9,0.0,1,1
1423,10,12.0,1,1
1423,11,41.0,1,1
1423,16,2.0,1,1
1423,17,70.0,1,1
1423,18,96.0,1,1
1423,19,24.0,1,1
1423,20,29.0,1,1
1423,21,39.0,1,1
1423,22,11.0,1,1
1423,23,37.0,1,1
1423,24,38.0,1,1
1423,25,8.0,1,1
1423,26,17.0,1,1
1423,27,0.0,1,1
1423,28,18.0,1,1
1423,29,14.0,1,1
1423,30,16.0,1,1
1423,31,2.0,1,1
1423,32,15.0,1,1
1423,33,9.0,1,1
1424,0,59.0,1,1
1424,1,59.0,1,1
1424,2,47.0,1,1
1424,3,17.0,1,1
1424,4,11.0,1,1
1424,5,49.0,1,1
1424,6,0.0,1,1
1424,7,74.0,1,1
1424,8,29.0,1,1
1424,9,0.0,1,1
1424,10,6.0,1,1
1424,11,47.0,1,1
1424,12,6.0,1,1
1424,13,2.0,1,1
1424,14,12.0,1,1
1424,15,37.0,1,1
1424,16,4.0,1,1
1424,17,63.0,1,1
1424,18,73.0,1,1
1424,19,28.0,1,1
1424,20,30.0,1,1
1424,21,29.0,1,1
1424,22,13.0,1,1
1424,23,43.0,1,1
1424,24,1.0,1,1
1424,25,11.0,1,1
1424,26,14.0,1,1
1424,27,0.0,1,1
1424,28,18.0,1,1
1424,29,12.0,1,1
1424,30,21.0,1,1
1424,31,7.0,1,1
1424,32,8.0,1,1
1424,33,12.0,1,1
1425,0,56.0,1,1
1425,1,69.0,1,1
1425,2,63.0,1,1
1425,3,7.0,1,1
1425,4,19.0,1,1
1425,5,59.0,1,1
1425,6,0.0,1,1
1425,7,66.0,1,1
1425,8,24.0,1,1
1425,9,0.0,1,1
1425,10,8.0,1,1
1425,11,53.0,1,1
1425,12,6.0,1,1
1425,13,2.0,1,1
1425,14,10.0,1,1
1425,15,28.0,1,1
1425,16,3.0,1,1
1425,17,62.0,1,1
1425,18,105.0,1,1
1425,19,26.0,1,1
1425,20,32.0,1,1
1425,21,55.0,1,1
1425,22,8.0,1,1
1425,23,42.0,1,1
1425,24,1.0,1,1
1425,25,10.0,1,1
1425,26,15.0,1,1
1425,27,0.0,1,1
1425,28,20.0,1,1
1425,29,13.0,1,1
1425,30,15.0,1,1
1425,31,4.0,1,1
1425,32,13.0,1,1
1425,33,9.0,1,1
1426,0,66.0,1,1
1426,1,66.0,1,1
1426,2,66.0,1,1
1426,3,16.0,1,1
1426,4,24.0,1,1
1426,5,60.0,1,1
1426,6,0.0,1,1
1426,7,68.0,1,1
1426,8,19.0,1,1
1426,9,0.0,1,1
1426,10,10.0,1,1
1426,11,49.0,1,1
1426,12,8.0,1,1
1426,13,0.0,1,1
1426,14,20.0,1,1
1426,15,46.0,1,1
1426,16,1.0,1,1
1426,17,61.0,1,1
1426,18,105.0,1,1
1426,19,39.0,1,1
1426,20,31.0,1,1
1426,21,36.0,1,1
1426,22,13.0,1,1
1426,23,42.0,1,1
1426,24,0.0,1,1
1426,25,12.0,1,1
1426,26,15.0,1,1
1426,27,0.0,1,1
1426,28,18.0,1,1
1426,29,11.0,1,1
1426,30,13.0,1,1
1426,31,5.0,1,1
1426,32,14.0,1,1
1426,33,10.0,1,1
1427,0,60.0,1,1
1427,1,79.0,1,1
1427,2,49.0,1,1
1427,3,10.0,1,1
1427,4,10.0,1,1
1427,5,55.0,1,1
1427,6,0.0,1,1
1427,7,67.0,1,1
1427,8,8.0,1,1
1427,9,0.0,1,1
1427,10,8.0,1,1
1427,11,41.0,1,1
1427,12,24.0,1,1
1427,13,0.0,1,1
1427,14,18.0,1,1
1427,15,43.0,1,1
1427,16,1.0,1,1
1427,17,78.0,1,1
1427,18,94.0,1,1
1427,19,27.0,1,1
1427,20,29.0,1,1
1427,21,86.0,1,1
1427,22,13.0,1,1
1427,23,38.0,1,1
1427,24,4.0,1,1
1427,25,11.0,1,1
1427,26,20.0,1,1
1427,27,0.0,1,1
1427,28,11.0,1,1
1427,29,17.0,1,1
1427,30,15.0,1,1
1427,31,3.0,1,1
1427,32,10.0,1,1
1427,33,8.0,1,1
1428,0,66.0,1,1
1428,1,89.0,1,1
1428,2,49.0,1,1
1428,3,27.0,1,1
1428,4,17.0,1,1
1428,5,77.0,1,1
1428,6,0.0,1,1
1428,7,68.0,1,1
1428,8,22.0,1,1
1428,9,0.0,1,1
1428,10,5.0,1,1
1428,11,48.0,1,1
1428,12,7.0,1,1
1428,13,0.0,1,1
1428,14,10.0,1,1
1428,15,41.0,1,1
1428,16,4.0,1,1
1428,17,78.0,1,1
1428,18,112.0,1,1
1428,19,33.0,1,1
1428,20,22.0,1,1
1428,21,41.0,1,1
1428,22,11.0,1,1
1428,23,40.0,1,1
1428,24,2.0,1,1
1428,25,12.0,1,1
1428,26,12.0,1,1
1428,27,0.0,1,1
1428,28,13.0,1,1
1428,29,13.0,1,1
1428,30,21.0,1,1
1428,31,7.0,1,1
1428,32,14.0,1,1
1428,33,12.0,1,1
1429,0,78.0,1,1
1429,1,79.0,1,1
1429,2,72.0,1,1
1429,3,26.0,1,1
1429,4,22.0,1,1
1429,5,62.0,1,1
1429,6,0.0,1,1
1429,7,71.0,1,1
1429,8,23.0,1,1
1429,9,0.0,1,1
1429,10,6.0,1,1
1429,11,46.0,1,1
1429,12,8.0,1,1
1429,13,3.0,1,1
1429,14,9.0,1,1
1429,15,39.0,1,1
1429,16,6.0,1,1
1429,17,70.0,1,1
1429,18,104.0,1,1
1429,19,25.0,1,1
1429,20,43.0,1,1
1429,21,39.0,1,1
1429,22,14.0,1,1
1429,23,56.0,1,1
1429,24,0.0,1,1
1429,25,15.0,1,1
1429,26,19.0,1,1
1429,27,0.0,1,1
1429,28,16.0,1,1
1429,29,9.0,1,1
1429,30,11.0,1,1
1429,31,6.0,1,1
1429,32,14.0,1,1
1429,33,9.0,1,1
1430,0,65.0,1,1
1430,1,84.0,1,1
1430,2,64.0,1,1
1430,3,14.0,1,1
1430,4,21.0,1,1
1430,5,71.0,1,1
1430,6,0.0,1,1
1430,7,92.0,1,1
1430,8,16.0,1,1
1430,9,0.0,1,1
1430,10,6.0,1,1
1430,11,67.0,1,1
1430,12,6.0,1,1
1430,13,2.0,1,1
1430,14,6.0,1,1
1430,15,44.0,1,1
1430,16,3.0,1,1
1430,17,82.0,1,1
1430,18,103.0,1,1
1430,19,37.0,1,1
1430,20,31.0,1,1
1430,21,78.0,1,1
1430,22,13.0,1,1
1430,23,44.0,1,1
1430,24,1.0,1,1
1430,25,8.0,1,1
1430,26,22.0,1,1
1430,27,0.0,1,1
1430,28,13.0,1,1
1430,29,9.0,1,1
1430,30,15.0,1,1
1430,31,1.0,1,1
1430,32,13.0,1,1
1430,33,6.0,1,1
1431,0,78.0,1,1
1431,1,100.0,1,1
1431,2,74.0,1,1
1431,3,5.0,1,1
1431,4,16.0,1,1
1431,5,55.0,1,1
1431,6,0.0,1,1
1431,7,71.0,1,1
1431,8,10.0,1,1
1431,9,0.0,1,1
1431,10,8.0,1,1
1431,11,62.0,1,1
1431,12,10.0,1,1
1431,13,2.0,1,1
1431,14,5.0,1,1
1431,15,35.0,1,1
1431,16,3.0,1,1
1431,17,72.0,1,1
1431,18,113.0,1,1
1431,19,19.0,1,1
1431,20,31.0,1,1
1431,21,49.0,1,1
1431,22,3.0,1,1
1431,23,34.0,1,1
1431,24,0.0,1,1
1431,25,11.0,1,1
1431,26,15.0,1,1
1431,27,0.0,1,1
1431,28,14.0,1,1
1431,29,5.0,1,1
1431,30,14.0,1,1
1431,31,3.0,1,1
1431,32,17.0,1,1
1431,33,3.0,1,1
1432,0,53.0,1,1
1432,1,77.0,1,1
1432,2,55.0,1,1
1432,3,18.0,1,1
1432,4,11.0,1,1
1432,5,68.0,1,1
1432,6,0.0,1,1
1432,7,89.0,1,1
1432,8,13.0,1,1
1432,9,0.0,1,1
1432,10,3.0,1,1
1432,11,56.0,1,1
1432,12,3.0,1,1
1432,13,0.0,1,1
1432,14,9.0,1,1
1432,15,38.0,1,1
1432,16,2.0,1,1
1432,17,65.0,1,1
1432,18,90.0,1,1
1432,19,26.0,1,1
1432,20,30.0,1,1
1432,21,33.0,1,1
1432,22,9.0,1,1
1432,23,37.0,1,1
1432,24,0.0,1,1
1432,25,12.0,1,1
1432,26,16.0,1,1
1432,27,0.0,1,1
1432,28,18.0,1,1
1432,29,14.0,1,1
1432,30,17.0,1,1
1432,31,5.0,1,1
1432,32,17.0,1,1
1432,33,11.0,1,1
1433,0,60.0,1,1
1433,1,84.0,1,1
1433,2,58.0,1,1
1433,3,24.0,1,1
1433,4,10.0,1,1
1433,5,59.0,1,1
1433,6,0.0,1,1
1433,7,74.0,1,1
1433,8,22.0,1,1
1433,9,0.0,1,1
1433,10,4.0,1,1
1433,11,51.0,1,1
1433,12,2.0,1,1
1433,13,0.0,1,1
1433,14,3.0,1,1
1433,15,26.0,1,1
1433,16,3.0,1,1
1433,17,62.0,1,1
1433,18,105.0,1,1
1433,19,26.0,1,1
1433,20,24.0,1,1
1433,21,30.0,1,1
1433,22,8.0,1,1
1433,23,36.0,1,1
1433,24,2.0,1,1
1433,25,15.0,1,1
1433,26,12.0,1,1
1433,27,0.0,1,1
1433,28,29.0,1,1
1433,29,16.0,1,1
1433,30,20.0,1,1
1433,31,2.0,1,1
1433,32,12.0,1,1
1433,33,7.0,1,1
1434,0,67.0,1,1
1434,1,79.0,1,1
1434,2,62.0,1,1
1434,3,35.0,1,1
1434,4,13.0,1,1
1434,5,65.0,1,1
1434,6,0.0,1,1
1434,7,61.0,1,1
1434,8,12.0,1,1
1434,9,0.0,1,1
1434,10,2.0,1,1
1434,11,44.0,1,1
1434,12,3.0,1,1
1434,13,0.0,1,1
1434,14,10.0,1,1
1434,15,42.0,1,1
1434,16,1.0,1,1
1434,17,81.0,1,1
1434,18,77.0,1,1
1434,19,21.0,1,1
1434,20,25.0,1,1
1434,21,29.0,1,1
1434,22,2.0,1,1
1434,23,35.0,1,1
1434,24,4.0,1,1
1434,25,7.0,1,1
1434,26,14.0,1,1
1434,27,0.0,1,1
1434,28,13.0,1,1
1434,29,9.0,1,1
1434,30,19.0,1,1
1434,31,4.0,1,1
1434,32,16.0,1,1
1434,33,13.0,1,1
1435,0,65.0,1,1
1435,1,90.0,1,1
1435,2,46.0,1,1
1435,3,22.0,1,1
1435,4,21.0,1,1
1435,5,53.0,1,1
1435,6,0.0,1,1
1435,7,72.0,1,1
1435,8,88.0,1,1
1435,9,0.0,1,1
1435,10,5.0,1,1
1435,11,57.0,1,1
1435,12,4.0,1,1
1435,13,1.0,1,1
1435,14,4.0,1,1
1435,15,37.0,1,1
1435,16,3.0,1,1
1435,17,84.0,1,1
1435,18,83.0,1,1
1435,19,20.0,1,1
1435,20,20.0,1,1
1435,21,33.0,1,1
1435,22,7.0,1,1
1435,23,19.0,1,1
1435,24,1.0,1,1
1435,25,5.0,1,1
1435,26,14.0,1,1
1435,27,0.0,1,1
1435,28,14.0,1,1
1435,29,6.0,1,1
1435,30,15.0,1,1
1435,31,2.0,1,1
1435,32,11.0,1,1
1435,33,9.0,1,1
1436,0,54.0,1,1
1436,1,76.0,1,1
1436,2,51.0,1,1
1436,3,22.0,1,1
1436,4,18.0,1,1
1436,5,44.0,1,1
1436,6,0.0,1,1
1436,7,63.0,1,1
1436,8,10.0,1,1
1436,9,0.0,1,1
1436,10,4.0,1,1
1436,11,49.0,1,1
1436,12,2.0,1,1
1436,13,1.0,1,1
1436,14,6.0,1,1
1436,15,29.0,1,1
1436,16,0.0,1,1
1436,17,42.0,1,1
1436,18,85.0,1,1
1436,19,19.0,1,1
1436,20,23.0,1,1
1436,21,28.0,1,1
1436,22,4.0,1,1
1436,23,35.0,1,1
1436,24,1.0,1,1
1436,25,7.0,1,1
1436,26,12.0,1,1
1436,27,0.0,1,1
1436,28,13.0,1,1
1436,29,4.0,1,1
1436,30,10.0,1,1
1436,31,3.0,1,1
1436,32,17.0,1,1
1436,33,4.0,1,1
1437,0,54.0,1,1
1437,1,53.0,1,1
1437,2,50.0,1,1
1437,3,18.0,1,1
1437,4,13.0,1,1
1437,5,39.0,1,1
1437,6,0.0,1,1
1437,7,57.0,1,1
1437,8,12.0,1,1
1437,9,0.0,1,1
1437,10,2.0,1,1
1437,11,31.0,1,1
1437,12,2.0,1,1
1437,13,0.0,1,1
1437,14,9.0,1,1
1437,15,35.0,1,1
1437,16,0.0,1,1
1437,17,50.0,1,1
1437,18,62.0,1,1
1437,19,20.0,1,1
1437,20,18.0,1,1
1437,21,22.0,1,1
1437,22,4.0,1,1
1437,23,24.0,1,1
1437,24,2.0,1,1
1437,25,4.0,1,1
1437,26,9.0,1,1
1437,27,0.0,1,1
1437,28,15.0,1,1
1437,29,4.0,1,1
1437,30,11.0,1,1
1437,31,4.0,1,1
1437,32,11.0,1,1
1437,33,4.0,1,1
1438,0,39.0,1,1
1438,1,62.0,1,1
1438,2,55.0,1,1
1438,3,13.0,1,1
1438,4,11.0,1,1
1438,5,55.0,1,1
1438,6,0.0,1,1
1438,7,67.0,1,1
1438,8,24.0,1,1
1438,9,0.0,1,1
1438,10,4.0,1,1
1438,11,41.0,1,1
1438,12,9.0,1,1
1438,13,0.0,1,1
1438,14,5.0,1,1
1438,15,20.0,1,1
1438,16,1.0,1,1
1438,17,48.0,1,1
1438,18,47.0,1,1
1438,19,16.0,1,1
1438,20,12.0,1,1
1438,21,16.0,1,1
1438,22,9.0,1,1
1438,23,42.0,1,1
1438,24,0.0,1,1
1438,25,8.0,1,1
1438,26,7.0,1,1
1438,27,0.0,1,1
1438,28,13.0,1,1
1438,29,9.0,1,1
1438,30,12.0,1,1
1438,31,3.0,1,1
1438,32,3.0,1,1
1438,33,10.0,1,1
1439,0,32.0,1,1
1439,1,54.0,1,1
1439,2,42.0,1,1
1439,3,41.0,1,1
1439,4,9.0,1,1
1439,5,40.0,1,1
1439,6,0.0,1,1
1439,7,74.0,1,1
1439,8,15.0,1,1
1439,9,0.0,1,1
1439,10,1.0,1,1
1439,11,66.0,1,1
1439,12,5.0,1,1
1439,13,3.0,1,1
1439,14,1.0,1,1
1439,15,33.0,1,1
1439,16,2.0,1,1
1439,17,64.0,1,1
1439,18,90.0,1,1
1439,19,18.0,1,1
1439,20,12.0,1,1
1439,21,29.0,1,1
1439,22,6.0,1,1
1439,23,30.0,1,1
1439,24,2.0,1,1
1439,25,5.0,1,1
1439,26,7.0,1,1
1439,27,0.0,1,1
1439,28,10.0,1,1
1439,29,5.0,1,1
1439,30,16.0,1,1
1439,31,6.0,1,1
1439,32,12.0,1,1
1439,33,4.0,1,1
1440,0,49.0,1,1
1440,1,66.0,1,1
1440,2,54.0,1,1
1440,3,45.0,1,1
1440,4,10.0,1,1
1440,5,47.0,1,1
1440,6,0.0,1,1
1440,7,39.0,1,1
1440,8,13.0,1,1
1440,9,0.0,1,1
1440,10,6.0,1,1
1440,11,35.0,1,1
1440,12,3.0,1,1
1440,13,1.0,1,1
1440,14,4.0,1,1
1440,15,30.0,1,1
1440,16,2.0,1,1
1440,17,66.0,1,1
1440,18,55.0,1,1
1440,19,16.0,1,1
1440,20,19.0,1,1
1440,21,20.0,1,1
1440,22,5.0,1,1
1440,23,35.0,1,1
1440,24,2.0,1,1
1440,25,3.0,1,1
1440,26,11.0,1,1
1440,27,0.0,1,1
1440,28,10.0,1,1
1440,29,5.0,1,1
1440,30,9.0,1,1
1440,31,2.0,1,1
1440,32,12.0,1,1
1440,33,2.0,1,1
1441,0,37.0,1,1
1441,1,59.0,1,1
1441,2,37.0,1,1
1441,3,17.0,1,1
1441,4,17.0,1,1
1441,5,38.0,1,1
1441,6,0.0,1,1
1441,7,52.0,1,1
1441,8,10.0,1,1
1441,9,0.0,1,1
1441,10,1.0,1,1
1441,11,37.0,1,1
1441,12,2.0,1,1
1441,13,0.0,1,1
1441,14,3.0,1,1
1441,15,7.0,1,1
1441,16,1.0,1,1
1441,17,36.0,1,1
1441,18,55.0,1,1
1441,19,10.0,1,1
1441,20,8.0,1,1
1441,21,38.0,1,1
1441,22,4.0,1,1
1441,23,16.0,1,1
1441,24,2.0,1,1
1441,25,5.0,1,1
1441,26,6.0,1,1
1441,27,0.0,1,1
1441,28,13.0,1,1
1441,29,1.0,1,1
1441,30,11.0,1,1
1441,31,2.0,1,1
1441,32,11.0,1,1
1441,33,5.0,1,1
1442,0,30.0,1,1
1442,1,49.0,1,1
1442,2,35.0,1,1
1442,3,8.0,1,1
1442,4,8.0,1,1
1442,5,25.0,1,1
1442,6,0.0,1,1
1442,7,48.0,1,1
1442,8,6.0,1,1
1442,9,0.0,1,1
1442,10,4.0,1,1
1442,11,26.0,1,1
1442,12,3.0,1,1
1442,13,0.0,1,1
1442,14,1.0,1,1
1442,15,11.0,1,1
1442,16,1.0,1,1
1442,17,31.0,1,1
1442,18,40.0,1,1
1442,19,9.0,1,1
1442,20,15.0,1,1
1442,21,15.0,1,1
1442,22,3.0,1,1
1442,23,18.0,1,1
1442,24,1.0,1,1
1442,25,7.0,1,1
1442,26,6.0,1,1
1442,27,0.0,1,1
1442,28,8.0,1,1
1442,29,7.0,1,1
1442,30,9.0,1,1
1442,31,1.0,1,1
1442,32,7.0,1,1
1442,33,3.0,1,1
1443,0,41.0,1,1
1443,1,39.0,1,1
1443,2,28.0,1,1
1443,3,11.0,1,1
1443,4,8.0,1,1
1443,5,23.0,1,1
1443,6,0.0,1,1
1443,7,36.0,1,1
1443,8,4.0,1,1
1443,9,0.0,1,1
1443,10,4.0,1,1
1443,11,23.0,1,1
1443,12,0.0,1,1
1443,13,1.0,1,1
1443,14,2.0,1,1
1443,15,11.0,1,1
1443,16,2.0,1,1
1443,17,27.0,1,1
1443,18,45.0,1,1
1443,19,11.0,1,1
1443,20,7.0,1,1
1443,21,12.0,1,1
1443,22,2.0,1,1
1443,23,20.0,1,1
1443,24,2.0,1,1
1443,25,3.0,1,1
1443,26,6.0,1,1
1443,27,0.0,1,1
1443,28,8.0,1,1
1443,29,3.0,1,1
1443,30,5.0,1,1
1443,31,3.0,1,1
1443,32,8.0,1,1
1443,33,3.0,1,1
1444,0,30.0,1,1
1444,1,37.0,1,1
1444,2,28.0,1,1
1444,3,3.0,1,1
1444,4,7.0,1,1
1444,5,29.0,1,1
1444,6,0.0,1,1
1444,7,29.0,1,1
1444,8,7.0,1,1
1444,9,0.0,1,1
1444,10,4.0,1,1
1444,11,23.0,1,1
1444,12,1.0,1,1
1444,13,1.0,1,1
1444,14,1.0,1,1
1444,15,14.0,1,1
1444,16,0.0,1,1
1444,17,31.0,1,1
1444,18,43.0,1,1
1444,19,8.0,1,1
1444,20,8.0,1,1
1444,21,12.0,1,1
1444,22,3.0,1,1
1444,23,18.0,1,1
1444,24,2.0,1,1
1444,25,4.0,1,1
1444,26,4.0,1,1
1444,27,0.0,1,1
1444,28,13.0,1,1
1444,29,2.0,1,1
1444,30,5.0,1,1
1444,31,0.0,1,1
1444,32,5.0,1,1
1444,33,4.0,1,1
1445,0,15.0,1,1
1445,1,30.0,1,1
1445,2,25.0,1,1
1445,3,11.0,1,1
1445,4,5.0,1,1
1445,5,22.0,1,1
1445,6,0.0,1,1
1445,7,22.0,1,1
1445,8,6.0,1,1
1445,9,0.0,1,1
1445,10,0.0,1,1
1445,11,13.0,1,1
1445,12,6.0,1,1
1445,13,0.0,1,1
1445,14,2.0,1,1
1445,15,5.0,1,1
1445,16,0.0,1,1
1445,17,30.0,1,1
1445,18,29.0,1,1
1445,19,8.0,1,1
1445,20,6.0,1,1
1445,21,12.0,1,1
1445,22,9.0,1,1
1445,23,10.0,1,1
1445,24,0.0,1,1
1445,25,5.0,1,1
1445,26,6.0,1,1
1445,27,0.0,1,1
1445,28,10.0,1,1
1445,29,3.0,1,1
1445,30,3.0,1,1
1445,31,1.0,1,1
1445,32,6.0,1,1
1445,33,2.0,1,1
1446,0,29.0,1,1
1446,1,29.0,1,1
1446,2,25.0,1,1
1446,3,7.0,1,1
1446,4,2.0,1,1
1446,5,28.0,1,1
1446,6,0.0,1,1
1446,7,28.0,1,1
1446,8,5.0,1,1
1446,9,0.0,1,1
1446,10,4.0,1,1
1446,11,14.0,1,1
1446,12,1.0,1,1
1446,13,0.0,1,1
1446,14,0.0,1,1
1446,15,5.0,1,1
1446,16,0.0,1,1
1446,17,20.0,1,1
1446,18,35.0,1,1
1446,19,5.0,1,1
1446,20,5.0,1,1
1446,21,14.0,1,1
1446,22,2.0,1,1
1446,23,12.0,1,1
1446,24,1.0,1,1
1446,25,4.0,1,1
1446,26,6.0,1,1
1446,27,0.0,1,1
1446,28,3.0,1,1
1446,29,3.0,1,1
1446,30,3.0,1,1
1446,31,0.0,1,1
1446,32,3.0,1,1
1446,33,1.0,1,1
1447,0,31.0,1,1
1447,1,34.0,1,1
1447,2,16.0,1,1
1447,3,5.0,1,1
1447,4,1.0,1,1
1447,5,19.0,1,1
1447,6,0.0,1,1
1447,7,20.0,1,1
1447,8,9.0,1,1
1447,9,0.0,1,1
1447,10,6.0,1,1
1447,11,18.0,1,1
1447,12,2.0,1,1
1447,13,0.0,1,1
1447,14,1.0,1,1
1447,15,4.0,1,1
1447,16,1.0,1,1
1447,17,23.0,1,1
1447,18,28.0,1,1
1447,19,6.0,1,1
1447,20,10.0,1,1
1447,21,4.0,1,1
1447,22,2.0,1,1
1447,23,13.0,1,1
1447,24,1.0,1,1
1447,25,5.0,1,1
1447,26,2.0,1,1
1447,27,0.0,1,1
1447,28,10.0,1,1
1447,29,3.0,1,1
1447,30,4.0,1,1
1447,31,2.0,1,1
1447,32,2.0,1,1
1447,33,2.0,1,1
1448,0,18.0,1,1
1448,1,21.0,1,1
1448,2,14.0,1,1
1448,3,57.0,1,1
1448,4,2.0,1,1
1448,5,14.0,1,1
1448,6,0.0,1,1
1448,7,24.0,1,1
1448,8,3.0,1,1
1448,9,0.0,1,1
1448,10,1.0,1,1
1448,11,17.0,1,1
1448,12,2.0,1,1
1448,13,0.0,1,1
1448,14,0.0,1,1
1448,15,5.0,1,1
1448,16,0.0,1,1
1448,17,22.0,1,1
1448,18,23.0,1,1
1448,19,2.0,1,1
1448,20,2.0,1,1
1448,21,9.0,1,1
1448,22,0.0,1,1
1448,23,10.0,1,1
1448,24,1.0,1,1
1448,25,0.0,1,1
1448,26,3.0,1,1
1448,27,0.0,1,1
1448,28,6.0,1,1
1448,29,1.0,1,1
1448,30,1.0,1,1
1448,31,2.0,1,1
1448,32,0.0,1,1
1448,33,0.0,1,1
1449,0,17.0,1,1
1449,1,14.0,1,1
1449,2,11.0,1,1
1449,3,1.0,1,1
1449,4,4.0,1,1
1449,5,17.0,1,1
1449,6,0.0,1,1
1449,7,18.0,1,1
1449,8,4.0,1,1
1449,9,0.0,1,1
1449,10,0.0,1,1
1449,11,10.0,1,1
1449,12,0.0,1,1
1449,13,0.0,1,1
1449,14,0.0,1,1
1449,15,7.0,1,1
1449,16,1.0,1,1
1449,17,17.0,1,1
1449,18,21.0,1,1
1449,19,7.0,1,1
1449,20,6.0,1,1
1449,21,12.0,1,1
1449,22,1.0,1,1
1449,23,7.0,1,1
1449,24,0.0,1,1
1449,25,2.0,1,1
1449,26,1.0,1,1
1449,27,0.0,1,1
1449,28,5.0,1,1
1449,29,1.0,1,1
1449,30,5.0,1,1
1449,31,1.0,1,1
1449,32,5.0,1,1
1449,33,1.0,1,1
1450,0,15.0,1,1
1450,1,15.0,1,1
1450,2,14.0,1,1
1450,3,3.0,1,1
1450,4,4.0,1,1
1450,5,13.0,1,1
1450,6,0.0,1,1
1450,7,15.0,1,1
1450,8,2.0,1,1
1450,9,0.0,1,1
1450,10,0.0,1,1
1450,11,11.0,1,1
1450,12,3.0,1,1
1450,13,1.0,1,1
1450,14,0.0,1,1
1450,15,1.0,1,1
1450,16,0.0,1,1
1450,17,14.0,1,1
1450,18,14.0,1,1
1450,19,2.0,1,1
1450,20,4.0,1,1
1450,21,8.0,1,1
1450,22,1.0,1,1
1450,23,11.0,1,1
1450,24,0.0,1,1
1450,25,1.0,1,1
1450,26,1.0,1,1
1450,27,0.0,1,1
1450,28,1.0,1,1
1450,29,4.0,1,1
1450,30,3.0,1,1
1450,31,0.0,1,1
1450,32,7.0,1,1
1450,33,6.0,1,1
1451,0,12.0,1,1
1451,1,15.0,1,1
1451,2,11.0,1,1
1451,3,3.0,1,1
1451,4,2.0,1,1
1451,5,13.0,1,1
1451,6,0.0,1,1
1451,7,14.0,1,1
1451,8,2.0,1,1
1451,9,0.0,1,1
1451,10,2.0,1,1
1451,11,7.0,1,1
1451,12,1.0,1,1
1451,13,0.0,1,1
1451,14,0.0,1,1
1451,15,5.0,1,1
1451,16,3.0,1,1
1451,17,10.0,1,1
1451,18,15.0,1,1
1451,19,2.0,1,1
1451,20,3.0,1,1
1451,21,5.0,1,1
1451,22,3.0,1,1
1451,23,3.0,1,1
1451,24,0.0,1,1
1451,25,2.0,1,1
1451,26,3.0,1,1
1451,27,0.0,1,1
1451,28,1.0,1,1
1451,29,0.0,1,1
1451,30,3.0,1,1
1451,31,0.0,1,1
1451,32,1.0,1,1
1451,33,3.0,1,1
1452,0,13.0,1,1
1452,1,8.0,1,1
1452,2,12.0,1,1
1452,3,2.0,1,1
1452,4,3.0,1,1
1452,5,7.0,1,1
1452,6,0.0,1,1
1452,7,21.0,1,1
1452,8,24.0,1,1
1452,9,0.0,1,1
1452,10,4.0,1,1
1452,11,13.0,1,1
1452,12,0.0,1,1
1452,13,0.0,1,1
1452,14,0.0,1,1
1452,15,5.0,1,1
1452,16,0.0,1,1
1452,17,13.0,1,1
1452,18,13.0,1,1
1452,19,2.0,1,1
1452,20,5.0,1,1
1452,21,8.0,1,1
1452,22,0.0,1,1
1452,23,4.0,1,1
1452,24,0.0,1,1
1452,25,2.0,1,1
1452,26,2.0,1,1
1452,27,0.0,1,1
1452,28,2.0,1,1
1452,29,0.0,1,1
1452,30,3.0,1,1
1452,31,0.0,1,1
1452,32,8.0,1,1
1452,33,1.0,1,1
1453,0,14.0,1,1
1453,1,15.0,1,1
1453,2,8.0,1,1
1453,3,1.0,1,1
1453,4,1.0,1,1
1453,5,14.0,1,1
1453,6,0.0,1,1
1453,7,21.0,1,1
1453,8,5.0,1,1
1453,9,0.0,1,1
1453,10,3.0,1,1
1453,11,17.0,1,1
1453,12,3.0,1,1
1453,13,0.0,1,1
1453,14,1.0,1,1
1453,15,3.0,1,1
1453,16,0.0,1,1
1453,17,13.0,1,1
1453,18,19.0,1,1
1453,19,3.0,1,1
1453,20,3.0,1,1
1453,21,6.0,1,1
1453,22,3.0,1,1
1453,23,7.0,1,1
1453,24,0.0,1,1
1453,25,2.0,1,1
1453,26,2.0,1,1
1453,27,0.0,1,1
1453,28,2.0,1,1
1453,29,1.0,1,1
1453,30,4.0,1,1
1453,31,0.0,1,1
1453,32,3.0,1,1
1453,33,0.0,1,1
1454,0,4.0,1,1
1454,1,14.0,1,1
1454,2,10.0,1,1
1454,3,1.0,1,1
1454,4,3.0,1,1
1454,5,13.0,1,1
1454,6,0.0,1,1
1454,7,10.0,1,1
1454,8,1.0,1,1
1454,9,0.0,1,1
1454,10,3.0,1,1
1454,11,9.0,1,1
1454,12,0.0,1,1
1454,13,0.0,1,1
1454,14,4.0,1,1
1454,15,3.0,1,1
1454,16,0.0,1,1
1454,17,13.0,1,1
1454,18,13.0,1,1
1454,19,0.0,1,1
1454,20,1.0,1,1
1454,21,8.0,1,1
1454,22,2.0,1,1
1454,23,7.0,1,1
1454,24,0.0,1,1
1454,25,2.0,1,1
1454,26,4.0,1,1
1454,27,0.0,1,1
1454,28,3.0,1,1
1454,29,4.0,1,1
1454,30,1.0,1,1
1454,31,1.0,1,1
1454,32,0.0,1,1
1454,33,2.0,1,1
1455,0,5.0,1,1
1455,1,15.0,1,1
1455,2,8.0,1,1
1455,3,2.0,1,1
1455,4,2.0,1,1
1455,5,15.0,1,1
1455,6,0.0,1,1
1455,7,11.0,1,1
1455,8,1.0,1,1
1455,9,0.0,1,1
1455,10,1.0,1,1
1455,11,5.0,1,1
1455,12,0.0,1,1
1455,13,0.0,1,1
1455,14,0.0,1,1
1455,15,3.0,1,1
1455,16,0.0,1,1
1455,17,13.0,1,1
1455,18,9.0,1,1
1455,19,3.0,1,1
1455,20,2.0,1,1
1455,21,4.0,1,1
1455,22,1.0,1,1
1455,23,7.0,1,1
1455,24,0.0,1,1
1455,25,2.0,1,1
1455,26,5.0,1,1
1455,27,0.0,1,1
1455,28,2.0,1,1
1455,29,4.0,1,1
1455,30,1.0,1,1
1455,31,1.0,1,1
1455,32,3.0,1,1
1455,33,3.0,1,1
1456,0,5.0,1,1
1456,1,16.0,1,1
1456,2,3.0,1,1
1456,3,2.0,1,1
1456,4,0.0,1,1
1456,5,16.0,1,1
1456,6,0.0,1,1
1456,7,13.0,1,1
1456,8,5.0,1,1
1456,9,0.0,1,1
1456,10,4.0,1,1
1456,11,9.0,1,1
1456,12,0.0,1,1
1456,13,0.0,1,1
1456,14,0.0,1,1
1456,15,0.0,1,1
1456,16,0.0,1,1
1456,17,11.0,1,1
1456,18,12.0,1,1
1456,19,1.0,1,1
1456,20,1.0,1,1
1456,21,4.0,1,1
1456,22,3.0,1,1
1456,23,3.0,1,1
1456,24,0.0,1,1
1456,25,2.0,1,1
1456,26,2.0,1,1
1456,27,0.0,1,1
1456,28,3.0,1,1
1456,29,2.0,1,1
1456,30,4.0,1,1
1456,31,0.0,1,1
1456,32,1.0,1,1
1456,33,1.0,1,1
1457,0,10.0,1,1
1457,1,10.0,1,1
1457,2,1.0,1,1
1457,3,2.0,1,1
1457,4,2.0,1,1
1457,5,0.0,1,1
1457,6,0.0,1,1
1457,7,9.0,1,1
1457,8,1.0,1,1
1457,9,0.0,1,1
1457,10,0.0,1,1
1457,11,9.0,1,1
1457,12,0.0,1,1
1457,13,0.0,1,1
1457,14,0.0,1,1
1457,15,2.0,1,1
1457,16,0.0,1,1
1457,17,10.0,1,1
1457,18,9.0,1,1
1457,19,2.0,1,1
1457,20,0.0,1,1
1457,21,3.0,1,1
1457,22,0.0,1,1
1457,23,4.0,1,1
1457,24,0.0,1,1
1457,25,3.0,1,1
1457,26,2.0,1,1
1457,27,0.0,1,1
1457,28,2.0,1,1
1457,29,1.0,1,1
1457,30,2.0,1,1
1457,31,1.0,1,1
1457,32,0.0,1,1
1457,33,2.0,1,1
1458,0,6.0,1,1
1458,1,8.0,1,1
1458,2,2.0,1,1
1458,3,1.0,1,1
1458,4,1.0,1,1
1458,5,4.0,1,1
1458,6,0.0,1,1
1458,7,11.0,1,1
1458,8,1.0,1,1
1458,9,0.0,1,1
1458,10,0.0,1,1
1458,11,6.0,1,1
1458,12,0.0,1,1
1458,13,0.0,1,1
1458,14,0.0,1,1
1458,15,4.0,1,1
1458,16,1.0,1,1
1458,17,14.0,1,1
1458,18,10.0,1,1
1458,19,2.0,1,1
1458,20,0.0,1,1
1458,21,3.0,1,1
1458,22,1.0,1,1
1458,23,6.0,1,1
1458,24,0.0,1,1
1458,25,0.0,1,1
1458,26,3.0,1,1
1458,27,0.0,1,1
1458,28,3.0,1,1
1458,29,1.0,1,1
1458,30,1.0,1,1
1458,31,0.0,1,1
1458,32,2.0,1,1
1458,33,0.0,1,1
1459,0,9.0,1,1
1459,1,9.0,1,1
1459,2,4.0,1,1
1459,3,0.0,1,1
1459,4,1.0,1,1
1459,5,4.0,1,1
1459,6,0.0,1,1
1459,7,4.0,1,1
1459,8,2.0,1,1
1459,9,0.0,1,1
1459,10,0.0,1,1
1459,11,2.0,1,1
1459,12,0.0,1,1
1459,13,0.0,1,1
1459,14,1.0,1,1
1459,15,0.0,1,1
1459,16,0.0,1,1
1459,17,5.0,1,1
1459,18,5.0,1,1
1459,19,2.0,1,1
1459,20,0.0,1,1
1459,21,3.0,1,1
1459,22,1.0,1,1
1459,23,4.0,1,1
1459,24,0.0,1,1
1459,25,1.0,1,1
1459,26,0.0,1,1
1459,27,0.0,1,1
1459,28,0.0,1,1
1459,29,0.0,1,1
1459,30,1.0,1,1
1459,31,0.0,1,1
1459,32,1.0,1,1
1459,33,0.0,1,1
1460,0,11.0,1,1
1460,1,8.0,1,1
1460,2,5.0,1,1
1460,3,2.0,1,1
1460,4,3.0,1,1
1460,5,7.0,1,1
1460,6,0.0,1,1
1460,7,12.0,1,1
1460,8,3.0,1,1
1460,9,0.0,1,1
1460,10,1.0,1,1
1460,11,7.0,1,1
1460,12,1.0,1,1
1460,13,0.0,1,1
1460,14,0.0,1,1
1460,15,3.0,1,1
1460,16,0.0,1,1
1460,17,5.0,1,1
1460,18,4.0,1,1
1460,19,2.0,1,1
1460,20,0.0,1,1
1460,21,0.0,1,1
1460,22,0.0,1,1
1460,23,0.0,1,1
1460,24,0.0,1,1
1460,25,0.0,1,1
1460,26,3.0,1,1
1460,27,0.0,1,1
1460,28,0.0,1,1
1460,29,0.0,1,1
1460,30,2.0,1,1
1460,31,0.0,1,1
1460,32,3.0,1,1
1460,33,0.0,1,1
1461,0,4.0,1,1
1461,1,6.0,1,1
1461,2,4.0,1,1
1461,3,1.0,1,1
1461,4,1.0,1,1
1461,5,5.0,1,1
1461,6,0.0,1,1
1461,7,4.0,1,1
1461,8,4.0,1,1
1461,9,0.0,1,1
1461,10,0.0,1,1
1461,11,2.0,1,1
1461,12,3.0,1,1
1461,13,0.0,1,1
1461,14,1.0,1,1
1461,15,2.0,1,1
1461,16,0.0,1,1
1461,17,5.0,1,1
1461,18,6.0,1,1
1461,19,1.0,1,1
1461,20,3.0,1,1
1461,21,3.0,1,1
1461,22,0.0,1,1
1461,23,1.0,1,1
1461,24,0.0,1,1
1461,25,0.0,1,1
1461,26,1.0,1,1
1461,27,0.0,1,1
1461,28,0.0,1,1
1461,29,0.0,1,1
1461,30,0.0,1,1
1461,31,0.0,1,1
1461,32,0.0,1,1
1461,33,0.0,1,1
1462,0,4.0,1,1
1462,1,8.0,1,1
1462,2,5.0,1,1
1462,3,1.0,1,1
1462,4,0.0,1,1
1462,5,7.0,1,1
1462,6,0.0,1,1
1462,7,9.0,1,1
1462,8,0.0,1,1
1462,9,0.0,1,1
1462,10,0.0,1,1
1462,11,5.0,1,1
1462,12,1.0,1,1
1462,13,1.0,1,1
1462,14,1.0,1,1
1462,15,3.0,1,1
1462,16,0.0,1,1
1462,17,7.0,1,1
1462,18,2.0,1,1
1462,19,0.0,1,1
1462,20,1.0,1,1
1462,21,1.0,1,1
1462,22,0.0,1,1
1462,23,2.0,1,1
1462,24,0.0,1,1
1462,25,0.0,1,1
1462,26,0.0,1,1
1462,27,0.0,1,1
1462,28,3.0,1,1
1462,29,1.0,1,1
1462,30,0.0,1,1
1462,31,2.0,1,1
1462,32,2.0,1,1
1462,33,0.0,1,1
1463,0,4.0,1,1
1463,1,5.0,1,1
1463,2,1.0,1,1
1463,3,0.0,1,1
1463,4,0.0,1,1
1463,5,3.0,1,1
1463,6,0.0,1,1
1463,7,5.0,1,1
1463,8,1.0,1,1
1463,9,0.0,1,1
1463,10,0.0,1,1
1463,11,3.0,1,1
1463,12,0.0,1,1
1463,13,0.0,1,1
1463,14,2.0,1,1
1463,15,2.0,1,1
1463,16,0.0,1,1
1463,17,2.0,1,1
1463,18,7.0,1,1
1463,19,1.0,1,1
1463,20,0.0,1,1
1463,21,3.0,1,1
1463,22,0.0,1,1
1463,23,3.0,1,1
1463,24,0.0,1,1
1463,25,0.0,1,1
1463,26,0.0,1,1
1463,27,0.0,1,1
1463,28,0.0,1,1
1463,29,1.0,1,1
1463,30,3.0,1,1
1463,31,0.0,1,1
1463,32,0.0,1,1
1463,33,0.0,1,1
1464,0,2.0,1,1
1464,1,3.0,1,1
1464,2,3.0,1,1
1464,3,1.0,1,1
1464,4,0.0,1,1
1464,5,2.0,1,1
1464,6,0.0,1,1
1464,7,1.0,1,1
1464,8,1.0,1,1
1464,9,0.0,1,1
1464,10,0.0,1,1
1464,11,0.0,1,1
1464,12,0.0,1,1
1464,13,0.0,1,1
1464,14,0.0,1,1
1464,15,1.0,1,1
1464,16,1.0,1,1
1464,17,4.0,1,1
1464,18,3.0,1,1
1464,19,1.0,1,1
1464,20,0.0,1,1
1464,21,0.0,1,1
1464,22,0.0,1,1
1464,23,2.0,1,1
1464,24,0.0,1,1
1464,25,0.0,1,1
1464,26,0.0,1,1
1464,27,0.0,1,1
1464,28,3.0,1,1
1464,29,0.0,1,1
1464,30,0.0,1,1
1464,31,0.0,1,1
1464,32,3.0,1,1
1464,33,1.0,1,1
1465,0,1.0,1,1
1465,1,4.0,1,1
1465,2,0.0,1,1
1465,3,0.0,1,1
1465,4,1.0,1,1
1465,5,2.0,1,1
1465,6,0.0,1,1
1465,7,3.0,1,1
1465,8,0.0,1,1
1465,9,0.0,1,1
1465,10,0.0,1,1
1465,11,0.0,1,1
1465,12,0.0,1,1
1465,13,0.0,1,1
1465,14,1.0,1,1
1465,15,1.0,1,1
1465,16,0.0,1,1
1465,17,2.0,1,1
1465,18,0.0,1,1
1465,19,1.0,1,1
1465,20,0.0,1,1
1465,21,0.0,1,1
1465,22,1.0,1,1
1465,23,3.0,1,1
1465,24,0.0,1,1
1465,25,0.0,1,1
1465,26,1.0,1,1
1465,27,0.0,1,1
1465,28,1.0,1,1
1465,29,0.0,1,1
1465,30,1.0,1,1
1465,31,0.0,1,1
1465,32,0.0,1,1
1465,33,0.0,1,1
1466,0,1.0,1,1
1466,1,3.0,1,1
1466,2,2.0,1,1
1466,3,0.0,1,1
1466,4,2.0,1,1
1466,5,2.0,1,1
1466,6,0.0,1,1
1466,7,2.0,1,1
1466,8,2.0,1,1
1466,9,0.0,1,1
1466,10,0.0,1,1
1466,11,2.0,1,1
1466,12,0.0,1,1
1466,13,0.0,1,1
1466,14,0.0,1,1
1466,15,1.0,1,1
1466,16,0.0,1,1
1466,17,3.0,1,1
1466,18,3.0,1,1
1466,19,0.0,1,1
1466,20,5.0,1,1
1466,21,1.0,1,1
1466,22,0.0,1,1
1466,23,3.0,1,1
1466,24,0.0,1,1
1466,25,0.0,1,1
1466,26,1.0,1,1
1466,27,0.0,1,1
1466,28,3.0,1,1
1466,29,0.0,1,1
1466,30,1.0,1,1
1466,31,0.0,1,1
1466,32,0.0,1,1
1466,33,1.0,1,1
1467,0,6.0,1,1
1467,1,8.0,1,1
1467,2,0.0,1,1
1467,3,0.0,1,1
1467,4,0.0,1,1
1467,5,6.0,1,1
1467,6,0.0,1,1
1467,7,6.0,1,1
1467,8,0.0,1,1
1467,9,0.0,1,1
1467,10,0.0,1,1
1467,11,5.0,1,1
1467,12,0.0,1,1
1467,13,1.0,1,1
1467,14,0.0,1,1
1467,15,0.0,1,1
1467,16,0.0,1,1
1467,17,5.0,1,1
1467,18,9.0,1,1
1467,19,0.0,1,1
1467,20,0.0,1,1
1467,21,2.0,1,1
1467,22,3.0,1,1
1467,23,6.0,1,1
1467,24,0.0,1,1
1467,25,0.0,1,1
1467,26,1.0,1,1
1467,27,0.0,1,1
1467,28,3.0,1,1
1467,29,0.0,1,1
1467,30,1.0,1,1
1467,31,0.0,1,1
1467,32,1.0,1,1
1467,33,0.0,1,1
1468,0,4.0,1,1
1468,1,6.0,1,1
1468,2,0.0,1,1
1468,3,1.0,1,1
1468,4,0.0,1,1
1468,5,1.0,1,1
1468,6,0.0,1,1
1468,7,3.0,1,1
1468,8,3.0,1,1
1468,9,0.0,1,1
1468,10,0.0,1,1
1468,11,1.0,1,1
1468,12,0.0,1,1
1468,13,0.0,1,1
1468,14,0.0,1,1
1468,15,1.0,1,1
1468,16,0.0,1,1
1468,17,3.0,1,1
1468,18,3.0,1,1
1468,19,0.0,1,1
1468,20,1.0,1,1
1468,21,1.0,1,1
1468,22,0.0,1,1
1468,23,1.0,1,1
1468,24,0.0,1,1
1468,25,0.0,1,1
1468,26,1.0,1,1
1468,27,0.0,1,1
1468,28,0.0,1,1
1468,29,2.0,1,1
1468,30,0.0,1,1
1468,31,0.0,1,1
1468,32,1.0,1,1
1468,33,1.0,1,1
1469,0,2.0,1,1
1469,1,5.0,1,1
1469,2,2.0,1,1
1469,3,1.0,1,1
1469,4,0.0,1,1
1469,5,3.0,1,1
1469,6,0.0,1,1
1469,7,3.0,1,1
1469,8,1.0,1,1
1469,9,0.0,1,1
1469,10,0.0,1,1
1469,11,3.0,1,1
1469,12,0.0,1,1
1469,13,0.0,1,1
1469,14,0.0,1,1
1469,15,1.0,1,1
1469,16,0.0,1,1
1469,17,2.0,1,1
1469,18,2.0,1,1
1469,19,1.0,1,1
1469,20,2.0,1,1
1469,21,2.0,1,1
1469,22,1.0,1,1
1469,23,0.0,1,1
1469,24,0.0,1,1
1469,25,0.0,1,1
1469,26,2.0,1,1
1469,27,0.0,1,1
1469,28,2.0,1,1
1469,29,0.0,1,1
1469,30,0.0,1,1
1469,31,0.0,1,1
1469,32,1.0,1,1
1469,33,0.0,1,1
1470,0,8.0,1,1
1470,1,9.0,1,1
1470,2,0.0,1,1
1470,3,0.0,1,1
1470,4,0.0,1,1
1470,5,7.0,1,1
1470,6,0.0,1,1
1470,7,2.0,1,1
1470,8,1.0,1,1
1470,9,0.0,1,1
1470,10,0.0,1,1
1470,11,1.0,1,1
1470,12,1.0,1,1
1470,13,1.0,1,1
1470,14,1.0,1,1
1470,15,0.0,1,1
1470,16,1.0,1,1
1470,17,6.0,1,1
1470,18,2.0,1,1
1470,19,1.0,1,1
1470,20,2.0,1,1
1470,21,3.0,1,1
1470,22,1.0,1,1
1470,23,3.0,1,1
1470,24,0.0,1,1
1470,25,0.0,1,1
1470,26,0.0,1,1
1470,27,0.0,1,1
1470,28,3.0,1,1
1470,29,0.0,1,1
1470,30,1.0,1,1
1470,31,0.0,1,1
1470,32,0.0,1,1
1470,33,1.0,1,1
1471,0,8.0,1,1
1471,1,9.0,1,1
1471,2,3.0,1,1
1471,3,1.0,1,1
1471,4,1.0,1,1
1471,5,7.0,1,1
1471,6,0.0,1,1
1471,7,5.0,1,1
1471,8,0.0,1,1
1471,9,0.0,1,1
1471,10,0.0,1,1
1471,11,2.0,1,1
1471,12,0.0,1,1
1471,13,0.0,1,1
1471,14,0.0,1,1
1471,15,0.0,1,1
1471,16,0.0,1,1
1471,17,4.0,1,1
1471,18,5.0,1,1
1471,19,1.0,1,1
1471,20,1.0,1,1
1471,21,2.0,1,1
1471,22,2.0,1,1
1471,23,2.0,1,1
1471,24,0.0,1,1
1471,25,2.0,1,1
1471,26,1.0,1,1
1471,27,0.0,1,1
1471,28,2.0,1,1
1471,29,2.0,1,1
1471,30,1.0,1,1
1471,31,1.0,1,1
1471,32,1.0,1,1
1471,33,1.0,1,1
1472,0,8.0,1,1
1472,1,10.0,1,1
1472,2,4.0,1,1
1472,3,5.0,1,1
1472,4,4.0,1,1
1472,5,8.0,1,1
1472,6,0.0,1,1
1472,7,2.0,1,1
1472,8,4.0,1,1
1472,9,0.0,1,1
1472,10,3.0,1,1
1472,11,2.0,1,1
1472,12,1.0,1,1
1472,13,0.0,1,1
1472,14,0.0,1,1
1472,15,0.0,1,1
1472,16,0.0,1,1
1472,17,8.0,1,1
1472,18,2.0,1,1
1472,19,1.0,1,1
1472,20,3.0,1,1
1472,21,3.0,1,1
1472,22,0.0,1,1
1472,23,3.0,1,1
1472,24,0.0,1,1
1472,25,0.0,1,1
1472,26,1.0,1,1
1472,27,0.0,1,1
1472,28,0.0,1,1
1472,29,0.0,1,1
1472,30,0.0,1,1
1472,31,2.0,1,1
1472,32,0.0,1,1
1472,33,0.0,1,1
1473,0,6.0,1,1
1473,1,6.0,1,1
1473,2,2.0,1,1
1473,3,2.0,1,1
1473,4,1.0,1,1
1473,5,3.0,1,1
1473,6,0.0,1,1
1473,7,4.0,1,1
1473,8,0.0,1,1
1473,9,0.0,1,1
1473,10,3.0,1,1
1473,11,2.0,1,1
1473,12,0.0,1,1
1473,13,0.0,1,1
1473,14,1.0,1,1
1473,15,1.0,1,1
1473,16,0.0,1,1
1473,17,8.0,1,1
1473,18,4.0,1,1
1473,19,3.0,1,1
1473,20,0.0,1,1
1473,21,2.0,1,1
1473,22,0.0,1,1
1473,23,2.0,1,1
1473,24,0.0,1,1
1473,25,1.0,1,1
1473,26,2.0,1,1
1473,27,0.0,1,1
1473,28,1.0,1,1
1473,29,0.0,1,1
1473,30,5.0,1,1
1473,31,2.0,1,1
1473,32,2.0,1,1
1473,33,0.0,1,1
1474,0,13.0,1,1
1474,1,8.0,1,1
1474,2,5.0,1,1
1474,3,1.0,1,1
1474,4,1.0,1,1
1474,5,6.0,1,1
1474,6,0.0,1,1
1474,7,9.0,1,1
1474,8,4.0,1,1
1474,9,0.0,1,1
1474,10,1.0,1,1
1474,11,7.0,1,1
1474,12,0.0,1,1
1474,13,0.0,1,1
1474,14,4.0,1,1
1474,15,3.0,1,1
1474,16,0.0,1,1
1474,17,11.0,1,1
1474,18,9.0,1,1
1474,19,3.0,1,1
1474,20,2.0,1,1
1474,21,5.0,1,1
1474,22,2.0,1,1
1474,23,5.0,1,1
1474,24,0.0,1,1
1474,25,1.0,1,1
1474,26,1.0,1,1
1474,27,0.0,1,1
1474,28,3.0,1,1
1474,29,2.0,1,1
1474,30,0.0,1,1
1474,31,1.0,1,1
1474,32,2.0,1,1
1474,33,0.0,1,1
1475,0,7.0,1,1
1475,1,9.0,1,1
1475,2,4.0,1,1
1475,3,4.0,1,1
1475,4,2.0,1,1
1475,5,3.0,1,1
1475,6,0.0,1,1
1475,7,4.0,1,1
1475,8,1.0,1,1
1475,9,0.0,1,1
1475,10,0.0,1,1
1475,11,2.0,1,1
1475,12,0.0,1,1
1475,13,0.0,1,1
1475,14,0.0,1,1
1475,15,6.0,1,1
1475,16,0.0,1,1
1475,17,7.0,1,1
1475,18,6.0,1,1
1475,19,3.0,1,1
1475,20,3.0,1,1
1475,21,6.0,1,1
1475,22,1.0,1,1
1475,23,4.0,1,1
1475,24,0.0,1,1
1475,25,0.0,1,1
1475,26,2.0,1,1
1475,27,0.0,1,1
1475,28,3.0,1,1
1475,29,4.0,1,1
1475,30,1.0,1,1
1475,31,1.0,1,1
1475,32,0.0,1,1
1475,33,1.0,1,1
1476,0,8.0,1,1
1476,1,16.0,1,1
1476,2,3.0,1,1
1476,3,2.0,1,1
1476,4,2.0,1,1
1476,5,12.0,1,1
1476,6,0.0,1,1
1476,7,6.0,1,1
1476,8,3.0,1,1
1476,9,0.0,1,1
1476,10,0.0,1,1
1476,11,3.0,1,1
1476,12,1.0,1,1
1476,13,0.0,1,1
1476,14,1.0,1,1
1476,15,1.0,1,1
1476,16,0.0,1,1
1476,17,18.0,1,1
1476,18,14.0,1,1
1476,19,4.0,1,1
1476,20,3.0,1,1
1476,21,6.0,1,1
1476,22,1.0,1,1
1476,23,4.0,1,1
1476,24,0.0,1,1
1476,25,0.0,1,1
1476,26,3.0,1,1
1476,27,0.0,1,1
1476,28,2.0,1,1
1476,29,3.0,1,1
1476,30,1.0,1,1
1476,31,1.0,1,1
1476,32,3.0,1,1
1476,33,4.0,1,1
1477,0,17.0,1,1
1477,1,26.0,1,1
1477,2,4.0,1,1
1477,3,5.0,1,1
1477,4,2.0,1,1
1477,5,17.0,1,1
1477,6,0.0,1,1
1477,7,10.0,1,1
1477,8,5.0,1,1
1477,9,0.0,1,1
1477,10,1.0,1,1
1477,11,6.0,1,1
1477,12,0.0,1,1
1477,13,0.0,1,1
1477,14,1.0,1,1
1477,15,2.0,1,1
1477,16,0.0,1,1
1477,17,29.0,1,1
1477,18,12.0,1,1
1477,19,3.0,1,1
1477,20,3.0,1,1
1477,21,7.0,1,1
1477,22,2.0,1,1
1477,23,8.0,1,1
1477,24,0.0,1,1
1477,25,1.0,1,1
1477,26,3.0,1,1
1477,27,0.0,1,1
1477,28,3.0,1,1
1477,29,0.0,1,1
1477,30,6.0,1,1
1477,31,1.0,1,1
1477,32,4.0,1,1
1477,33,0.0,1,1
1478,0,20.0,1,1
1478,1,29.0,1,1
1478,2,6.0,1,1
1478,3,1.0,1,1
1478,4,5.0,1,1
1478,5,13.0,1,1
1478,6,0.0,1,1
1478,7,7.0,1,1
1478,8,4.0,1,1
1478,9,0.0,1,1
1478,10,0.0,1,1
1478,11,6.0,1,1
1478,12,3.0,1,1
1478,13,0.0,1,1
1478,14,1.0,1,1
1478,15,3.0,1,1
1478,16,1.0,1,1
1478,17,25.0,1,1
1478,18,14.0,1,1
1478,19,3.0,1,1
1478,20,14.0,1,1
1478,21,9.0,1,1
1478,22,1.0,1,1
1478,23,17.0,1,1
1478,24,0.0,1,1
1478,25,5.0,1,1
1478,26,4.0,1,1
1478,27,0.0,1,1
1478,28,2.0,1,1
1478,29,2.0,1,1
1478,30,4.0,1,1
1478,31,1.0,1,1
1478,32,2.0,1,1
1478,33,2.0,1,1
1479,0,25.0,1,1
1479,1,25.0,1,1
1479,2,12.0,1,1
1479,3,1.0,1,1
1479,4,2.0,1,1
1479,5,17.0,1,1
1479,6,0.0,1,1
1479,7,10.0,1,1
1479,8,6.0,1,1
1479,9,0.0,1,1
1479,10,1.0,1,1
1479,11,9.0,1,1
1479,12,1.0,1,1
1479,13,0.0,1,1
1479,14,3.0,1,1
1479,15,13.0,1,1
1479,16,0.0,1,1
1479,17,25.0,1,1
1479,18,17.0,1,1
1479,19,5.0,1,1
1479,20,11.0,1,1
1479,21,11.0,1,1
1479,22,4.0,1,1
1479,23,16.0,1,1
1479,24,0.0,1,1
1479,25,4.0,1,1
1479,26,2.0,1,1
1479,27,0.0,1,1
1479,28,2.0,1,1
1479,29,2.0,1,1
1479,30,1.0,1,1
1479,31,1.0,1,1
1479,32,1.0,1,1
1479,33,3.0,1,1
1480,0,28.0,1,1
1480,1,40.0,1,1
1480,2,12.0,1,1
1480,3,4.0,1,1
1480,4,7.0,1,1
1480,5,25.0,1,1
1480,6,0.0,1,1
1480,7,10.0,1,1
1480,8,8.0,1,1
1480,9,0.0,1,1
1480,10,5.0,1,1
1480,11,7.0,1,1
1480,12,2.0,1,1
1480,13,0.0,1,1
1480,14,1.0,1,1
1480,15,5.0,1,1
1480,16,1.0,1,1
1480,17,35.0,1,1
1480,18,21.0,1,1
1480,19,9.0,1,1
1480,20,13.0,1,1
1480,21,10.0,1,1
1480,22,0.0,1,1
1480,23,23.0,1,1
1480,24,0.0,1,1
1480,25,2.0,1,1
1480,26,1.0,1,1
1480,27,0.0,1,1
1480,28,5.0,1,1
1480,29,2.0,1,1
1480,30,5.0,1,1
1480,31,0.0,1,1
1480,32,3.0,1,1
1480,33,2.0,1,1
1481,0,42.0,1,1
1481,1,48.0,1,1
1481,2,14.0,1,1
1481,3,9.0,1,1
1481,4,9.0,1,1
1481,5,26.0,1,1
1481,6,0.0,1,1
1481,7,16.0,1,1
1481,8,9.0,1,1
1481,9,0.0,1,1
1481,10,3.0,1,1
1481,11,7.0,1,1
1481,12,5.0,1,1
1481,13,0.0,1,1
1481,14,5.0,1,1
1481,15,6.0,1,1
1481,16,0.0,1,1
1481,17,40.0,1,1
1481,18,24.0,1,1
1481,19,8.0,1,1
1481,20,6.0,1,1
1481,21,11.0,1,1
1481,22,1.0,1,1
1481,23,12.0,1,1
1481,24,0.0,1,1
1481,25,0.0,1,1
1481,26,5.0,1,1
1481,27,0.0,1,1
1481,28,6.0,1,1
1481,29,2.0,1,1
1481,30,8.0,1,1
1481,31,3.0,1,1
1481,32,6.0,1,1
1481,33,1.0,1,1
1482,0,38.0,1,1
1482,1,52.0,1,1
1482,2,15.0,1,1
1482,3,6.0,1,1
1482,4,12.0,1,1
1482,5,31.0,1,1
1482,6,0.0,1,1
1482,7,14.0,1,1
1482,8,8.0,1,1
1482,9,0.0,1,1
1482,10,5.0,1,1
1482,11,6.0,1,1
1482,12,3.0,1,1
1482,13,0.0,1,1
1482,14,4.0,1,1
1482,15,5.0,1,1
1482,16,0.0,1,1
1482,17,40.0,1,1
1482,18,34.0,1,1
1482,19,5.0,1,1
1482,20,11.0,1,1
1482,21,12.0,1,1
1482,22,5.0,1,1
1482,23,17.0,1,1
1482,24,2.0,1,1
1482,25,1.0,1,1
1482,26,9.0,1,1
1482,27,0.0,1,1
1482,28,7.0,1,1
1482,29,3.0,1,1
1482,30,6.0,1,1
1482,31,4.0,1,1
1482,32,5.0,1,1
1482,33,2.0,1,1
1483,0,76.0,1,1
1483,1,77.0,1,1
1483,2,25.0,1,1
1483,3,6.0,1,1
1483,4,11.0,1,1
1483,5,39.0,1,1
1483,6,0.0,1,1
1483,7,11.0,1,1
1483,8,3.0,1,1
1483,9,0.0,1,1
1483,10,3.0,1,1
1483,11,10.0,1,1
1483,12,2.0,1,1
1483,13,0.0,1,1
1483,14,5.0,1,1
1483,15,10.0,1,1
1483,16,0.0,1,1
1483,17,77.0,1,1
1483,18,41.0,1,1
1483,19,8.0,1,1
1483,20,16.0,1,1
1483,21,21.0,1,1
1483,22,2.0,1,1
1483,23,17.0,1,1
1483,24,0.0,1,1
1483,25,2.0,1,1
1483,26,8.0,1,1
1483,27,0.0,1,1
1483,28,12.0,1,1
1483,29,3.0,1,1
1483,30,11.0,1,1
1483,31,9.0,1,1
1483,32,3.0,1,1
1483,33,3.0,1,1
1484,0,65.0,1,1
1484,1,109.0,1,1
1484,2,16.0,1,1
1484,3,9.0,1,1
1484,4,9.0,1,1
1484,5,62.0,1,1
1484,6,0.0,1,1
1484,7,33.0,1,1
1484,8,14.0,1,1
1484,9,0.0,1,1
1484,10,6.0,1,1
1484,11,19.0,1,1
1484,12,11.0,1,1
1484,13,1.0,1,1
1484,14,9.0,1,1
1484,15,5.0,1,1
1484,16,2.0,1,1
1484,17,56.0,1,1
1484,18,39.0,1,1
1484,19,10.0,1,1
1484,20,19.0,1,1
1484,21,18.0,1,1
1484,22,5.0,1,1
1484,23,25.0,1,1
1484,24,2.0,1,1
1484,25,1.0,1,1
1484,26,12.0,1,1
1484,27,0.0,1,1
1484,28,9.0,1,1
1484,29,3.0,1,1
1484,30,8.0,1,1
1484,31,2.0,1,1
1484,32,6.0,1,1
1484,33,4.0,1,1
1485,0,103.0,1,1
1485,1,92.0,1,1
1485,2,35.0,1,1
1485,3,12.0,1,1
1485,4,12.0,1,1
1485,5,51.0,1,1
1485,6,0.0,1,1
1485,7,31.0,1,1
1485,8,13.0,1,1
1485,9,0.0,1,1
1485,10,9.0,1,1
1485,11,13.0,1,1
1485,12,16.0,1,1
1485,13,1.0,1,1
1485,14,6.0,1,1
1485,15,13.0,1,1
1485,16,1.0,1,1
1485,17,82.0,1,1
1485,18,48.0,1,1
1485,19,15.0,1,1
1485,20,19.0,1,1
1485,21,13.0,1,1
1485,22,10.0,1,1
1485,23,29.0,1,1
1485,24,2.0,1,1
1485,25,3.0,1,1
1485,26,10.0,1,1
1485,27,0.0,1,1
1485,28,10.0,1,1
1485,29,7.0,1,1
1485,30,6.0,1,1
1485,31,1.0,1,1
1485,32,4.0,1,1
1485,33,2.0,1,1
1486,0,113.0,1,1
1486,1,133.0,1,1
1486,2,41.0,1,1
1486,3,11.0,1,1
1486,4,30.0,1,1
1486,5,79.0,1,1
1486,6,0.0,1,1
1486,7,35.0,1,1
1486,8,16.0,1,1
1486,9,0.0,1,1
1486,10,7.0,1,1
1486,11,18.0,1,1
1486,12,6.0,1,1
1486,13,1.0,1,1
1486,14,24.0,1,1
1486,15,17.0,1,1
1486,16,0.0,1,1
1486,17,84.0,1,1
1486,18,58.0,1,1
1486,19,15.0,1,1
1486,20,27.0,1,1
1486,21,29.0,1,1
1486,22,2.0,1,1
1486,23,27.0,1,1
1486,24,0.0,1,1
1486,25,5.0,1,1
1486,26,10.0,1,1
1486,27,0.0,1,1
1486,28,9.0,1,1
1486,29,6.0,1,1
1486,30,8.0,1,1
1486,31,4.0,1,1
1486,32,8.0,1,1
1486,33,6.0,1,1
1487,0,133.0,1,1
1487,1,127.0,1,1
1487,2,40.0,1,1
1487,3,16.0,1,1
1487,4,17.0,1,1
1487,5,75.0,1,1
1487,6,0.0,1,1
1487,7,36.0,1,1
1487,8,16.0,1,1
1487,9,0.0,1,1
1487,10,7.0,1,1
1487,11,16.0,1,1
1487,12,13.0,1,1
1487,13,1.0,1,1
1487,14,6.0,1,1
1487,15,18.0,1,1
1487,16,3.0,1,1
1487,17,94.0,1,1
1487,18,39.0,1,1
1487,19,13.0,1,1
1487,20,27.0,1,1
1487,21,19.0,1,1
1487,22,1.0,1,1
1487,23,27.0,1,1
1487,24,1.0,1,1
1487,25,4.0,1,1
1487,26,19.0,1,1
1487,27,0.0,1,1
1487,28,7.0,1,1
1487,29,6.0,1,1
1487,30,12.0,1,1
1487,31,1.0,1,1
1487,32,2.0,1,1
1487,33,3.0,1,1
1488,0,119.0,1,1
1488,1,127.0,1,1
1488,2,39.0,1,1
1488,3,13.0,1,1
1488,4,9.0,1,1
1488,5,66.0,1,1
1488,6,0.0,1,1
1488,7,33.0,1,1
1488,8,14.0,1,1
1488,9,0.0,1,1
1488,10,9.0,1,1
1488,11,19.0,1,1
1488,12,13.0,1,1
1488,13,1.0,1,1
1488,14,32.0,1,1
1488,15,15.0,1,1
1488,16,0.0,1,1
1488,17,96.0,1,1
1488,18,51.0,1,1
1488,19,15.0,1,1
1488,20,22.0,1,1
1488,21,23.0,1,1
1488,22,5.0,1,1
1488,23,22.0,1,1
1488,24,2.0,1,1
1488,25,4.0,1,1
1488,26,18.0,1,1
1488,27,0.0,1,1
1488,28,8.0,1,1
1488,29,4.0,1,1
1488,30,13.0,1,1
1488,31,2.0,1,1
1488,32,3.0,1,1
1488,33,1.0,1,1
1489,0,143.0,1,1
1489,1,149.0,1,1
1489,2,45.0,1,1
1489,3,19.0,1,1
1489,4,16.0,1,1
1489,5,89.0,1,1
1489,6,0.0,1,1
1489,7,47.0,1,1
1489,8,12.0,1,1
1489,9,0.0,1,1
1489,10,9.0,1,1
1489,11,24.0,1,1
1489,12,10.0,1,1
1489,13,0.0,1,1
1489,14,32.0,1,1
1489,15,19.0,1,1
1489,16,1.0,1,1
1489,17,91.0,1,1
1489,18,63.0,1,1
1489,19,11.0,1,1
1489,20,10.0,1,1
1489,21,23.0,1,1
1489,22,2.0,1,1
1489,23,27.0,1,1
1489,24,2.0,1,1
1489,25,2.0,1,1
1489,26,20.0,1,1
1489,27,0.0,1,1
1489,28,15.0,1,1
1489,29,7.0,1,1
1489,30,9.0,1,1
1489,31,1.0,1,1
1489,32,7.0,1,1
1489,33,3.0,1,1
1490,0,140.0,1,1
1490,1,163.0,1,1
1490,2,48.0,1,1
1490,3,11.0,1,1
1490,4,15.0,1,1
1490,5,85.0,1,1
1490,6,0.0,1,1
1490,7,53.0,1,1
1490,8,15.0,1,1
1490,9,0.0,1,1
1490,10,13.0,1,1
1490,11,24.0,1,1
1490,12,19.0,1,1
1490,13,0.0,1,1
1490,14,29.0,1,1
1490,15,24.0,1,1
1490,16,4.0,1,1
1490,17,95.0,1,1
1490,18,57.0,1,1
1490,19,15.0,1,1
1490,20,24.0,1,1
1490,21,25.0,1,1
1490,22,8.0,1,1
1490,23,29.0,1,1
1490,24,2.0,1,1
1490,25,11.0,1,1
1490,26,11.0,1,1
1490,27,0.0,1,1
1490,28,10.0,1,1
1490,29,9.0,1,1
1490,30,17.0,1,1
1490,31,1.0,1,1
1490,32,4.0,1,1
1490,33,5.0,1,1
1491,0,144.0,1,1
1491,1,136.0,1,1
1491,2,48.0,1,1
1491,3,9.0,1,1
1491,4,8.0,1,1
1491,5,74.0,1,1
1491,6,0.0,1,1
1491,7,42.0,1,1
1491,8,15.0,1,1
1491,9,0.0,1,1
1491,10,12.0,1,1
1491,11,34.0,1,1
1491,12,13.0,1,1
1491,13,1.0,1,1
1491,14,5.0,1,1
1491,15,20.0,1,1
1491,16,1.0,1,1
1491,17,106.0,1,1
1491,18,61.0,1,1
1491,19,20.0,1,1
1491,20,20.0,1,1
1491,21,24.0,1,1
1491,22,7.0,1,1
1491,23,34.0,1,1
1491,24,0.0,1,1
1491,25,7.0,1,1
1491,26,20.0,1,1
1491,27,0.0,1,1
1491,28,12.0,1,1
1491,29,9.0,1,1
1491,30,10.0,1,1
1491,31,2.0,1,1
1491,32,6.0,1,1
1491,33,7.0,1,1
1492,0,167.0,1,1
1492,1,151.0,1,1
1492,2,56.0,1,1
1492,3,14.0,1,1
1492,4,11.0,1,1
1492,5,79.0,1,1
1492,6,0.0,1,1
1492,7,46.0,1,1
1492,8,10.0,1,1
1492,9,0.0,1,1
1492,10,9.0,1,1
1492,11,24.0,1,1
1492,12,12.0,1,1
1492,13,0.0,1,1
1492,14,37.0,1,1
1492,15,29.0,1,1
1492,16,3.0,1,1
1492,17,98.0,1,1
1492,18,61.0,1,1
1492,19,16.0,1,1
1492,20,28.0,1,1
1492,21,45.0,1,1
1492,22,9.0,1,1
1492,23,27.0,1,1
1492,24,1.0,1,1
1492,25,9.0,1,1
1492,26,14.0,1,1
1492,27,0.0,1,1
1492,28,7.0,1,1
1492,29,6.0,1,1
1492,30,10.0,1,1
1492,31,1.0,1,1
1492,32,6.0,1,1
1492,33,3.0,1,1
1493,0,146.0,1,1
1493,1,150.0,1,1
1493,2,44.0,1,1
1493,3,20.0,1,1
1493,4,3.0,1,1
1493,5,104.0,1,1
1493,6,0.0,1,1
1493,7,42.0,1,1
1493,8,16.0,1,1
1493,9,0.0,1,1
1493,10,8.0,1,1
1493,11,31.0,1,1
1493,12,14.0,1,1
1493,13,0.0,1,1
1493,14,33.0,1,1
1493,15,25.0,1,1
1493,16,1.0,1,1
1493,17,108.0,1,1
1493,18,59.0,1,1
1493,19,20.0,1,1
1493,20,27.0,1,1
1493,21,31.0,1,1
1493,22,7.0,1,1
1493,23,33.0,1,1
1493,24,2.0,1,1
1493,25,7.0,1,1
1493,26,22.0,1,1
1493,27,0.0,1,1
1493,28,16.0,1,1
1493,29,7.0,1,1
1493,30,7.0,1,1
1493,31,4.0,1,1
1493,32,5.0,1,1
1493,33,2.0,1,1
1494,0,152.0,1,1
1494,1,143.0,1,1
1494,2,45.0,1,1
1494,3,13.0,1,1
1494,4,7.0,1,1
1494,5,99.0,1,1
1494,6,0.0,1,1
1494,7,39.0,1,1
1494,8,18.0,1,1
1494,9,0.0,1,1
1494,10,15.0,1,1
1494,11,25.0,1,1
1494,12,5.0,1,1
1494,13,0.0,1,1
1494,14,15.0,1,1
1494,15,21.0,1,1
1494,16,1.0,1,1
1494,17,89.0,1,1
1494,18,64.0,1,1
1494,19,22.0,1,1
1494,20,28.0,1,1
1494,21,29.0,1,1
1494,22,6.0,1,1
1494,23,41.0,1,1
1494,24,4.0,1,1
1494,25,7.0,1,1
1494,26,13.0,1,1
1494,27,0.0,1,1
1494,28,9.0,1,1
1494,29,6.0,1,1
1494,30,12.0,1,1
1494,31,6.0,1,1
1494,32,11.0,1,1
1494,33,7.0,1,1
1495,0,109.0,1,1
1495,1,105.0,1,1
1495,2,49.0,1,1
1495,3,10.0,1,1
1495,4,15.0,1,1
1495,5,77.0,1,1
1495,6,0.0,1,1
1495,7,48.0,1,1
1495,8,29.0,1,1
1495,9,0.0,1,1
1495,10,10.0,1,1
1495,11,29.0,1,1
1495,12,10.0,1,1
1495,13,0.0,1,1
1495,14,4.0,1,1
1495,15,31.0,1,1
1495,16,3.0,1,1
1495,17,78.0,1,1
1495,18,61.0,1,1
1495,19,17.0,1,1
1495,20,27.0,1,1
1495,21,25.0,1,1
1495,22,12.0,1,1
1495,23,36.0,1,1
1495,24,0.0,1,1
1495,25,6.0,1,1
1495,26,17.0,1,1
1495,27,0.0,1,1
1495,28,14.0,1,1
1495,29,9.0,1,1
1495,30,16.0,1,1
1495,31,3.0,1,1
1495,32,8.0,1,1
1495,33,9.0,1,1
1496,0,104.0,1,1
1496,1,110.0,1,1
1496,2,41.0,1,1
1496,3,11.0,1,1
1496,4,8.0,1,1
1496,5,61.0,1,1
1496,6,0.0,1,1
1496,7,59.0,1,1
1496,8,21.0,1,1
1496,9,0.0,1,1
1496,10,6.0,1,1
1496,11,34.0,1,1
1496,12,22.0,1,1
1496,13,0.0,1,1
1496,14,6.0,1,1
1496,15,24.0,1,1
1496,16,3.0,1,1
1496,17,96.0,1,1
1496,18,62.0,1,1
1496,19,16.0,1,1
1496,20,26.0,1,1
1496,21,16.0,1,1
1496,22,11.0,1,1
1496,23,45.0,1,1
1496,24,1.0,1,1
1496,25,10.0,1,1
1496,26,13.0,1,1
1496,27,0.0,1,1
1496,28,12.0,1,1
1496,29,4.0,1,1
1496,30,16.0,1,1
1496,31,7.0,1,1
1496,32,7.0,1,1
1496,33,4.0,1,1
1497,0,135.0,1,1
1497,1,148.0,1,1
1497,2,53.0,1,1
1497,3,16.0,1,1
1497,4,11.0,1,1
1497,5,85.0,1,1
1497,6,0.0,1,1
1497,7,57.0,1,1
1497,8,17.0,1,1
1497,9,0.0,1,1
1497,10,8.0,1,1
1497,11,37.0,1,1
1497,12,10.0,1,1
1497,13,0.0,1,1
1497,14,7.0,1,1
1497,15,15.0,1,1
1497,16,2.0,1,1
1497,17,88.0,1,1
1497,18,80.0,1,1
1497,19,20.0,1,1
1497,20,25.0,1,1
1497,21,29.0,1,1
1497,22,22.0,1,1
1497,23,32.0,1,1
1497,24,3.0,1,1
1497,25,5.0,1,1
1497,26,11.0,1,1
1497,27,0.0,1,1
1497,28,15.0,1,1
1497,29,7.0,1,1
1497,30,11.0,1,1
1497,31,3.0,1,1
1497,32,8.0,1,1
1497,33,6.0,1,1
1498,0,105.0,1,1
1498,1,140.0,1,1
1498,2,47.0,1,1
1498,3,17.0,1,1
1498,4,18.0,1,1
1498,5,83.0,1,1
1498,6,0.0,1,1
1498,7,56.0,1,1
1498,8,22.0,1,1
1498,9,0.0,1,1
1498,10,9.0,1,1
1498,11,42.0,1,1
1498,12,17.0,1,1
1498,13,0.0,1,1
1498,14,6.0,1,1
1498,15,21.0,1,1
1498,16,7.0,1,1
1498,17,83.0,1,1
1498,18,84.0,1,1
1498,19,21.0,1,1
1498,20,22.0,1,1
1498,21,27.0,1,1
1498,22,10.0,1,1
1498,23,26.0,1,1
1498,24,2.0,1,1
1498,25,4.0,1,1
1498,26,14.0,1,1
1498,27,0.0,1,1
1498,28,15.0,1,1
1498,29,5.0,1,1
1498,30,14.0,1,1
1498,31,5.0,1,1
1498,32,7.0,1,1
1498,33,6.0,1,1
1499,0,129.0,1,1
1499,1,113.0,1,1
1499,2,50.0,1,1
1499,3,21.0,1,1
1499,4,7.0,1,1
1499,5,57.0,1,1
1499,6,0.0,1,1
1499,7,55.0,1,1
1499,8,19.0,1,1
1499,9,0.0,1,1
1499,10,5.0,1,1
1499,11,38.0,1,1
1499,12,10.0,1,1
1499,13,1.0,1,1
1499,14,10.0,1,1
1499,15,15.0,1,1
1499,16,4.0,1,1
1499,17,65.0,1,1
1499,18,76.0,1,1
1499,19,11.0,1,1
1499,20,30.0,1,1
1499,21,32.0,1,1
1499,22,10.0,1,1
1499,23,43.0,1,1
1499,24,1.0,1,1
1499,25,11.0,1,1
1499,26,18.0,1,1
1499,27,0.0,1,1
1499,28,16.0,1,1
1499,29,13.0,1,1
1499,30,7.0,1,1
1499,31,4.0,1,1
1499,32,11.0,1,1
1499,33,14.0,1,1
1500,0,109.0,1,1
1500,1,111.0,1,1
1500,2,49.0,1,1
1500,3,17.0,1,1
1500,4,6.0,1,1
1500,5,63.0,1,1
1500,6,0.0,1,1
1500,7,48.0,1,1
1500,8,23.0,1,1
1500,9,0.0,1,1
1500,10,14.0,1,1
1500,11,29.0,1,1
1500,12,48.0,1,1
1500,13,0.0,1,1
1500,14,6.0,1,1
1500,15,14.0,1,1
1500,16,2.0,1,1
1500,17,70.0,1,1
1500,18,73.0,1,1
1500,19,23.0,1,1
1500,20,24.0,1,1
1500,21,43.0,1,1
1500,22,8.0,1,1
1500,23,36.0,1,1
1500,24,2.0,1,1
1500,25,7.0,1,1
1500,26,15.0,1,1
1500,27,0.0,1,1
1500,28,18.0,1,1
1500,29,13.0,1,1
1500,30,16.0,1,1
1500,31,3.0,1,1
1500,32,8.0,1,1
1500,33,8.0,1,1
1501,0,97.0,1,1
1501,1,129.0,1,1
1501,2,43.0,1,1
1501,3,20.0,1,1
1501,4,10.0,1,1
1501,5,85.0,1,1
1501,6,0.0,1,1
1501,7,67.0,1,1
1501,8,21.0,1,1
1501,9,0.0,1,1
1501,10,7.0,1,1
1501,11,38.0,1,1
1501,12,5.0,1,1
1501,13,1.0,1,1
1501,14,7.0,1,1
1501,15,19.0,1,1
1501,16,1.0,1,1
1501,17,84.0,1,1
1501,18,75.0,1,1
1501,19,18.0,1,1
1501,20,25.0,1,1
1501,21,85.0,1,1
1501,22,6.0,1,1
1501,23,32.0,1,1
1501,24,2.0,1,1
1501,25,10.0,1,1
1501,26,19.0,1,1
1501,27,0.0,1,1
1501,28,9.0,1,1
1501,29,9.0,1,1
1501,30,13.0,1,1
1501,31,3.0,1,1
1501,32,13.0,1,1
1501,33,6.0,1,1
1502,0,99.0,1,1
1502,1,112.0,1,1
1502,2,61.0,1,1
1502,3,13.0,1,1
1502,4,10.0,1,1
1502,5,80.0,1,1
1502,6,0.0,1,1
1502,7,60.0,1,1
1502,8,23.0,1,1
1502,9,0.0,1,1
1502,10,10.0,1,1
1502,11,41.0,1,1
1502,12,16.0,1,1
1502,13,1.0,1,1
1502,14,11.0,1,1
1502,15,17.0,1,1
1502,16,5.0,1,1
1502,17,79.0,1,1
1502,18,73.0,1,1
1502,19,20.0,1,1
1502,20,39.0,1,1
1502,21,24.0,1,1
1502,22,7.0,1,1
1502,23,30.0,1,1
1502,24,0.0,1,1
1502,25,8.0,1,1
1502,26,23.0,1,1
1502,27,0.0,1,1
1502,28,16.0,1,1
1502,29,10.0,1,1
1502,30,23.0,1,1
1502,31,5.0,1,1
1502,32,12.0,1,1
1502,33,9.0,1,1
1503,0,109.0,1,1
1503,1,96.0,1,1
1503,2,68.0,1,1
1503,3,15.0,1,1
1503,4,7.0,1,1
1503,5,85.0,1,1
1503,6,0.0,1,1
1503,7,70.0,1,1
1503,8,14.0,1,1
1503,9,0.0,1,1
1503,10,13.0,1,1
1503,11,44.0,1,1
1503,12,8.0,1,1
1503,13,1.0,1,1
1503,14,15.0,1,1
1503,15,28.0,1,1
1503,16,9.0,1,1
1503,17,90.0,1,1
1503,18,99.0,1,1
1503,19,19.0,1,1
1503,20,27.0,1,1
1503,21,31.0,1,1
1503,22,11.0,1,1
1503,23,37.0,1,1
1503,24,0.0,1,1
1503,25,6.0,1,1
1503,26,19.0,1,1
1503,27,0.0,1,1
1503,28,20.0,1,1
1503,29,9.0,1,1
1503,30,20.0,1,1
1503,31,6.0,1,1
1503,32,8.0,1,1
1503,33,5.0,1,1
1504,0,135.0,1,1
1504,1,116.0,1,1
1504,2,62.0,1,1
1504,3,19.0,1,1
1504,4,10.0,1,1
1504,5,69.0,1,1
1504,6,0.0,1,1
1504,7,57.0,1,1
1504,8,16.0,1,1
1504,9,0.0,1,1
1504,10,14.0,1,1
1504,11,36.0,1,1
1504,12,51.0,1,1
1504,13,0.0,1,1
1504,14,7.0,1,1
1504,15,25.0,1,1
1504,16,3.0,1,1
1504,17,84.0,1,1
1504,18,76.0,1,1
1504,19,18.0,1,1
1504,20,21.0,1,1
1504,21,37.0,1,1
1504,22,7.0,1,1
1504,23,40.0,1,1
1504,24,3.0,1,1
1504,25,7.0,1,1
1504,26,22.0,1,1
1504,27,0.0,1,1
1504,28,15.0,1,1
1504,29,11.0,1,1
1504,30,13.0,1,1
1504,31,4.0,1,1
1504,32,13.0,1,1
1504,33,13.0,1,1
1505,0,122.0,1,1
1505,1,104.0,1,1
1505,2,60.0,1,1
1505,3,17.0,1,1
1505,4,13.0,1,1
1505,5,76.0,1,1
1505,6,0.0,1,1
1505,7,63.0,1,1
1505,8,22.0,1,1
1505,9,0.0,1,1
1505,10,8.0,1,1
1505,11,42.0,1,1
1505,12,10.0,1,1
1505,13,0.0,1,1
1505,14,6.0,1,1
1505,15,28.0,1,1
1505,16,2.0,1,1
1505,17,86.0,1,1
1505,18,79.0,1,1
1505,19,20.0,1,1
1505,20,15.0,1,1
1505,21,24.0,1,1
1505,22,9.0,1,1
1505,23,36.0,1,1
1505,24,2.0,1,1
1505,25,13.0,1,1
1505,26,21.0,1,1
1505,27,0.0,1,1
1505,28,11.0,1,1
1505,29,15.0,1,1
1505,30,14.0,1,1
1505,31,3.0,1,1
1505,32,10.0,1,1
1505,33,13.0,1,1
1506,0,133.0,1,1
1506,1,108.0,1,1
1506,2,59.0,1,1
1506,3,21.0,1,1
1506,4,12.0,1,1
1506,5,77.0,1,1
1506,6,0.0,1,1
1506,7,58.0,1,1
1506,8,42.0,1,1
1506,9,0.0,1,1
1506,10,11.0,1,1
1506,11,37.0,1,1
1506,12,18.0,1,1
1506,13,0.0,1,1
1506,14,8.0,1,1
1506,15,26.0,1,1
1506,16,1.0,1,1
1506,17,76.0,1,1
1506,18,76.0,1,1
1506,19,18.0,1,1
1506,20,19.0,1,1
1506,21,32.0,1,1
1506,22,9.0,1,1
1506,23,45.0,1,1
1506,24,2.0,1,1
1506,25,10.0,1,1
1506,26,25.0,1,1
1506,27,0.0,1,1
1506,28,18.0,1,1
1506,29,21.0,1,1
1506,30,13.0,1,1
1506,31,4.0,1,1
1506,32,7.0,1,1
1506,33,14.0,1,1
1507,0,135.0,1,1
1507,1,122.0,1,1
1507,2,57.0,1,1
1507,3,17.0,1,1
1507,4,14.0,1,1
1507,5,95.0,1,1
1507,6,0.0,1,1
1507,7,67.0,1,1
1507,8,25.0,1,1
1507,9,0.0,1,1
1507,10,17.0,1,1
1507,11,29.0,1,1
1507,12,16.0,1,1
1507,13,0.0,1,1
1507,14,11.0,1,1
1507,15,23.0,1,1
1507,16,6.0,1,1
1507,17,105.0,1,1
1507,18,78.0,1,1
1507,19,29.0,1,1
1507,20,35.0,1,1
1507,21,34.0,1,1
1507,22,8.0,1,1
1507,23,39.0,1,1
1507,24,3.0,1,1
1507,25,8.0,1,1
1507,26,20.0,1,1
1507,27,0.0,1,1
1507,28,26.0,1,1
1507,29,11.0,1,1
1507,30,16.0,1,1
1507,31,5.0,1,1
1507,32,9.0,1,1
1507,33,20.0,1,1
1508,0,135.0,1,1
1508,1,118.0,1,1
1508,2,57.0,1,1
1508,3,28.0,1,1
1508,4,16.0,1,1
1508,5,76.0,1,1
1508,6,0.0,1,1
1508,7,77.0,1,1
1508,8,27.0,1,1
1508,9,0.0,1,1
1508,10,10.0,1,1
1508,11,47.0,1,1
1508,12,109.0,1,1
1508,13,0.0,1,1
1508,14,9.0,1,1
1508,15,26.0,1,1
1508,16,3.0,1,1
1508,17,102.0,1,1
1508,18,96.0,1,1
1508,19,24.0,1,1
1508,20,22.0,1,1
1508,21,36.0,1,1
1508,22,10.0,1,1
1508,23,38.0,1,1
1508,24,4.0,1,1
1508,25,11.0,1,1
1508,26,26.0,1,1
1508,27,0.0,1,1
1508,28,24.0,1,1
1508,29,17.0,1,1
1508,30,16.0,1,1
1508,31,3.0,1,1
1508,32,7.0,1,1
1508,33,12.0,1,1
1509,0,131.0,1,1
1509,1,105.0,1,1
1509,2,51.0,1,1
1509,3,22.0,1,1
1509,4,14.0,1,1
1509,5,68.0,1,1
1509,6,0.0,1,1
1509,7,65.0,1,1
1509,8,25.0,1,1
1509,9,0.0,1,1
1509,10,13.0,1,1
1509,11,49.0,1,1
1509,12,14.0,1,1
1509,13,0.0,1,1
1509,14,17.0,1,1
1509,15,39.0,1,1
1509,16,1.0,1,1
1509,17,86.0,1,1
1509,18,99.0,1,1
1509,19,20.0,1,1
1509,20,23.0,1,1
1509,21,35.0,1,1
1509,22,13.0,1,1
1509,23,35.0,1,1
1509,24,3.0,1,1
1509,25,11.0,1,1
1509,26,29.0,1,1
1509,27,0.0,1,1
1509,28,27.0,1,1
1509,29,12.0,1,1
1509,30,16.0,1,1
1509,31,4.0,1,1
1509,32,13.0,1,1
1509,33,13.0,1,1
1510,0,165.0,1,1
1510,1,104.0,1,1
1510,2,61.0,1,1
1510,3,15.0,1,1
1510,4,12.0,1,1
1510,5,80.0,1,1
1510,6,0.0,1,1
1510,7,84.0,1,1
1510,8,55.0,1,1
1510,9,0.0,1,1
1510,10,11.0,1,1
1510,11,58.0,1,1
1510,12,31.0,1,1
1510,13,0.0,1,1
1510,14,9.0,1,1
1510,15,27.0,1,1
1510,16,2.0,1,1
1510,17,109.0,1,1
1510,18,111.0,1,1
1510,19,26.0,1,1
1510,20,34.0,1,1
1510,21,33.0,1,1
1510,22,11.0,1,1
1510,23,45.0,1,1
1510,24,3.0,1,1
1510,25,17.0,1,1
1510,26,23.0,1,1
1510,27,0.0,1,1
1510,28,18.0,1,1
1510,29,17.0,1,1
1510,30,17.0,1,1
1510,31,6.0,1,1
1510,32,8.0,1,1
1510,33,12.0,1,1
1511,0,159.0,1,1
1511,1,145.0,1,1
1511,2,78.0,1,1
1511,3,28.0,1,1
1511,4,16.0,1,1
1511,5,98.0,1,1
1511,6,0.0,1,1
1511,7,83.0,1,1
1511,8,34.0,1,1
1511,9,0.0,1,1
1511,10,16.0,1,1
1511,11,47.0,1,1
1511,12,9.0,1,1
1511,13,0.0,1,1
1511,14,6.0,1,1
1511,15,29.0,1,1
1511,16,3.0,1,1
1511,17,114.0,1,1
1511,18,111.0,1,1
1511,19,35.0,1,1
1511,20,48.0,1,1
1511,21,54.0,1,1
1511,22,9.0,1,1
1511,23,42.0,1,1
1511,24,2.0,1,1
1511,25,6.0,1,1
1511,26,22.0,1,1
1511,27,0.0,1,1
1511,28,31.0,1,1
1511,29,17.0,1,1
1511,30,21.0,1,1
1511,31,4.0,1,1
1511,32,13.0,1,1
1511,33,14.0,1,1
1512,0,164.0,1,1
1512,1,129.0,1,1
1512,2,70.0,1,1
1512,3,28.0,1,1
1512,4,20.0,1,1
1512,5,74.0,1,1
1512,6,0.0,1,1
1512,7,85.0,1,1
1512,8,31.0,1,1
1512,9,0.0,1,1
1512,10,16.0,1,1
1512,11,52.0,1,1
1512,12,14.0,1,1
1512,13,0.0,1,1
1512,14,11.0,1,1
1512,15,26.0,1,1
1512,16,6.0,1,1
1512,17,107.0,1,1
1512,18,117.0,1,1
1512,19,27.0,1,1
1512,20,45.0,1,1
1512,21,39.0,1,1
1512,22,20.0,1,1
1512,23,44.0,1,1
1512,24,3.0,1,1
1512,25,16.0,1,1
1512,26,19.0,1,1
1512,27,0.0,1,1
1512,28,20.0,1,1
1512,29,18.0,1,1
1512,30,26.0,1,1
1512,31,4.0,1,1
1512,32,8.0,1,1
1512,33,11.0,1,1
1513,0,133.0,1,1
1513,1,160.0,1,1
1513,2,66.0,1,1
1513,3,14.0,1,1
1513,4,19.0,1,1
1513,5,83.0,1,1
1513,6,0.0,1,1
1513,7,90.0,1,1
1513,8,31.0,1,1
1513,9,0.0,1,1
1513,10,13.0,1,1
1513,11,64.0,1,1
1513,12,13.0,1,1
1513,13,1.0,1,1
1513,14,14.0,1,1
1513,15,22.0,1,1
1513,16,5.0,1,1
1513,17,140.0,1,1
1513,18,128.0,1,1
1513,19,41.0,1,1
1513,20,47.0,1,1
1513,21,66.0,1,1
1513,22,20.0,1,1
1513,23,73.0,1,1
1513,24,3.0,1,1
1513,25,20.0,1,1
1513,26,19.0,1,1
1513,27,0.0,1,1
1513,28,22.0,1,1
1513,29,9.0,1,1
1513,30,21.0,1,1
1513,31,3.0,1,1
1513,32,10.0,1,1
1513,33,17.0,1,1
1514,0,179.0,1,1
1514,1,145.0,1,1
1514,2,74.0,1,1
1514,3,29.0,1,1
1514,4,12.0,1,1
1514,5,101.0,1,1
1514,6,0.0,1,1
1514,7,102.0,1,1
1514,8,57.0,1,1
1514,9,0.0,1,1
1514,10,14.0,1,1
1514,11,71.0,1,1
1514,12,10.0,1,1
1514,13,1.0,1,1
1514,14,12.0,1,1
1514,15,27.0,1,1
1514,16,3.0,1,1
1514,17,118.0,1,1
1514,18,134.0,1,1
1514,19,35.0,1,1
1514,20,41.0,1,1
1514,21,50.0,1,1
1514,22,20.0,1,1
1514,23,69.0,1,1
1514,24,4.0,1,1
1514,25,25.0,1,1
1514,26,24.0,1,1
1514,27,0.0,1,1
1514,28,25.0,1,1
1514,29,19.0,1,1
1514,30,26.0,1,1
1514,31,8.0,1,1
1514,32,25.0,1,1
1514,33,18.0,1,1
1515,0,155.0,1,1
1515,1,125.0,1,1
1515,2,60.0,1,1
1515,3,25.0,1,1
1515,4,16.0,1,1
1515,5,107.0,1,1
1515,6,0.0,1,1
1515,7,99.0,1,1
1515,8,26.0,1,1
1515,9,0.0,1,1
1515,10,16.0,1,1
1515,11,67.0,1,1
1515,12,8.0,1,1
1515,13,0.0,1,1
1515,14,6.0,1,1
1515,15,31.0,1,1
1515,16,6.0,1,1
1515,17,152.0,1,1
1515,18,137.0,1,1
1515,19,45.0,1,1
1515,20,74.0,1,1
1515,21,43.0,1,1
1515,22,18.0,1,1
1515,23,60.0,1,1
1515,24,4.0,1,1
1515,25,20.0,1,1
1515,26,25.0,1,1
1515,27,0.0,1,1
1515,28,33.0,1,1
1515,29,11.0,1,1
1515,30,26.0,1,1
1515,31,7.0,1,1
1515,32,18.0,1,1
1515,33,9.0,1,1
1516,0,167.0,1,1
1516,1,144.0,1,1
1516,2,90.0,1,1
1516,3,33.0,1,1
1516,4,18.0,1,1
1516,5,108.0,1,1
1516,6,0.0,1,1
1516,7,119.0,1,1
1516,8,24.0,1,1
1516,9,0.0,1,1
1516,10,22.0,1,1
1516,11,65.0,1,1
1516,12,7.0,1,1
1516,13,0.0,1,1
1516,14,9.0,1,1
1516,15,32.0,1,1
1516,16,8.0,1,1
1516,17,135.0,1,1
1516,18,124.0,1,1
1516,19,40.0,1,1
1516,20,39.0,1,1
1516,21,48.0,1,1
1516,22,17.0,1,1
1516,23,50.0,1,1
1516,24,4.0,1,1
1516,25,19.0,1,1
1516,26,34.0,1,1
1516,27,0.0,1,1
1516,28,26.0,1,1
1516,29,18.0,1,1
1516,30,27.0,1,1
1516,31,4.0,1,1
1516,32,10.0,1,1
1516,33,14.0,1,1
1517,0,124.0,1,1
1517,1,175.0,1,1
1517,2,64.0,1,1
1517,3,30.0,1,1
1517,4,17.0,1,1
1517,5,118.0,1,1
1517,6,0.0,1,1
1517,7,81.0,1,1
1517,8,28.0,1,1
1517,9,0.0,1,1
1517,10,9.0,1,1
1517,11,72.0,1,1
1517,12,12.0,1,1
1517,13,0.0,1,1
1517,14,6.0,1,1
1517,15,22.0,1,1
1517,16,6.0,1,1
1517,17,125.0,1,1
1517,18,121.0,1,1
1517,19,38.0,1,1
1517,20,53.0,1,1
1517,21,57.0,1,1
1517,22,13.0,1,1
1517,23,60.0,1,1
1517,24,3.0,1,1
1517,25,15.0,1,1
1517,26,20.0,1,1
1517,27,0.0,1,1
1517,28,13.0,1,1
1517,29,18.0,1,1
1517,30,28.0,1,1
1517,31,10.0,1,1
1517,32,18.0,1,1
1517,33,17.0,1,1
1518,0,162.0,1,1
1518,1,137.0,1,1
1518,2,74.0,1,1
1518,3,70.0,1,1
1518,4,25.0,1,1
1518,5,111.0,1,1
1518,6,0.0,1,1
1518,7,95.0,1,1
1518,8,69.0,1,1
1518,9,0.0,1,1
1518,10,9.0,1,1
1518,11,51.0,1,1
1518,12,7.0,1,1
1518,13,0.0,1,1
1518,14,5.0,1,1
1518,15,18.0,1,1
1518,16,7.0,1,1
1518,17,123.0,1,1
1518,18,130.0,1,1
1518,19,37.0,1,1
1518,20,42.0,1,1
1518,21,63.0,1,1
1518,22,15.0,1,1
1518,23,44.0,1,1
1518,24,3.0,1,1
1518,25,12.0,1,1
1518,26,30.0,1,1
1518,27,0.0,1,1
1518,28,21.0,1,1
1518,29,19.0,1,1
1518,30,28.0,1,1
1518,31,5.0,1,1
1518,32,16.0,1,1
1518,33,15.0,1,1
1519,0,142.0,1,1
1519,1,136.0,1,1
1519,2,84.0,1,1
1519,3,16.0,1,1
1519,4,21.0,1,1
1519,5,92.0,1,1
1519,6,0.0,1,1
1519,7,97.0,1,1
1519,8,55.0,1,1
1519,9,0.0,1,1
1519,10,14.0,1,1
1519,11,64.0,1,1
1519,12,9.0,1,1
1519,13,0.0,1,1
1519,14,8.0,1,1
1519,15,20.0,1,1
1519,16,8.0,1,1
1519,17,122.0,1,1
1519,18,126.0,1,1
1519,19,43.0,1,1
1519,20,42.0,1,1
1519,21,80.0,1,1
1519,22,15.0,1,1
1519,23,49.0,1,1
1519,24,5.0,1,1
1519,25,18.0,1,1
1519,26,23.0,1,1
1519,27,0.0,1,1
1519,28,25.0,1,1
1519,29,22.0,1,1
1519,30,20.0,1,1
1519,31,6.0,1,1
1519,32,23.0,1,1
1519,33,15.0,1,1
1520,0,147.0,1,1
1520,1,154.0,1,1
1520,2,94.0,1,1
1520,3,23.0,1,1
1520,4,24.0,1,1
1520,5,92.0,1,1
1520,6,0.0,1,1
1520,7,98.0,1,1
1520,8,30.0,1,1
1520,9,0.0,1,1
1520,10,10.0,1,1
1520,11,71.0,1,1
1520,12,22.0,1,1
1520,13,1.0,1,1
1520,14,3.0,1,1
1520,15,24.0,1,1
1520,16,5.0,1,1
1520,17,145.0,1,1
1520,18,139.0,1,1
1520,19,38.0,1,1
1520,20,49.0,1,1
1520,21,52.0,1,1
1520,22,12.0,1,1
1520,23,95.0,1,1
1520,24,3.0,1,1
1520,25,19.0,1,1
1520,26,63.0,1,1
1520,27,0.0,1,1
1520,28,30.0,1,1
1520,29,20.0,1,1
1520,30,28.0,1,1
1520,31,8.0,1,1
1520,32,15.0,1,1
1520,33,12.0,1,1
1521,0,180.0,1,1
1521,1,148.0,1,1
1521,2,84.0,1,1
1521,3,24.0,1,1
1521,4,36.0,1,1
1521,5,104.0,1,1
1521,6,0.0,1,1
1521,7,91.0,1,1
1521,8,22.0,1,1
1521,9,0.0,1,1
1521,10,16.0,1,1
1521,11,73.0,1,1
1521,12,11.0,1,1
1521,13,1.0,1,1
1521,14,6.0,1,1
1521,15,29.0,1,1
1521,16,4.0,1,1
1521,17,185.0,1,1
1521,18,152.0,1,1
1521,19,41.0,1,1
1521,20,58.0,1,1
1521,21,53.0,1,1
1521,22,22.0,1,1
1521,23,84.0,1,1
1521,24,3.0,1,1
1521,25,17.0,1,1
1521,26,54.0,1,1
1521,27,0.0,1,1
1521,28,41.0,1,1
1521,29,18.0,1,1
1521,30,19.0,1,1
1521,31,12.0,1,1
1521,32,14.0,1,1
1521,33,18.0,1,1
1522,0,176.0,1,1
1522,1,172.0,1,1
1522,2,82.0,1,1
1522,3,35.0,1,1
1522,4,30.0,1,1
1522,5,124.0,1,1
1522,6,0.0,1,1
1522,7,117.0,1,1
1522,8,43.0,1,1
1522,9,0.0,1,1
1522,10,13.0,1,1
1522,11,69.0,1,1
1522,12,15.0,1,1
1522,13,1.0,1,1
1522,14,14.0,1,1
1522,15,25.0,1,1
1522,16,6.0,1,1
1522,17,140.0,1,1
1522,18,145.0,1,1
1522,19,40.0,1,1
1522,20,43.0,1,1
1522,21,57.0,1,1
1522,22,21.0,1,1
1522,23,69.0,1,1
1522,24,2.0,1,1
1522,25,19.0,1,1
1522,26,44.0,1,1
1522,27,0.0,1,1
1522,28,18.0,1,1
1522,29,18.0,1,1
1522,30,29.0,1,1
1522,31,11.0,1,1
1522,32,11.0,1,1
1522,33,13.0,1,1
1523,0,161.0,1,1
1523,1,164.0,1,1
1523,2,98.0,1,1
1523,3,36.0,1,1
1523,4,24.0,1,1
1523,5,114.0,1,1
1523,6,0.0,1,1
1523,7,139.0,1,1
1523,8,46.0,1,1
1523,9,0.0,1,1
1523,10,18.0,1,1
1523,11,79.0,1,1
1523,12,10.0,1,1
1523,13,0.0,1,1
1523,14,11.0,1,1
1523,15,26.0,1,1
1523,16,7.0,1,1
1523,17,147.0,1,1
1523,18,185.0,1,1
1523,19,38.0,1,1
1523,20,46.0,1,1
1523,21,60.0,1,1
1523,22,15.0,1,1
1523,23,47.0,1,1
1523,24,9.0,1,1
1523,25,19.0,1,1
1523,26,20.0,1,1
1523,27,0.0,1,1
1523,28,25.0,1,1
1523,29,23.0,1,1
1523,30,27.0,1,1
1523,31,7.0,1,1
1523,32,18.0,1,1
1523,33,21.0,1,1
1524,0,130.0,1,1
1524,1,185.0,1,1
1524,2,86.0,1,1
1524,3,39.0,1,1
1524,4,29.0,1,1
1524,5,129.0,1,1
1524,6,0.0,1,1
1524,7,125.0,1,1
1524,8,25.0,1,1
1524,9,0.0,1,1
1524,10,10.0,1,1
1524,11,86.0,1,1
1524,12,15.0,1,1
1524,13,1.0,1,1
1524,14,20.0,1,1
1524,15,26.0,1,1
1524,16,6.0,1,1
1524,17,138.0,1,1
1524,18,177.0,1,1
1524,19,32.0,1,1
1524,20,48.0,1,1
1524,21,63.0,1,1
1524,22,20.0,1,1
1524,23,59.0,1,1
1524,24,4.0,1,1
1524,25,13.0,1,1
1524,26,32.0,1,1
1524,27,0.0,1,1
1524,28,26.0,1,1
1524,29,14.0,1,1
1524,30,23.0,1,1
1524,31,10.0,1,1
1524,32,24.0,1,1
1524,33,14.0,1,1
1525,0,158.0,1,1
1525,1,160.0,1,1
1525,2,81.0,1,1
1525,3,26.0,1,1
1525,4,23.0,1,1
1525,5,90.0,1,1
1525,6,0.0,1,1
1525,7,94.0,1,1
1525,8,32.0,1,1
1525,9,0.0,1,1
1525,10,16.0,1,1
1525,11,66.0,1,1
1525,12,14.0,1,1
1525,13,0.0,1,1
1525,14,15.0,1,1
1525,15,33.0,1,1
1525,16,3.0,1,1
1525,17,140.0,1,1
1525,18,240.0,1,1
1525,19,34.0,1,1
1525,20,49.0,1,1
1525,21,83.0,1,1
1525,22,12.0,1,1
1525,23,70.0,1,1
1525,24,9.0,1,1
1525,25,21.0,1,1
1525,26,27.0,1,1
1525,27,0.0,1,1
1525,28,35.0,1,1
1525,29,19.0,1,1
1525,30,20.0,1,1
1525,31,4.0,1,1
1525,32,18.0,1,1
1525,33,17.0,1,1
1526,0,157.0,1,1
1526,1,156.0,1,1
1526,2,92.0,1,1
1526,3,32.0,1,1
1526,4,18.0,1,1
1526,5,116.0,1,1
1526,6,0.0,1,1
1526,7,110.0,1,1
1526,8,28.0,1,1
1526,9,0.0,1,1
1526,10,15.0,1,1
1526,11,75.0,1,1
1526,12,14.0,1,1
1526,13,0.0,1,1
1526,14,9.0,1,1
1526,15,27.0,1,1
1526,16,8.0,1,1
1526,17,148.0,1,1
1526,18,139.0,1,1
1526,19,43.0,1,1
1526,20,48.0,1,1
1526,21,83.0,1,1
1526,22,10.0,1,1
1526,23,49.0,1,1
1526,24,5.0,1,1
1526,25,16.0,1,1
1526,26,25.0,1,1
1526,27,0.0,1,1
1526,28,24.0,1,1
1526,29,21.0,1,1
1526,30,26.0,1,1
1526,31,5.0,1,1
1526,32,22.0,1,1
1526,33,23.0,1,1
1527,0,149.0,1,1
1527,1,130.0,1,1
1527,2,95.0,1,1
1527,3,28.0,1,1
1527,4,29.0,1,1
1527,5,111.0,1,1
1527,6,0.0,1,1
1527,7,112.0,1,1
1527,8,30.0,1,1
1527,9,0.0,1,1
1527,10,10.0,1,1
1527,11,79.0,1,1
1527,12,9.0,1,1
1527,13,0.0,1,1
1527,14,10.0,1,1
1527,15,35.0,1,1
1527,16,4.0,1,1
1527,17,130.0,1,1
1527,18,129.0,1,1
1527,19,44.0,1,1
1527,20,38.0,1,1
1527,21,52.0,1,1
1527,22,10.0,1,1
1527,23,57.0,1,1
1527,24,3.0,1,1
1527,25,17.0,1,1
1527,26,31.0,1,1
1527,27,0.0,1,1
1527,28,31.0,1,1
1527,29,19.0,1,1
1527,30,31.0,1,1
1527,31,4.0,1,1
1527,32,15.0,1,1
1527,33,15.0,1,1
1528,0,147.0,1,1
1528,1,107.0,1,1
1528,2,105.0,1,1
1528,3,39.0,1,1
1528,4,17.0,1,1
1528,5,81.0,1,1
1528,6,0.0,1,1
1528,7,110.0,1,1
1528,8,29.0,1,1
1528,9,0.0,1,1
1528,10,18.0,1,1
1528,11,66.0,1,1
1528,12,17.0,1,1
1528,13,1.0,1,1
1528,14,10.0,1,1
1528,15,34.0,1,1
1528,16,5.0,1,1
1528,17,153.0,1,1
1528,18,150.0,1,1
1528,19,28.0,1,1
1528,20,40.0,1,1
1528,21,67.0,1,1
1528,22,15.0,1,1
1528,23,73.0,1,1
1528,24,4.0,1,1
1528,25,13.0,1,1
1528,26,31.0,1,1
1528,27,0.0,1,1
1528,28,19.0,1,1
1528,29,16.0,1,1
1528,30,22.0,1,1
1528,31,7.0,1,1
1528,32,21.0,1,1
1528,33,10.0,1,1
1529,0,165.0,1,1
1529,1,134.0,1,1
1529,2,94.0,1,1
1529,3,31.0,1,1
1529,4,20.0,1,1
1529,5,128.0,1,1
1529,6,0.0,1,1
1529,7,128.0,1,1
1529,8,53.0,1,1
1529,9,0.0,1,1
1529,10,13.0,1,1
1529,11,65.0,1,1
1529,12,16.0,1,1
1529,13,0.0,1,1
1529,14,13.0,1,1
1529,15,25.0,1,1
1529,16,1.0,1,1
1529,17,127.0,1,1
1529,18,116.0,1,1
1529,19,37.0,1,1
1529,20,38.0,1,1
1529,21,59.0,1,1
1529,22,12.0,1,1
1529,23,51.0,1,1
1529,24,2.0,1,1
1529,25,9.0,1,1
1529,26,27.0,1,1
1529,27,0.0,1,1
1529,28,30.0,1,1
1529,29,19.0,1,1
1529,30,14.0,1,1
1529,31,5.0,1,1
1529,32,11.0,1,1
1529,33,9.0,1,1
1530,0,151.0,1,1
1530,1,147.0,1,1
1530,2,86.0,1,1
1530,3,32.0,1,1
1530,4,19.0,1,1
1530,5,90.0,1,1
1530,6,0.0,1,1
1530,7,137.0,1,1
1530,8,93.0,1,1
1530,9,0.0,1,1
1530,10,12.0,1,1
1530,11,95.0,1,1
1530,12,11.0,1,1
1530,13,0.0,1,1
1530,14,13.0,1,1
1530,15,25.0,1,1
1530,16,1.0,1,1
1530,17,111.0,1,1
1530,18,151.0,1,1
1530,19,33.0,1,1
1530,20,38.0,1,1
1530,21,48.0,1,1
1530,22,15.0,1,1
1530,23,45.0,1,1
1530,24,3.0,1,1
1530,25,13.0,1,1
1530,26,24.0,1,1
1530,27,0.0,1,1
1530,28,26.0,1,1
1530,29,21.0,1,1
1530,30,14.0,1,1
1530,31,6.0,1,1
1530,32,20.0,1,1
1530,33,14.0,1,1
1531,0,137.0,1,1
1531,1,128.0,1,1
1531,2,78.0,1,1
1531,3,50.0,1,1
1531,4,27.0,1,1
1531,5,103.0,1,1
1531,6,0.0,1,1
1531,7,126.0,1,1
1531,8,29.0,1,1
1531,9,0.0,1,1
1531,10,13.0,1,1
1531,11,79.0,1,1
1531,12,11.0,1,1
1531,13,0.0,1,1
1531,14,10.0,1,1
1531,15,22.0,1,1
1531,16,6.0,1,1
1531,17,132.0,1,1
1531,18,159.0,1,1
1531,19,38.0,1,1
1531,20,40.0,1,1
1531,21,53.0,1,1
1531,22,11.0,1,1
1531,23,57.0,1,1
1531,24,4.0,1,1
1531,25,14.0,1,1
1531,26,33.0,1,1
1531,27,0.0,1,1
1531,28,35.0,1,1
1531,29,16.0,1,1
1531,30,27.0,1,1
1531,31,8.0,1,1
1531,32,15.0,1,1
1531,33,14.0,1,1
1532,0,170.0,1,1
1532,1,122.0,1,1
1532,2,102.0,1,1
1532,3,36.0,1,1
1532,4,27.0,1,1
1532,5,77.0,1,1
1532,6,0.0,1,1
1532,7,105.0,1,1
1532,8,72.0,1,1
1532,9,0.0,1,1
1532,10,20.0,1,1
1532,11,85.0,1,1
1532,12,17.0,1,1
1532,13,0.0,1,1
1532,14,9.0,1,1
1532,15,42.0,1,1
1532,16,7.0,1,1
1532,17,126.0,1,1
1532,18,155.0,1,1
1532,19,39.0,1,1
1532,20,40.0,1,1
1532,21,81.0,1,1
1532,22,13.0,1,1
1532,23,56.0,1,1
1532,24,4.0,1,1
1532,25,15.0,1,1
1532,26,21.0,1,1
1532,27,0.0,1,1
1532,28,23.0,1,1
1532,29,19.0,1,1
1532,30,26.0,1,1
1532,31,11.0,1,1
1532,32,18.0,1,1
1532,33,17.0,1,1
1533,0,169.0,1,1
1533,1,131.0,1,1
1533,2,92.0,1,1
1533,3,31.0,1,1
1533,4,27.0,1,1
1533,5,94.0,1,1
1533,6,0.0,1,1
1533,7,117.0,1,1
1533,8,33.0,1,1
1533,9,0.0,1,1
1533,10,15.0,1,1
1533,11,75.0,1,1
1533,12,13.0,1,1
1533,13,0.0,1,1
1533,14,11.0,1,1
1533,15,51.0,1,1
1533,16,5.0,1,1
1533,17,136.0,1,1
1533,18,180.0,1,1
1533,19,32.0,1,1
1533,20,35.0,1,1
1533,21,87.0,1,1
1533,22,12.0,1,1
1533,23,62.0,1,1
1533,24,7.0,1,1
1533,25,11.0,1,1
1533,26,22.0,1,1
1533,27,0.0,1,1
1533,28,31.0,1,1
1533,29,23.0,1,1
1533,30,20.0,1,1
1533,31,10.0,1,1
1533,32,15.0,1,1
1533,33,16.0,1,1
1534,0,127.0,1,1
1534,1,119.0,1,1
1534,2,98.0,1,1
1534,3,39.0,1,1
1534,4,23.0,1,1
1534,5,109.0,1,1
1534,6,0.0,1,1
1534,7,117.0,1,1
1534,8,69.0,1,1
1534,9,0.0,1,1
1534,10,19.0,1,1
1534,11,80.0,1,1
1534,12,19.0,1,1
1534,13,0.0,1,1
1534,14,12.0,1,1
1534,15,30.0,1,1
1534,16,6.0,1,1
1534,17,163.0,1,1
1534,18,120.0,1,1
1534,19,37.0,1,1
1534,20,42.0,1,1
1534,21,58.0,1,1
1534,22,10.0,1,1
1534,23,72.0,1,1
1534,24,2.0,1,1
1534,25,15.0,1,1
1534,26,28.0,1,1
1534,27,0.0,1,1
1534,28,30.0,1,1
1534,29,31.0,1,1
1534,30,21.0,1,1
1534,31,6.0,1,1
1534,32,19.0,1,1
1534,33,16.0,1,1
1535,0,161.0,1,1
1535,1,148.0,1,1
1535,2,103.0,1,1
1535,3,22.0,1,1
1535,4,15.0,1,1
1535,5,95.0,1,1
1535,6,0.0,1,1
1535,7,126.0,1,1
1535,8,85.0,1,1
1535,9,0.0,1,1
1535,10,12.0,1,1
1535,11,91.0,1,1
1535,12,5.0,1,1
1535,13,1.0,1,1
1535,14,9.0,1,1
1535,15,37.0,1,1
1535,16,10.0,1,1
1535,17,119.0,1,1
1535,18,172.0,1,1
1535,19,45.0,1,1
1535,20,35.0,1,1
1535,21,60.0,1,1
1535,22,18.0,1,1
1535,23,55.0,1,1
1535,24,3.0,1,1
1535,25,17.0,1,1
1535,26,27.0,1,1
1535,27,0.0,1,1
1535,28,30.0,1,1
1535,29,16.0,1,1
1535,30,30.0,1,1
1535,31,4.0,1,1
1535,32,21.0,1,1
1535,33,9.0,1,1
1536,0,156.0,1,1
1536,1,112.0,1,1
1536,2,104.0,1,1
1536,3,36.0,1,1
1536,4,24.0,1,1
1536,5,93.0,1,1
1536,6,0.0,1,1
1536,7,110.0,1,1
1536,8,32.0,1,1
1536,9,0.0,1,1
1536,10,18.0,1,1
1536,11,59.0,1,1
1536,12,19.0,1,1
1536,13,1.0,1,1
1536,14,14.0,1,1
1536,15,47.0,1,1
1536,16,9.0,1,1
1536,17,128.0,1,1
1536,18,134.0,1,1
1536,19,36.0,1,1
1536,20,50.0,1,1
1536,21,47.0,1,1
1536,22,15.0,1,1
1536,23,69.0,1,1
1536,24,5.0,1,1
1536,25,15.0,1,1
1536,26,21.0,1,1
1536,27,0.0,1,1
1536,28,21.0,1,1
1536,29,23.0,1,1
1536,30,23.0,1,1
1536,31,5.0,1,1
1536,32,19.0,1,1
1536,33,17.0,1,1
1537,0,142.0,1,1
1537,1,146.0,1,1
1537,2,92.0,1,1
1537,3,25.0,1,1
1537,4,22.0,1,1
1537,5,100.0,1,1
1537,6,0.0,1,1
1537,7,119.0,1,1
1537,8,34.0,1,1
1537,9,0.0,1,1
1537,10,11.0,1,1
1537,11,89.0,1,1
1537,12,13.0,1,1
1537,13,0.0,1,1
1537,14,20.0,1,1
1537,15,36.0,1,1
1537,16,11.0,1,1
1537,17,107.0,1,1
1537,18,154.0,1,1
1537,19,45.0,1,1
1537,20,44.0,1,1
1537,21,60.0,1,1
1537,22,12.0,1,1
1537,23,47.0,1,1
1537,24,3.0,1,1
1537,25,14.0,1,1
1537,26,16.0,1,1
1537,27,0.0,1,1
1537,28,27.0,1,1
1537,29,19.0,1,1
1537,30,18.0,1,1
1537,31,7.0,1,1
1537,32,20.0,1,1
1537,33,8.0,1,1
1538,0,128.0,1,1
1538,1,132.0,1,1
1538,2,110.0,1,1
1538,3,29.0,1,1
1538,4,20.0,1,1
1538,5,110.0,1,1
1538,6,0.0,1,1
1538,7,116.0,1,1
1538,8,32.0,1,1
1538,9,0.0,1,1
1538,10,21.0,1,1
1538,11,65.0,1,1
1538,12,13.0,1,1
1538,13,1.0,1,1
1538,14,15.0,1,1
1538,15,60.0,1,1
1538,16,2.0,1,1
1538,17,93.0,1,1
1538,18,166.0,1,1
1538,19,41.0,1,1
1538,20,53.0,1,1
1538,21,63.0,1,1
1538,22,15.0,1,1
1538,23,59.0,1,1
1538,24,6.0,1,1
1538,25,18.0,1,1
1538,26,28.0,1,1
1538,27,0.0,1,1
1538,28,24.0,1,1
1538,29,22.0,1,1
1538,30,20.0,1,1
1538,31,5.0,1,1
1538,32,15.0,1,1
1538,33,17.0,1,1
1539,0,120.0,1,1
1539,1,119.0,1,1
1539,2,104.0,1,1
1539,3,41.0,1,1
1539,4,24.0,1,1
1539,5,80.0,1,1
1539,6,0.0,1,1
1539,7,129.0,1,1
1539,8,29.0,1,1
1539,9,0.0,1,1
1539,10,13.0,1,1
1539,11,69.0,1,1
1539,12,16.0,1,1
1539,13,1.0,1,1
1539,14,17.0,1,1
1539,15,40.0,1,1
1539,16,1.0,1,1
1539,17,111.0,1,1
1539,18,171.0,1,1
1539,19,43.0,1,1
1539,20,49.0,1,1
1539,21,68.0,1,1
1539,22,13.0,1,1
1539,23,47.0,1,1
1539,24,5.0,1,1
1539,25,19.0,1,1
1539,26,29.0,1,1
1539,27,0.0,1,1
1539,28,39.0,1,1
1539,29,22.0,1,1
1539,30,22.0,1,1
1539,31,9.0,1,1
1539,32,20.0,1,1
1539,33,20.0,1,1
1540,0,107.0,1,1
1540,1,124.0,1,1
1540,2,105.0,1,1
1540,3,42.0,1,1
1540,4,19.0,1,1
1540,5,96.0,1,1
1540,6,0.0,1,1
1540,7,107.0,1,1
1540,8,20.0,1,1
1540,9,0.0,1,1
1540,10,8.0,1,1
1540,11,85.0,1,1
1540,12,20.0,1,1
1540,13,1.0,1,1
1540,14,18.0,1,1
1540,15,38.0,1,1
1540,16,9.0,1,1
1540,17,119.0,1,1
1540,18,171.0,1,1
1540,19,33.0,1,1
1540,20,49.0,1,1
1540,21,56.0,1,1
1540,22,15.0,1,1
1540,23,63.0,1,1
1540,24,6.0,1,1
1540,25,15.0,1,1
1540,26,29.0,1,1
1540,27,0.0,1,1
1540,28,36.0,1,1
1540,29,18.0,1,1
1540,30,19.0,1,1
1540,31,8.0,1,1
1540,32,17.0,1,1
1540,33,14.0,1,1
1541,0,143.0,1,1
1541,1,105.0,1,1
1541,2,112.0,1,1
1541,3,58.0,1,1
1541,4,26.0,1,1
1541,5,108.0,1,1
1541,6,0.0,1,1
1541,7,133.0,1,1
1541,8,17.0,1,1
1541,9,0.0,1,1
1541,10,18.0,1,1
1541,11,87.0,1,1
1541,12,14.0,1,1
1541,13,0.0,1,1
1541,14,25.0,1,1
1541,15,35.0,1,1
1541,16,3.0,1,1
1541,17,136.0,1,1
1541,18,138.0,1,1
1541,19,39.0,1,1
1541,20,37.0,1,1
1541,21,60.0,1,1
1541,22,16.0,1,1
1541,23,59.0,1,1
1541,24,3.0,1,1
1541,25,23.0,1,1
1541,26,39.0,1,1
1541,27,0.0,1,1
1541,28,30.0,1,1
1541,29,14.0,1,1
1541,30,23.0,1,1
1541,31,8.0,1,1
1541,32,20.0,1,1
1541,33,13.0,1,1
1542,0,133.0,1,1
1542,1,127.0,1,1
1542,2,114.0,1,1
1542,3,26.0,1,1
1542,4,23.0,1,1
1542,5,68.0,1,1
1542,6,0.0,1,1
1542,7,131.0,1,1
1542,8,20.0,1,1
1542,9,0.0,1,1
1542,10,10.0,1,1
1542,11,102.0,1,1
1542,12,17.0,1,1
1542,13,0.0,1,1
1542,14,12.0,1,1
1542,15,60.0,1,1
1542,16,4.0,1,1
1542,17,148.0,1,1
1542,18,175.0,1,1
1542,19,39.0,1,1
1542,20,53.0,1,1
1542,21,63.0,1,1
1542,22,19.0,1,1
1542,23,58.0,1,1
1542,24,3.0,1,1
1542,25,23.0,1,1
1542,26,28.0,1,1
1542,27,0.0,1,1
1542,28,25.0,1,1
1542,29,31.0,1,1
1542,30,31.0,1,1
1542,31,11.0,1,1
1542,32,19.0,1,1
1542,33,19.0,1,1
1543,0,140.0,1,1
1543,1,135.0,1,1
1543,2,111.0,1,1
1543,3,44.0,1,1
1543,4,31.0,1,1
1543,5,92.0,1,1
1543,6,0.0,1,1
1543,7,127.0,1,1
1543,8,19.0,1,1
1543,9,0.0,1,1
1543,10,19.0,1,1
1543,11,96.0,1,1
1543,12,14.0,1,1
1543,13,1.0,1,1
1543,14,11.0,1,1
1543,15,35.0,1,1
1543,16,7.0,1,1
1543,17,150.0,1,1
1543,18,171.0,1,1
1543,19,96.0,1,1
1543,20,42.0,1,1
1543,21,68.0,1,1
1543,22,20.0,1,1
1543,23,61.0,1,1
1543,24,3.0,1,1
1543,25,20.0,1,1
1543,26,27.0,1,1
1543,27,0.0,1,1
1543,28,28.0,1,1
1543,29,21.0,1,1
1543,30,25.0,1,1
1543,31,9.0,1,1
1543,32,19.0,1,1
1543,33,15.0,1,1
1544,0,137.0,1,1
1544,1,147.0,1,1
1544,2,108.0,1,1
1544,3,44.0,1,1
1544,4,24.0,1,1
1544,5,115.0,1,1
1544,6,0.0,1,1
1544,7,125.0,1,1
1544,8,15.0,1,1
1544,9,0.0,1,1
1544,10,18.0,1,1
1544,11,79.0,1,1
1544,12,20.0,1,1
1544,13,0.0,1,1
1544,14,11.0,1,1
1544,15,44.0,1,1
1544,16,2.0,1,1
1544,17,144.0,1,1
1544,18,182.0,1,1
1544,19,41.0,1,1
1544,20,48.0,1,1
1544,21,61.0,1,1
1544,22,17.0,1,1
1544,23,71.0,1,1
1544,24,10.0,1,1
1544,25,14.0,1,1
1544,26,27.0,1,1
1544,27,0.0,1,1
1544,28,31.0,1,1
1544,29,24.0,1,1
1544,30,18.0,1,1
1544,31,2.0,1,1
1544,32,21.0,1,1
1544,33,12.0,1,1
1545,0,173.0,1,1
1545,1,142.0,1,1
1545,2,124.0,1,1
1545,3,40.0,1,1
1545,4,29.0,1,1
1545,5,90.0,1,1
1545,6,0.0,1,1
1545,7,153.0,1,1
1545,8,20.0,1,1
1545,9,0.0,1,1
1545,10,6.0,1,1
1545,11,82.0,1,1
1545,12,18.0,1,1
1545,13,0.0,1,1
1545,14,17.0,1,1
1545,15,43.0,1,1
1545,16,6.0,1,1
1545,17,127.0,1,1
1545,18,185.0,1,1
1545,19,42.0,1,1
1545,20,40.0,1,1
1545,21,80.0,1,1
1545,22,17.0,1,1
1545,23,61.0,1,1
1545,24,3.0,1,1
1545,25,26.0,1,1
1545,26,20.0,1,1
1545,27,0.0,1,1
1545,28,37.0,1,1
1545,29,18.0,1,1
1545,30,27.0,1,1
1545,31,8.0,1,1
1545,32,19.0,1,1
1545,33,8.0,1,1
1546,0,134.0,1,1
1546,1,131.0,1,1
1546,2,93.0,1,1
1546,3,51.0,1,1
1546,4,33.0,1,1
1546,5,94.0,1,1
1546,6,0.0,1,1
1546,7,128.0,1,1
1546,8,16.0,1,1
1546,9,0.0,1,1
1546,10,17.0,1,1
1546,11,91.0,1,1
1546,12,19.0,1,1
1546,13,0.0,1,1
1546,14,18.0,1,1
1546,15,61.0,1,1
1546,16,6.0,1,1
1546,17,149.0,1,1
1546,18,191.0,1,1
1546,19,46.0,1,1
1546,20,41.0,1,1
1546,21,70.0,1,1
1546,22,16.0,1,1
1546,23,69.0,1,1
1546,24,10.0,1,1
1546,25,13.0,1,1
1546,26,28.0,1,1
1546,27,0.0,1,1
1546,28,25.0,1,1
1546,29,21.0,1,1
1546,30,32.0,1,1
1546,31,2.0,1,1
1546,32,23.0,1,1
1546,33,24.0,1,1
1547,0,166.0,1,1
1547,1,133.0,1,1
1547,2,136.0,1,1
1547,3,48.0,1,1
1547,4,34.0,1,1
1547,5,97.0,1,1
1547,6,0.0,1,1
1547,7,138.0,1,1
1547,8,18.0,1,1
1547,9,0.0,1,1
1547,10,21.0,1,1
1547,11,89.0,1,1
1547,12,22.0,1,1
1547,13,0.0,1,1
1547,14,7.0,1,1
1547,15,56.0,1,1
1547,16,5.0,1,1
1547,17,108.0,1,1
1547,18,174.0,1,1
1547,19,50.0,1,1
1547,20,43.0,1,1
1547,21,64.0,1,1
1547,22,18.0,1,1
1547,23,59.0,1,1
1547,24,3.0,1,1
1547,25,19.0,1,1
1547,26,25.0,1,1
1547,27,0.0,1,1
1547,28,33.0,1,1
1547,29,17.0,1,1
1547,30,32.0,1,1
1547,31,7.0,1,1
1547,32,32.0,1,1
1547,33,19.0,1,1
1548,0,142.0,1,1
1548,1,140.0,1,1
1548,2,91.0,1,1
1548,3,59.0,1,1
1548,4,32.0,1,1
1548,5,97.0,1,1
1548,6,0.0,1,1
1548,7,154.0,1,1
1548,8,18.0,1,1
1548,9,0.0,1,1
1548,10,23.0,1,1
1548,11,112.0,1,1
1548,12,92.0,1,1
1548,13,0.0,1,1
1548,14,14.0,1,1
1548,15,49.0,1,1
1548,16,3.0,1,1
1548,17,130.0,1,1
1548,18,189.0,1,1
1548,19,49.0,1,1
1548,20,56.0,1,1
1548,21,62.0,1,1
1548,22,16.0,1,1
1548,23,70.0,1,1
1548,24,4.0,1,1
1548,25,21.0,1,1
1548,26,24.0,1,1
1548,27,0.0,1,1
1548,28,29.0,1,1
1548,29,16.0,1,1
1548,30,29.0,1,1
1548,31,9.0,1,1
1548,32,21.0,1,1
1548,33,16.0,1,1
1549,0,141.0,1,1
1549,1,138.0,1,1
1549,2,103.0,1,1
1549,3,47.0,1,1
1549,4,31.0,1,1
1549,5,103.0,1,1
1549,6,0.0,1,1
1549,7,121.0,1,1
1549,8,24.0,1,1
1549,9,0.0,1,1
1549,10,22.0,1,1
1549,11,89.0,1,1
1549,12,20.0,1,1
1549,13,0.0,1,1
1549,14,18.0,1,1
1549,15,63.0,1,1
1549,16,8.0,1,1
1549,17,155.0,1,1
1549,18,174.0,1,1
1549,19,56.0,1,1
1549,20,51.0,1,1
1549,21,69.0,1,1
1549,22,9.0,1,1
1549,23,75.0,1,1
1549,24,6.0,1,1
1549,25,21.0,1,1
1549,26,52.0,1,1
1549,27,0.0,1,1
1549,28,38.0,1,1
1549,29,19.0,1,1
1549,30,18.0,1,1
1549,31,11.0,1,1
1549,32,20.0,1,1
1549,33,10.0,1,1
1550,0,148.0,1,1
1550,1,145.0,1,1
1550,2,110.0,1,1
1550,3,44.0,1,1
1550,4,23.0,1,1
1550,5,94.0,1,1
1550,6,0.0,1,1
1550,7,141.0,1,1
1550,8,23.0,1,1
1550,9,0.0,1,1
1550,10,15.0,1,1
1550,11,94.0,1,1
1550,12,18.0,1,1
1550,13,0.0,1,1
1550,14,21.0,1,1
1550,15,60.0,1,1
1550,16,7.0,1,1
1550,17,128.0,1,1
1550,18,199.0,1,1
1550,19,49.0,1,1
1550,20,35.0,1,1
1550,21,77.0,1,1
1550,22,23.0,1,1
1550,23,58.0,1,1
1550,24,2.0,1,1
1550,25,19.0,1,1
1550,26,36.0,1,1
1550,27,0.0,1,1
1550,28,28.0,1,1
1550,29,19.0,1,1
1550,30,27.0,1,1
1550,31,3.0,1,1
1550,32,18.0,1,1
1550,33,10.0,1,1
1551,0,141.0,1,1
1551,1,139.0,1,1
1551,2,117.0,1,1
1551,3,45.0,1,1
1551,4,27.0,1,1
1551,5,105.0,1,1
1551,6,0.0,1,1
1551,7,153.0,1,1
1551,8,38.0,1,1
1551,9,0.0,1,1
1551,10,18.0,1,1
1551,11,95.0,1,1
1551,12,17.0,1,1
1551,13,0.0,1,1
1551,14,22.0,1,1
1551,15,37.0,1,1
1551,16,7.0,1,1
1551,17,148.0,1,1
1551,18,170.0,1,1
1551,19,46.0,1,1
1551,20,37.0,1,1
1551,21,74.0,1,1
1551,22,16.0,1,1
1551,23,69.0,1,1
1551,24,4.0,1,1
1551,25,18.0,1,1
1551,26,25.0,1,1
1551,27,0.0,1,1
1551,28,28.0,1,1
1551,29,23.0,1,1
1551,30,21.0,1,1
1551,31,8.0,1,1
1551,32,20.0,1,1
1551,33,22.0,1,1
1552,0,154.0,1,1
1552,1,104.0,1,1
1552,2,110.0,1,1
1552,3,103.0,1,1
1552,4,22.0,1,1
1552,5,87.0,1,1
1552,6,0.0,1,1
1552,7,131.0,1,1
1552,8,71.0,1,1
1552,9,0.0,1,1
1552,10,24.0,1,1
1552,11,78.0,1,1
1552,12,21.0,1,1
1552,13,0.0,1,1
1552,14,14.0,1,1
1552,15,36.0,1,1
1552,16,4.0,1,1
1552,17,142.0,1,1
1552,18,182.0,1,1
1552,19,34.0,1,1
1552,20,26.0,1,1
1552,21,65.0,1,1
1552,22,19.0,1,1
1552,23,60.0,1,1
1552,24,7.0,1,1
1552,25,16.0,1,1
1552,26,27.0,1,1
1552,27,0.0,1,1
1552,28,31.0,1,1
1552,29,21.0,1,1
1552,30,27.0,1,1
1552,31,3.0,1,1
1552,32,28.0,1,1
1552,33,13.0,1,1
1553,0,130.0,1,1
1553,1,149.0,1,1
1553,2,114.0,1,1
1553,3,50.0,1,1
1553,4,30.0,1,1
1553,5,93.0,1,1
1553,6,0.0,1,1
1553,7,142.0,1,1
1553,8,27.0,1,1
1553,9,0.0,1,1
1553,10,16.0,1,1
1553,11,88.0,1,1
1553,12,12.0,1,1
1553,13,0.0,1,1
1553,14,28.0,1,1
1553,15,51.0,1,1
1553,16,3.0,1,1
1553,17,132.0,1,1
1553,18,167.0,1,1
1553,19,42.0,1,1
1553,20,40.0,1,1
1553,21,84.0,1,1
1553,22,15.0,1,1
1553,23,63.0,1,1
1553,24,4.0,1,1
1553,25,16.0,1,1
1553,26,28.0,1,1
1553,27,0.0,1,1
1553,28,32.0,1,1
1553,29,33.0,1,1
1553,30,24.0,1,1
1553,31,9.0,1,1
1553,32,21.0,1,1
1553,33,13.0,1,1
1554,0,137.0,1,1
1554,1,126.0,1,1
1554,2,115.0,1,1
1554,3,51.0,1,1
1554,4,29.0,1,1
1554,5,88.0,1,1
1554,6,0.0,1,1
1554,7,126.0,1,1
1554,8,55.0,1,1
1554,9,0.0,1,1
1554,10,18.0,1,1
1554,11,94.0,1,1
1554,12,16.0,1,1
1554,13,0.0,1,1
1554,14,11.0,1,1
1554,15,58.0,1,1
1554,16,4.0,1,1
1554,17,139.0,1,1
1554,18,158.0,1,1
1554,19,40.0,1,1
1554,20,34.0,1,1
1554,21,49.0,1,1
1554,22,23.0,1,1
1554,23,60.0,1,1
1554,24,3.0,1,1
1554,25,21.0,1,1
1554,26,32.0,1,1
1554,27,0.0,1,1
1554,28,35.0,1,1
1554,29,24.0,1,1
1554,30,27.0,1,1
1554,31,12.0,1,1
1554,32,19.0,1,1
1554,33,14.0,1,1
1555,0,125.0,1,1
1555,1,123.0,1,1
1555,2,106.0,1,1
1555,3,55.0,1,1
1555,4,30.0,1,1
1555,5,97.0,1,1
1555,6,0.0,1,1
1555,7,154.0,1,1
1555,8,59.0,1,1
1555,9,0.0,1,1
1555,10,22.0,1,1
1555,11,98.0,1,1
1555,12,25.0,1,1
1555,13,0.0,1,1
1555,14,18.0,1,1
1555,15,45.0,1,1
1555,16,1.0,1,1
1555,17,134.0,1,1
1555,18,166.0,1,1
1555,19,46.0,1,1
1555,20,38.0,1,1
1555,21,58.0,1,1
1555,22,19.0,1,1
1555,23,59.0,1,1
1555,24,3.0,1,1
1555,25,19.0,1,1
1555,26,29.0,1,1
1555,27,0.0,1,1
1555,28,34.0,1,1
1555,29,28.0,1,1
1555,30,27.0,1,1
1555,31,10.0,1,1
1555,32,24.0,1,1
1555,33,11.0,1,1
1556,0,120.0,1,1
1556,1,136.0,1,1
1556,2,115.0,1,1
1556,3,43.0,1,1
1556,4,23.0,1,1
1556,5,87.0,1,1
1556,6,0.0,1,1
1556,7,148.0,1,1
1556,8,27.0,1,1
1556,9,0.0,1,1
1556,10,25.0,1,1
1556,11,91.0,1,1
1556,12,20.0,1,1
1556,13,0.0,1,1
1556,14,31.0,1,1
1556,15,50.0,1,1
1556,16,5.0,1,1
1556,17,122.0,1,1
1556,18,165.0,1,1
1556,19,37.0,1,1
1556,20,35.0,1,1
1556,21,54.0,1,1
1556,22,15.0,1,1
1556,23,59.0,1,1
1556,24,6.0,1,1
1556,25,8.0,1,1
1556,26,19.0,1,1
1556,27,0.0,1,1
1556,28,31.0,1,1
1556,29,19.0,1,1
1556,30,36.0,1,1
1556,31,7.0,1,1
1556,32,20.0,1,1
1556,33,17.0,1,1
1557,0,130.0,1,1
1557,1,120.0,1,1
1557,2,117.0,1,1
1557,3,40.0,1,1
1557,4,21.0,1,1
1557,5,91.0,1,1
1557,6,0.0,1,1
1557,7,154.0,1,1
1557,8,32.0,1,1
1557,9,0.0,1,1
1557,10,16.0,1,1
1557,11,108.0,1,1
1557,12,19.0,1,1
1557,13,0.0,1,1
1557,14,17.0,1,1
1557,15,40.0,1,1
1557,16,4.0,1,1
1557,17,118.0,1,1
1557,18,167.0,1,1
1557,19,24.0,1,1
1557,20,45.0,1,1
1557,21,53.0,1,1
1557,22,11.0,1,1
1557,23,46.0,1,1
1557,24,6.0,1,1
1557,25,14.0,1,1
1557,26,21.0,1,1
1557,27,0.0,1,1
1557,28,29.0,1,1
1557,29,10.0,1,1
1557,30,27.0,1,1
1557,31,8.0,1,1
1557,32,23.0,1,1
1557,33,8.0,1,1
1558,0,129.0,1,1
1558,1,129.0,1,1
1558,2,85.0,1,1
1558,3,37.0,1,1
1558,4,20.0,1,1
1558,5,84.0,1,1
1558,6,0.0,1,1
1558,7,150.0,1,1
1558,8,30.0,1,1
1558,9,0.0,1,1
1558,10,20.0,1,1
1558,11,97.0,1,1
1558,12,20.0,1,1
1558,13,0.0,1,1
1558,14,22.0,1,1
1558,15,33.0,1,1
1558,16,0.0,1,1
1558,17,144.0,1,1
1558,18,160.0,1,1
1558,19,34.0,1,1
1558,20,48.0,1,1
1558,21,68.0,1,1
1558,22,16.0,1,1
1558,23,63.0,1,1
1558,24,1.0,1,1
1558,25,20.0,1,1
1558,26,34.0,1,1
1558,27,0.0,1,1
1558,28,43.0,1,1
1558,29,18.0,1,1
1558,30,30.0,1,1
1558,31,8.0,1,1
1558,32,25.0,1,1
1558,33,10.0,1,1
1559,0,106.0,1,1
1559,1,143.0,1,1
1559,2,90.0,1,1
1559,3,45.0,1,1
1559,4,22.0,1,1
1559,5,104.0,1,1
1559,6,0.0,1,1
1559,7,143.0,1,1
1559,8,94.0,1,1
1559,9,0.0,1,1
1559,10,23.0,1,1
1559,11,72.0,1,1
1559,12,11.0,1,1
1559,13,0.0,1,1
1559,14,18.0,1,1
1559,15,43.0,1,1
1559,16,4.0,1,1
1559,17,122.0,1,1
1559,18,153.0,1,1
1559,19,40.0,1,1
1559,20,46.0,1,1
1559,21,66.0,1,1
1559,22,12.0,1,1
1559,23,60.0,1,1
1559,24,1.0,1,1
1559,25,16.0,1,1
1559,26,25.0,1,1
1559,27,0.0,1,1
1559,28,32.0,1,1
1559,29,22.0,1,1
1559,30,16.0,1,1
1559,31,2.0,1,1
1559,32,19.0,1,1
1559,33,5.0,1,1
1560,0,108.0,1,1
1560,1,140.0,1,1
1560,2,92.0,1,1
1560,3,42.0,1,1
1560,4,25.0,1,1
1560,5,78.0,1,1
1560,6,0.0,1,1
1560,7,111.0,1,1
1560,8,45.0,1,1
1560,9,0.0,1,1
1560,10,22.0,1,1
1560,11,82.0,1,1
1560,12,9.0,1,1
1560,13,0.0,1,1
1560,14,13.0,1,1
1560,15,44.0,1,1
1560,16,6.0,1,1
1560,17,123.0,1,1
1560,18,139.0,1,1
1560,19,50.0,1,1
1560,20,41.0,1,1
1560,21,78.0,1,1
1560,22,15.0,1,1
1560,23,69.0,1,1
1560,24,6.0,1,1
1560,25,18.0,1,1
1560,26,31.0,1,1
1560,27,0.0,1,1
1560,28,29.0,1,1
1560,29,22.0,1,1
1560,30,35.0,1,1
1560,31,8.0,1,1
1560,32,24.0,1,1
1560,33,15.0,1,1
1561,0,111.0,1,1
1561,1,118.0,1,1
1561,2,85.0,1,1
1561,3,28.0,1,1
1561,4,28.0,1,1
1561,5,91.0,1,1
1561,6,0.0,1,1
1561,7,132.0,1,1
1561,8,27.0,1,1
1561,9,0.0,1,1
1561,10,23.0,1,1
1561,11,94.0,1,1
1561,12,16.0,1,1
1561,13,1.0,1,1
1561,14,20.0,1,1
1561,15,34.0,1,1
1561,16,5.0,1,1
1561,17,121.0,1,1
1561,18,196.0,1,1
1561,19,40.0,1,1
1561,20,38.0,1,1
1561,21,66.0,1,1
1561,22,19.0,1,1
1561,23,46.0,1,1
1561,24,3.0,1,1
1561,25,22.0,1,1
1561,26,40.0,1,1
1561,27,0.0,1,1
1561,28,35.0,1,1
1561,29,24.0,1,1
1561,30,19.0,1,1
1561,31,10.0,1,1
1561,32,18.0,1,1
1561,33,15.0,1,1
1562,0,105.0,1,1
1562,1,114.0,1,1
1562,2,93.0,1,1
1562,3,30.0,1,1
1562,4,23.0,1,1
1562,5,73.0,1,1
1562,6,0.0,1,1
1562,7,128.0,1,1
1562,8,57.0,1,1
1562,9,0.0,1,1
1562,10,19.0,1,1
1562,11,77.0,1,1
1562,12,9.0,1,1
1562,13,0.0,1,1
1562,14,18.0,1,1
1562,15,32.0,1,1
1562,16,4.0,1,1
1562,17,116.0,1,1
1562,18,156.0,1,1
1562,19,26.0,1,1
1562,20,41.0,1,1
1562,21,48.0,1,1
1562,22,16.0,1,1
1562,23,55.0,1,1
1562,24,1.0,1,1
1562,25,17.0,1,1
1562,26,25.0,1,1
1562,27,0.0,1,1
1562,28,33.0,1,1
1562,29,18.0,1,1
1562,30,21.0,1,1
1562,31,3.0,1,1
1562,32,26.0,1,1
1562,33,8.0,1,1
1563,0,75.0,1,1
1563,1,123.0,1,1
1563,2,81.0,1,1
1563,3,28.0,1,1
1563,4,24.0,1,1
1563,5,77.0,1,1
1563,6,0.0,1,1
1563,7,112.0,1,1
1563,8,20.0,1,1
1563,9,0.0,1,1
1563,10,18.0,1,1
1563,11,81.0,1,1
1563,12,14.0,1,1
1563,13,0.0,1,1
1563,14,10.0,1,1
1563,15,26.0,1,1
1563,16,3.0,1,1
1563,17,97.0,1,1
1563,18,136.0,1,1
1563,19,23.0,1,1
1563,20,37.0,1,1
1563,21,69.0,1,1
1563,22,18.0,1,1
1563,23,35.0,1,1
1563,24,0.0,1,1
1563,25,18.0,1,1
1563,26,31.0,1,1
1563,27,0.0,1,1
1563,28,25.0,1,1
1563,29,13.0,1,1
1563,30,20.0,1,1
1563,31,7.0,1,1
1563,32,19.0,1,1
1563,33,6.0,1,1
1564,0,82.0,1,1
1564,1,94.0,1,1
1564,2,59.0,1,1
1564,3,29.0,1,1
1564,4,20.0,1,1
1564,5,65.0,1,1
1564,6,0.0,1,1
1564,7,93.0,1,1
1564,8,25.0,1,1
1564,9,0.0,1,1
1564,10,11.0,1,1
1564,11,62.0,1,1
1564,12,11.0,1,1
1564,13,0.0,1,1
1564,14,20.0,1,1
1564,15,37.0,1,1
1564,16,2.0,1,1
1564,17,77.0,1,1
1564,18,115.0,1,1
1564,19,39.0,1,1
1564,20,35.0,1,1
1564,21,51.0,1,1
1564,22,12.0,1,1
1564,23,38.0,1,1
1564,24,3.0,1,1
1564,25,16.0,1,1
1564,26,19.0,1,1
1564,27,0.0,1,1
1564,28,12.0,1,1
1564,29,19.0,1,1
1564,30,24.0,1,1
1564,31,7.0,1,1
1564,32,6.0,1,1
1564,33,13.0,1,1
1565,0,68.0,1,1
1565,1,91.0,1,1
1565,2,56.0,1,1
1565,3,31.0,1,1
1565,4,35.0,1,1
1565,5,59.0,1,1
1565,6,0.0,1,1
1565,7,89.0,1,1
1565,8,23.0,1,1
1565,9,0.0,1,1
1565,10,11.0,1,1
1565,11,75.0,1,1
1565,16,5.0,1,1
1565,17,67.0,1,1
1565,18,131.0,1,1
1565,19,31.0,1,1
1565,20,41.0,1,1
1565,21,44.0,1,1
1565,22,20.0,1,1
1565,23,30.0,1,1
1565,24,2.0,1,1
1565,25,13.0,1,1
1565,26,13.0,1,1
1565,27,0.0,1,1
1565,28,13.0,1,1
1565,29,10.0,1,1
1565,30,11.0,1,1
1565,31,7.0,1,1
1565,32,15.0,1,1
1565,33,8.0,1,1
1566,0,72.0,1,1
1566,1,75.0,1,1
1566,2,63.0,1,1
1566,3,20.0,1,1
1566,4,37.0,1,1
1566,5,67.0,1,1
1566,6,0.0,1,1
1566,7,88.0,1,1
1566,8,28.0,1,1
1566,9,0.0,1,1
1566,10,13.0,1,1
1566,11,50.0,1,1
1566,12,9.0,1,1
1566,13,0.0,1,1
1566,14,37.0,1,1
1566,15,40.0,1,1
1566,16,2.0,1,1
1566,17,54.0,1,1
1566,18,102.0,1,1
1566,19,30.0,1,1
1566,20,31.0,1,1
1566,21,47.0,1,1
1566,22,11.0,1,1
1566,23,32.0,1,1
1566,24,2.0,1,1
1566,25,9.0,1,1
1566,26,12.0,1,1
1566,27,0.0,1,1
1566,28,11.0,1,1
1566,29,8.0,1,1
1566,30,13.0,1,1
1566,31,3.0,1,1
1566,32,15.0,1,1
1566,33,9.0,1,1
1567,0,72.0,1,1
1567,1,80.0,1,1
1567,2,43.0,1,1
1567,3,24.0,1,1
1567,4,34.0,1,1
1567,5,61.0,1,1
1567,6,0.0,1,1
1567,7,84.0,1,1
1567,8,22.0,1,1
1567,9,0.0,1,1
1567,10,14.0,1,1
1567,11,60.0,1,1
1567,12,6.0,1,1
1567,13,2.0,1,1
1567,14,24.0,1,1
1567,15,42.0,1,1
1567,16,1.0,1,1
1567,17,57.0,1,1
1567,18,115.0,1,1
1567,19,29.0,1,1
1567,20,33.0,1,1
1567,21,45.0,1,1
1567,22,10.0,1,1
1567,23,32.0,1,1
1567,24,0.0,1,1
1567,25,11.0,1,1
1567,26,16.0,1,1
1567,27,0.0,1,1
1567,28,15.0,1,1
1567,29,12.0,1,1
1567,30,14.0,1,1
1567,31,5.0,1,1
1567,32,14.0,1,1
1567,33,10.0,1,1
1568,0,82.0,1,1
1568,1,87.0,1,1
1568,2,56.0,1,1
1568,3,21.0,1,1
1568,4,26.0,1,1
1568,5,65.0,1,1
1568,6,0.0,1,1
1568,7,79.0,1,1
1568,8,27.0,1,1
1568,9,0.0,1,1
1568,10,17.0,1,1
1568,11,59.0,1,1
1568,12,6.0,1,1
1568,13,3.0,1,1
1568,14,2.0,1,1
1568,15,32.0,1,1
1568,16,1.0,1,1
1568,17,86.0,1,1
1568,18,118.0,1,1
1568,19,25.0,1,1
1568,20,33.0,1,1
1568,21,43.0,1,1
1568,22,11.0,1,1
1568,23,31.0,1,1
1568,24,4.0,1,1
1568,25,11.0,1,1
1568,26,16.0,1,1
1568,27,0.0,1,1
1568,28,19.0,1,1
1568,29,18.0,1,1
1568,30,14.0,1,1
1568,31,2.0,1,1
1568,32,14.0,1,1
1568,33,10.0,1,1
1569,0,72.0,1,1
1569,1,95.0,1,1
1569,2,54.0,1,1
1569,3,26.0,1,1
1569,4,28.0,1,1
1569,5,78.0,1,1
1569,6,0.0,1,1
1569,7,66.0,1,1
1569,8,16.0,1,1
1569,9,0.0,1,1
1569,10,12.0,1,1
1569,11,52.0,1,1
1569,12,3.0,1,1
1569,13,0.0,1,1
1569,14,7.0,1,1
1569,15,31.0,1,1
1569,16,1.0,1,1
1569,17,83.0,1,1
1569,18,111.0,1,1
1569,19,24.0,1,1
1569,20,25.0,1,1
1569,21,53.0,1,1
1569,22,14.0,1,1
1569,23,46.0,1,1
1569,24,1.0,1,1
1569,25,18.0,1,1
1569,26,14.0,1,1
1569,27,0.0,1,1
1569,28,16.0,1,1
1569,29,14.0,1,1
1569,30,11.0,1,1
1569,31,5.0,1,1
1569,32,14.0,1,1
1569,33,9.0,1,1
1570,0,88.0,1,1
1570,1,98.0,1,1
1570,2,74.0,1,1
1570,3,21.0,1,1
1570,4,14.0,1,1
1570,5,74.0,1,1
1570,6,0.0,1,1
1570,7,77.0,1,1
1570,8,26.0,1,1
1570,9,0.0,1,1
1570,10,8.0,1,1
1570,11,48.0,1,1
1570,12,10.0,1,1
1570,13,0.0,1,1
1570,14,11.0,1,1
1570,15,24.0,1,1
1570,16,3.0,1,1
1570,17,80.0,1,1
1570,18,88.0,1,1
1570,19,26.0,1,1
1570,20,32.0,1,1
1570,21,39.0,1,1
1570,22,14.0,1,1
1570,23,38.0,1,1
1570,24,1.0,1,1
1570,25,12.0,1,1
1570,26,23.0,1,1
1570,27,0.0,1,1
1570,28,13.0,1,1
1570,29,7.0,1,1
1570,30,12.0,1,1
1570,31,4.0,1,1
1570,32,8.0,1,1
1570,33,4.0,1,1
1571,0,81.0,1,1
1571,1,92.0,1,1
1571,2,53.0,1,1
1571,3,26.0,1,1
1571,4,17.0,1,1
1571,5,66.0,1,1
1571,6,0.0,1,1
1571,7,82.0,1,1
1571,8,26.0,1,1
1571,9,0.0,1,1
1571,10,8.0,1,1
1571,11,54.0,1,1
1571,12,11.0,1,1
1571,13,3.0,1,1
1571,14,8.0,1,1
1571,15,24.0,1,1
1571,16,3.0,1,1
1571,17,92.0,1,1
1571,18,94.0,1,1
1571,19,29.0,1,1
1571,20,26.0,1,1
1571,21,35.0,1,1
1571,22,10.0,1,1
1571,23,42.0,1,1
1571,24,2.0,1,1
1571,25,14.0,1,1
1571,26,15.0,1,1
1571,27,0.0,1,1
1571,28,16.0,1,1
1571,29,12.0,1,1
1571,30,9.0,1,1
1571,31,5.0,1,1
1571,32,7.0,1,1
1571,33,6.0,1,1
1572,0,70.0,1,1
1572,1,111.0,1,1
1572,2,58.0,1,1
1572,3,18.0,1,1
1572,4,24.0,1,1
1572,5,75.0,1,1
1572,6,0.0,1,1
1572,7,79.0,1,1
1572,8,22.0,1,1
1572,9,0.0,1,1
1572,10,6.0,1,1
1572,11,60.0,1,1
1572,12,6.0,1,1
1572,13,2.0,1,1
1572,14,2.0,1,1
1572,15,37.0,1,1
1572,16,4.0,1,1
1572,17,106.0,1,1
1572,18,103.0,1,1
1572,19,40.0,1,1
1572,20,29.0,1,1
1572,21,48.0,1,1
1572,22,6.0,1,1
1572,23,40.0,1,1
1572,24,2.0,1,1
1572,25,8.0,1,1
1572,26,8.0,1,1
1572,27,0.0,1,1
1572,28,28.0,1,1
1572,29,15.0,1,1
1572,30,26.0,1,1
1572,31,4.0,1,1
1572,32,16.0,1,1
1572,33,9.0,1,1
1573,0,74.0,1,1
1573,1,96.0,1,1
1573,2,49.0,1,1
1573,3,103.0,1,1
1573,4,34.0,1,1
1573,5,78.0,1,1
1573,6,0.0,1,1
1573,7,83.0,1,1
1573,8,31.0,1,1
1573,9,0.0,1,1
1573,10,3.0,1,1
1573,11,52.0,1,1
1573,12,12.0,1,1
1573,13,1.0,1,1
1573,14,10.0,1,1
1573,15,31.0,1,1
1573,16,3.0,1,1
1573,17,89.0,1,1
1573,18,83.0,1,1
1573,19,25.0,1,1
1573,20,42.0,1,1
1573,21,26.0,1,1
1573,22,15.0,1,1
1573,23,40.0,1,1
1573,24,2.0,1,1
1573,25,9.0,1,1
1573,26,24.0,1,1
1573,27,0.0,1,1
1573,28,17.0,1,1
1573,29,11.0,1,1
1573,30,21.0,1,1
1573,31,2.0,1,1
1573,32,20.0,1,1
1573,33,6.0,1,1
1574,0,73.0,1,1
1574,1,122.0,1,1
1574,2,69.0,1,1
1574,3,18.0,1,1
1574,4,48.0,1,1
1574,5,77.0,1,1
1574,6,0.0,1,1
1574,7,87.0,1,1
1574,8,25.0,1,1
1574,9,0.0,1,1
1574,10,14.0,1,1
1574,11,63.0,1,1
1574,12,9.0,1,1
1574,13,3.0,1,1
1574,14,6.0,1,1
1574,15,40.0,1,1
1574,16,3.0,1,1
1574,17,72.0,1,1
1574,18,92.0,1,1
1574,19,28.0,1,1
1574,20,35.0,1,1
1574,21,22.0,1,1
1574,22,8.0,1,1
1574,23,36.0,1,1
1574,24,0.0,1,1
1574,25,9.0,1,1
1574,26,28.0,1,1
1574,27,0.0,1,1
1574,28,11.0,1,1
1574,29,18.0,1,1
1574,30,20.0,1,1
1574,31,4.0,1,1
1574,32,12.0,1,1
1574,33,10.0,1,1
1575,0,71.0,1,1
1575,1,102.0,1,1
1575,2,101.0,1,1
1575,3,34.0,1,1
1575,4,29.0,1,1
1575,5,61.0,1,1
1575,6,0.0,1,1
1575,7,98.0,1,1
1575,8,23.0,1,1
1575,9,0.0,1,1
1575,10,7.0,1,1
1575,11,68.0,1,1
1575,12,8.0,1,1
1575,13,0.0,1,1
1575,14,7.0,1,1
1575,15,40.0,1,1
1575,16,3.0,1,1
1575,17,66.0,1,1
1575,18,83.0,1,1
1575,19,33.0,1,1
1575,20,30.0,1,1
1575,21,30.0,1,1
1575,22,8.0,1,1
1575,23,32.0,1,1
1575,24,0.0,1,1
1575,25,3.0,1,1
1575,26,16.0,1,1
1575,27,0.0,1,1
1575,28,11.0,1,1
1575,29,7.0,1,1
1575,30,20.0,1,1
1575,31,3.0,1,1
1575,32,5.0,1,1
1575,33,11.0,1,1
1576,0,84.0,1,1
1576,1,105.0,1,1
1576,2,84.0,1,1
1576,3,41.0,1,1
1576,4,30.0,1,1
1576,5,71.0,1,1
1576,6,0.0,1,1
1576,7,85.0,1,1
1576,8,17.0,1,1
1576,9,0.0,1,1
1576,10,15.0,1,1
1576,11,66.0,1,1
1576,12,5.0,1,1
1576,13,2.0,1,1
1576,14,11.0,1,1
1576,15,33.0,1,1
1576,16,1.0,1,1
1576,17,81.0,1,1
1576,18,99.0,1,1
1576,19,21.0,1,1
1576,20,18.0,1,1
1576,21,28.0,1,1
1576,22,8.0,1,1
1576,23,37.0,1,1
1576,24,1.0,1,1
1576,25,10.0,1,1
1576,26,19.0,1,1
1576,27,0.0,1,1
1576,28,15.0,1,1
1576,29,11.0,1,1
1576,30,12.0,1,1
1576,31,2.0,1,1
1576,32,19.0,1,1
1576,33,6.0,1,1
1577,0,63.0,1,1
1577,1,118.0,1,1
1577,2,64.0,1,1
1577,3,23.0,1,1
1577,4,29.0,1,1
1577,5,76.0,1,1
1577,6,0.0,1,1
1577,7,82.0,1,1
1577,8,58.0,1,1
1577,9,0.0,1,1
1577,10,4.0,1,1
1577,11,65.0,1,1
1577,12,1.0,1,1
1577,13,0.0,1,1
1577,14,6.0,1,1
1577,15,34.0,1,1
1577,16,4.0,1,1
1577,17,79.0,1,1
1577,18,104.0,1,1
1577,19,37.0,1,1
1577,20,28.0,1,1
1577,21,33.0,1,1
1577,22,8.0,1,1
1577,23,36.0,1,1
1577,24,2.0,1,1
1577,25,13.0,1,1
1577,26,21.0,1,1
1577,27,0.0,1,1
1577,28,25.0,1,1
1577,29,9.0,1,1
1577,30,16.0,1,1
1577,31,3.0,1,1
1577,32,11.0,1,1
1577,33,5.0,1,1
1578,0,82.0,1,1
1578,1,91.0,1,1
1578,2,60.0,1,1
1578,3,20.0,1,1
1578,4,33.0,1,1
1578,5,56.0,1,1
1578,6,0.0,1,1
1578,7,81.0,1,1
1578,8,23.0,1,1
1578,9,0.0,1,1
1578,10,7.0,1,1
1578,11,49.0,1,1
1578,12,5.0,1,1
1578,13,0.0,1,1
1578,14,11.0,1,1
1578,15,39.0,1,1
1578,16,6.0,1,1
1578,17,87.0,1,1
1578,18,113.0,1,1
1578,19,34.0,1,1
1578,20,17.0,1,1
1578,21,36.0,1,1
1578,22,7.0,1,1
1578,23,39.0,1,1
1578,24,2.0,1,1
1578,25,19.0,1,1
1578,26,12.0,1,1
1578,27,0.0,1,1
1578,28,21.0,1,1
1578,29,9.0,1,1
1578,30,21.0,1,1
1578,31,4.0,1,1
1578,32,14.0,1,1
1578,33,9.0,1,1
1579,0,56.0,1,1
1579,1,93.0,1,1
1579,2,67.0,1,1
1579,3,120.0,1,1
1579,4,24.0,1,1
1579,5,71.0,1,1
1579,6,0.0,1,1
1579,7,86.0,1,1
1579,8,17.0,1,1
1579,9,0.0,1,1
1579,10,11.0,1,1
1579,11,57.0,1,1
1579,12,9.0,1,1
1579,13,0.0,1,1
1579,14,7.0,1,1
1579,15,32.0,1,1
1579,16,3.0,1,1
1579,17,97.0,1,1
1579,18,125.0,1,1
1579,19,23.0,1,1
1579,20,32.0,1,1
1579,21,28.0,1,1
1579,22,13.0,1,1
1579,23,48.0,1,1
1579,24,1.0,1,1
1579,25,8.0,1,1
1579,26,27.0,1,1
1579,27,0.0,1,1
1579,28,17.0,1,1
1579,29,11.0,1,1
1579,30,13.0,1,1
1579,31,3.0,1,1
1579,32,16.0,1,1
1579,33,9.0,1,1
1580,0,68.0,1,1
1580,1,113.0,1,1
1580,2,82.0,1,1
1580,3,43.0,1,1
1580,4,34.0,1,1
1580,5,76.0,1,1
1580,6,0.0,1,1
1580,7,104.0,1,1
1580,8,14.0,1,1
1580,9,0.0,1,1
1580,10,11.0,1,1
1580,11,53.0,1,1
1580,12,3.0,1,1
1580,13,2.0,1,1
1580,14,4.0,1,1
1580,15,32.0,1,1
1580,16,4.0,1,1
1580,17,78.0,1,1
1580,18,88.0,1,1
1580,19,13.0,1,1
1580,20,21.0,1,1
1580,21,81.0,1,1
1580,22,11.0,1,1
1580,23,37.0,1,1
1580,24,2.0,1,1
1580,25,13.0,1,1
1580,26,12.0,1,1
1580,27,0.0,1,1
1580,28,20.0,1,1
1580,29,13.0,1,1
1580,30,13.0,1,1
1580,31,3.0,1,1
1580,32,14.0,1,1
1580,33,12.0,1,1
1581,0,73.0,1,1
1581,1,81.0,1,1
1581,2,48.0,1,1
1581,3,20.0,1,1
1581,4,15.0,1,1
1581,5,52.0,1,1
1581,6,0.0,1,1
1581,7,63.0,1,1
1581,8,15.0,1,1
1581,9,0.0,1,1
1581,10,9.0,1,1
1581,11,46.0,1,1
1581,12,8.0,1,1
1581,13,1.0,1,1
1581,14,3.0,1,1
1581,15,37.0,1,1
1581,16,4.0,1,1
1581,17,69.0,1,1
1581,18,99.0,1,1
1581,19,18.0,1,1
1581,20,18.0,1,1
1581,21,34.0,1,1
1581,22,16.0,1,1
1581,23,36.0,1,1
1581,24,1.0,1,1
1581,25,8.0,1,1
1581,26,22.0,1,1
1581,27,0.0,1,1
1581,28,24.0,1,1
1581,29,8.0,1,1
1581,30,10.0,1,1
1581,31,5.0,1,1
1581,32,11.0,1,1
1581,33,6.0,1,1
1582,0,52.0,1,1
1582,1,89.0,1,1
1582,2,68.0,1,1
1582,3,21.0,1,1
1582,4,11.0,1,1
1582,5,56.0,1,1
1582,6,0.0,1,1
1582,7,68.0,1,1
1582,8,13.0,1,1
1582,9,0.0,1,1
1582,10,8.0,1,1
1582,11,46.0,1,1
1582,12,9.0,1,1
1582,13,1.0,1,1
1582,14,5.0,1,1
1582,15,19.0,1,1
1582,16,3.0,1,1
1582,17,69.0,1,1
1582,18,83.0,1,1
1582,19,20.0,1,1
1582,20,19.0,1,1
1582,21,30.0,1,1
1582,22,11.0,1,1
1582,23,38.0,1,1
1582,24,1.0,1,1
1582,25,9.0,1,1
1582,26,11.0,1,1
1582,27,0.0,1,1
1582,28,14.0,1,1
1582,29,13.0,1,1
1582,30,11.0,1,1
1582,31,3.0,1,1
1582,32,15.0,1,1
1582,33,12.0,1,1
1583,0,65.0,1,1
1583,1,67.0,1,1
1583,2,53.0,1,1
1583,3,20.0,1,1
1583,4,13.0,1,1
1583,5,46.0,1,1
1583,6,0.0,1,1
1583,7,74.0,1,1
1583,8,7.0,1,1
1583,9,0.0,1,1
1583,10,5.0,1,1
1583,11,54.0,1,1
1583,12,2.0,1,1
1583,13,0.0,1,1
1583,14,3.0,1,1
1583,15,37.0,1,1
1583,16,3.0,1,1
1583,17,66.0,1,1
1583,18,83.0,1,1
1583,19,27.0,1,1
1583,20,17.0,1,1
1583,21,38.0,1,1
1583,22,14.0,1,1
1583,23,34.0,1,1
1583,24,2.0,1,1
1583,25,27.0,1,1
1583,26,18.0,1,1
1583,27,0.0,1,1
1583,28,14.0,1,1
1583,29,10.0,1,1
1583,30,13.0,1,1
1583,31,1.0,1,1
1583,32,15.0,1,1
1583,33,6.0,1,1
1584,0,76.0,1,1
1584,1,61.0,1,1
1584,2,49.0,1,1
1584,3,47.0,1,1
1584,4,18.0,1,1
1584,5,45.0,1,1
1584,6,0.0,1,1
1584,7,52.0,1,1
1584,8,5.0,1,1
1584,9,0.0,1,1
1584,10,2.0,1,1
1584,11,28.0,1,1
1584,12,0.0,1,1
1584,13,0.0,1,1
1584,14,4.0,1,1
1584,15,19.0,1,1
1584,16,1.0,1,1
1584,17,54.0,1,1
1584,18,59.0,1,1
1584,19,15.0,1,1
1584,20,14.0,1,1
1584,21,27.0,1,1
1584,22,4.0,1,1
1584,23,22.0,1,1
1584,24,3.0,1,1
1584,25,6.0,1,1
1584,26,12.0,1,1
1584,27,0.0,1,1
1584,28,17.0,1,1
1584,29,8.0,1,1
1584,30,13.0,1,1
1584,31,6.0,1,1
1584,32,9.0,1,1
1584,33,4.0,1,1
1585,0,37.0,1,1
1585,1,56.0,1,1
1585,2,44.0,1,1
1585,3,19.0,1,1
1585,4,10.0,1,1
1585,5,49.0,1,1
1585,6,0.0,1,1
1585,7,53.0,1,1
1585,8,5.0,1,1
1585,9,0.0,1,1
1585,10,6.0,1,1
1585,11,38.0,1,1
1585,12,7.0,1,1
1585,13,0.0,1,1
1585,14,20.0,1,1
1585,15,57.0,1,1
1585,16,0.0,1,1
1585,17,70.0,1,1
1585,18,68.0,1,1
1585,19,14.0,1,1
1585,20,17.0,1,1
1585,21,17.0,1,1
1585,22,10.0,1,1
1585,23,24.0,1,1
1585,24,2.0,1,1
1585,25,4.0,1,1
1585,26,10.0,1,1
1585,27,0.0,1,1
1585,28,16.0,1,1
1585,29,4.0,1,1
1585,30,9.0,1,1
1585,31,1.0,1,1
1585,32,5.0,1,1
1585,33,3.0,1,1
1586,0,38.0,1,1
1586,1,75.0,1,1
1586,2,50.0,1,1
1586,3,14.0,1,1
1586,4,16.0,1,1
1586,5,57.0,1,1
1586,6,0.0,1,1
1586,7,56.0,1,1
1586,8,5.0,1,1
1586,9,0.0,1,1
1586,10,5.0,1,1
1586,11,40.0,1,1
1586,12,5.0,1,1
1586,13,0.0,1,1
1586,14,8.0,1,1
1586,15,42.0,1,1
1586,16,0.0,1,1
1586,17,63.0,1,1
1586,18,53.0,1,1
1586,19,10.0,1,1
1586,20,12.0,1,1
1586,21,21.0,1,1
1586,22,11.0,1,1
1586,23,19.0,1,1
1586,24,2.0,1,1
1586,25,8.0,1,1
1586,26,11.0,1,1
1586,27,0.0,1,1
1586,28,15.0,1,1
1586,29,5.0,1,1
1586,30,14.0,1,1
1586,31,3.0,1,1
1586,32,6.0,1,1
1586,33,7.0,1,1
1587,0,54.0,1,1
1587,1,54.0,1,1
1587,2,40.0,1,1
1587,3,8.0,1,1
1587,4,10.0,1,1
1587,5,33.0,1,1
1587,6,0.0,1,1
1587,7,57.0,1,1
1587,8,8.0,1,1
1587,9,0.0,1,1
1587,10,2.0,1,1
1587,11,26.0,1,1
1587,12,7.0,1,1
1587,13,0.0,1,1
1587,14,9.0,1,1
1587,15,55.0,1,1
1587,16,3.0,1,1
1587,17,49.0,1,1
1587,18,53.0,1,1
1587,19,8.0,1,1
1587,20,8.0,1,1
1587,21,13.0,1,1
1587,22,4.0,1,1
1587,23,27.0,1,1
1587,24,1.0,1,1
1587,25,6.0,1,1
1587,26,7.0,1,1
1587,27,0.0,1,1
1587,28,10.0,1,1
1587,29,6.0,1,1
1587,30,8.0,1,1
1587,31,2.0,1,1
1587,32,9.0,1,1
1587,33,6.0,1,1
1588,0,51.0,1,1
1588,1,39.0,1,1
1588,2,39.0,1,1
1588,3,17.0,1,1
1588,4,14.0,1,1
1588,5,29.0,1,1
1588,6,0.0,1,1
1588,7,60.0,1,1
1588,8,6.0,1,1
1588,9,0.0,1,1
1588,10,3.0,1,1
1588,11,44.0,1,1
1588,12,6.0,1,1
1588,13,3.0,1,1
1588,14,6.0,1,1
1588,15,46.0,1,1
1588,16,2.0,1,1
1588,17,64.0,1,1
1588,18,74.0,1,1
1588,19,12.0,1,1
1588,20,9.0,1,1
1588,21,40.0,1,1
1588,22,2.0,1,1
1588,23,21.0,1,1
1588,24,1.0,1,1
1588,25,2.0,1,1
1588,26,7.0,1,1
1588,27,0.0,1,1
1588,28,14.0,1,1
1588,29,3.0,1,1
1588,30,9.0,1,1
1588,31,1.0,1,1
1588,32,7.0,1,1
1588,33,2.0,1,1
1589,0,41.0,1,1
1589,1,41.0,1,1
1589,2,31.0,1,1
1589,3,6.0,1,1
1589,4,5.0,1,1
1589,5,39.0,1,1
1589,6,0.0,1,1
1589,7,36.0,1,1
1589,8,4.0,1,1
1589,9,0.0,1,1
1589,10,6.0,1,1
1589,11,25.0,1,1
1589,12,9.0,1,1
1589,13,0.0,1,1
1589,14,8.0,1,1
1589,15,47.0,1,1
1589,16,0.0,1,1
1589,17,52.0,1,1
1589,18,46.0,1,1
1589,19,9.0,1,1
1589,20,11.0,1,1
1589,21,19.0,1,1
1589,22,3.0,1,1
1589,23,31.0,1,1
1589,24,1.0,1,1
1589,25,6.0,1,1
1589,26,6.0,1,1
1589,27,0.0,1,1
1589,28,12.0,1,1
1589,29,5.0,1,1
1589,30,6.0,1,1
1589,31,4.0,1,1
1589,32,7.0,1,1
1589,33,4.0,1,1
1590,0,36.0,1,1
1590,1,46.0,1,1
1590,2,26.0,1,1
1590,3,11.0,1,1
1590,4,8.0,1,1
1590,5,40.0,1,1
1590,6,0.0,1,1
1590,7,34.0,1,1
1590,8,4.0,1,1
1590,9,0.0,1,1
1590,10,3.0,1,1
1590,11,20.0,1,1
1590,12,8.0,1,1
1590,13,2.0,1,1
1590,14,8.0,1,1
1590,15,41.0,1,1
1590,16,0.0,1,1
1590,17,28.0,1,1
1590,18,41.0,1,1
1590,19,9.0,1,1
1590,20,10.0,1,1
1590,21,15.0,1,1
1590,22,2.0,1,1
1590,23,18.0,1,1
1590,24,2.0,1,1
1590,25,4.0,1,1
1590,26,8.0,1,1
1590,27,0.0,1,1
1590,28,13.0,1,1
1590,29,5.0,1,1
1590,30,10.0,1,1
1590,31,1.0,1,1
1590,32,5.0,1,1
1590,33,7.0,1,1
1591,0,25.0,1,1
1591,1,37.0,1,1
1591,2,29.0,1,1
1591,3,10.0,1,1
1591,4,11.0,1,1
1591,5,28.0,1,1
1591,6,0.0,1,1
1591,7,27.0,1,1
1591,8,3.0,1,1
1591,9,0.0,1,1
1591,10,2.0,1,1
1591,11,19.0,1,1
1591,12,6.0,1,1
1591,13,1.0,1,1
1591,14,7.0,1,1
1591,15,29.0,1,1
1591,16,0.0,1,1
1591,17,37.0,1,1
1591,18,36.0,1,1
1591,19,10.0,1,1
1591,20,2.0,1,1
1591,21,9.0,1,1
1591,22,4.0,1,1
1591,23,4.0,1,1
1591,24,0.0,1,1
1591,25,3.0,1,1
1591,26,13.0,1,1
1591,27,0.0,1,1
1591,28,9.0,1,1
1591,29,4.0,1,1
1591,30,5.0,1,1
1591,31,0.0,1,1
1591,32,3.0,1,1
1591,33,1.0,1,1
1592,0,23.0,1,1
1592,1,24.0,1,1
1592,2,27.0,1,1
1592,3,8.0,1,1
1592,4,14.0,1,1
1592,5,19.0,1,1
1592,6,0.0,1,1
1592,7,31.0,1,1
1592,8,8.0,1,1
1592,9,0.0,1,1
1592,10,4.0,1,1
1592,11,19.0,1,1
1592,12,8.0,1,1
1592,13,0.0,1,1
1592,14,0.0,1,1
1592,15,31.0,1,1
1592,16,2.0,1,1
1592,17,22.0,1,1
1592,18,26.0,1,1
1592,19,9.0,1,1
1592,20,9.0,1,1
1592,21,48.0,1,1
1592,22,3.0,1,1
1592,23,7.0,1,1
1592,24,0.0,1,1
1592,25,5.0,1,1
1592,26,4.0,1,1
1592,27,0.0,1,1
1592,28,9.0,1,1
1592,29,5.0,1,1
1592,30,4.0,1,1
1592,31,3.0,1,1
1592,32,5.0,1,1
1592,33,2.0,1,1
1593,0,25.0,1,1
1593,1,27.0,1,1
1593,2,25.0,1,1
1593,3,5.0,1,1
1593,4,3.0,1,1
1593,5,24.0,1,1
1593,6,0.0,1,1
1593,7,24.0,1,1
1593,8,1.0,1,1
1593,9,0.0,1,1
1593,10,2.0,1,1
1593,11,16.0,1,1
1593,12,7.0,1,1
1593,13,2.0,1,1
1593,14,7.0,1,1
1593,15,35.0,1,1
1593,16,0.0,1,1
1593,17,26.0,1,1
1593,18,20.0,1,1
1593,19,17.0,1,1
1593,20,4.0,1,1
1593,21,16.0,1,1
1593,22,2.0,1,1
1593,23,19.0,1,1
1593,24,0.0,1,1
1593,25,5.0,1,1
1593,26,3.0,1,1
1593,27,0.0,1,1
1593,28,6.0,1,1
1593,29,4.0,1,1
1593,30,3.0,1,1
1593,31,1.0,1,1
1593,32,2.0,1,1
1593,33,3.0,1,1
1594,0,18.0,1,1
1594,1,21.0,1,1
1594,2,15.0,1,1
1594,3,4.0,1,1
1594,4,5.0,1,1
1594,5,17.0,1,1
1594,6,0.0,1,1
1594,7,24.0,1,1
1594,8,3.0,1,1
1594,9,0.0,1,1
1594,10,0.0,1,1
1594,11,19.0,1,1
1594,12,10.0,1,1
1594,13,2.0,1,1
1594,14,7.0,1,1
1594,15,35.0,1,1
1594,16,0.0,1,1
1594,17,15.0,1,1
1594,18,30.0,1,1
1594,19,5.0,1,1
1594,20,2.0,1,1
1594,21,12.0,1,1
1594,22,2.0,1,1
1594,23,11.0,1,1
1594,24,0.0,1,1
1594,25,1.0,1,1
1594,26,6.0,1,1
1594,27,0.0,1,1
1594,28,6.0,1,1
1594,29,3.0,1,1
1594,30,3.0,1,1
1594,31,1.0,1,1
1594,32,4.0,1,1
1594,33,3.0,1,1
1595,0,14.0,1,1
1595,1,18.0,1,1
1595,2,18.0,1,1
1595,3,3.0,1,1
1595,4,9.0,1,1
1595,5,20.0,1,1
1595,6,0.0,1,1
1595,7,17.0,1,1
1595,8,5.0,1,1
1595,9,0.0,1,1
1595,10,2.0,1,1
1595,11,12.0,1,1
1595,12,7.0,1,1
1595,13,0.0,1,1
1595,14,2.0,1,1
1595,15,28.0,1,1
1595,16,0.0,1,1
1595,17,30.0,1,1
1595,18,20.0,1,1
1595,19,7.0,1,1
1595,20,1.0,1,1
1595,21,14.0,1,1
1595,22,0.0,1,1
1595,23,9.0,1,1
1595,24,0.0,1,1
1595,25,4.0,1,1
1595,26,5.0,1,1
1595,27,0.0,1,1
1595,28,7.0,1,1
1595,29,3.0,1,1
1595,30,2.0,1,1
1595,31,2.0,1,1
1595,32,3.0,1,1
1595,33,1.0,1,1
1596,0,28.0,1,1
1596,1,22.0,1,1
1596,2,15.0,1,1
1596,3,2.0,1,1
1596,4,0.0,1,1
1596,5,17.0,1,1
1596,6,0.0,1,1
1596,7,23.0,1,1
1596,8,6.0,1,1
1596,9,0.0,1,1
1596,10,1.0,1,1
1596,11,9.0,1,1
1596,12,7.0,1,1
1596,13,0.0,1,1
1596,14,5.0,1,1
1596,15,25.0,1,1
1596,16,1.0,1,1
1596,17,24.0,1,1
1596,18,22.0,1,1
1596,19,9.0,1,1
1596,20,4.0,1,1
1596,21,8.0,1,1
1596,22,1.0,1,1
1596,23,11.0,1,1
1596,24,0.0,1,1
1596,25,0.0,1,1
1596,26,4.0,1,1
1596,27,0.0,1,1
1596,28,4.0,1,1
1596,29,1.0,1,1
1596,30,4.0,1,1
1596,31,4.0,1,1
1596,32,2.0,1,1
1596,33,0.0,1,1
1597,0,14.0,1,1
1597,1,16.0,1,1
1597,2,4.0,1,1
1597,3,2.0,1,1
1597,4,9.0,1,1
1597,5,12.0,1,1
1597,6,0.0,1,1
1597,7,23.0,1,1
1597,8,4.0,1,1
1597,9,0.0,1,1
1597,10,2.0,1,1
1597,11,18.0,1,1
1597,12,8.0,1,1
1597,13,0.0,1,1
1597,14,8.0,1,1
1597,15,20.0,1,1
1597,16,1.0,1,1
1597,17,19.0,1,1
1597,18,20.0,1,1
1597,19,5.0,1,1
1597,20,7.0,1,1
1597,21,8.0,1,1
1597,22,1.0,1,1
1597,23,5.0,1,1
1597,24,0.0,1,1
1597,25,5.0,1,1
1597,26,7.0,1,1
1597,27,0.0,1,1
1597,28,7.0,1,1
1597,29,0.0,1,1
1597,30,2.0,1,1
1597,31,2.0,1,1
1597,32,1.0,1,1
1597,33,1.0,1,1
1598,0,14.0,1,1
1598,1,18.0,1,1
1598,2,11.0,1,1
1598,3,7.0,1,1
1598,4,9.0,1,1
1598,5,15.0,1,1
1598,6,0.0,1,1
1598,7,14.0,1,1
1598,8,3.0,1,1
1598,9,0.0,1,1
1598,10,3.0,1,1
1598,11,12.0,1,1
1598,12,13.0,1,1
1598,13,0.0,1,1
1598,14,7.0,1,1
1598,15,36.0,1,1
1598,16,0.0,1,1
1598,17,5.0,1,1
1598,18,17.0,1,1
1598,19,9.0,1,1
1598,20,2.0,1,1
1598,21,2.0,1,1
1598,22,0.0,1,1
1598,23,6.0,1,1
1598,24,0.0,1,1
1598,25,1.0,1,1
1598,26,3.0,1,1
1598,27,0.0,1,1
1598,28,4.0,1,1
1598,29,3.0,1,1
1598,30,4.0,1,1
1598,31,1.0,1,1
1598,32,5.0,1,1
1598,33,3.0,1,1
1599,0,29.0,1,1
1599,1,9.0,1,1
1599,2,7.0,1,1
1599,3,1.0,1,1
1599,4,2.0,1,1
1599,5,8.0,1,1
1599,6,0.0,1,1
1599,7,13.0,1,1
1599,8,0.0,1,1
1599,9,0.0,1,1
1599,10,1.0,1,1
1599,11,10.0,1,1
1599,12,0.0,1,1
1599,13,2.0,1,1
1599,14,4.0,1,1
1599,15,18.0,1,1
1599,16,0.0,1,1
1599,17,8.0,1,1
1599,18,13.0,1,1
1599,19,1.0,1,1
1599,20,4.0,1,1
1599,21,2.0,1,1
1599,22,1.0,1,1
1599,23,11.0,1,1
1599,24,0.0,1,1
1599,25,1.0,1,1
1599,26,1.0,1,1
1599,27,0.0,1,1
1599,28,3.0,1,1
1599,29,2.0,1,1
1599,30,5.0,1,1
1599,31,2.0,1,1
1599,32,4.0,1,1
1599,33,1.0,1,1
1600,0,10.0,1,1
1600,1,14.0,1,1
1600,2,5.0,1,1
1600,3,7.0,1,1
1600,4,3.0,1,1
1600,5,13.0,1,1
1600,6,0.0,1,1
1600,7,15.0,1,1
1600,8,0.0,1,1
1600,9,0.0,1,1
1600,10,3.0,1,1
1600,11,9.0,1,1
1600,12,4.0,1,1
1600,13,1.0,1,1
1600,14,0.0,1,1
1600,15,16.0,1,1
1600,16,2.0,1,1
1600,17,8.0,1,1
1600,18,12.0,1,1
1600,19,0.0,1,1
1600,20,4.0,1,1
1600,21,6.0,1,1
1600,22,2.0,1,1
1600,23,7.0,1,1
1600,24,0.0,1,1
1600,25,1.0,1,1
1600,26,5.0,1,1
1600,27,0.0,1,1
1600,28,1.0,1,1
1600,29,1.0,1,1
1600,30,2.0,1,1
1600,31,0.0,1,1
1600,32,2.0,1,1
1600,33,0.0,1,1
1601,0,11.0,1,1
1601,1,23.0,1,1
1601,2,9.0,1,1
1601,3,4.0,1,1
1601,4,3.0,1,1
1601,5,23.0,1,1
1601,6,0.0,1,1
1601,7,14.0,1,1
1601,8,3.0,1,1
1601,9,0.0,1,1
1601,10,1.0,1,1
1601,11,11.0,1,1
1601,12,0.0,1,1
1601,13,0.0,1,1
1601,14,0.0,1,1
1601,15,11.0,1,1
1601,16,1.0,1,1
1601,17,9.0,1,1
1601,18,6.0,1,1
1601,19,2.0,1,1
1601,20,2.0,1,1
1601,21,4.0,1,1
1601,22,1.0,1,1
1601,23,3.0,1,1
1601,24,0.0,1,1
1601,25,2.0,1,1
1601,26,3.0,1,1
1601,27,0.0,1,1
1601,28,1.0,1,1
1601,29,0.0,1,1
1601,30,0.0,1,1
1601,31,0.0,1,1
1601,32,1.0,1,1
1601,33,1.0,1,1
1602,0,9.0,1,1
1602,1,13.0,1,1
1602,2,2.0,1,1
1602,3,1.0,1,1
1602,4,1.0,1,1
1602,5,9.0,1,1
1602,6,0.0,1,1
1602,7,10.0,1,1
1602,8,3.0,1,1
1602,9,0.0,1,1
1602,10,0.0,1,1
1602,11,9.0,1,1
1602,12,0.0,1,1
1602,13,0.0,1,1
1602,14,1.0,1,1
1602,15,16.0,1,1
1602,16,0.0,1,1
1602,17,5.0,1,1
1602,18,16.0,1,1
1602,19,3.0,1,1
1602,20,0.0,1,1
1602,21,4.0,1,1
1602,22,0.0,1,1
1602,23,4.0,1,1
1602,24,0.0,1,1
1602,25,1.0,1,1
1602,26,2.0,1,1
1602,27,0.0,1,1
1602,28,4.0,1,1
1602,29,1.0,1,1
1602,30,1.0,1,1
1602,31,1.0,1,1
1602,32,2.0,1,1
1602,33,2.0,1,1
1603,0,12.0,1,1
1603,1,7.0,1,1
1603,2,4.0,1,1
1603,3,1.0,1,1
1603,4,1.0,1,1
1603,5,5.0,1,1
1603,6,0.0,1,1
1603,7,12.0,1,1
1603,8,2.0,1,1
1603,9,0.0,1,1
1603,10,0.0,1,1
1603,11,9.0,1,1
1603,12,0.0,1,1
1603,13,0.0,1,1
1603,14,6.0,1,1
1603,15,13.0,1,1
1603,16,0.0,1,1
1603,17,7.0,1,1
1603,18,7.0,1,1
1603,19,0.0,1,1
1603,20,4.0,1,1
1603,21,4.0,1,1
1603,22,2.0,1,1
1603,23,1.0,1,1
1603,24,0.0,1,1
1603,25,2.0,1,1
1603,26,2.0,1,1
1603,27,0.0,1,1
1603,28,2.0,1,1
1603,29,1.0,1,1
1603,30,2.0,1,1
1603,31,1.0,1,1
1603,32,2.0,1,1
1603,33,0.0,1,1
1604,0,6.0,1,1
1604,1,5.0,1,1
1604,2,2.0,1,1
1604,3,2.0,1,1
1604,4,2.0,1,1
1604,5,4.0,1,1
1604,6,0.0,1,1
1604,7,13.0,1,1
1604,8,0.0,1,1
1604,9,0.0,1,1
1604,10,0.0,1,1
1604,11,11.0,1,1
1604,12,0.0,1,1
1604,13,0.0,1,1
1604,14,0.0,1,1
1604,15,9.0,1,1
1604,16,0.0,1,1
1604,17,5.0,1,1
1604,18,9.0,1,1
1604,19,3.0,1,1
1604,20,1.0,1,1
1604,21,3.0,1,1
1604,22,1.0,1,1
1604,23,1.0,1,1
1604,24,0.0,1,1
1604,25,0.0,1,1
1604,26,4.0,1,1
1604,27,0.0,1,1
1604,28,2.0,1,1
1604,29,0.0,1,1
1604,30,2.0,1,1
1604,31,0.0,1,1
1604,32,3.0,1,1
1604,33,0.0,1,1
1605,0,8.0,1,1
1605,1,4.0,1,1
1605,2,5.0,1,1
1605,3,0.0,1,1
1605,4,0.0,1,1
1605,5,4.0,1,1
1605,6,0.0,1,1
1605,7,7.0,1,1
1605,8,2.0,1,1
1605,9,0.0,1,1
1605,10,1.0,1,1
1605,11,2.0,1,1
1605,12,2.0,1,1
1605,13,0.0,1,1
1605,14,2.0,1,1
1605,15,6.0,1,1
1605,16,0.0,1,1
1605,17,7.0,1,1
1605,18,8.0,1,1
1605,19,5.0,1,1
1605,20,1.0,1,1
1605,21,2.0,1,1
1605,22,0.0,1,1
1605,23,6.0,1,1
1605,24,0.0,1,1
1605,25,1.0,1,1
1605,26,1.0,1,1
1605,27,0.0,1,1
1605,28,1.0,1,1
1605,29,0.0,1,1
1605,30,3.0,1,1
1605,31,0.0,1,1
1605,32,2.0,1,1
1605,33,2.0,1,1
1606,0,7.0,1,1
1606,1,8.0,1,1
1606,2,2.0,1,1
1606,3,2.0,1,1
1606,4,0.0,1,1
1606,5,5.0,1,1
1606,6,0.0,1,1
1606,7,6.0,1,1
1606,8,1.0,1,1
1606,9,0.0,1,1
1606,10,0.0,1,1
1606,11,3.0,1,1
1606,12,0.0,1,1
1606,13,2.0,1,1
1606,14,0.0,1,1
1606,15,15.0,1,1
1606,16,0.0,1,1
1606,17,6.0,1,1
1606,18,8.0,1,1
1606,19,6.0,1,1
1606,20,2.0,1,1
1606,21,4.0,1,1
1606,22,0.0,1,1
1606,23,1.0,1,1
1606,24,0.0,1,1
1606,25,0.0,1,1
1606,26,0.0,1,1
1606,27,0.0,1,1
1606,28,1.0,1,1
1606,29,0.0,1,1
1606,30,1.0,1,1
1606,31,0.0,1,1
1606,32,2.0,1,1
1606,33,2.0,1,1
1607,0,8.0,1,1
1607,1,6.0,1,1
1607,2,3.0,1,1
1607,3,7.0,1,1
1607,4,2.0,1,1
1607,5,4.0,1,1
1607,6,0.0,1,1
1607,7,4.0,1,1
1607,8,0.0,1,1
1607,9,0.0,1,1
1607,10,2.0,1,1
1607,11,2.0,1,1
1607,12,0.0,1,1
1607,13,0.0,1,1
1607,14,2.0,1,1
1607,15,6.0,1,1
1607,16,0.0,1,1
1607,17,5.0,1,1
1607,18,4.0,1,1
1607,19,1.0,1,1
1607,20,1.0,1,1
1607,21,0.0,1,1
1607,22,1.0,1,1
1607,23,6.0,1,1
1607,24,0.0,1,1
1607,25,0.0,1,1
1607,26,0.0,1,1
1607,27,0.0,1,1
1607,28,0.0,1,1
1607,29,0.0,1,1
1607,30,2.0,1,1
1607,31,0.0,1,1
1607,32,3.0,1,1
1607,33,1.0,1,1
1608,0,6.0,1,1
1608,1,7.0,1,1
1608,2,1.0,1,1
1608,3,0.0,1,1
1608,4,0.0,1,1
1608,5,7.0,1,1
1608,6,0.0,1,1
1608,7,5.0,1,1
1608,8,0.0,1,1
1608,9,0.0,1,1
1608,10,2.0,1,1
1608,11,2.0,1,1
1608,12,2.0,1,1
1608,13,0.0,1,1
1608,14,0.0,1,1
1608,15,4.0,1,1
1608,16,0.0,1,1
1608,17,6.0,1,1
1608,18,3.0,1,1
1608,19,1.0,1,1
1608,20,2.0,1,1
1608,21,1.0,1,1
1608,22,1.0,1,1
1608,23,5.0,1,1
1608,24,0.0,1,1
1608,25,2.0,1,1
1608,26,2.0,1,1
1608,27,0.0,1,1
1608,28,2.0,1,1
1608,29,0.0,1,1
1608,30,0.0,1,1
1608,31,0.0,1,1
1608,32,0.0,1,1
1608,33,0.0,1,1
1609,0,5.0,1,1
1609,1,8.0,1,1
1609,2,1.0,1,1
1609,3,0.0,1,1
1609,4,0.0,1,1
1609,5,7.0,1,1
1609,6,0.0,1,1
1609,7,8.0,1,1
1609,8,2.0,1,1
1609,9,0.0,1,1
1609,10,0.0,1,1
1609,11,5.0,1,1
1609,12,0.0,1,1
1609,13,0.0,1,1
1609,14,1.0,1,1
1609,15,1.0,1,1
1609,16,0.0,1,1
1609,17,4.0,1,1
1609,18,4.0,1,1
1609,19,1.0,1,1
1609,20,1.0,1,1
1609,21,3.0,1,1
1609,22,0.0,1,1
1609,23,5.0,1,1
1609,24,0.0,1,1
1609,25,0.0,1,1
1609,26,3.0,1,1
1609,27,0.0,1,1
1609,28,2.0,1,1
1609,29,0.0,1,1
1609,30,1.0,1,1
1609,31,0.0,1,1
1609,32,0.0,1,1
1609,33,0.0,1,1
1610,0,5.0,1,1
1610,1,3.0,1,1
1610,2,3.0,1,1
1610,3,0.0,1,1
1610,4,0.0,1,1
1610,5,3.0,1,1
1610,6,0.0,1,1
1610,7,2.0,1,1
1610,8,2.0,1,1
1610,9,0.0,1,1
1610,10,0.0,1,1
1610,11,3.0,1,1
1610,12,0.0,1,1
1610,13,0.0,1,1
1610,14,2.0,1,1
1610,15,7.0,1,1
1610,16,0.0,1,1
1610,17,3.0,1,1
1610,18,3.0,1,1
1610,19,1.0,1,1
1610,20,0.0,1,1
1610,21,0.0,1,1
1610,22,0.0,1,1
1610,23,4.0,1,1
1610,24,0.0,1,1
1610,25,0.0,1,1
1610,26,1.0,1,1
1610,27,0.0,1,1
1610,28,1.0,1,1
1610,29,0.0,1,1
1610,30,0.0,1,1
1610,31,0.0,1,1
1610,32,1.0,1,1
1610,33,0.0,1,1
1611,0,8.0,1,1
1611,1,6.0,1,1
1611,2,1.0,1,1
1611,3,1.0,1,1
1611,4,0.0,1,1
1611,5,3.0,1,1
1611,6,0.0,1,1
1611,7,8.0,1,1
1611,8,0.0,1,1
1611,9,0.0,1,1
1611,10,1.0,1,1
1611,11,5.0,1,1
1611,12,2.0,1,1
1611,13,0.0,1,1
1611,14,0.0,1,1
1611,15,3.0,1,1
1611,16,0.0,1,1
1611,17,3.0,1,1
1611,18,5.0,1,1
1611,19,1.0,1,1
1611,20,1.0,1,1
1611,21,1.0,1,1
1611,22,0.0,1,1
1611,23,3.0,1,1
1611,24,0.0,1,1
1611,25,0.0,1,1
1611,26,1.0,1,1
1611,27,0.0,1,1
1611,28,1.0,1,1
1611,29,0.0,1,1
1611,30,0.0,1,1
1611,31,0.0,1,1
1611,32,0.0,1,1
1611,33,1.0,1,1
1612,0,9.0,1,1
1612,1,3.0,1,1
1612,2,2.0,1,1
1612,3,2.0,1,1
1612,4,0.0,1,1
1612,5,1.0,1,1
1612,6,0.0,1,1
1612,7,9.0,1,1
1612,8,1.0,1,1
1612,9,0.0,1,1
1612,10,2.0,1,1
1612,11,6.0,1,1
1612,12,2.0,1,1
1612,13,0.0,1,1
1612,14,0.0,1,1
1612,15,10.0,1,1
1612,16,0.0,1,1
1612,17,4.0,1,1
1612,18,6.0,1,1
1612,19,0.0,1,1
1612,20,1.0,1,1
1612,21,4.0,1,1
1612,22,0.0,1,1
1612,23,1.0,1,1
1612,24,0.0,1,1
1612,25,0.0,1,1
1612,26,1.0,1,1
1612,27,0.0,1,1
1612,28,1.0,1,1
1612,29,0.0,1,1
1612,30,2.0,1,1
1612,31,0.0,1,1
1612,32,2.0,1,1
1612,33,1.0,1,1
1613,0,7.0,1,1
1613,1,10.0,1,1
1613,2,0.0,1,1
1613,3,0.0,1,1
1613,4,1.0,1,1
1613,5,5.0,1,1
1613,6,0.0,1,1
1613,7,4.0,1,1
1613,8,0.0,1,1
1613,9,0.0,1,1
1613,10,1.0,1,1
1613,11,3.0,1,1
1613,12,2.0,1,1
1613,13,0.0,1,1
1613,14,0.0,1,1
1613,15,9.0,1,1
1613,16,0.0,1,1
1613,17,5.0,1,1
1613,18,3.0,1,1
1613,19,0.0,1,1
1613,20,0.0,1,1
1613,21,2.0,1,1
1613,22,0.0,1,1
1613,23,1.0,1,1
1613,24,0.0,1,1
1613,25,0.0,1,1
1613,26,5.0,1,1
1613,27,0.0,1,1
1613,28,1.0,1,1
1613,29,0.0,1,1
1613,30,1.0,1,1
1613,31,0.0,1,1
1613,32,1.0,1,1
1613,33,0.0,1,1
1614,0,6.0,1,1
1614,1,9.0,1,1
1614,2,3.0,1,1
1614,3,1.0,1,1
1614,4,2.0,1,1
1614,5,9.0,1,1
1614,6,0.0,1,1
1614,7,2.0,1,1
1614,8,2.0,1,1
1614,9,0.0,1,1
1614,10,1.0,1,1
1614,11,1.0,1,1
1614,12,0.0,1,1
1614,13,0.0,1,1
1614,14,5.0,1,1
1614,15,8.0,1,1
1614,16,0.0,1,1
1614,17,6.0,1,1
1614,18,4.0,1,1
1614,19,2.0,1,1
1614,20,0.0,1,1
1614,21,2.0,1,1
1614,22,0.0,1,1
1614,23,1.0,1,1
1614,24,0.0,1,1
1614,25,0.0,1,1
1614,26,2.0,1,1
1614,27,0.0,1,1
1614,28,0.0,1,1
1614,29,1.0,1,1
1614,30,0.0,1,1
1614,31,0.0,1,1
1614,32,0.0,1,1
1614,33,1.0,1,1
1615,0,7.0,1,1
1615,1,5.0,1,1
1615,2,2.0,1,1
1615,3,0.0,1,1
1615,4,0.0,1,1
1615,5,4.0,1,1
1615,6,0.0,1,1
1615,7,5.0,1,1
1615,8,1.0,1,1
1615,9,0.0,1,1
1615,10,0.0,1,1
1615,11,2.0,1,1
1615,12,1.0,1,1
1615,13,0.0,1,1
1615,14,3.0,1,1
1615,15,3.0,1,1
1615,16,0.0,1,1
1615,17,2.0,1,1
1615,18,5.0,1,1
1615,19,1.0,1,1
1615,20,4.0,1,1
1615,21,2.0,1,1
1615,22,0.0,1,1
1615,23,3.0,1,1
1615,24,0.0,1,1
1615,25,1.0,1,1
1615,26,0.0,1,1
1615,27,0.0,1,1
1615,28,0.0,1,1
1615,29,2.0,1,1
1615,30,0.0,1,1
1615,31,0.0,1,1
1615,32,0.0,1,1
1615,33,0.0,1,1
1616,0,6.0,1,1
1616,1,6.0,1,1
1616,2,6.0,1,1
1616,3,0.0,1,1
1616,4,1.0,1,1
1616,5,6.0,1,1
1616,6,0.0,1,1
1616,7,5.0,1,1
1616,8,0.0,1,1
1616,9,0.0,1,1
1616,10,0.0,1,1
1616,11,4.0,1,1
1616,12,0.0,1,1
1616,13,2.0,1,1
1616,14,3.0,1,1
1616,15,12.0,1,1
1616,16,1.0,1,1
1616,17,6.0,1,1
1616,18,5.0,1,1
1616,19,4.0,1,1
1616,20,1.0,1,1
1616,21,1.0,1,1
1616,22,1.0,1,1
1616,23,3.0,1,1
1616,24,0.0,1,1
1616,25,0.0,1,1
1616,26,2.0,1,1
1616,27,0.0,1,1
1616,28,2.0,1,1
1616,29,1.0,1,1
1616,30,0.0,1,1
1616,31,0.0,1,1
1616,32,0.0,1,1
1616,33,2.0,1,1
1617,0,6.0,1,1
1617,1,10.0,1,1
1617,2,3.0,1,1
1617,3,1.0,1,1
1617,4,2.0,1,1
1617,5,2.0,1,1
1617,6,0.0,1,1
1617,7,4.0,1,1
1617,8,0.0,1,1
1617,9,0.0,1,1
1617,10,1.0,1,1
1617,11,3.0,1,1
1617,12,2.0,1,1
1617,13,0.0,1,1
1617,14,3.0,1,1
1617,15,8.0,1,1
1617,16,0.0,1,1
1617,17,6.0,1,1
1617,18,1.0,1,1
1617,19,2.0,1,1
1617,20,3.0,1,1
1617,21,0.0,1,1
1617,22,0.0,1,1
1617,23,2.0,1,1
1617,24,0.0,1,1
1617,25,1.0,1,1
1617,26,2.0,1,1
1617,27,0.0,1,1
1617,28,0.0,1,1
1617,29,0.0,1,1
1617,30,2.0,1,1
1617,31,0.0,1,1
1617,32,0.0,1,1
1617,33,0.0,1,1
1618,0,13.0,1,1
1618,1,10.0,1,1
1618,2,6.0,1,1
1618,3,0.0,1,1
1618,4,0.0,1,1
1618,5,3.0,1,1
1618,6,0.0,1,1
1618,7,7.0,1,1
1618,8,2.0,1,1
1618,9,0.0,1,1
1618,10,4.0,1,1
1618,11,4.0,1,1
1618,12,0.0,1,1
1618,13,0.0,1,1
1618,14,5.0,1,1
1618,15,2.0,1,1
1618,16,0.0,1,1
1618,17,3.0,1,1
1618,18,6.0,1,1
1618,19,0.0,1,1
1618,20,1.0,1,1
1618,21,0.0,1,1
1618,22,0.0,1,1
1618,23,2.0,1,1
1618,24,0.0,1,1
1618,25,0.0,1,1
1618,26,3.0,1,1
1618,27,0.0,1,1
1618,28,2.0,1,1
1618,29,0.0,1,1
1618,30,2.0,1,1
1618,31,0.0,1,1
1618,32,0.0,1,1
1618,33,0.0,1,1
1619,0,8.0,1,1
1619,1,14.0,1,1
1619,2,5.0,1,1
1619,3,1.0,1,1
1619,4,2.0,1,1
1619,5,11.0,1,1
1619,6,0.0,1,1
1619,7,4.0,1,1
1619,8,0.0,1,1
1619,9,0.0,1,1
1619,10,3.0,1,1
1619,11,4.0,1,1
1619,12,6.0,1,1
1619,13,3.0,1,1
1619,14,0.0,1,1
1619,15,5.0,1,1
1619,16,0.0,1,1
1619,17,7.0,1,1
1619,18,4.0,1,1
1619,19,1.0,1,1
1619,20,2.0,1,1
1619,21,0.0,1,1
1619,22,2.0,1,1
1619,23,2.0,1,1
1619,24,0.0,1,1
1619,25,1.0,1,1
1619,26,2.0,1,1
1619,27,0.0,1,1
1619,28,2.0,1,1
1619,29,6.0,1,1
1619,30,0.0,1,1
1619,31,0.0,1,1
1619,32,0.0,1,1
1619,33,1.0,1,1
1620,0,8.0,1,1
1620,1,9.0,1,1
1620,2,7.0,1,1
1620,3,3.0,1,1
1620,4,1.0,1,1
1620,5,8.0,1,1
1620,6,0.0,1,1
1620,7,8.0,1,1
1620,8,2.0,1,1
1620,9,0.0,1,1
1620,10,0.0,1,1
1620,11,3.0,1,1
1620,12,7.0,1,1
1620,13,0.0,1,1
1620,14,3.0,1,1
1620,15,15.0,1,1
1620,16,0.0,1,1
1620,17,15.0,1,1
1620,18,16.0,1,1
1620,19,3.0,1,1
1620,20,3.0,1,1
1620,21,4.0,1,1
1620,22,2.0,1,1
1620,23,4.0,1,1
1620,24,0.0,1,1
1620,25,0.0,1,1
1620,26,1.0,1,1
1620,27,0.0,1,1
1620,28,3.0,1,1
1620,29,0.0,1,1
1620,30,1.0,1,1
1620,31,0.0,1,1
1620,32,4.0,1,1
1620,33,0.0,1,1
1621,0,17.0,1,1
1621,1,21.0,1,1
1621,2,8.0,1,1
1621,3,3.0,1,1
1621,4,5.0,1,1
1621,5,15.0,1,1
1621,6,0.0,1,1
1621,7,9.0,1,1
1621,8,1.0,1,1
1621,9,0.0,1,1
1621,10,1.0,1,1
1621,11,6.0,1,1
1621,12,5.0,1,1
1621,13,0.0,1,1
1621,14,4.0,1,1
1621,15,12.0,1,1
1621,16,0.0,1,1
1621,17,18.0,1,1
1621,18,12.0,1,1
1621,19,2.0,1,1
1621,20,1.0,1,1
1621,21,6.0,1,1
1621,22,1.0,1,1
1621,23,3.0,1,1
1621,24,0.0,1,1
1621,25,0.0,1,1
1621,26,2.0,1,1
1621,27,0.0,1,1
1621,28,3.0,1,1
1621,29,0.0,1,1
1621,30,1.0,1,1
1621,31,0.0,1,1
1621,32,0.0,1,1
1621,33,1.0,1,1
1622,0,18.0,1,1
1622,1,27.0,1,1
1622,2,8.0,1,1
1622,3,5.0,1,1
1622,4,2.0,1,1
1622,5,7.0,1,1
1622,6,0.0,1,1
1622,7,8.0,1,1
1622,8,0.0,1,1
1622,9,0.0,1,1
1622,10,0.0,1,1
1622,11,8.0,1,1
1622,12,2.0,1,1
1622,13,0.0,1,1
1622,14,9.0,1,1
1622,15,20.0,1,1
1622,16,1.0,1,1
1622,17,14.0,1,1
1622,18,8.0,1,1
1622,19,4.0,1,1
1622,20,2.0,1,1
1622,21,4.0,1,1
1622,22,0.0,1,1
1622,23,5.0,1,1
1622,24,0.0,1,1
1622,25,3.0,1,1
1622,26,2.0,1,1
1622,27,0.0,1,1
1622,28,4.0,1,1
1622,29,1.0,1,1
1622,30,4.0,1,1
1622,31,1.0,1,1
1622,32,0.0,1,1
1622,33,2.0,1,1
1623,0,27.0,1,1
1623,1,19.0,1,1
1623,2,8.0,1,1
1623,3,1.0,1,1
1623,4,0.0,1,1
1623,5,14.0,1,1
1623,6,0.0,1,1
1623,7,6.0,1,1
1623,8,4.0,1,1
1623,9,0.0,1,1
1623,10,3.0,1,1
1623,11,6.0,1,1
1623,12,2.0,1,1
1623,13,1.0,1,1
1623,14,14.0,1,1
1623,15,9.0,1,1
1623,16,1.0,1,1
1623,17,25.0,1,1
1623,18,18.0,1,1
1623,19,6.0,1,1
1623,20,3.0,1,1
1623,21,8.0,1,1
1623,22,0.0,1,1
1623,23,2.0,1,1
1623,24,0.0,1,1
1623,25,1.0,1,1
1623,26,5.0,1,1
1623,27,0.0,1,1
1623,28,5.0,1,1
1623,29,0.0,1,1
1623,30,4.0,1,1
1623,31,2.0,1,1
1623,32,2.0,1,1
1623,33,1.0,1,1
1624,0,30.0,1,1
1624,1,34.0,1,1
1624,2,7.0,1,1
1624,3,2.0,1,1
1624,4,1.0,1,1
1624,5,26.0,1,1
1624,6,0.0,1,1
1624,7,6.0,1,1
1624,8,4.0,1,1
1624,9,0.0,1,1
1624,10,6.0,1,1
1624,11,7.0,1,1
1624,12,1.0,1,1
1624,13,3.0,1,1
1624,14,6.0,1,1
1624,15,14.0,1,1
1624,16,1.0,1,1
1624,17,26.0,1,1
1624,18,18.0,1,1
1624,19,4.0,1,1
1624,20,4.0,1,1
1624,21,8.0,1,1
1624,22,0.0,1,1
1624,23,11.0,1,1
1624,24,0.0,1,1
1624,25,0.0,1,1
1624,26,2.0,1,1
1624,27,0.0,1,1
1624,28,1.0,1,1
1624,29,2.0,1,1
1624,30,5.0,1,1
1624,31,1.0,1,1
1624,32,3.0,1,1
1624,33,2.0,1,1
1625,0,23.0,1,1
1625,1,32.0,1,1
1625,2,10.0,1,1
1625,3,0.0,1,1
1625,4,3.0,1,1
1625,5,24.0,1,1
1625,6,0.0,1,1
1625,7,8.0,1,1
1625,8,5.0,1,1
1625,9,0.0,1,1
1625,10,4.0,1,1
1625,11,6.0,1,1
1625,12,10.0,1,1
1625,13,0.0,1,1
1625,14,13.0,1,1
1625,15,6.0,1,1
1625,16,1.0,1,1
1625,17,24.0,1,1
1625,18,17.0,1,1
1625,19,1.0,1,1
1625,20,9.0,1,1
1625,21,5.0,1,1
1625,22,2.0,1,1
1625,23,10.0,1,1
1625,24,0.0,1,1
1625,25,2.0,1,1
1625,26,4.0,1,1
1625,27,0.0,1,1
1625,28,7.0,1,1
1625,29,1.0,1,1
1625,30,5.0,1,1
1625,31,1.0,1,1
1625,32,2.0,1,1
1625,33,2.0,1,1
1626,0,25.0,1,1
1626,1,49.0,1,1
1626,2,14.0,1,1
1626,3,10.0,1,1
1626,4,15.0,1,1
1626,5,27.0,1,1
1626,6,0.0,1,1
1626,7,15.0,1,1
1626,8,5.0,1,1
1626,9,0.0,1,1
1626,10,6.0,1,1
1626,11,10.0,1,1
1626,12,7.0,1,1
1626,13,3.0,1,1
1626,14,4.0,1,1
1626,15,16.0,1,1
1626,16,0.0,1,1
1626,17,19.0,1,1
1626,18,26.0,1,1
1626,19,4.0,1,1
1626,20,9.0,1,1
1626,21,10.0,1,1
1626,22,5.0,1,1
1626,23,4.0,1,1
1626,24,0.0,1,1
1626,25,2.0,1,1
1626,26,6.0,1,1
1626,27,0.0,1,1
1626,28,5.0,1,1
1626,29,2.0,1,1
1626,30,3.0,1,1
1626,31,1.0,1,1
1626,32,1.0,1,1
1626,33,2.0,1,1
1627,0,24.0,1,1
1627,1,45.0,1,1
1627,2,17.0,1,1
1627,3,9.0,1,1
1627,4,13.0,1,1
1627,5,21.0,1,1
1627,6,0.0,1,1
1627,7,15.0,1,1
1627,8,5.0,1,1
1627,9,0.0,1,1
1627,10,6.0,1,1
1627,11,10.0,1,1
1627,12,7.0,1,1
1627,13,2.0,1,1
1627,14,14.0,1,1
1627,15,16.0,1,1
1627,16,0.0,1,1
1627,17,33.0,1,1
1627,18,24.0,1,1
1627,19,6.0,1,1
1627,20,6.0,1,1
1627,21,7.0,1,1
1627,22,3.0,1,1
1627,23,12.0,1,1
1627,24,2.0,1,1
1627,25,2.0,1,1
1627,26,8.0,1,1
1627,27,0.0,1,1
1627,28,7.0,1,1
1627,29,3.0,1,1
1627,30,4.0,1,1
1627,31,3.0,1,1
1627,32,7.0,1,1
1627,33,1.0,1,1
1628,0,39.0,1,1
1628,1,52.0,1,1
1628,2,19.0,1,1
1628,3,7.0,1,1
1628,4,7.0,1,1
1628,5,29.0,1,1
1628,6,0.0,1,1
1628,7,27.0,1,1
1628,8,3.0,1,1
1628,9,0.0,1,1
1628,10,7.0,1,1
1628,11,14.0,1,1
1628,12,9.0,1,1
1628,13,0.0,1,1
1628,14,10.0,1,1
1628,15,15.0,1,1
1628,16,0.0,1,1
1628,17,26.0,1,1
1628,18,26.0,1,1
1628,19,7.0,1,1
1628,20,6.0,1,1
1628,21,116.0,1,1
1628,22,2.0,1,1
1628,23,11.0,1,1
1628,24,0.0,1,1
1628,25,1.0,1,1
1628,26,6.0,1,1
1628,27,0.0,1,1
1628,28,7.0,1,1
1628,29,1.0,1,1
1628,30,2.0,1,1
1628,31,0.0,1,1
1628,32,4.0,1,1
1628,33,1.0,1,1
1629,0,42.0,1,1
1629,1,51.0,1,1
1629,2,25.0,1,1
1629,3,6.0,1,1
1629,4,4.0,1,1
1629,5,32.0,1,1
1629,6,0.0,1,1
1629,7,25.0,1,1
1629,8,5.0,1,1
1629,9,0.0,1,1
1629,10,10.0,1,1
1629,11,16.0,1,1
1629,12,6.0,1,1
1629,13,3.0,1,1
1629,14,6.0,1,1
1629,15,7.0,1,1
1629,16,4.0,1,1
1629,17,32.0,1,1
1629,18,39.0,1,1
1629,19,12.0,1,1
1629,20,10.0,1,1
1629,21,20.0,1,1
1629,22,2.0,1,1
1629,23,10.0,1,1
1629,24,1.0,1,1
1629,25,4.0,1,1
1629,26,5.0,1,1
1629,27,0.0,1,1
1629,28,14.0,1,1
1629,29,3.0,1,1
1629,30,3.0,1,1
1629,31,1.0,1,1
1629,32,2.0,1,1
1629,33,2.0,1,1
1630,0,49.0,1,1
1630,1,56.0,1,1
1630,2,19.0,1,1
1630,3,6.0,1,1
1630,4,11.0,1,1
1630,5,33.0,1,1
1630,6,0.0,1,1
1630,7,37.0,1,1
1630,8,4.0,1,1
1630,9,0.0,1,1
1630,10,9.0,1,1
1630,11,23.0,1,1
1630,12,5.0,1,1
1630,13,1.0,1,1
1630,14,21.0,1,1
1630,15,35.0,1,1
1630,16,2.0,1,1
1630,17,29.0,1,1
1630,18,34.0,1,1
1630,19,10.0,1,1
1630,20,9.0,1,1
1630,21,11.0,1,1
1630,22,6.0,1,1
1630,23,7.0,1,1
1630,24,0.0,1,1
1630,25,4.0,1,1
1630,26,5.0,1,1
1630,27,0.0,1,1
1630,28,11.0,1,1
1630,29,2.0,1,1
1630,30,6.0,1,1
1630,31,2.0,1,1
1630,32,2.0,1,1
1630,33,2.0,1,1
1631,0,40.0,1,1
1631,1,40.0,1,1
1631,2,31.0,1,1
1631,3,16.0,1,1
1631,4,9.0,1,1
1631,5,35.0,1,1
1631,6,0.0,1,1
1631,7,42.0,1,1
1631,8,2.0,1,1
1631,9,0.0,1,1
1631,10,10.0,1,1
1631,11,17.0,1,1
1631,12,6.0,1,1
1631,13,0.0,1,1
1631,14,22.0,1,1
1631,15,18.0,1,1
1631,16,1.0,1,1
1631,17,34.0,1,1
1631,18,42.0,1,1
1631,19,6.0,1,1
1631,20,7.0,1,1
1631,21,9.0,1,1
1631,22,1.0,1,1
1631,23,12.0,1,1
1631,24,1.0,1,1
1631,25,0.0,1,1
1631,26,9.0,1,1
1631,27,0.0,1,1
1631,28,18.0,1,1
1631,29,4.0,1,1
1631,30,8.0,1,1
1631,31,0.0,1,1
1631,32,6.0,1,1
1631,33,2.0,1,1
1632,0,38.0,1,1
1632,1,60.0,1,1
1632,2,26.0,1,1
1632,3,67.0,1,1
1632,4,7.0,1,1
1632,5,35.0,1,1
1632,6,0.0,1,1
1632,7,37.0,1,1
1632,8,5.0,1,1
1632,9,0.0,1,1
1632,10,13.0,1,1
1632,11,22.0,1,1
1632,12,11.0,1,1
1632,13,0.0,1,1
1632,14,21.0,1,1
1632,15,30.0,1,1
1632,16,1.0,1,1
1632,17,33.0,1,1
1632,18,36.0,1,1
1632,19,4.0,1,1
1632,20,11.0,1,1
1632,21,7.0,1,1
1632,22,3.0,1,1
1632,23,16.0,1,1
1632,24,4.0,1,1
1632,25,3.0,1,1
1632,26,8.0,1,1
1632,27,0.0,1,1
1632,28,9.0,1,1
1632,29,6.0,1,1
1632,30,3.0,1,1
1632,31,0.0,1,1
1632,32,3.0,1,1
1632,33,3.0,1,1
1633,0,38.0,1,1
1633,1,59.0,1,1
1633,2,25.0,1,1
1633,3,9.0,1,1
1633,4,9.0,1,1
1633,5,36.0,1,1
1633,6,0.0,1,1
1633,7,37.0,1,1
1633,8,6.0,1,1
1633,9,0.0,1,1
1633,10,12.0,1,1
1633,11,22.0,1,1
1633,12,6.0,1,1
1633,13,0.0,1,1
1633,14,21.0,1,1
1633,15,30.0,1,1
1633,16,1.0,1,1
1633,17,46.0,1,1
1633,18,41.0,1,1
1633,19,10.0,1,1
1633,20,4.0,1,1
1633,21,15.0,1,1
1633,22,4.0,1,1
1633,23,16.0,1,1
1633,24,0.0,1,1
1633,25,4.0,1,1
1633,26,4.0,1,1
1633,27,0.0,1,1
1633,28,14.0,1,1
1633,29,6.0,1,1
1633,30,7.0,1,1
1633,31,2.0,1,1
1633,32,4.0,1,1
1633,33,1.0,1,1
1634,0,73.0,1,1
1634,1,47.0,1,1
1634,2,23.0,1,1
1634,3,5.0,1,1
1634,4,6.0,1,1
1634,5,34.0,1,1
1634,6,0.0,1,1
1634,7,41.0,1,1
1634,8,9.0,1,1
1634,9,0.0,1,1
1634,10,16.0,1,1
1634,11,17.0,1,1
1634,12,13.0,1,1
1634,13,1.0,1,1
1634,14,33.0,1,1
1634,15,21.0,1,1
1634,16,6.0,1,1
1634,17,46.0,1,1
1634,18,40.0,1,1
1634,19,15.0,1,1
1634,20,19.0,1,1
1634,21,16.0,1,1
1634,22,4.0,1,1
1634,23,22.0,1,1
1634,24,2.0,1,1
1634,25,7.0,1,1
1634,26,9.0,1,1
1634,27,0.0,1,1
1634,28,11.0,1,1
1634,29,5.0,1,1
1634,30,7.0,1,1
1634,31,2.0,1,1
1634,32,3.0,1,1
1634,33,2.0,1,1
1635,0,35.0,1,1
1635,1,66.0,1,1
1635,2,24.0,1,1
1635,3,8.0,1,1
1635,4,6.0,1,1
1635,5,39.0,1,1
1635,6,0.0,1,1
1635,7,39.0,1,1
1635,8,4.0,1,1
1635,9,0.0,1,1
1635,10,11.0,1,1
1635,11,27.0,1,1
1635,12,8.0,1,1
1635,13,2.0,1,1
1635,14,17.0,1,1
1635,15,25.0,1,1
1635,16,1.0,1,1
1635,17,44.0,1,1
1635,18,40.0,1,1
1635,19,6.0,1,1
1635,20,20.0,1,1
1635,21,14.0,1,1
1635,22,9.0,1,1
1635,23,17.0,1,1
1635,24,0.0,1,1
1635,25,15.0,1,1
1635,26,4.0,1,1
1635,27,0.0,1,1
1635,28,10.0,1,1
1635,29,6.0,1,1
1635,30,3.0,1,1
1635,31,2.0,1,1
1635,32,2.0,1,1
1635,33,0.0,1,1
1636,0,59.0,1,1
1636,1,63.0,1,1
1636,2,22.0,1,1
1636,3,8.0,1,1
1636,4,5.0,1,1
1636,5,45.0,1,1
1636,6,0.0,1,1
1636,7,32.0,1,1
1636,8,2.0,1,1
1636,9,0.0,1,1
1636,10,11.0,1,1
1636,11,24.0,1,1
1636,12,23.0,1,1
1636,13,0.0,1,1
1636,14,37.0,1,1
1636,15,37.0,1,1
1636,16,2.0,1,1
1636,17,50.0,1,1
1636,18,41.0,1,1
1636,19,19.0,1,1
1636,20,15.0,1,1
1636,21,16.0,1,1
1636,22,11.0,1,1
1636,23,23.0,1,1
1636,24,1.0,1,1
1636,25,2.0,1,1
1636,26,16.0,1,1
1636,27,0.0,1,1
1636,28,4.0,1,1
1636,29,7.0,1,1
1636,30,11.0,1,1
1636,31,1.0,1,1
1636,32,6.0,1,1
1636,33,5.0,1,1
1637,0,76.0,1,1
1637,1,77.0,1,1
1637,2,28.0,1,1
1637,3,12.0,1,1
1637,4,12.0,1,1
1637,5,46.0,1,1
1637,6,0.0,1,1
1637,7,61.0,1,1
1637,8,5.0,1,1
1637,9,0.0,1,1
1637,10,16.0,1,1
1637,11,22.0,1,1
1637,12,15.0,1,1
1637,13,0.0,1,1
1637,14,34.0,1,1
1637,15,30.0,1,1
1637,16,2.0,1,1
1637,17,46.0,1,1
1637,18,48.0,1,1
1637,19,14.0,1,1
1637,20,17.0,1,1
1637,21,19.0,1,1
1637,22,6.0,1,1
1637,23,24.0,1,1
1637,24,2.0,1,1
1637,25,7.0,1,1
1637,26,9.0,1,1
1637,27,0.0,1,1
1637,28,9.0,1,1
1637,29,2.0,1,1
1637,30,7.0,1,1
1637,31,3.0,1,1
1637,32,1.0,1,1
1637,33,6.0,1,1
1638,0,45.0,1,1
1638,1,61.0,1,1
1638,2,30.0,1,1
1638,3,21.0,1,1
1638,4,10.0,1,1
1638,5,49.0,1,1
1638,6,0.0,1,1
1638,7,43.0,1,1
1638,8,4.0,1,1
1638,9,0.0,1,1
1638,10,10.0,1,1
1638,11,27.0,1,1
1638,12,24.0,1,1
1638,13,0.0,1,1
1638,14,44.0,1,1
1638,15,36.0,1,1
1638,16,6.0,1,1
1638,17,43.0,1,1
1638,18,60.0,1,1
1638,19,20.0,1,1
1638,20,20.0,1,1
1638,21,17.0,1,1
1638,22,8.0,1,1
1638,23,20.0,1,1
1638,24,1.0,1,1
1638,25,4.0,1,1
1638,26,14.0,1,1
1638,27,0.0,1,1
1638,28,10.0,1,1
1638,29,12.0,1,1
1638,30,10.0,1,1
1638,31,2.0,1,1
1638,32,7.0,1,1
1638,33,10.0,1,1
1639,0,52.0,1,1
1639,1,47.0,1,1
1639,2,29.0,1,1
1639,3,16.0,1,1
1639,4,6.0,1,1
1639,5,31.0,1,1
1639,6,0.0,1,1
1639,7,47.0,1,1
1639,8,7.0,1,1
1639,9,0.0,1,1
1639,10,12.0,1,1
1639,11,23.0,1,1
1639,12,18.0,1,1
1639,13,2.0,1,1
1639,14,24.0,1,1
1639,15,28.0,1,1
1639,16,4.0,1,1
1639,17,42.0,1,1
1639,18,49.0,1,1
1639,19,16.0,1,1
1639,20,23.0,1,1
1639,21,16.0,1,1
1639,22,6.0,1,1
1639,23,23.0,1,1
1639,24,1.0,1,1
1639,25,6.0,1,1
1639,26,18.0,1,1
1639,27,0.0,1,1
1639,28,14.0,1,1
1639,29,10.0,1,1
1639,30,8.0,1,1
1639,31,1.0,1,1
1639,32,8.0,1,1
1639,33,13.0,1,1
1640,0,47.0,1,1
1640,1,76.0,1,1
1640,2,36.0,1,1
1640,3,8.0,1,1
1640,4,10.0,1,1
1640,5,54.0,1,1
1640,6,0.0,1,1
1640,7,47.0,1,1
1640,8,10.0,1,1
1640,9,0.0,1,1
1640,10,17.0,1,1
1640,11,30.0,1,1
1640,12,11.0,1,1
1640,13,1.0,1,1
1640,14,20.0,1,1
1640,15,30.0,1,1
1640,16,1.0,1,1
1640,17,55.0,1,1
1640,18,51.0,1,1
1640,19,13.0,1,1
1640,20,18.0,1,1
1640,21,27.0,1,1
1640,22,11.0,1,1
1640,23,28.0,1,1
1640,24,0.0,1,1
1640,25,6.0,1,1
1640,26,16.0,1,1
1640,27,0.0,1,1
1640,28,13.0,1,1
1640,29,4.0,1,1
1640,30,7.0,1,1
1640,31,7.0,1,1
1640,32,8.0,1,1
1640,33,6.0,1,1
1641,0,60.0,1,1
1641,1,68.0,1,1
1641,2,35.0,1,1
1641,3,6.0,1,1
1641,4,4.0,1,1
1641,5,39.0,1,1
1641,6,0.0,1,1
1641,7,38.0,1,1
1641,8,9.0,1,1
1641,9,0.0,1,1
1641,10,16.0,1,1
1641,11,26.0,1,1
1641,12,19.0,1,1
1641,13,0.0,1,1
1641,14,25.0,1,1
1641,15,40.0,1,1
1641,16,1.0,1,1
1641,17,47.0,1,1
1641,18,52.0,1,1
1641,19,10.0,1,1
1641,20,11.0,1,1
1641,21,15.0,1,1
1641,22,9.0,1,1
1641,23,16.0,1,1
1641,24,2.0,1,1
1641,25,7.0,1,1
1641,26,14.0,1,1
1641,27,0.0,1,1
1641,28,21.0,1,1
1641,29,9.0,1,1
1641,30,14.0,1,1
1641,31,6.0,1,1
1641,32,8.0,1,1
1641,33,11.0,1,1
1642,0,55.0,1,1
1642,1,72.0,1,1
1642,2,34.0,1,1
1642,3,17.0,1,1
1642,4,6.0,1,1
1642,5,42.0,1,1
1642,6,0.0,1,1
1642,7,53.0,1,1
1642,8,12.0,1,1
1642,9,0.0,1,1
1642,10,18.0,1,1
1642,11,29.0,1,1
1642,12,14.0,1,1
1642,13,1.0,1,1
1642,14,37.0,1,1
1642,15,77.0,1,1
1642,16,4.0,1,1
1642,17,49.0,1,1
1642,18,46.0,1,1
1642,19,11.0,1,1
1642,20,14.0,1,1
1642,21,21.0,1,1
1642,22,9.0,1,1
1642,23,27.0,1,1
1642,24,1.0,1,1
1642,25,9.0,1,1
1642,26,20.0,1,1
1642,27,0.0,1,1
1642,28,21.0,1,1
1642,29,10.0,1,1
1642,30,10.0,1,1
1642,31,0.0,1,1
1642,32,3.0,1,1
1642,33,11.0,1,1
1643,0,62.0,1,1
1643,1,72.0,1,1
1643,2,57.0,1,1
1643,3,14.0,1,1
1643,4,13.0,1,1
1643,5,47.0,1,1
1643,6,0.0,1,1
1643,7,59.0,1,1
1643,8,4.0,1,1
1643,9,0.0,1,1
1643,10,10.0,1,1
1643,11,32.0,1,1
1643,12,36.0,1,1
1643,13,0.0,1,1
1643,14,39.0,1,1
1643,15,41.0,1,1
1643,16,3.0,1,1
1643,17,45.0,1,1
1643,18,73.0,1,1
1643,19,16.0,1,1
1643,20,17.0,1,1
1643,21,29.0,1,1
1643,22,9.0,1,1
1643,23,28.0,1,1
1643,24,2.0,1,1
1643,25,12.0,1,1
1643,26,13.0,1,1
1643,27,0.0,1,1
1643,28,25.0,1,1
1643,29,12.0,1,1
1643,30,13.0,1,1
1643,31,6.0,1,1
1643,32,7.0,1,1
1643,33,10.0,1,1
1644,0,60.0,1,1
1644,1,59.0,1,1
1644,2,37.0,1,1
1644,3,14.0,1,1
1644,4,5.0,1,1
1644,5,53.0,1,1
1644,6,0.0,1,1
1644,7,44.0,1,1
1644,8,11.0,1,1
1644,9,0.0,1,1
1644,10,14.0,1,1
1644,11,35.0,1,1
1644,12,12.0,1,1
1644,13,0.0,1,1
1644,14,32.0,1,1
1644,15,82.0,1,1
1644,16,1.0,1,1
1644,17,58.0,1,1
1644,18,64.0,1,1
1644,19,10.0,1,1
1644,20,16.0,1,1
1644,21,22.0,1,1
1644,22,6.0,1,1
1644,23,39.0,1,1
1644,24,0.0,1,1
1644,25,5.0,1,1
1644,26,21.0,1,1
1644,27,0.0,1,1
1644,28,28.0,1,1
1644,29,5.0,1,1
1644,30,12.0,1,1
1644,31,3.0,1,1
1644,32,9.0,1,1
1644,33,11.0,1,1
1645,0,73.0,1,1
1645,1,77.0,1,1
1645,2,42.0,1,1
1645,3,15.0,1,1
1645,4,17.0,1,1
1645,5,43.0,1,1
1645,6,0.0,1,1
1645,7,71.0,1,1
1645,8,9.0,1,1
1645,9,0.0,1,1
1645,10,17.0,1,1
1645,11,35.0,1,1
1645,12,28.0,1,1
1645,13,1.0,1,1
1645,14,28.0,1,1
1645,15,78.0,1,1
1645,16,6.0,1,1
1645,17,51.0,1,1
1645,18,81.0,1,1
1645,19,11.0,1,1
1645,20,27.0,1,1
1645,21,36.0,1,1
1645,22,9.0,1,1
1645,23,41.0,1,1
1645,24,1.0,1,1
1645,25,6.0,1,1
1645,26,14.0,1,1
1645,27,0.0,1,1
1645,28,26.0,1,1
1645,29,14.0,1,1
1645,30,13.0,1,1
1645,31,3.0,1,1
1645,32,6.0,1,1
1645,33,12.0,1,1
1646,0,88.0,1,1
1646,1,66.0,1,1
1646,2,50.0,1,1
1646,3,19.0,1,1
1646,4,8.0,1,1
1646,5,32.0,1,1
1646,6,0.0,1,1
1646,7,70.0,1,1
1646,8,12.0,1,1
1646,9,0.0,1,1
1646,10,9.0,1,1
1646,11,33.0,1,1
1646,12,28.0,1,1
1646,13,0.0,1,1
1646,14,46.0,1,1
1646,15,63.0,1,1
1646,16,4.0,1,1
1646,17,45.0,1,1
1646,18,79.0,1,1
1646,19,22.0,1,1
1646,20,17.0,1,1
1646,21,34.0,1,1
1646,22,12.0,1,1
1646,23,30.0,1,1
1646,24,1.0,1,1
1646,25,9.0,1,1
1646,26,24.0,1,1
1646,27,0.0,1,1
1646,28,19.0,1,1
1646,29,20.0,1,1
1646,30,13.0,1,1
1646,31,1.0,1,1
1646,32,6.0,1,1
1646,33,15.0,1,1
1647,0,73.0,1,1
1647,1,67.0,1,1
1647,2,46.0,1,1
1647,3,25.0,1,1
1647,4,10.0,1,1
1647,5,49.0,1,1
1647,6,0.0,1,1
1647,7,72.0,1,1
1647,8,13.0,1,1
1647,9,0.0,1,1
1647,10,22.0,1,1
1647,11,41.0,1,1
1647,12,43.0,1,1
1647,13,1.0,1,1
1647,14,47.0,1,1
1647,15,41.0,1,1
1647,16,2.0,1,1
1647,17,86.0,1,1
1647,18,94.0,1,1
1647,19,17.0,1,1
1647,20,23.0,1,1
1647,21,43.0,1,1
1647,22,6.0,1,1
1647,23,45.0,1,1
1647,24,1.0,1,1
1647,25,15.0,1,1
1647,26,28.0,1,1
1647,27,0.0,1,1
1647,28,23.0,1,1
1647,29,11.0,1,1
1647,30,24.0,1,1
1647,31,3.0,1,1
1647,32,17.0,1,1
1647,33,20.0,1,1
1648,0,71.0,1,1
1648,1,89.0,1,1
1648,2,66.0,1,1
1648,3,22.0,1,1
1648,4,7.0,1,1
1648,5,77.0,1,1
1648,6,0.0,1,1
1648,7,69.0,1,1
1648,8,12.0,1,1
1648,9,0.0,1,1
1648,10,23.0,1,1
1648,11,36.0,1,1
1648,12,12.0,1,1
1648,13,0.0,1,1
1648,14,51.0,1,1
1648,15,83.0,1,1
1648,16,2.0,1,1
1648,17,89.0,1,1
1648,18,86.0,1,1
1648,19,18.0,1,1
1648,20,9.0,1,1
1648,21,27.0,1,1
1648,22,8.0,1,1
1648,23,44.0,1,1
1648,24,4.0,1,1
1648,25,15.0,1,1
1648,26,20.0,1,1
1648,27,0.0,1,1
1648,28,31.0,1,1
1648,29,21.0,1,1
1648,30,18.0,1,1
1648,31,8.0,1,1
1648,32,12.0,1,1
1648,33,20.0,1,1
1649,0,94.0,1,1
1649,1,97.0,1,1
1649,2,69.0,1,1
1649,3,17.0,1,1
1649,4,11.0,1,1
1649,5,63.0,1,1
1649,6,0.0,1,1
1649,7,70.0,1,1
1649,8,13.0,1,1
1649,9,0.0,1,1
1649,10,16.0,1,1
1649,11,41.0,1,1
1649,12,17.0,1,1
1649,13,0.0,1,1
1649,14,53.0,1,1
1649,15,55.0,1,1
1649,16,3.0,1,1
1649,17,84.0,1,1
1649,18,92.0,1,1
1649,19,22.0,1,1
1649,20,19.0,1,1
1649,21,29.0,1,1
1649,22,14.0,1,1
1649,23,35.0,1,1
1649,24,0.0,1,1
1649,25,11.0,1,1
1649,26,29.0,1,1
1649,27,0.0,1,1
1649,28,22.0,1,1
1649,29,24.0,1,1
1649,30,27.0,1,1
1649,31,6.0,1,1
1649,32,13.0,1,1
1649,33,15.0,1,1
1650,0,70.0,1,1
1650,1,91.0,1,1
1650,2,56.0,1,1
1650,3,22.0,1,1
1650,4,13.0,1,1
1650,5,60.0,1,1
1650,6,0.0,1,1
1650,7,67.0,1,1
1650,8,13.0,1,1
1650,9,0.0,1,1
1650,10,26.0,1,1
1650,11,42.0,1,1
1650,12,57.0,1,1
1650,13,1.0,1,1
1650,14,22.0,1,1
1650,15,61.0,1,1
1650,16,6.0,1,1
1650,17,93.0,1,1
1650,18,99.0,1,1
1650,19,21.0,1,1
1650,20,18.0,1,1
1650,21,26.0,1,1
1650,22,10.0,1,1
1650,23,44.0,1,1
1650,24,2.0,1,1
1650,25,9.0,1,1
1650,26,25.0,1,1
1650,27,0.0,1,1
1650,28,19.0,1,1
1650,29,17.0,1,1
1650,30,22.0,1,1
1650,31,7.0,1,1
1650,32,16.0,1,1
1650,33,22.0,1,1
1651,0,84.0,1,1
1651,1,88.0,1,1
1651,2,66.0,1,1
1651,3,16.0,1,1
1651,4,14.0,1,1
1651,5,66.0,1,1
1651,6,0.0,1,1
1651,7,67.0,1,1
1651,8,24.0,1,1
1651,9,0.0,1,1
1651,10,24.0,1,1
1651,11,41.0,1,1
1651,12,25.0,1,1
1651,13,0.0,1,1
1651,14,48.0,1,1
1651,15,49.0,1,1
1651,16,6.0,1,1
1651,17,85.0,1,1
1651,18,97.0,1,1
1651,19,18.0,1,1
1651,20,18.0,1,1
1651,21,41.0,1,1
1651,22,12.0,1,1
1651,23,38.0,1,1
1651,24,1.0,1,1
1651,25,12.0,1,1
1651,26,28.0,1,1
1651,27,0.0,1,1
1651,28,41.0,1,1
1651,29,19.0,1,1
1651,30,22.0,1,1
1651,31,10.0,1,1
1651,32,13.0,1,1
1651,33,21.0,1,1
1652,0,90.0,1,1
1652,1,115.0,1,1
1652,2,54.0,1,1
1652,3,22.0,1,1
1652,4,16.0,1,1
1652,5,63.0,1,1
1652,6,0.0,1,1
1652,7,73.0,1,1
1652,8,12.0,1,1
1652,9,0.0,1,1
1652,10,27.0,1,1
1652,11,40.0,1,1
1652,12,18.0,1,1
1652,13,0.0,1,1
1652,14,38.0,1,1
1652,15,44.0,1,1
1652,16,6.0,1,1
1652,17,82.0,1,1
1652,18,115.0,1,1
1652,19,22.0,1,1
1652,20,23.0,1,1
1652,21,28.0,1,1
1652,22,16.0,1,1
1652,23,39.0,1,1
1652,24,3.0,1,1
1652,25,14.0,1,1
1652,26,30.0,1,1
1652,27,0.0,1,1
1652,28,38.0,1,1
1652,29,18.0,1,1
1652,30,25.0,1,1
1652,31,2.0,1,1
1652,32,10.0,1,1
1652,33,22.0,1,1
1653,0,87.0,1,1
1653,1,102.0,1,1
1653,2,56.0,1,1
1653,3,29.0,1,1
1653,4,17.0,1,1
1653,5,69.0,1,1
1653,6,0.0,1,1
1653,7,76.0,1,1
1653,8,15.0,1,1
1653,9,0.0,1,1
1653,10,10.0,1,1
1653,11,41.0,1,1
1653,12,26.0,1,1
1653,13,0.0,1,1
1653,14,60.0,1,1
1653,15,56.0,1,1
1653,16,1.0,1,1
1653,17,85.0,1,1
1653,18,74.0,1,1
1653,19,17.0,1,1
1653,20,29.0,1,1
1653,21,68.0,1,1
1653,22,13.0,1,1
1653,23,43.0,1,1
1653,24,5.0,1,1
1653,25,13.0,1,1
1653,26,19.0,1,1
1653,27,0.0,1,1
1653,28,22.0,1,1
1653,29,27.0,1,1
1653,30,19.0,1,1
1653,31,7.0,1,1
1653,32,5.0,1,1
1653,33,21.0,1,1
1654,0,93.0,1,1
1654,1,95.0,1,1
1654,2,57.0,1,1
1654,3,22.0,1,1
1654,4,14.0,1,1
1654,5,60.0,1,1
1654,6,0.0,1,1
1654,7,82.0,1,1
1654,8,9.0,1,1
1654,9,0.0,1,1
1654,10,21.0,1,1
1654,11,46.0,1,1
1654,12,24.0,1,1
1654,13,2.0,1,1
1654,14,57.0,1,1
1654,15,85.0,1,1
1654,16,5.0,1,1
1654,17,95.0,1,1
1654,18,106.0,1,1
1654,19,25.0,1,1
1654,20,19.0,1,1
1654,21,34.0,1,1
1654,22,12.0,1,1
1654,23,44.0,1,1
1654,24,5.0,1,1
1654,25,15.0,1,1
1654,26,23.0,1,1
1654,27,0.0,1,1
1654,28,31.0,1,1
1654,29,19.0,1,1
1654,30,23.0,1,1
1654,31,4.0,1,1
1654,32,15.0,1,1
1654,33,18.0,1,1
1655,0,100.0,1,1
1655,1,121.0,1,1
1655,2,67.0,1,1
1655,3,22.0,1,1
1655,4,12.0,1,1
1655,5,83.0,1,1
1655,6,0.0,1,1
1655,7,81.0,1,1
1655,8,15.0,1,1
1655,9,0.0,1,1
1655,10,12.0,1,1
1655,11,55.0,1,1
1655,12,29.0,1,1
1655,13,0.0,1,1
1655,14,43.0,1,1
1655,15,70.0,1,1
1655,16,7.0,1,1
1655,17,83.0,1,1
1655,18,134.0,1,1
1655,19,27.0,1,1
1655,20,38.0,1,1
1655,21,54.0,1,1
1655,22,21.0,1,1
1655,23,53.0,1,1
1655,24,3.0,1,1
1655,25,10.0,1,1
1655,26,23.0,1,1
1655,27,0.0,1,1
1655,28,27.0,1,1
1655,29,29.0,1,1
1655,30,19.0,1,1
1655,31,8.0,1,1
1655,32,21.0,1,1
1655,33,16.0,1,1
1656,0,106.0,1,1
1656,1,128.0,1,1
1656,2,67.0,1,1
1656,3,20.0,1,1
1656,4,13.0,1,1
1656,5,90.0,1,1
1656,6,0.0,1,1
1656,7,78.0,1,1
1656,8,11.0,1,1
1656,9,0.0,1,1
1656,10,25.0,1,1
1656,11,49.0,1,1
1656,12,44.0,1,1
1656,13,0.0,1,1
1656,14,32.0,1,1
1656,15,84.0,1,1
1656,16,11.0,1,1
1656,17,109.0,1,1
1656,18,132.0,1,1
1656,19,27.0,1,1
1656,20,28.0,1,1
1656,21,55.0,1,1
1656,22,19.0,1,1
1656,23,60.0,1,1
1656,24,5.0,1,1
1656,25,16.0,1,1
1656,26,32.0,1,1
1656,27,0.0,1,1
1656,28,34.0,1,1
1656,29,25.0,1,1
1656,30,28.0,1,1
1656,31,7.0,1,1
1656,32,22.0,1,1
1656,33,18.0,1,1
1657,0,104.0,1,1
1657,1,140.0,1,1
1657,2,76.0,1,1
1657,3,21.0,1,1
1657,4,18.0,1,1
1657,5,89.0,1,1
1657,6,0.0,1,1
1657,7,77.0,1,1
1657,8,15.0,1,1
1657,9,0.0,1,1
1657,10,13.0,1,1
1657,11,58.0,1,1
1657,12,16.0,1,1
1657,13,1.0,1,1
1657,14,48.0,1,1
1657,15,85.0,1,1
1657,16,8.0,1,1
1657,17,115.0,1,1
1657,18,151.0,1,1
1657,19,23.0,1,1
1657,20,30.0,1,1
1657,21,63.0,1,1
1657,22,14.0,1,1
1657,23,56.0,1,1
1657,24,3.0,1,1
1657,25,16.0,1,1
1657,26,40.0,1,1
1657,27,0.0,1,1
1657,28,44.0,1,1
1657,29,24.0,1,1
1657,30,34.0,1,1
1657,31,10.0,1,1
1657,32,16.0,1,1
1657,33,11.0,1,1
1658,0,116.0,1,1
1658,1,126.0,1,1
1658,2,76.0,1,1
1658,3,29.0,1,1
1658,4,13.0,1,1
1658,5,87.0,1,1
1658,6,0.0,1,1
1658,7,106.0,1,1
1658,8,21.0,1,1
1658,9,0.0,1,1
1658,10,24.0,1,1
1658,11,62.0,1,1
1658,12,43.0,1,1
1658,13,0.0,1,1
1658,14,43.0,1,1
1658,15,121.0,1,1
1658,16,3.0,1,1
1658,17,113.0,1,1
1658,18,134.0,1,1
1658,19,25.0,1,1
1658,20,28.0,1,1
1658,21,44.0,1,1
1658,22,17.0,1,1
1658,23,69.0,1,1
1658,24,1.0,1,1
1658,25,17.0,1,1
1658,26,32.0,1,1
1658,27,0.0,1,1
1658,28,26.0,1,1
1658,29,21.0,1,1
1658,30,33.0,1,1
1658,31,4.0,1,1
1658,32,16.0,1,1
1658,33,19.0,1,1
1659,0,140.0,1,1
1659,1,140.0,1,1
1659,2,86.0,1,1
1659,3,28.0,1,1
1659,4,17.0,1,1
1659,5,97.0,1,1
1659,6,0.0,1,1
1659,7,99.0,1,1
1659,8,21.0,1,1
1659,9,0.0,1,1
1659,10,20.0,1,1
1659,11,66.0,1,1
1659,12,32.0,1,1
1659,13,0.0,1,1
1659,14,69.0,1,1
1659,15,90.0,1,1
1659,16,8.0,1,1
1659,17,106.0,1,1
1659,18,133.0,1,1
1659,19,31.0,1,1
1659,20,28.0,1,1
1659,21,38.0,1,1
1659,22,24.0,1,1
1659,23,50.0,1,1
1659,24,5.0,1,1
1659,25,19.0,1,1
1659,26,26.0,1,1
1659,27,0.0,1,1
1659,28,44.0,1,1
1659,29,28.0,1,1
1659,30,29.0,1,1
1659,31,4.0,1,1
1659,32,17.0,1,1
1659,33,27.0,1,1
1660,0,119.0,1,1
1660,1,122.0,1,1
1660,2,64.0,1,1
1660,3,39.0,1,1
1660,4,23.0,1,1
1660,5,92.0,1,1
1660,6,0.0,1,1
1660,7,85.0,1,1
1660,8,14.0,1,1
1660,9,0.0,1,1
1660,10,15.0,1,1
1660,11,59.0,1,1
1660,12,21.0,1,1
1660,13,0.0,1,1
1660,14,69.0,1,1
1660,15,112.0,1,1
1660,16,6.0,1,1
1660,17,110.0,1,1
1660,18,161.0,1,1
1660,19,45.0,1,1
1660,20,34.0,1,1
1660,21,41.0,1,1
1660,22,18.0,1,1
1660,23,58.0,1,1
1660,24,1.0,1,1
1660,25,15.0,1,1
1660,26,32.0,1,1
1660,27,0.0,1,1
1660,28,58.0,1,1
1660,29,29.0,1,1
1660,30,31.0,1,1
1660,31,9.0,1,1
1660,32,16.0,1,1
1660,33,25.0,1,1
1661,0,194.0,1,1
1661,1,169.0,1,1
1661,2,74.0,1,1
1661,3,21.0,1,1
1661,4,22.0,1,1
1661,5,96.0,1,1
1661,6,0.0,1,1
1661,7,88.0,1,1
1661,8,16.0,1,1
1661,9,0.0,1,1
1661,10,13.0,1,1
1661,11,55.0,1,1
1661,12,20.0,1,1
1661,13,2.0,1,1
1661,14,50.0,1,1
1661,15,113.0,1,1
1661,16,4.0,1,1
1661,17,120.0,1,1
1661,18,131.0,1,1
1661,19,34.0,1,1
1661,20,34.0,1,1
1661,21,105.0,1,1
1661,22,16.0,1,1
1661,23,59.0,1,1
1661,24,4.0,1,1
1661,25,15.0,1,1
1661,26,25.0,1,1
1661,27,0.0,1,1
1661,28,43.0,1,1
1661,29,34.0,1,1
1661,30,33.0,1,1
1661,31,11.0,1,1
1661,32,17.0,1,1
1661,33,26.0,1,1
1662,0,138.0,1,1
1662,1,111.0,1,1
1662,2,75.0,1,1
1662,3,28.0,1,1
1662,4,27.0,1,1
1662,5,78.0,1,1
1662,6,0.0,1,1
1662,7,100.0,1,1
1662,8,18.0,1,1
1662,9,0.0,1,1
1662,10,8.0,1,1
1662,11,61.0,1,1
1662,12,34.0,1,1
1662,13,0.0,1,1
1662,14,59.0,1,1
1662,15,86.0,1,1
1662,16,2.0,1,1
1662,17,145.0,1,1
1662,18,144.0,1,1
1662,19,40.0,1,1
1662,20,43.0,1,1
1662,21,116.0,1,1
1662,22,12.0,1,1
1662,23,63.0,1,1
1662,24,2.0,1,1
1662,25,16.0,1,1
1662,26,40.0,1,1
1662,27,0.0,1,1
1662,28,30.0,1,1
1662,29,34.0,1,1
1662,30,27.0,1,1
1662,31,8.0,1,1
1662,32,23.0,1,1
1662,33,26.0,1,1
1663,0,134.0,1,1
1663,1,161.0,1,1
1663,2,71.0,1,1
1663,3,30.0,1,1
1663,4,24.0,1,1
1663,5,98.0,1,1
1663,6,0.0,1,1
1663,7,90.0,1,1
1663,8,12.0,1,1
1663,9,0.0,1,1
1663,10,12.0,1,1
1663,11,72.0,1,1
1663,12,25.0,1,1
1663,13,1.0,1,1
1663,14,40.0,1,1
1663,15,124.0,1,1
1663,16,1.0,1,1
1663,17,147.0,1,1
1663,18,135.0,1,1
1663,19,39.0,1,1
1663,20,32.0,1,1
1663,21,55.0,1,1
1663,22,18.0,1,1
1663,23,63.0,1,1
1663,24,2.0,1,1
1663,25,16.0,1,1
1663,26,45.0,1,1
1663,27,0.0,1,1
1663,28,40.0,1,1
1663,29,38.0,1,1
1663,30,30.0,1,1
1663,31,9.0,1,1
1663,32,24.0,1,1
1663,33,21.0,1,1
1664,0,168.0,1,1
1664,1,170.0,1,1
1664,2,88.0,1,1
1664,3,26.0,1,1
1664,4,23.0,1,1
1664,5,118.0,1,1
1664,6,0.0,1,1
1664,7,110.0,1,1
1664,8,19.0,1,1
1664,9,0.0,1,1
1664,10,17.0,1,1
1664,11,71.0,1,1
1664,12,22.0,1,1
1664,13,0.0,1,1
1664,14,48.0,1,1
1664,15,132.0,1,1
1664,16,6.0,1,1
1664,17,159.0,1,1
1664,18,142.0,1,1
1664,19,30.0,1,1
1664,20,56.0,1,1
1664,21,52.0,1,1
1664,22,28.0,1,1
1664,23,52.0,1,1
1664,24,4.0,1,1
1664,25,16.0,1,1
1664,26,31.0,1,1
1664,27,0.0,1,1
1664,28,43.0,1,1
1664,29,34.0,1,1
1664,30,36.0,1,1
1664,31,9.0,1,1
1664,32,19.0,1,1
1664,33,31.0,1,1
1665,0,152.0,1,1
1665,1,172.0,1,1
1665,2,76.0,1,1
1665,3,37.0,1,1
1665,4,16.0,1,1
1665,5,101.0,1,1
1665,6,0.0,1,1
1665,7,100.0,1,1
1665,8,15.0,1,1
1665,9,0.0,1,1
1665,10,15.0,1,1
1665,11,59.0,1,1
1665,12,9.0,1,1
1665,13,0.0,1,1
1665,14,34.0,1,1
1665,15,28.0,1,1
1665,16,10.0,1,1
1665,17,138.0,1,1
1665,18,153.0,1,1
1665,19,48.0,1,1
1665,20,59.0,1,1
1665,21,64.0,1,1
1665,22,22.0,1,1
1665,23,69.0,1,1
1665,24,6.0,1,1
1665,25,21.0,1,1
1665,26,31.0,1,1
1665,27,0.0,1,1
1665,28,50.0,1,1
1665,29,18.0,1,1
1665,30,35.0,1,1
1665,31,5.0,1,1
1665,32,12.0,1,1
1665,33,31.0,1,1
1666,0,166.0,1,1
1666,1,159.0,1,1
1666,2,106.0,1,1
1666,3,27.0,1,1
1666,4,23.0,1,1
1666,5,77.0,1,1
1666,6,0.0,1,1
1666,7,104.0,1,1
1666,8,12.0,1,1
1666,9,0.0,1,1
1666,10,12.0,1,1
1666,11,73.0,1,1
1666,12,23.0,1,1
1666,13,0.0,1,1
1666,14,31.0,1,1
1666,15,24.0,1,1
1666,16,14.0,1,1
1666,17,135.0,1,1
1666,18,180.0,1,1
1666,19,57.0,1,1
1666,20,53.0,1,1
1666,21,63.0,1,1
1666,22,16.0,1,1
1666,23,61.0,1,1
1666,24,6.0,1,1
1666,25,28.0,1,1
1666,26,33.0,1,1
1666,27,0.0,1,1
1666,28,39.0,1,1
1666,29,29.0,1,1
1666,30,27.0,1,1
1666,31,6.0,1,1
1666,32,21.0,1,1
1666,33,18.0,1,1
1667,0,134.0,1,1
1667,1,159.0,1,1
1667,2,76.0,1,1
1667,3,34.0,1,1
1667,4,35.0,1,1
1667,5,98.0,1,1
1667,6,0.0,1,1
1667,7,108.0,1,1
1667,8,13.0,1,1
1667,9,0.0,1,1
1667,10,19.0,1,1
1667,11,79.0,1,1
1667,12,45.0,1,1
1667,13,2.0,1,1
1667,14,31.0,1,1
1667,15,16.0,1,1
1667,16,4.0,1,1
1667,17,143.0,1,1
1667,18,162.0,1,1
1667,19,38.0,1,1
1667,20,46.0,1,1
1667,21,59.0,1,1
1667,22,19.0,1,1
1667,23,72.0,1,1
1667,24,2.0,1,1
1667,25,16.0,1,1
1667,26,38.0,1,1
1667,27,0.0,1,1
1667,28,44.0,1,1
1667,29,41.0,1,1
1667,30,23.0,1,1
1667,31,12.0,1,1
1667,32,19.0,1,1
1667,33,37.0,1,1
1668,0,160.0,1,1
1668,1,134.0,1,1
1668,2,90.0,1,1
1668,3,47.0,1,1
1668,4,20.0,1,1
1668,5,117.0,1,1
1668,6,0.0,1,1
1668,7,138.0,1,1
1668,8,17.0,1,1
1668,9,0.0,1,1
1668,10,21.0,1,1
1668,11,87.0,1,1
1668,12,21.0,1,1
1668,13,0.0,1,1
1668,14,52.0,1,1
1668,15,13.0,1,1
1668,16,6.0,1,1
1668,17,163.0,1,1
1668,18,211.0,1,1
1668,19,37.0,1,1
1668,20,44.0,1,1
1668,21,97.0,1,1
1668,22,18.0,1,1
1668,23,74.0,1,1
1668,24,2.0,1,1
1668,25,24.0,1,1
1668,26,42.0,1,1
1668,27,0.0,1,1
1668,28,61.0,1,1
1668,29,41.0,1,1
1668,30,32.0,1,1
1668,31,3.0,1,1
1668,32,24.0,1,1
1668,33,37.0,1,1
1669,0,149.0,1,1
1669,1,159.0,1,1
1669,2,103.0,1,1
1669,3,36.0,1,1
1669,4,24.0,1,1
1669,5,110.0,1,1
1669,6,0.0,1,1
1669,7,127.0,1,1
1669,8,25.0,1,1
1669,9,0.0,1,1
1669,10,17.0,1,1
1669,11,87.0,1,1
1669,12,32.0,1,1
1669,13,0.0,1,1
1669,14,38.0,1,1
1669,15,15.0,1,1
1669,16,6.0,1,1
1669,17,141.0,1,1
1669,18,192.0,1,1
1669,19,31.0,1,1
1669,20,43.0,1,1
1669,21,121.0,1,1
1669,22,21.0,1,1
1669,23,60.0,1,1
1669,24,5.0,1,1
1669,25,23.0,1,1
1669,26,41.0,1,1
1669,27,0.0,1,1
1669,28,61.0,1,1
1669,29,33.0,1,1
1669,30,28.0,1,1
1669,31,5.0,1,1
1669,32,38.0,1,1
1669,33,35.0,1,1
1670,0,135.0,1,1
1670,1,164.0,1,1
1670,2,93.0,1,1
1670,3,26.0,1,1
1670,4,21.0,1,1
1670,5,88.0,1,1
1670,6,0.0,1,1
1670,7,107.0,1,1
1670,8,14.0,1,1
1670,9,0.0,1,1
1670,10,15.0,1,1
1670,11,76.0,1,1
1670,12,34.0,1,1
1670,13,3.0,1,1
1670,14,30.0,1,1
1670,15,11.0,1,1
1670,16,6.0,1,1
1670,17,141.0,1,1
1670,18,176.0,1,1
1670,19,44.0,1,1
1670,20,47.0,1,1
1670,21,83.0,1,1
1670,22,16.0,1,1
1670,23,62.0,1,1
1670,24,5.0,1,1
1670,25,19.0,1,1
1670,26,31.0,1,1
1670,27,0.0,1,1
1670,28,43.0,1,1
1670,29,41.0,1,1
1670,30,32.0,1,1
1670,31,5.0,1,1
1670,32,20.0,1,1
1670,33,38.0,1,1
1671,0,177.0,1,1
1671,1,137.0,1,1
1671,2,96.0,1,1
1671,3,42.0,1,1
1671,4,26.0,1,1
1671,5,93.0,1,1
1671,6,0.0,1,1
1671,7,138.0,1,1
1671,8,12.0,1,1
1671,9,0.0,1,1
1671,10,21.0,1,1
1671,11,82.0,1,1
1671,12,25.0,1,1
1671,13,0.0,1,1
1671,14,31.0,1,1
1671,15,13.0,1,1
1671,16,5.0,1,1
1671,17,138.0,1,1
1671,18,200.0,1,1
1671,19,29.0,1,1
1671,20,36.0,1,1
1671,21,92.0,1,1
1671,22,18.0,1,1
1671,23,56.0,1,1
1671,24,6.0,1,1
1671,25,15.0,1,1
1671,26,25.0,1,1
1671,27,0.0,1,1
1671,28,42.0,1,1
1671,29,33.0,1,1
1671,30,34.0,1,1
1671,31,9.0,1,1
1671,32,18.0,1,1
1671,33,34.0,1,1
1672,0,166.0,1,1
1672,1,145.0,1,1
1672,2,66.0,1,1
1672,3,30.0,1,1
1672,4,25.0,1,1
1672,5,105.0,1,1
1672,6,0.0,1,1
1672,7,116.0,1,1
1672,8,14.0,1,1
1672,9,0.0,1,1
1672,10,17.0,1,1
1672,11,74.0,1,1
1672,12,28.0,1,1
1672,13,2.0,1,1
1672,14,33.0,1,1
1672,15,19.0,1,1
1672,16,5.0,1,1
1672,17,126.0,1,1
1672,18,164.0,1,1
1672,19,44.0,1,1
1672,20,42.0,1,1
1672,21,62.0,1,1
1672,22,16.0,1,1
1672,23,61.0,1,1
1672,24,8.0,1,1
1672,25,21.0,1,1
1672,26,37.0,1,1
1672,27,0.0,1,1
1672,28,41.0,1,1
1672,29,26.0,1,1
1672,30,37.0,1,1
1672,31,4.0,1,1
1672,32,29.0,1,1
1672,33,25.0,1,1
1673,0,155.0,1,1
1673,1,141.0,1,1
1673,2,85.0,1,1
1673,3,128.0,1,1
1673,4,33.0,1,1
1673,5,95.0,1,1
1673,6,0.0,1,1
1673,7,127.0,1,1
1673,8,14.0,1,1
1673,9,0.0,1,1
1673,10,19.0,1,1
1673,11,81.0,1,1
1673,12,36.0,1,1
1673,13,3.0,1,1
1673,14,49.0,1,1
1673,15,16.0,1,1
1673,16,7.0,1,1
1673,17,154.0,1,1
1673,18,177.0,1,1
1673,19,52.0,1,1
1673,20,49.0,1,1
1673,21,77.0,1,1
1673,22,13.0,1,1
1673,23,70.0,1,1
1673,24,3.0,1,1
1673,25,11.0,1,1
1673,26,37.0,1,1
1673,27,0.0,1,1
1673,28,41.0,1,1
1673,29,23.0,1,1
1673,30,35.0,1,1
1673,31,7.0,1,1
1673,32,23.0,1,1
1673,33,30.0,1,1
1674,0,154.0,1,1
1674,1,134.0,1,1
1674,2,66.0,1,1
1674,3,34.0,1,1
1674,4,27.0,1,1
1674,5,110.0,1,1
1674,6,0.0,1,1
1674,7,119.0,1,1
1674,8,18.0,1,1
1674,9,0.0,1,1
1674,10,16.0,1,1
1674,11,78.0,1,1
1674,12,75.0,1,1
1674,13,0.0,1,1
1674,14,95.0,1,1
1674,15,77.0,1,1
1674,16,5.0,1,1
1674,17,160.0,1,1
1674,18,167.0,1,1
1674,19,38.0,1,1
1674,20,38.0,1,1
1674,21,116.0,1,1
1674,22,15.0,1,1
1674,23,88.0,1,1
1674,24,4.0,1,1
1674,25,23.0,1,1
1674,26,47.0,1,1
1674,27,0.0,1,1
1674,28,45.0,1,1
1674,29,36.0,1,1
1674,30,34.0,1,1
1674,31,8.0,1,1
1674,32,24.0,1,1
1674,33,28.0,1,1
1675,0,124.0,1,1
1675,1,148.0,1,1
1675,2,82.0,1,1
1675,3,56.0,1,1
1675,4,20.0,1,1
1675,5,83.0,1,1
1675,6,0.0,1,1
1675,7,115.0,1,1
1675,8,16.0,1,1
1675,9,0.0,1,1
1675,10,15.0,1,1
1675,11,73.0,1,1
1675,12,23.0,1,1
1675,13,2.0,1,1
1675,14,44.0,1,1
1675,15,114.0,1,1
1675,16,6.0,1,1
1675,17,168.0,1,1
1675,18,199.0,1,1
1675,19,37.0,1,1
1675,20,48.0,1,1
1675,21,126.0,1,1
1675,22,11.0,1,1
1675,23,72.0,1,1
1675,24,3.0,1,1
1675,25,21.0,1,1
1675,26,38.0,1,1
1675,27,0.0,1,1
1675,28,37.0,1,1
1675,29,32.0,1,1
1675,30,41.0,1,1
1675,31,5.0,1,1
1675,32,28.0,1,1
1675,33,27.0,1,1
1676,0,147.0,1,1
1676,1,155.0,1,1
1676,2,95.0,1,1
1676,3,38.0,1,1
1676,4,27.0,1,1
1676,5,119.0,1,1
1676,6,0.0,1,1
1676,7,125.0,1,1
1676,8,15.0,1,1
1676,9,0.0,1,1
1676,10,16.0,1,1
1676,11,84.0,1,1
1676,12,23.0,1,1
1676,13,2.0,1,1
1676,14,62.0,1,1
1676,15,137.0,1,1
1676,16,14.0,1,1
1676,17,167.0,1,1
1676,18,154.0,1,1
1676,19,46.0,1,1
1676,20,41.0,1,1
1676,21,56.0,1,1
1676,22,17.0,1,1
1676,23,79.0,1,1
1676,24,5.0,1,1
1676,25,20.0,1,1
1676,26,42.0,1,1
1676,27,0.0,1,1
1676,28,37.0,1,1
1676,29,29.0,1,1
1676,30,36.0,1,1
1676,31,9.0,1,1
1676,32,26.0,1,1
1676,33,20.0,1,1
1677,0,155.0,1,1
1677,1,164.0,1,1
1677,2,93.0,1,1
1677,3,32.0,1,1
1677,4,39.0,1,1
1677,5,103.0,1,1
1677,6,0.0,1,1
1677,7,147.0,1,1
1677,8,21.0,1,1
1677,9,0.0,1,1
1677,10,10.0,1,1
1677,11,106.0,1,1
1677,12,26.0,1,1
1677,13,3.0,1,1
1677,14,30.0,1,1
1677,15,141.0,1,1
1677,16,4.0,1,1
1677,17,152.0,1,1
1677,18,173.0,1,1
1677,19,60.0,1,1
1677,20,48.0,1,1
1677,21,74.0,1,1
1677,22,15.0,1,1
1677,23,63.0,1,1
1677,24,3.0,1,1
1677,25,23.0,1,1
1677,26,38.0,1,1
1677,27,0.0,1,1
1677,28,39.0,1,1
1677,29,36.0,1,1
1677,30,46.0,1,1
1677,31,6.0,1,1
1677,32,29.0,1,1
1677,33,36.0,1,1
1678,0,141.0,1,1
1678,1,132.0,1,1
1678,2,88.0,1,1
1678,3,34.0,1,1
1678,4,27.0,1,1
1678,5,105.0,1,1
1678,6,0.0,1,1
1678,7,140.0,1,1
1678,8,23.0,1,1
1678,9,0.0,1,1
1678,10,18.0,1,1
1678,11,81.0,1,1
1678,12,49.0,1,1
1678,13,0.0,1,1
1678,14,38.0,1,1
1678,15,116.0,1,1
1678,16,10.0,1,1
1678,17,174.0,1,1
1678,18,186.0,1,1
1678,19,38.0,1,1
1678,20,47.0,1,1
1678,21,63.0,1,1
1678,22,16.0,1,1
1678,23,76.0,1,1
1678,24,6.0,1,1
1678,25,23.0,1,1
1678,26,43.0,1,1
1678,27,0.0,1,1
1678,28,45.0,1,1
1678,29,33.0,1,1
1678,30,34.0,1,1
1678,31,6.0,1,1
1678,32,30.0,1,1
1678,33,26.0,1,1
1679,0,181.0,1,1
1679,1,158.0,1,1
1679,2,84.0,1,1
1679,3,26.0,1,1
1679,4,30.0,1,1
1679,5,114.0,1,1
1679,6,0.0,1,1
1679,7,143.0,1,1
1679,8,14.0,1,1
1679,9,0.0,1,1
1679,10,30.0,1,1
1679,11,112.0,1,1
1679,12,36.0,1,1
1679,13,0.0,1,1
1679,14,53.0,1,1
1679,15,160.0,1,1
1679,16,8.0,1,1
1679,17,184.0,1,1
1679,18,170.0,1,1
1679,19,40.0,1,1
1679,20,68.0,1,1
1679,21,80.0,1,1
1679,22,21.0,1,1
1679,23,69.0,1,1
1679,24,3.0,1,1
1679,25,21.0,1,1
1679,26,44.0,1,1
1679,27,0.0,1,1
1679,28,44.0,1,1
1679,29,34.0,1,1
1679,30,40.0,1,1
1679,31,4.0,1,1
1679,32,16.0,1,1
1679,33,26.0,1,1
1680,0,168.0,1,1
1680,1,162.0,1,1
1680,2,74.0,1,1
1680,3,37.0,1,1
1680,4,24.0,1,1
1680,5,120.0,1,1
1680,6,0.0,1,1
1680,7,143.0,1,1
1680,8,26.0,1,1
1680,9,0.0,1,1
1680,10,19.0,1,1
1680,11,96.0,1,1
1680,12,16.0,1,1
1680,13,2.0,1,1
1680,14,54.0,1,1
1680,15,133.0,1,1
1680,16,5.0,1,1
1680,17,178.0,1,1
1680,18,155.0,1,1
1680,19,43.0,1,1
1680,20,45.0,1,1
1680,21,66.0,1,1
1680,22,21.0,1,1
1680,23,74.0,1,1
1680,24,7.0,1,1
1680,25,17.0,1,1
1680,26,40.0,1,1
1680,27,0.0,1,1
1680,28,35.0,1,1
1680,29,35.0,1,1
1680,30,44.0,1,1
1680,31,4.0,1,1
1680,32,27.0,1,1
1680,33,30.0,1,1
1681,0,175.0,1,1
1681,1,143.0,1,1
1681,2,78.0,1,1
1681,3,36.0,1,1
1681,4,21.0,1,1
1681,5,95.0,1,1
1681,6,0.0,1,1
1681,7,119.0,1,1
1681,8,22.0,1,1
1681,9,0.0,1,1
1681,10,11.0,1,1
1681,11,110.0,1,1
1681,12,30.0,1,1
1681,13,3.0,1,1
1681,14,73.0,1,1
1681,15,155.0,1,1
1681,16,7.0,1,1
1681,17,154.0,1,1
1681,18,146.0,1,1
1681,19,40.0,1,1
1681,20,35.0,1,1
1681,21,56.0,1,1
1681,22,16.0,1,1
1681,23,71.0,1,1
1681,24,6.0,1,1
1681,25,15.0,1,1
1681,26,38.0,1,1
1681,27,0.0,1,1
1681,28,49.0,1,1
1681,29,30.0,1,1
1681,30,29.0,1,1
1681,31,7.0,1,1
1681,32,29.0,1,1
1681,33,31.0,1,1
1682,0,156.0,1,1
1682,1,112.0,1,1
1682,2,110.0,1,1
1682,3,34.0,1,1
1682,4,32.0,1,1
1682,5,90.0,1,1
1682,6,0.0,1,1
1682,7,119.0,1,1
1682,8,32.0,1,1
1682,9,0.0,1,1
1682,10,26.0,1,1
1682,11,66.0,1,1
1682,12,37.0,1,1
1682,13,0.0,1,1
1682,14,54.0,1,1
1682,15,156.0,1,1
1682,16,3.0,1,1
1682,17,168.0,1,1
1682,18,171.0,1,1
1682,19,40.0,1,1
1682,20,45.0,1,1
1682,21,117.0,1,1
1682,22,23.0,1,1
1682,23,64.0,1,1
1682,24,8.0,1,1
1682,25,12.0,1,1
1682,26,29.0,1,1
1682,27,0.0,1,1
1682,28,52.0,1,1
1682,29,35.0,1,1
1682,30,36.0,1,1
1682,31,4.0,1,1
1682,32,24.0,1,1
1682,33,27.0,1,1
1683,0,158.0,1,1
1683,1,121.0,1,1
1683,2,98.0,1,1
1683,3,51.0,1,1
1683,4,27.0,1,1
1683,5,108.0,1,1
1683,6,0.0,1,1
1683,7,124.0,1,1
1683,8,21.0,1,1
1683,9,0.0,1,1
1683,10,14.0,1,1
1683,11,87.0,1,1
1683,12,58.0,1,1
1683,13,0.0,1,1
1683,14,32.0,1,1
1683,15,165.0,1,1
1683,16,3.0,1,1
1683,17,148.0,1,1
1683,18,191.0,1,1
1683,19,46.0,1,1
1683,20,45.0,1,1
1683,21,55.0,1,1
1683,22,19.0,1,1
1683,23,60.0,1,1
1683,24,3.0,1,1
1683,25,28.0,1,1
1683,26,33.0,1,1
1683,27,0.0,1,1
1683,28,36.0,1,1
1683,29,39.0,1,1
1683,30,23.0,1,1
1683,31,7.0,1,1
1683,32,24.0,1,1
1683,33,29.0,1,1
1684,0,135.0,1,1
1684,1,146.0,1,1
1684,2,82.0,1,1
1684,3,42.0,1,1
1684,4,19.0,1,1
1684,5,124.0,1,1
1684,6,0.0,1,1
1684,7,112.0,1,1
1684,8,18.0,1,1
1684,9,0.0,1,1
1684,10,19.0,1,1
1684,11,72.0,1,1
1684,12,26.0,1,1
1684,13,0.0,1,1
1684,14,58.0,1,1
1684,15,187.0,1,1
1684,16,4.0,1,1
1684,17,153.0,1,1
1684,18,177.0,1,1
1684,19,57.0,1,1
1684,20,38.0,1,1
1684,21,57.0,1,1
1684,22,18.0,1,1
1684,23,53.0,1,1
1684,24,4.0,1,1
1684,25,21.0,1,1
1684,26,28.0,1,1
1684,27,0.0,1,1
1684,28,51.0,1,1
1684,29,35.0,1,1
1684,30,22.0,1,1
1684,31,9.0,1,1
1684,32,26.0,1,1
1684,33,31.0,1,1
1685,0,148.0,1,1
1685,1,138.0,1,1
1685,2,107.0,1,1
1685,3,35.0,1,1
1685,4,23.0,1,1
1685,5,114.0,1,1
1685,6,0.0,1,1
1685,7,141.0,1,1
1685,8,25.0,1,1
1685,9,0.0,1,1
1685,10,19.0,1,1
1685,11,93.0,1,1
1685,12,24.0,1,1
1685,13,0.0,1,1
1685,14,69.0,1,1
1685,15,190.0,1,1
1685,16,2.0,1,1
1685,17,148.0,1,1
1685,18,158.0,1,1
1685,19,46.0,1,1
1685,20,44.0,1,1
1685,21,107.0,1,1
1685,22,14.0,1,1
1685,23,70.0,1,1
1685,24,3.0,1,1
1685,25,20.0,1,1
1685,26,32.0,1,1
1685,27,0.0,1,1
1685,28,54.0,1,1
1685,29,28.0,1,1
1685,30,39.0,1,1
1685,31,5.0,1,1
1685,32,20.0,1,1
1685,33,29.0,1,1
1686,0,167.0,1,1
1686,1,140.0,1,1
1686,2,108.0,1,1
1686,3,37.0,1,1
1686,4,34.0,1,1
1686,5,107.0,1,1
1686,6,0.0,1,1
1686,7,130.0,1,1
1686,8,25.0,1,1
1686,9,0.0,1,1
1686,10,19.0,1,1
1686,11,79.0,1,1
1686,12,37.0,1,1
1686,13,3.0,1,1
1686,14,48.0,1,1
1686,15,153.0,1,1
1686,16,2.0,1,1
1686,17,204.0,1,1
1686,18,174.0,1,1
1686,19,67.0,1,1
1686,20,47.0,1,1
1686,21,71.0,1,1
1686,22,23.0,1,1
1686,23,90.0,1,1
1686,24,6.0,1,1
1686,25,22.0,1,1
1686,26,61.0,1,1
1686,27,0.0,1,1
1686,28,34.0,1,1
1686,29,31.0,1,1
1686,30,47.0,1,1
1686,31,9.0,1,1
1686,32,27.0,1,1
1686,33,41.0,1,1
1687,0,147.0,1,1
1687,1,124.0,1,1
1687,2,105.0,1,1
1687,3,28.0,1,1
1687,4,25.0,1,1
1687,5,103.0,1,1
1687,6,0.0,1,1
1687,7,110.0,1,1
1687,8,25.0,1,1
1687,9,0.0,1,1
1687,10,20.0,1,1
1687,11,82.0,1,1
1687,12,35.0,1,1
1687,13,0.0,1,1
1687,14,53.0,1,1
1687,15,174.0,1,1
1687,16,4.0,1,1
1687,17,202.0,1,1
1687,18,174.0,1,1
1687,19,37.0,1,1
1687,20,44.0,1,1
1687,21,60.0,1,1
1687,22,23.0,1,1
1687,23,64.0,1,1
1687,24,9.0,1,1
1687,25,19.0,1,1
1687,26,33.0,1,1
1687,27,0.0,1,1
1687,28,41.0,1,1
1687,29,28.0,1,1
1687,30,34.0,1,1
1687,31,9.0,1,1
1687,32,31.0,1,1
1687,33,31.0,1,1
1688,0,194.0,1,1
1688,1,141.0,1,1
1688,2,99.0,1,1
1688,3,34.0,1,1
1688,4,35.0,1,1
1688,5,112.0,1,1
1688,6,0.0,1,1
1688,7,106.0,1,1
1688,8,25.0,1,1
1688,9,0.0,1,1
1688,10,16.0,1,1
1688,11,84.0,1,1
1688,12,25.0,1,1
1688,13,3.0,1,1
1688,14,44.0,1,1
1688,15,152.0,1,1
1688,16,5.0,1,1
1688,17,177.0,1,1
1688,18,167.0,1,1
1688,19,42.0,1,1
1688,20,44.0,1,1
1688,21,87.0,1,1
1688,22,20.0,1,1
1688,23,61.0,1,1
1688,24,4.0,1,1
1688,25,20.0,1,1
1688,26,44.0,1,1
1688,27,0.0,1,1
1688,28,55.0,1,1
1688,29,32.0,1,1
1688,30,30.0,1,1
1688,31,10.0,1,1
1688,32,17.0,1,1
1688,33,25.0,1,1
1689,0,163.0,1,1
1689,1,118.0,1,1
1689,2,120.0,1,1
1689,3,52.0,1,1
1689,4,37.0,1,1
1689,5,89.0,1,1
1689,6,0.0,1,1
1689,7,113.0,1,1
1689,8,22.0,1,1
1689,9,0.0,1,1
1689,10,12.0,1,1
1689,11,71.0,1,1
1689,12,32.0,1,1
1689,13,0.0,1,1
1689,14,59.0,1,1
1689,15,141.0,1,1
1689,16,8.0,1,1
1689,17,154.0,1,1
1689,18,184.0,1,1
1689,19,46.0,1,1
1689,20,51.0,1,1
1689,21,76.0,1,1
1689,22,33.0,1,1
1689,23,66.0,1,1
1689,24,5.0,1,1
1689,25,18.0,1,1
1689,26,33.0,1,1
1689,27,0.0,1,1
1689,28,43.0,1,1
1689,29,36.0,1,1
1689,30,37.0,1,1
1689,31,14.0,1,1
1689,32,15.0,1,1
1689,33,27.0,1,1
1690,0,165.0,1,1
1690,1,136.0,1,1
1690,2,86.0,1,1
1690,3,45.0,1,1
1690,4,19.0,1,1
1690,5,84.0,1,1
1690,6,0.0,1,1
1690,7,120.0,1,1
1690,8,24.0,1,1
1690,9,0.0,1,1
1690,10,16.0,1,1
1690,11,85.0,1,1
1690,12,31.0,1,1
1690,13,0.0,1,1
1690,14,53.0,1,1
1690,15,167.0,1,1
1690,16,8.0,1,1
1690,17,163.0,1,1
1690,18,194.0,1,1
1690,19,47.0,1,1
1690,20,55.0,1,1
1690,21,82.0,1,1
1690,22,24.0,1,1
1690,23,69.0,1,1
1690,24,9.0,1,1
1690,25,19.0,1,1
1690,26,37.0,1,1
1690,27,0.0,1,1
1690,28,45.0,1,1
1690,29,38.0,1,1
1690,30,38.0,1,1
1690,31,11.0,1,1
1690,32,34.0,1,1
1690,33,19.0,1,1
1691,0,162.0,1,1
1691,1,154.0,1,1
1691,2,86.0,1,1
1691,3,62.0,1,1
1691,4,25.0,1,1
1691,5,114.0,1,1
1691,6,0.0,1,1
1691,7,127.0,1,1
1691,8,24.0,1,1
1691,9,0.0,1,1
1691,10,19.0,1,1
1691,11,89.0,1,1
1691,12,36.0,1,1
1691,13,0.0,1,1
1691,14,55.0,1,1
1691,15,94.0,1,1
1691,16,10.0,1,1
1691,17,150.0,1,1
1691,18,179.0,1,1
1691,19,59.0,1,1
1691,20,46.0,1,1
1691,21,62.0,1,1
1691,22,16.0,1,1
1691,23,72.0,1,1
1691,24,1.0,1,1
1691,25,24.0,1,1
1691,26,26.0,1,1
1691,27,0.0,1,1
1691,28,57.0,1,1
1691,29,20.0,1,1
1691,30,28.0,1,1
1691,31,8.0,1,1
1691,32,32.0,1,1
1691,33,18.0,1,1
1692,0,169.0,1,1
1692,1,148.0,1,1
1692,2,92.0,1,1
1692,3,44.0,1,1
1692,4,26.0,1,1
1692,5,98.0,1,1
1692,6,0.0,1,1
1692,7,118.0,1,1
1692,8,21.0,1,1
1692,9,0.0,1,1
1692,10,23.0,1,1
1692,11,74.0,1,1
1692,12,28.0,1,1
1692,13,2.0,1,1
1692,14,48.0,1,1
1692,15,127.0,1,1
1692,16,4.0,1,1
1692,17,165.0,1,1
1692,18,164.0,1,1
1692,19,50.0,1,1
1692,20,45.0,1,1
1692,21,68.0,1,1
1692,22,14.0,1,1
1692,23,63.0,1,1
1692,24,5.0,1,1
1692,25,14.0,1,1
1692,26,33.0,1,1
1692,27,0.0,1,1
1692,28,44.0,1,1
1692,29,19.0,1,1
1692,30,28.0,1,1
1692,31,11.0,1,1
1692,32,23.0,1,1
1692,33,18.0,1,1
1693,0,186.0,1,1
1693,1,150.0,1,1
1693,2,76.0,1,1
1693,3,42.0,1,1
1693,4,29.0,1,1
1693,5,109.0,1,1
1693,6,0.0,1,1
1693,7,112.0,1,1
1693,8,29.0,1,1
1693,9,0.0,1,1
1693,10,22.0,1,1
1693,11,75.0,1,1
1693,12,38.0,1,1
1693,13,0.0,1,1
1693,14,84.0,1,1
1693,15,118.0,1,1
1693,16,4.0,1,1
1693,17,190.0,1,1
1693,18,177.0,1,1
1693,19,60.0,1,1
1693,20,47.0,1,1
1693,21,79.0,1,1
1693,22,15.0,1,1
1693,23,80.0,1,1
1693,24,5.0,1,1
1693,25,16.0,1,1
1693,26,42.0,1,1
1693,27,0.0,1,1
1693,28,50.0,1,1
1693,29,19.0,1,1
1693,30,27.0,1,1
1693,31,9.0,1,1
1693,32,28.0,1,1
1693,33,26.0,1,1
1694,0,189.0,1,1
1694,1,147.0,1,1
1694,2,95.0,1,1
1694,3,31.0,1,1
1694,4,37.0,1,1
1694,5,110.0,1,1
1694,6,0.0,1,1
1694,7,131.0,1,1
1694,8,22.0,1,1
1694,9,0.0,1,1
1694,10,22.0,1,1
1694,11,70.0,1,1
1694,12,27.0,1,1
1694,13,1.0,1,1
1694,14,41.0,1,1
1694,15,160.0,1,1
1694,16,5.0,1,1
1694,17,177.0,1,1
1694,18,129.0,1,1
1694,19,50.0,1,1
1694,20,57.0,1,1
1694,21,55.0,1,1
1694,22,26.0,1,1
1694,23,89.0,1,1
1694,24,3.0,1,1
1694,25,20.0,1,1
1694,26,41.0,1,1
1694,27,0.0,1,1
1694,28,30.0,1,1
1694,29,15.0,1,1
1694,30,36.0,1,1
1694,31,9.0,1,1
1694,32,26.0,1,1
1694,33,16.0,1,1
1695,0,193.0,1,1
1695,1,137.0,1,1
1695,2,85.0,1,1
1695,3,104.0,1,1
1695,4,32.0,1,1
1695,5,118.0,1,1
1695,6,0.0,1,1
1695,7,125.0,1,1
1695,8,27.0,1,1
1695,9,0.0,1,1
1695,10,13.0,1,1
1695,11,80.0,1,1
1695,12,42.0,1,1
1695,13,0.0,1,1
1695,14,48.0,1,1
1695,15,150.0,1,1
1695,16,5.0,1,1
1695,17,183.0,1,1
1695,18,180.0,1,1
1695,19,40.0,1,1
1695,20,46.0,1,1
1695,21,51.0,1,1
1695,22,12.0,1,1
1695,23,62.0,1,1
1695,24,9.0,1,1
1695,25,16.0,1,1
1695,26,31.0,1,1
1695,27,0.0,1,1
1695,28,20.0,1,1
1695,29,27.0,1,1
1695,30,25.0,1,1
1695,31,2.0,1,1
1695,32,21.0,1,1
1695,33,19.0,1,1
1696,0,237.0,1,1
1696,1,143.0,1,1
1696,2,105.0,1,1
1696,3,40.0,1,1
1696,4,31.0,1,1
1696,5,119.0,1,1
1696,6,0.0,1,1
1696,7,122.0,1,1
1696,8,26.0,1,1
1696,9,0.0,1,1
1696,10,21.0,1,1
1696,11,68.0,1,1
1696,12,32.0,1,1
1696,13,0.0,1,1
1696,14,54.0,1,1
1696,15,154.0,1,1
1696,16,3.0,1,1
1696,17,183.0,1,1
1696,18,141.0,1,1
1696,19,52.0,1,1
1696,20,37.0,1,1
1696,21,45.0,1,1
1696,22,14.0,1,1
1696,23,58.0,1,1
1696,24,6.0,1,1
1696,25,12.0,1,1
1696,26,32.0,1,1
1696,27,0.0,1,1
1696,28,34.0,1,1
1696,29,17.0,1,1
1696,30,27.0,1,1
1696,31,6.0,1,1
1696,32,20.0,1,1
1696,33,24.0,1,1
1697,0,175.0,1,1
1697,1,139.0,1,1
1697,2,95.0,1,1
1697,3,43.0,1,1
1697,4,28.0,1,1
1697,5,101.0,1,1
1697,6,0.0,1,1
1697,7,105.0,1,1
1697,8,22.0,1,1
1697,9,0.0,1,1
1697,10,20.0,1,1
1697,11,59.0,1,1
1697,12,35.0,1,1
1697,13,0.0,1,1
1697,14,45.0,1,1
1697,15,99.0,1,1
1697,16,3.0,1,1
1697,17,153.0,1,1
1697,18,132.0,1,1
1697,19,36.0,1,1
1697,20,35.0,1,1
1697,21,68.0,1,1
1697,22,16.0,1,1
1697,23,53.0,1,1
1697,24,0.0,1,1
1697,25,15.0,1,1
1697,26,22.0,1,1
1697,27,0.0,1,1
1697,28,27.0,1,1
1697,29,13.0,1,1
1697,30,26.0,1,1
1697,31,11.0,1,1
1697,32,26.0,1,1
1697,33,5.0,1,1
1698,0,168.0,1,1
1698,1,129.0,1,1
1698,2,83.0,1,1
1698,3,35.0,1,1
1698,4,29.0,1,1
1698,5,106.0,1,1
1698,6,0.0,1,1
1698,7,105.0,1,1
1698,8,23.0,1,1
1698,9,0.0,1,1
1698,10,16.0,1,1
1698,11,71.0,1,1
1698,12,33.0,1,1
1698,13,3.0,1,1
1698,14,26.0,1,1
1698,15,112.0,1,1
1698,16,5.0,1,1
1698,17,149.0,1,1
1698,18,140.0,1,1
1698,19,50.0,1,1
1698,20,35.0,1,1
1698,21,70.0,1,1
1698,22,17.0,1,1
1698,23,66.0,1,1
1698,24,7.0,1,1
1698,25,17.0,1,1
1698,26,40.0,1,1
1698,27,0.0,1,1
1698,28,28.0,1,1
1698,29,21.0,1,1
1698,30,26.0,1,1
1698,31,7.0,1,1
1698,32,25.0,1,1
1698,33,11.0,1,1
1699,0,167.0,1,1
1699,1,119.0,1,1
1699,2,83.0,1,1
1699,3,44.0,1,1
1699,4,27.0,1,1
1699,5,106.0,1,1
1699,6,0.0,1,1
1699,7,104.0,1,1
1699,8,16.0,1,1
1699,9,0.0,1,1
1699,10,18.0,1,1
1699,11,77.0,1,1
1699,12,30.0,1,1
1699,13,1.0,1,1
1699,14,48.0,1,1
1699,15,90.0,1,1
1699,16,4.0,1,1
1699,17,160.0,1,1
1699,18,153.0,1,1
1699,19,50.0,1,1
1699,20,54.0,1,1
1699,21,54.0,1,1
1699,22,17.0,1,1
1699,23,65.0,1,1
1699,24,5.0,1,1
1699,25,24.0,1,1
1699,26,33.0,1,1
1699,27,0.0,1,1
1699,28,33.0,1,1
1699,29,17.0,1,1
1699,30,25.0,1,1
1699,31,5.0,1,1
1699,32,18.0,1,1
1699,33,18.0,1,1
1700,0,139.0,1,1
1700,1,130.0,1,1
1700,2,91.0,1,1
1700,3,49.0,1,1
1700,4,34.0,1,1
1700,5,89.0,1,1
1700,6,0.0,1,1
1700,7,99.0,1,1
1700,8,12.0,1,1
1700,9,0.0,1,1
1700,10,14.0,1,1
1700,11,64.0,1,1
1700,12,21.0,1,1
1700,13,0.0,1,1
1700,14,45.0,1,1
1700,15,137.0,1,1
1700,16,2.0,1,1
1700,17,127.0,1,1
1700,18,121.0,1,1
1700,19,48.0,1,1
1700,20,32.0,1,1
1700,21,70.0,1,1
1700,22,16.0,1,1
1700,23,51.0,1,1
1700,24,7.0,1,1
1700,25,22.0,1,1
1700,26,24.0,1,1
1700,27,0.0,1,1
1700,28,41.0,1,1
1700,29,23.0,1,1
1700,30,25.0,1,1
1700,31,3.0,1,1
1700,32,23.0,1,1
1700,33,20.0,1,1
1701,0,129.0,1,1
1701,1,137.0,1,1
1701,2,97.0,1,1
1701,3,44.0,1,1
1701,4,31.0,1,1
1701,5,88.0,1,1
1701,6,0.0,1,1
1701,7,107.0,1,1
1701,8,22.0,1,1
1701,9,0.0,1,1
1701,10,17.0,1,1
1701,11,63.0,1,1
1701,12,21.0,1,1
1701,13,0.0,1,1
1701,14,40.0,1,1
1701,15,140.0,1,1
1701,16,2.0,1,1
1701,17,132.0,1,1
1701,18,131.0,1,1
1701,19,41.0,1,1
1701,20,47.0,1,1
1701,21,60.0,1,1
1701,22,10.0,1,1
1701,23,66.0,1,1
1701,24,5.0,1,1
1701,25,18.0,1,1
1701,26,28.0,1,1
1701,27,0.0,1,1
1701,28,45.0,1,1
1701,29,20.0,1,1
1701,30,29.0,1,1
1701,31,7.0,1,1
1701,32,16.0,1,1
1701,33,11.0,1,1
1702,0,163.0,1,1
1702,1,140.0,1,1
1702,2,72.0,1,1
1702,3,39.0,1,1
1702,4,29.0,1,1
1702,5,113.0,1,1
1702,6,0.0,1,1
1702,7,108.0,1,1
1702,8,19.0,1,1
1702,9,0.0,1,1
1702,10,26.0,1,1
1702,11,75.0,1,1
1702,12,16.0,1,1
1702,13,0.0,1,1
1702,14,45.0,1,1
1702,15,104.0,1,1
1702,16,3.0,1,1
1702,17,117.0,1,1
1702,18,138.0,1,1
1702,19,33.0,1,1
1702,20,46.0,1,1
1702,21,59.0,1,1
1702,22,14.0,1,1
1702,23,48.0,1,1
1702,24,5.0,1,1
1702,25,10.0,1,1
1702,26,41.0,1,1
1702,27,0.0,1,1
1702,28,29.0,1,1
1702,29,20.0,1,1
1702,30,25.0,1,1
1702,31,8.0,1,1
1702,32,27.0,1,1
1702,33,10.0,1,1
1703,0,184.0,1,1
1703,1,107.0,1,1
1703,2,78.0,1,1
1703,3,34.0,1,1
1703,4,22.0,1,1
1703,5,87.0,1,1
1703,6,0.0,1,1
1703,7,92.0,1,1
1703,8,25.0,1,1
1703,9,0.0,1,1
1703,10,12.0,1,1
1703,11,63.0,1,1
1703,12,20.0,1,1
1703,13,3.0,1,1
1703,14,16.0,1,1
1703,15,103.0,1,1
1703,16,1.0,1,1
1703,17,115.0,1,1
1703,18,169.0,1,1
1703,19,39.0,1,1
1703,20,40.0,1,1
1703,21,164.0,1,1
1703,22,11.0,1,1
1703,23,68.0,1,1
1703,24,3.0,1,1
1703,25,18.0,1,1
1703,26,36.0,1,1
1703,27,0.0,1,1
1703,28,48.0,1,1
1703,29,17.0,1,1
1703,30,17.0,1,1
1703,31,8.0,1,1
1703,32,15.0,1,1
1703,33,13.0,1,1
1704,0,137.0,1,1
1704,1,112.0,1,1
1704,2,67.0,1,1
1704,3,44.0,1,1
1704,4,28.0,1,1
1704,5,83.0,1,1
1704,6,0.0,1,1
1704,7,103.0,1,1
1704,8,17.0,1,1
1704,9,0.0,1,1
1704,10,9.0,1,1
1704,11,53.0,1,1
1704,12,29.0,1,1
1704,13,0.0,1,1
1704,14,31.0,1,1
1704,15,101.0,1,1
1704,16,3.0,1,1
1704,17,131.0,1,1
1704,18,106.0,1,1
1704,19,34.0,1,1
1704,20,35.0,1,1
1704,21,57.0,1,1
1704,22,14.0,1,1
1704,23,48.0,1,1
1704,24,2.0,1,1
1704,25,15.0,1,1
1704,26,26.0,1,1
1704,27,0.0,1,1
1704,28,28.0,1,1
1704,29,20.0,1,1
1704,30,25.0,1,1
1704,31,10.0,1,1
1704,32,15.0,1,1
1704,33,12.0,1,1
1705,0,141.0,1,1
1705,1,114.0,1,1
1705,2,82.0,1,1
1705,3,57.0,1,1
1705,4,29.0,1,1
1705,5,94.0,1,1
1705,6,0.0,1,1
1705,7,99.0,1,1
1705,8,13.0,1,1
1705,9,0.0,1,1
1705,10,21.0,1,1
1705,11,60.0,1,1
1705,12,24.0,1,1
1705,13,0.0,1,1
1705,14,21.0,1,1
1705,15,77.0,1,1
1705,16,1.0,1,1
1705,17,109.0,1,1
1705,18,135.0,1,1
1705,19,25.0,1,1
1705,20,34.0,1,1
1705,21,53.0,1,1
1705,22,12.0,1,1
1705,23,38.0,1,1
1705,24,2.0,1,1
1705,25,15.0,1,1
1705,26,21.0,1,1
1705,27,0.0,1,1
1705,28,20.0,1,1
1705,29,11.0,1,1
1705,30,21.0,1,1
1705,31,11.0,1,1
1705,32,11.0,1,1
1705,33,14.0,1,1
1706,0,124.0,1,1
1706,1,91.0,1,1
1706,2,70.0,1,1
1706,3,22.0,1,1
1706,4,23.0,1,1
1706,5,73.0,1,1
1706,6,0.0,1,1
1706,7,105.0,1,1
1706,8,17.0,1,1
1706,9,0.0,1,1
1706,10,12.0,1,1
1706,11,63.0,1,1
1706,12,347.0,1,1
1706,13,0.0,1,1
1706,14,19.0,1,1
1706,15,80.0,1,1
1706,16,5.0,1,1
1706,17,103.0,1,1
1706,18,114.0,1,1
1706,19,36.0,1,1
1706,20,30.0,1,1
1706,21,51.0,1,1
1706,22,8.0,1,1
1706,23,54.0,1,1
1706,24,3.0,1,1
1706,25,12.0,1,1
1706,26,21.0,1,1
1706,27,0.0,1,1
1706,28,32.0,1,1
1706,29,9.0,1,1
1706,30,19.0,1,1
1706,31,5.0,1,1
1706,32,15.0,1,1
1706,33,7.0,1,1
1707,0,135.0,1,1
1707,1,75.0,1,1
1707,2,69.0,1,1
1707,3,24.0,1,1
1707,4,24.0,1,1
1707,5,57.0,1,1
1707,6,0.0,1,1
1707,7,82.0,1,1
1707,8,23.0,1,1
1707,9,0.0,1,1
1707,10,22.0,1,1
1707,11,60.0,1,1
1707,16,4.0,1,1
1707,17,90.0,1,1
1707,18,112.0,1,1
1707,19,31.0,1,1
1707,20,29.0,1,1
1707,21,59.0,1,1
1707,22,15.0,1,1
1707,23,53.0,1,1
1707,24,1.0,1,1
1707,25,14.0,1,1
1707,26,22.0,1,1
1707,27,0.0,1,1
1707,28,30.0,1,1
1707,29,19.0,1,1
1707,30,17.0,1,1
1707,31,11.0,1,1
1707,32,12.0,1,1
1707,33,9.0,1,1
1708,0,137.0,1,1
1708,1,87.0,1,1
1708,2,51.0,1,1
1708,3,38.0,1,1
1708,4,20.0,1,1
1708,5,66.0,1,1
1708,6,0.0,1,1
1708,7,84.0,1,1
1708,8,11.0,1,1
1708,9,0.0,1,1
1708,10,18.0,1,1
1708,11,56.0,1,1
1708,12,12.0,1,1
1708,13,2.0,1,1
1708,14,16.0,1,1
1708,15,89.0,1,1
1708,16,2.0,1,1
1708,17,82.0,1,1
1708,18,121.0,1,1
1708,19,33.0,1,1
1708,20,24.0,1,1
1708,21,51.0,1,1
1708,22,10.0,1,1
1708,23,34.0,1,1
1708,24,1.0,1,1
1708,25,12.0,1,1
1708,26,25.0,1,1
1708,27,0.0,1,1
1708,28,24.0,1,1
1708,29,7.0,1,1
1708,30,23.0,1,1
1708,31,6.0,1,1
1708,32,10.0,1,1
1708,33,6.0,1,1
1709,0,104.0,1,1
1709,1,84.0,1,1
1709,2,50.0,1,1
1709,3,15.0,1,1
1709,4,29.0,1,1
1709,5,67.0,1,1
1709,6,0.0,1,1
1709,7,74.0,1,1
1709,8,12.0,1,1
1709,9,0.0,1,1
1709,10,13.0,1,1
1709,11,66.0,1,1
1709,12,21.0,1,1
1709,13,2.0,1,1
1709,14,33.0,1,1
1709,15,108.0,1,1
1709,16,5.0,1,1
1709,17,77.0,1,1
1709,18,92.0,1,1
1709,19,32.0,1,1
1709,20,23.0,1,1
1709,21,49.0,1,1
1709,22,18.0,1,1
1709,23,49.0,1,1
1709,24,1.0,1,1
1709,25,11.0,1,1
1709,26,23.0,1,1
1709,27,0.0,1,1
1709,28,12.0,1,1
1709,29,17.0,1,1
1709,30,12.0,1,1
1709,31,5.0,1,1
1709,32,15.0,1,1
1709,33,5.0,1,1
1710,0,105.0,1,1
1710,1,113.0,1,1
1710,2,52.0,1,1
1710,3,20.0,1,1
1710,4,24.0,1,1
1710,5,71.0,1,1
1710,6,0.0,1,1
1710,7,63.0,1,1
1710,8,18.0,1,1
1710,9,0.0,1,1
1710,10,18.0,1,1
1710,11,39.0,1,1
1710,12,18.0,1,1
1710,13,3.0,1,1
1710,14,31.0,1,1
1710,15,108.0,1,1
1710,16,4.0,1,1
1710,17,104.0,1,1
1710,18,87.0,1,1
1710,19,38.0,1,1
1710,20,35.0,1,1
1710,21,38.0,1,1
1710,22,12.0,1,1
1710,23,38.0,1,1
1710,24,3.0,1,1
1710,25,15.0,1,1
1710,26,27.0,1,1
1710,27,0.0,1,1
1710,28,14.0,1,1
1710,29,7.0,1,1
1710,30,15.0,1,1
1710,31,3.0,1,1
1710,32,19.0,1,1
1710,33,12.0,1,1
1711,0,108.0,1,1
1711,1,80.0,1,1
1711,2,45.0,1,1
1711,3,29.0,1,1
1711,4,23.0,1,1
1711,5,69.0,1,1
1711,6,0.0,1,1
1711,7,56.0,1,1
1711,8,19.0,1,1
1711,9,0.0,1,1
1711,10,11.0,1,1
1711,11,38.0,1,1
1711,12,23.0,1,1
1711,13,1.0,1,1
1711,14,34.0,1,1
1711,15,83.0,1,1
1711,16,1.0,1,1
1711,17,100.0,1,1
1711,18,81.0,1,1
1711,19,34.0,1,1
1711,20,39.0,1,1
1711,21,34.0,1,1
1711,22,9.0,1,1
1711,23,41.0,1,1
1711,24,2.0,1,1
1711,25,6.0,1,1
1711,26,17.0,1,1
1711,27,0.0,1,1
1711,28,17.0,1,1
1711,29,6.0,1,1
1711,30,15.0,1,1
1711,31,2.0,1,1
1711,32,13.0,1,1
1711,33,8.0,1,1
1712,0,96.0,1,1
1712,1,98.0,1,1
1712,2,61.0,1,1
1712,3,28.0,1,1
1712,4,19.0,1,1
1712,5,58.0,1,1
1712,6,0.0,1,1
1712,7,59.0,1,1
1712,8,17.0,1,1
1712,9,0.0,1,1
1712,10,10.0,1,1
1712,11,43.0,1,1
1712,12,21.0,1,1
1712,13,2.0,1,1
1712,14,20.0,1,1
1712,15,90.0,1,1
1712,16,4.0,1,1
1712,17,80.0,1,1
1712,18,98.0,1,1
1712,19,31.0,1,1
1712,20,28.0,1,1
1712,21,41.0,1,1
1712,22,7.0,1,1
1712,23,37.0,1,1
1712,24,1.0,1,1
1712,25,10.0,1,1
1712,26,21.0,1,1
1712,27,0.0,1,1
1712,28,17.0,1,1
1712,29,7.0,1,1
1712,30,14.0,1,1
1712,31,7.0,1,1
1712,32,14.0,1,1
1712,33,10.0,1,1
1713,0,73.0,1,1
1713,1,84.0,1,1
1713,2,58.0,1,1
1713,3,17.0,1,1
1713,4,26.0,1,1
1713,5,53.0,1,1
1713,6,0.0,1,1
1713,7,65.0,1,1
1713,8,14.0,1,1
1713,9,0.0,1,1
1713,10,9.0,1,1
1713,11,43.0,1,1
1713,12,17.0,1,1
1713,13,1.0,1,1
1713,14,18.0,1,1
1713,15,80.0,1,1
1713,16,0.0,1,1
1713,17,71.0,1,1
1713,18,74.0,1,1
1713,19,35.0,1,1
1713,20,34.0,1,1
1713,21,24.0,1,1
1713,22,8.0,1,1
1713,23,32.0,1,1
1713,24,1.0,1,1
1713,25,14.0,1,1
1713,26,14.0,1,1
1713,27,0.0,1,1
1713,28,17.0,1,1
1713,29,15.0,1,1
1713,30,12.0,1,1
1713,31,4.0,1,1
1713,32,12.0,1,1
1713,33,9.0,1,1
1714,0,87.0,1,1
1714,1,75.0,1,1
1714,2,55.0,1,1
1714,3,30.0,1,1
1714,4,16.0,1,1
1714,5,64.0,1,1
1714,6,0.0,1,1
1714,7,71.0,1,1
1714,8,12.0,1,1
1714,9,0.0,1,1
1714,10,13.0,1,1
1714,11,45.0,1,1
1714,12,6.0,1,1
1714,13,2.0,1,1
1714,14,39.0,1,1
1714,15,116.0,1,1
1714,16,2.0,1,1
1714,17,81.0,1,1
1714,18,70.0,1,1
1714,19,35.0,1,1
1714,20,30.0,1,1
1714,21,30.0,1,1
1714,22,7.0,1,1
1714,23,29.0,1,1
1714,24,2.0,1,1
1714,25,5.0,1,1
1714,26,22.0,1,1
1714,27,0.0,1,1
1714,28,11.0,1,1
1714,29,13.0,1,1
1714,30,10.0,1,1
1714,31,1.0,1,1
1714,32,14.0,1,1
1714,33,10.0,1,1
1715,0,87.0,1,1
1715,1,98.0,1,1
1715,2,53.0,1,1
1715,3,55.0,1,1
1715,4,15.0,1,1
1715,5,70.0,1,1
1715,6,0.0,1,1
1715,7,65.0,1,1
1715,8,14.0,1,1
1715,9,0.0,1,1
1715,10,6.0,1,1
1715,11,43.0,1,1
1715,12,22.0,1,1
1715,13,3.0,1,1
1715,14,38.0,1,1
1715,15,95.0,1,1
1715,16,4.0,1,1
1715,17,98.0,1,1
1715,18,72.0,1,1
1715,19,31.0,1,1
1715,20,16.0,1,1
1715,21,31.0,1,1
1715,22,11.0,1,1
1715,23,37.0,1,1
1715,24,1.0,1,1
1715,25,9.0,1,1
1715,26,23.0,1,1
1715,27,0.0,1,1
1715,28,20.0,1,1
1715,29,9.0,1,1
1715,30,20.0,1,1
1715,31,4.0,1,1
1715,32,17.0,1,1
1715,33,8.0,1,1
1716,0,109.0,1,1
1716,1,99.0,1,1
1716,2,42.0,1,1
1716,3,20.0,1,1
1716,4,18.0,1,1
1716,5,70.0,1,1
1716,6,0.0,1,1
1716,7,66.0,1,1
1716,8,18.0,1,1
1716,9,0.0,1,1
1716,10,10.0,1,1
1716,11,53.0,1,1
1716,12,10.0,1,1
1716,13,1.0,1,1
1716,14,14.0,1,1
1716,15,109.0,1,1
1716,16,0.0,1,1
1716,17,91.0,1,1
1716,18,85.0,1,1
1716,19,34.0,1,1
1716,20,22.0,1,1
1716,21,26.0,1,1
1716,22,8.0,1,1
1716,23,40.0,1,1
1716,24,3.0,1,1
1716,25,7.0,1,1
1716,26,18.0,1,1
1716,27,0.0,1,1
1716,28,20.0,1,1
1716,29,5.0,1,1
1716,30,18.0,1,1
1716,31,7.0,1,1
1716,32,11.0,1,1
1716,33,8.0,1,1
1717,0,89.0,1,1
1717,1,93.0,1,1
1717,2,52.0,1,1
1717,3,24.0,1,1
1717,4,23.0,1,1
1717,5,68.0,1,1
1717,6,0.0,1,1
1717,7,64.0,1,1
1717,8,12.0,1,1
1717,9,0.0,1,1
1717,10,16.0,1,1
1717,11,39.0,1,1
1717,12,23.0,1,1
1717,13,3.0,1,1
1717,14,14.0,1,1
1717,15,106.0,1,1
1717,16,0.0,1,1
1717,17,90.0,1,1
1717,18,81.0,1,1
1717,19,38.0,1,1
1717,20,36.0,1,1
1717,21,38.0,1,1
1717,22,9.0,1,1
1717,23,53.0,1,1
1717,24,4.0,1,1
1717,25,10.0,1,1
1717,26,12.0,1,1
1717,27,0.0,1,1
1717,28,23.0,1,1
1717,29,13.0,1,1
1717,30,13.0,1,1
1717,31,6.0,1,1
1717,32,10.0,1,1
1717,33,15.0,1,1
1718,0,90.0,1,1
1718,1,101.0,1,1
1718,2,62.0,1,1
1718,3,25.0,1,1
1718,4,31.0,1,1
1718,5,63.0,1,1
1718,6,0.0,1,1
1718,7,65.0,1,1
1718,8,16.0,1,1
1718,9,0.0,1,1
1718,10,8.0,1,1
1718,11,54.0,1,1
1718,12,26.0,1,1
1718,13,0.0,1,1
1718,14,8.0,1,1
1718,15,95.0,1,1
1718,16,7.0,1,1
1718,17,91.0,1,1
1718,18,113.0,1,1
1718,19,29.0,1,1
1718,20,31.0,1,1
1718,21,51.0,1,1
1718,22,9.0,1,1
1718,23,38.0,1,1
1718,24,2.0,1,1
1718,25,12.0,1,1
1718,26,18.0,1,1
1718,27,0.0,1,1
1718,28,12.0,1,1
1718,29,8.0,1,1
1718,30,12.0,1,1
1718,31,1.0,1,1
1718,32,16.0,1,1
1718,33,4.0,1,1
1719,0,98.0,1,1
1719,1,111.0,1,1
1719,2,79.0,1,1
1719,3,14.0,1,1
1719,4,21.0,1,1
1719,5,77.0,1,1
1719,6,0.0,1,1
1719,7,103.0,1,1
1719,8,13.0,1,1
1719,9,0.0,1,1
1719,10,9.0,1,1
1719,11,70.0,1,1
1719,12,12.0,1,1
1719,13,0.0,1,1
1719,14,28.0,1,1
1719,15,100.0,1,1
1719,16,0.0,1,1
1719,17,95.0,1,1
1719,18,106.0,1,1
1719,19,19.0,1,1
1719,20,12.0,1,1
1719,21,40.0,1,1
1719,22,9.0,1,1
1719,23,38.0,1,1
1719,24,2.0,1,1
1719,25,9.0,1,1
1719,26,18.0,1,1
1719,27,0.0,1,1
1719,28,29.0,1,1
1719,29,8.0,1,1
1719,30,15.0,1,1
1719,31,3.0,1,1
1719,32,10.0,1,1
1719,33,5.0,1,1
1720,0,88.0,1,1
1720,1,89.0,1,1
1720,2,76.0,1,1
1720,3,15.0,1,1
1720,4,19.0,1,1
1720,5,79.0,1,1
1720,6,0.0,1,1
1720,7,93.0,1,1
1720,8,4.0,1,1
1720,9,0.0,1,1
1720,10,6.0,1,1
1720,11,63.0,1,1
1720,12,18.0,1,1
1720,13,0.0,1,1
1720,14,12.0,1,1
1720,15,141.0,1,1
1720,16,3.0,1,1
1720,17,93.0,1,1
1720,18,107.0,1,1
1720,19,22.0,1,1
1720,20,18.0,1,1
1720,21,41.0,1,1
1720,22,10.0,1,1
1720,23,33.0,1,1
1720,24,2.0,1,1
1720,25,11.0,1,1
1720,26,10.0,1,1
1720,27,0.0,1,1
1720,28,20.0,1,1
1720,29,8.0,1,1
1720,30,16.0,1,1
1720,31,2.0,1,1
1720,32,5.0,1,1
1720,33,3.0,1,1
1721,0,86.0,1,1
1721,1,86.0,1,1
1721,2,48.0,1,1
1721,3,12.0,1,1
1721,4,19.0,1,1
1721,5,54.0,1,1
1721,6,0.0,1,1
1721,7,57.0,1,1
1721,8,10.0,1,1
1721,9,0.0,1,1
1721,10,5.0,1,1
1721,11,44.0,1,1
1721,12,10.0,1,1
1721,13,0.0,1,1
1721,14,21.0,1,1
1721,15,100.0,1,1
1721,16,1.0,1,1
1721,17,80.0,1,1
1721,18,73.0,1,1
1721,19,15.0,1,1
1721,20,21.0,1,1
1721,21,35.0,1,1
1721,22,10.0,1,1
1721,23,32.0,1,1
1721,24,2.0,1,1
1721,25,6.0,1,1
1721,26,10.0,1,1
1721,27,0.0,1,1
1721,28,16.0,1,1
1721,29,14.0,1,1
1721,30,8.0,1,1
1721,31,8.0,1,1
1721,32,10.0,1,1
1721,33,7.0,1,1
1722,0,65.0,1,1
1722,1,90.0,1,1
1722,2,40.0,1,1
1722,3,13.0,1,1
1722,4,28.0,1,1
1722,5,54.0,1,1
1722,6,0.0,1,1
1722,7,56.0,1,1
1722,8,12.0,1,1
1722,9,0.0,1,1
1722,10,7.0,1,1
1722,11,43.0,1,1
1722,12,15.0,1,1
1722,13,0.0,1,1
1722,14,24.0,1,1
1722,15,86.0,1,1
1722,16,1.0,1,1
1722,17,82.0,1,1
1722,18,85.0,1,1
1722,19,23.0,1,1
1722,20,23.0,1,1
1722,21,38.0,1,1
1722,22,5.0,1,1
1722,23,44.0,1,1
1722,24,3.0,1,1
1722,25,11.0,1,1
1722,26,11.0,1,1
1722,27,0.0,1,1
1722,28,17.0,1,1
1722,29,6.0,1,1
1722,30,18.0,1,1
1722,31,6.0,1,1
1722,32,12.0,1,1
1722,33,6.0,1,1
1723,0,84.0,1,1
1723,1,92.0,1,1
1723,2,44.0,1,1
1723,3,24.0,1,1
1723,4,12.0,1,1
1723,5,55.0,1,1
1723,6,0.0,1,1
1723,7,61.0,1,1
1723,8,9.0,1,1
1723,9,0.0,1,1
1723,10,4.0,1,1
1723,11,34.0,1,1
1723,12,9.0,1,1
1723,13,0.0,1,1
1723,14,23.0,1,1
1723,15,120.0,1,1
1723,16,2.0,1,1
1723,17,62.0,1,1
1723,18,60.0,1,1
1723,19,18.0,1,1
1723,20,18.0,1,1
1723,21,20.0,1,1
1723,22,7.0,1,1
1723,23,29.0,1,1
1723,24,2.0,1,1
1723,25,6.0,1,1
1723,26,16.0,1,1
1723,27,0.0,1,1
1723,28,17.0,1,1
1723,29,7.0,1,1
1723,30,7.0,1,1
1723,31,3.0,1,1
1723,32,7.0,1,1
1723,33,8.0,1,1
1724,0,65.0,1,1
1724,1,68.0,1,1
1724,2,39.0,1,1
1724,3,14.0,1,1
1724,4,15.0,1,1
1724,5,51.0,1,1
1724,6,0.0,1,1
1724,7,58.0,1,1
1724,8,10.0,1,1
1724,9,0.0,1,1
1724,10,6.0,1,1
1724,11,36.0,1,1
1724,12,15.0,1,1
1724,13,0.0,1,1
1724,14,13.0,1,1
1724,15,67.0,1,1
1724,16,3.0,1,1
1724,17,68.0,1,1
1724,18,77.0,1,1
1724,19,21.0,1,1
1724,20,11.0,1,1
1724,21,31.0,1,1
1724,22,8.0,1,1
1724,23,25.0,1,1
1724,24,1.0,1,1
1724,25,7.0,1,1
1724,26,16.0,1,1
1724,27,0.0,1,1
1724,28,22.0,1,1
1724,29,5.0,1,1
1724,30,9.0,1,1
1724,31,2.0,1,1
1724,32,14.0,1,1
1724,33,2.0,1,1
1725,0,52.0,1,1
1725,1,76.0,1,1
1725,2,34.0,1,1
1725,3,7.0,1,1
1725,4,9.0,1,1
1725,5,39.0,1,1
1725,6,0.0,1,1
1725,7,48.0,1,1
1725,8,8.0,1,1
1725,9,0.0,1,1
1725,10,3.0,1,1
1725,11,40.0,1,1
1725,12,8.0,1,1
1725,13,0.0,1,1
1725,14,10.0,1,1
1725,15,66.0,1,1
1725,16,2.0,1,1
1725,17,40.0,1,1
1725,18,50.0,1,1
1725,19,18.0,1,1
1725,20,16.0,1,1
1725,21,20.0,1,1
1725,22,5.0,1,1
1725,23,21.0,1,1
1725,24,2.0,1,1
1725,25,7.0,1,1
1725,26,6.0,1,1
1725,27,0.0,1,1
1725,28,12.0,1,1
1725,29,9.0,1,1
1725,30,8.0,1,1
1725,31,3.0,1,1
1725,32,12.0,1,1
1725,33,2.0,1,1
1726,0,53.0,1,1
1726,1,52.0,1,1
1726,2,38.0,1,1
1726,3,8.0,1,1
1726,4,7.0,1,1
1726,5,27.0,1,1
1726,6,0.0,1,1
1726,7,50.0,1,1
1726,8,4.0,1,1
1726,9,0.0,1,1
1726,10,2.0,1,1
1726,11,28.0,1,1
1726,12,3.0,1,1
1726,13,2.0,1,1
1726,14,16.0,1,1
1726,15,68.0,1,1
1726,16,1.0,1,1
1726,17,42.0,1,1
1726,18,46.0,1,1
1726,19,17.0,1,1
1726,20,9.0,1,1
1726,21,18.0,1,1
1726,22,6.0,1,1
1726,23,20.0,1,1
1726,24,0.0,1,1
1726,25,5.0,1,1
1726,26,9.0,1,1
1726,27,0.0,1,1
1726,28,12.0,1,1
1726,29,8.0,1,1
1726,30,7.0,1,1
1726,31,5.0,1,1
1726,32,11.0,1,1
1726,33,10.0,1,1
1727,0,35.0,1,1
1727,1,33.0,1,1
1727,2,41.0,1,1
1727,3,17.0,1,1
1727,4,16.0,1,1
1727,5,28.0,1,1
1727,6,0.0,1,1
1727,7,35.0,1,1
1727,8,8.0,1,1
1727,9,0.0,1,1
1727,10,8.0,1,1
1727,11,31.0,1,1
1727,12,6.0,1,1
1727,13,3.0,1,1
1727,14,9.0,1,1
1727,15,57.0,1,1
1727,16,0.0,1,1
1727,17,37.0,1,1
1727,18,55.0,1,1
1727,19,18.0,1,1
1727,20,9.0,1,1
1727,21,85.0,1,1
1727,22,5.0,1,1
1727,23,17.0,1,1
1727,24,1.0,1,1
1727,25,7.0,1,1
1727,26,8.0,1,1
1727,27,0.0,1,1
1727,28,8.0,1,1
1727,29,5.0,1,1
1727,30,7.0,1,1
1727,31,5.0,1,1
1727,32,7.0,1,1
1727,33,2.0,1,1
1728,0,39.0,1,1
1728,1,51.0,1,1
1728,2,38.0,1,1
1728,3,9.0,1,1
1728,4,9.0,1,1
1728,5,30.0,1,1
1728,6,0.0,1,1
1728,7,38.0,1,1
1728,8,7.0,1,1
1728,9,0.0,1,1
1728,10,7.0,1,1
1728,11,19.0,1,1
1728,12,13.0,1,1
1728,13,3.0,1,1
1728,14,26.0,1,1
1728,15,46.0,1,1
1728,16,2.0,1,1
1728,17,24.0,1,1
1728,18,37.0,1,1
1728,19,10.0,1,1
1728,20,10.0,1,1
1728,21,11.0,1,1
1728,22,5.0,1,1
1728,23,19.0,1,1
1728,24,1.0,1,1
1728,25,8.0,1,1
1728,26,5.0,1,1
1728,27,0.0,1,1
1728,28,9.0,1,1
1728,29,3.0,1,1
1728,30,8.0,1,1
1728,31,2.0,1,1
1728,32,3.0,1,1
1728,33,3.0,1,1
