timestep,location,flow,occupy,speed
1,0,36,1,1
1,1,54,1,1
1,2,36,1,1
1,3,18,1,1
1,4,12,1,1
1,5,24,1,1
1,6,0,1,1
1,7,38,1,1
1,8,8,1,1
1,9,0,1,1
1,10,2,1,1
1,11,28,1,1
1,12,0,1,1
1,13,0,1,1
1,14,0,1,1
1,15,0,1,1
1,16,2,1,1
1,17,32,1,1
1,18,57,1,1
1,19,17,1,1
1,20,15,1,1
1,21,19,1,1
1,22,3,1,1
1,23,5,1,1
1,24,1,1,1
1,25,6,1,1
1,26,5,1,1
1,27,0,1,1
1,28,10,1,1
1,29,3,1,1
1,30,8,1,1
1,31,2,1,1
1,32,8,1,1
1,33,3,1,1
2,0,36,1,1
2,1,37,1,1
2,2,27,1,1
2,3,6,1,1
2,4,11,1,1
2,5,43,1,1
2,6,0,1,1
2,7,47,1,1
2,8,5,1,1
2,9,0,1,1
2,10,7,1,1
2,11,28,1,1
2,12,0,1,1
2,13,0,1,1
2,14,0,1,1
2,15,0,1,1
2,16,0,1,1
2,17,36,1,1
2,18,52,1,1
2,19,10,1,1
2,20,6,1,1
2,21,25,1,1
2,22,4,1,1
2,23,6,1,1
2,24,3,1,1
2,25,4,1,1
2,26,10,1,1
2,27,0,1,1
2,28,8,1,1
2,29,4,1,1
2,30,3,1,1
2,31,4,1,1
2,32,8,1,1
2,33,1,1,1
3,0,36,1,1
3,1,24,1,1
3,2,24,1,1
3,3,6,1,1
3,4,5,1,1
3,5,25,1,1
3,6,0,1,1
3,7,37,1,1
3,8,7,1,1
3,9,0,1,1
3,10,2,1,1
3,11,24,1,1
3,12,0,1,1
3,13,0,1,1
3,14,0,1,1
3,15,0,1,1
3,16,1,1,1
3,17,36,1,1
3,18,39,1,1
3,19,10,1,1
3,20,7,1,1
3,21,18,1,1
3,22,2,1,1
3,23,10,1,1
3,24,0,1,1
3,25,3,1,1
3,26,4,1,1
3,27,0,1,1
3,28,9,1,1
3,29,3,1,1
3,30,6,1,1
3,31,3,1,1
3,32,9,1,1
3,33,3,1,1
4,0,30,1,1
4,1,22,1,1
4,2,24,1,1
4,3,5,1,1
4,4,8,1,1
4,5,20,1,1
4,6,0,1,1
4,7,29,1,1
4,8,6,1,1
4,9,0,1,1
4,10,2,1,1
4,11,21,1,1
4,12,0,1,1
4,13,0,1,1
4,14,0,1,1
4,15,0,1,1
4,16,1,1,1
4,17,36,1,1
4,18,31,1,1
4,19,12,1,1
4,20,6,1,1
4,21,17,1,1
4,22,2,1,1
4,23,10,1,1
4,24,1,1,1
4,25,3,1,1
4,26,5,1,1
4,27,0,1,1
4,28,8,1,1
4,29,4,1,1
4,30,8,1,1
4,31,2,1,1
4,32,3,1,1
4,33,0,1,1
5,0,17,1,1
5,1,26,1,1
5,2,21,1,1
5,3,6,1,1
5,4,7,1,1
5,5,21,1,1
5,6,0,1,1
5,7,25,1,1
5,8,3,1,1
5,9,0,1,1
5,10,0,1,1
5,11,14,1,1
5,12,0,1,1
5,13,0,1,1
5,14,0,1,1
5,15,0,1,1
5,16,1,1,1
5,17,22,1,1
5,18,28,1,1
5,19,7,1,1
5,20,8,1,1
5,21,10,1,1
5,22,0,1,1
5,23,5,1,1
5,24,0,1,1
5,25,9,1,1
5,26,3,1,1
5,27,0,1,1
5,28,4,1,1
5,29,2,1,1
5,30,4,1,1
5,31,2,1,1
5,32,6,1,1
5,33,2,1,1
6,0,16,1,1
6,1,20,1,1
6,2,14,1,1
6,3,6,1,1
6,4,11,1,1
6,5,19,1,1
6,6,0,1,1
6,7,20,1,1
6,8,2,1,1
6,9,0,1,1
6,10,3,1,1
6,11,13,1,1
6,12,0,1,1
6,13,0,1,1
6,14,0,1,1
6,15,0,1,1
6,16,1,1,1
6,17,21,1,1
6,18,25,1,1
6,19,4,1,1
6,20,9,1,1
6,21,11,1,1
6,22,2,1,1
6,23,8,1,1
6,24,1,1,1
6,25,1,1,1
6,26,4,1,1
6,27,0,1,1
6,28,7,1,1
6,29,2,1,1
6,30,4,1,1
6,31,2,1,1
6,32,7,1,1
6,33,1,1,1
7,0,20,1,1
7,1,23,1,1
7,2,21,1,1
7,3,6,1,1
7,4,5,1,1
7,5,17,1,1
7,6,0,1,1
7,7,20,1,1
7,8,3,1,1
7,9,0,1,1
7,10,4,1,1
7,11,13,1,1
7,12,0,1,1
7,13,0,1,1
7,14,0,1,1
7,15,0,1,1
7,16,1,1,1
7,17,20,1,1
7,18,25,1,1
7,19,5,1,1
7,20,8,1,1
7,21,7,1,1
7,22,0,1,1
7,23,8,1,1
7,24,0,1,1
7,25,3,1,1
7,26,4,1,1
7,27,0,1,1
7,28,4,1,1
7,29,3,1,1
7,30,5,1,1
7,31,4,1,1
7,32,5,1,1
7,33,1,1,1
8,0,17,1,1
8,1,16,1,1
8,2,11,1,1
8,3,3,1,1
8,4,2,1,1
8,5,11,1,1
8,6,0,1,1
8,7,11,1,1
8,8,2,1,1
8,9,0,1,1
8,10,2,1,1
8,11,9,1,1
8,12,0,1,1
8,13,0,1,1
8,14,0,1,1
8,15,0,1,1
8,16,0,1,1
8,17,13,1,1
8,18,17,1,1
8,19,4,1,1
8,20,7,1,1
8,21,9,1,1
8,22,2,1,1
8,23,7,1,1
8,24,0,1,1
8,25,2,1,1
8,26,4,1,1
8,27,0,1,1
8,28,5,1,1
8,29,2,1,1
8,30,3,1,1
8,31,3,1,1
8,32,4,1,1
8,33,2,1,1
9,0,15,1,1
9,1,13,1,1
9,2,11,1,1
9,3,5,1,1
9,4,5,1,1
9,5,11,1,1
9,6,0,1,1
9,7,19,1,1
9,8,6,1,1
9,9,0,1,1
9,10,0,1,1
9,11,12,1,1
9,12,0,1,1
9,13,0,1,1
9,14,0,1,1
9,15,0,1,1
9,16,2,1,1
9,17,10,1,1
9,18,17,1,1
9,19,5,1,1
9,20,1,1,1
9,21,5,1,1
9,22,1,1,1
9,23,3,1,1
9,24,0,1,1
9,25,3,1,1
9,26,1,1,1
9,27,0,1,1
9,28,4,1,1
9,29,2,1,1
9,30,2,1,1
9,31,1,1,1
9,32,2,1,1
9,33,2,1,1
10,0,17,1,1
10,1,13,1,1
10,2,10,1,1
10,3,4,1,1
10,4,3,1,1
10,5,7,1,1
10,6,0,1,1
10,7,20,1,1
10,8,4,1,1
10,9,0,1,1
10,10,0,1,1
10,11,12,1,1
10,12,0,1,1
10,13,0,1,1
10,14,0,1,1
10,15,0,1,1
10,16,0,1,1
10,17,12,1,1
10,18,21,1,1
10,19,6,1,1
10,20,2,1,1
10,21,13,1,1
10,22,1,1,1
10,23,5,1,1
10,24,0,1,1
10,25,1,1,1
10,26,3,1,1
10,27,0,1,1
10,28,3,1,1
10,29,3,1,1
10,30,2,1,1
10,31,1,1,1
10,32,2,1,1
10,33,2,1,1
11,0,7,1,1
11,1,9,1,1
11,2,11,1,1
11,3,1,1,1
11,4,9,1,1
11,5,7,1,1
11,6,0,1,1
11,7,12,1,1
11,8,2,1,1
11,9,0,1,1
11,10,1,1,1
11,11,9,1,1
11,12,0,1,1
11,13,0,1,1
11,14,0,1,1
11,15,0,1,1
11,16,1,1,1
11,17,6,1,1
11,18,13,1,1
11,19,3,1,1
11,20,2,1,1
11,21,4,1,1
11,22,2,1,1
11,23,2,1,1
11,24,0,1,1
11,25,0,1,1
11,26,3,1,1
11,27,0,1,1
11,28,7,1,1
11,29,1,1,1
11,30,0,1,1
11,31,1,1,1
11,32,2,1,1
11,33,2,1,1
12,0,4,1,1
12,1,7,1,1
12,2,5,1,1
12,3,5,1,1
12,4,4,1,1
12,5,7,1,1
12,6,0,1,1
12,7,19,1,1
12,8,0,1,1
12,9,0,1,1
12,10,2,1,1
12,11,15,1,1
12,12,0,1,1
12,13,0,1,1
12,14,0,1,1
12,15,0,1,1
12,16,0,1,1
12,17,14,1,1
12,18,15,1,1
12,19,6,1,1
12,20,4,1,1
12,21,6,1,1
12,22,2,1,1
12,23,5,1,1
12,24,0,1,1
12,25,2,1,1
12,26,1,1,1
12,27,0,1,1
12,28,1,1,1
12,29,0,1,1
12,30,2,1,1
12,31,0,1,1
12,32,3,1,1
12,33,0,1,1
13,0,9,1,1
13,1,10,1,1
13,2,7,1,1
13,3,6,1,1
13,4,5,1,1
13,5,12,1,1
13,6,0,1,1
13,7,13,1,1
13,8,1,1,1
13,9,0,1,1
13,10,2,1,1
13,11,14,1,1
13,12,0,1,1
13,13,0,1,1
13,14,0,1,1
13,15,0,1,1
13,16,0,1,1
13,17,7,1,1
13,18,17,1,1
13,19,2,1,1
13,20,4,1,1
13,21,6,1,1
13,22,0,1,1
13,23,6,1,1
13,24,0,1,1
13,25,0,1,1
13,26,2,1,1
13,27,0,1,1
13,28,1,1,1
13,29,3,1,1
13,30,2,1,1
13,31,1,1,1
13,32,6,1,1
13,33,0,1,1
14,0,8,1,1
14,1,6,1,1
14,2,7,1,1
14,3,0,1,1
14,4,9,1,1
14,5,10,1,1
14,6,0,1,1
14,7,7,1,1
14,8,0,1,1
14,9,0,1,1
14,10,0,1,1
14,11,7,1,1
14,12,0,1,1
14,13,0,1,1
14,14,0,1,1
14,15,0,1,1
14,16,0,1,1
14,17,9,1,1
14,18,9,1,1
14,19,2,1,1
14,20,3,1,1
14,21,6,1,1
14,22,2,1,1
14,23,8,1,1
14,24,0,1,1
14,25,2,1,1
14,26,1,1,1
14,27,0,1,1
14,28,1,1,1
14,29,1,1,1
14,30,3,1,1
14,31,0,1,1
14,32,2,1,1
14,33,1,1,1
15,0,3,1,1
15,1,12,1,1
15,2,3,1,1
15,3,2,1,1
15,4,2,1,1
15,5,3,1,1
15,6,0,1,1
15,7,9,1,1
15,8,3,1,1
15,9,0,1,1
15,10,2,1,1
15,11,4,1,1
15,12,0,1,1
15,13,0,1,1
15,14,0,1,1
15,15,0,1,1
15,16,0,1,1
15,17,4,1,1
15,18,8,1,1
15,19,1,1,1
15,20,2,1,1
15,21,4,1,1
15,22,1,1,1
15,23,5,1,1
15,24,0,1,1
15,25,4,1,1
15,26,1,1,1
15,27,0,1,1
15,28,1,1,1
15,29,0,1,1
15,30,4,1,1
15,31,0,1,1
15,32,0,1,1
15,33,1,1,1
16,0,3,1,1
16,1,3,1,1
16,2,2,1,1
16,3,2,1,1
16,4,1,1,1
16,5,4,1,1
16,6,0,1,1
16,7,6,1,1
16,8,2,1,1
16,9,0,1,1
16,10,0,1,1
16,11,8,1,1
16,12,0,1,1
16,13,0,1,1
16,14,0,1,1
16,15,0,1,1
16,16,1,1,1
16,17,5,1,1
16,18,7,1,1
16,19,1,1,1
16,20,2,1,1
16,21,4,1,1
16,22,0,1,1
16,23,3,1,1
16,24,0,1,1
16,25,2,1,1
16,26,0,1,1
16,27,0,1,1
16,28,1,1,1
16,29,2,1,1
16,30,2,1,1
16,31,0,1,1
16,32,0,1,1
16,33,1,1,1
17,0,6,1,1
17,1,15,1,1
17,2,5,1,1
17,3,0,1,1
17,4,1,1,1
17,5,6,1,1
17,6,0,1,1
17,7,6,1,1
17,8,0,1,1
17,9,0,1,1
17,10,1,1,1
17,11,3,1,1
17,12,0,1,1
17,13,0,1,1
17,14,0,1,1
17,15,0,1,1
17,16,0,1,1
17,17,4,1,1
17,18,8,1,1
17,19,1,1,1
17,20,4,1,1
17,21,3,1,1
17,22,1,1,1
17,23,1,1,1
17,24,0,1,1
17,25,3,1,1
17,26,0,1,1
17,27,0,1,1
17,28,4,1,1
17,29,1,1,1
17,30,4,1,1
17,31,0,1,1
17,32,0,1,1
17,33,0,1,1
18,0,5,1,1
18,1,10,1,1
18,2,0,1,1
18,3,0,1,1
18,4,1,1,1
18,5,5,1,1
18,6,0,1,1
18,7,9,1,1
18,8,1,1,1
18,9,0,1,1
18,10,0,1,1
18,11,8,1,1
18,12,0,1,1
18,13,0,1,1
18,14,0,1,1
18,15,0,1,1
18,16,0,1,1
18,17,11,1,1
18,18,8,1,1
18,19,1,1,1
18,20,2,1,1
18,21,5,1,1
18,22,0,1,1
18,23,4,1,1
18,24,0,1,1
18,25,0,1,1
18,26,0,1,1
18,27,0,1,1
18,28,1,1,1
18,29,3,1,1
18,30,2,1,1
18,31,0,1,1
18,32,3,1,1
18,33,2,1,1
19,0,4,1,1
19,1,8,1,1
19,2,4,1,1
19,3,0,1,1
19,4,1,1,1
19,5,8,1,1
19,6,0,1,1
19,7,6,1,1
19,8,1,1,1
19,9,0,1,1
19,10,0,1,1
19,11,3,1,1
19,12,0,1,1
19,13,0,1,1
19,14,0,1,1
19,15,0,1,1
19,16,0,1,1
19,17,8,1,1
19,18,6,1,1
19,19,2,1,1
19,20,2,1,1
19,21,4,1,1
19,22,0,1,1
19,23,1,1,1
19,24,0,1,1
19,25,0,1,1
19,26,0,1,1
19,27,0,1,1
19,28,2,1,1
19,29,1,1,1
19,30,4,1,1
19,31,0,1,1
19,32,0,1,1
19,33,1,1,1
20,0,4,1,1
20,1,6,1,1
20,2,3,1,1
20,3,1,1,1
20,4,1,1,1
20,5,7,1,1
20,6,0,1,1
20,7,5,1,1
20,8,1,1,1
20,9,0,1,1
20,10,0,1,1
20,11,4,1,1
20,12,0,1,1
20,13,0,1,1
20,14,0,1,1
20,15,0,1,1
20,16,0,1,1
20,17,6,1,1
20,18,6,1,1
20,19,2,1,1
20,20,1,1,1
20,21,3,1,1
20,22,0,1,1
20,23,1,1,1
20,24,0,1,1
20,25,2,1,1
20,26,0,1,1
20,27,0,1,1
20,28,1,1,1
20,29,1,1,1
20,30,3,1,1
20,31,0,1,1
20,32,0,1,1
20,33,1,1,1
21,0,2,1,1
21,1,7,1,1
21,2,0,1,1
21,3,1,1,1
21,4,1,1,1
21,5,3,1,1
21,6,0,1,1
21,7,8,1,1
21,8,1,1,1
21,9,0,1,1
21,10,0,1,1
21,11,7,1,1
21,12,0,1,1
21,13,0,1,1
21,14,0,1,1
21,15,0,1,1
21,16,0,1,1
21,17,5,1,1
21,18,5,1,1
21,19,2,1,1
21,20,1,1,1
21,21,0,1,1
21,22,1,1,1
21,23,2,1,1
21,24,0,1,1
21,25,0,1,1
21,26,2,1,1
21,27,0,1,1
21,28,2,1,1
21,29,0,1,1
21,30,2,1,1
21,31,0,1,1
21,32,1,1,1
21,33,1,1,1
22,0,3,1,1
22,1,4,1,1
22,2,2,1,1
22,3,0,1,1
22,4,5,1,1
22,5,3,1,1
22,6,0,1,1
22,7,5,1,1
22,8,2,1,1
22,9,0,1,1
22,10,1,1,1
22,11,1,1,1
22,12,0,1,1
22,13,0,1,1
22,14,0,1,1
22,15,0,1,1
22,16,0,1,1
22,17,2,1,1
22,18,2,1,1
22,19,3,1,1
22,20,3,1,1
22,21,2,1,1
22,22,0,1,1
22,23,0,1,1
22,24,0,1,1
22,25,1,1,1
22,26,0,1,1
22,27,0,1,1
22,28,0,1,1
22,29,0,1,1
22,30,1,1,1
22,31,0,1,1
22,32,0,1,1
22,33,0,1,1
23,0,8,1,1
23,1,5,1,1
23,2,3,1,1
23,3,1,1,1
23,4,2,1,1
23,5,4,1,1
23,6,0,1,1
23,7,4,1,1
23,8,2,1,1
23,9,0,1,1
23,10,0,1,1
23,11,2,1,1
23,12,0,1,1
23,13,0,1,1
23,14,0,1,1
23,15,0,1,1
23,16,0,1,1
23,17,4,1,1
23,18,6,1,1
23,19,1,1,1
23,20,0,1,1
23,21,4,1,1
23,22,0,1,1
23,23,4,1,1
23,24,0,1,1
23,25,1,1,1
23,26,0,1,1
23,27,0,1,1
23,28,0,1,1
23,29,1,1,1
23,30,2,1,1
23,31,0,1,1
23,32,2,1,1
23,33,0,1,1
24,0,8,1,1
24,1,6,1,1
24,2,1,1,1
24,3,0,1,1
24,4,0,1,1
24,5,2,1,1
24,6,0,1,1
24,7,3,1,1
24,8,2,1,1
24,9,0,1,1
24,10,0,1,1
24,11,3,1,1
24,12,0,1,1
24,13,0,1,1
24,14,0,1,1
24,15,0,1,1
24,16,0,1,1
24,17,9,1,1
24,18,2,1,1
24,19,3,1,1
24,20,0,1,1
24,21,1,1,1
24,22,0,1,1
24,23,1,1,1
24,24,0,1,1
24,25,0,1,1
24,26,2,1,1
24,27,0,1,1
24,28,0,1,1
24,29,0,1,1
24,30,0,1,1
24,31,0,1,1
24,32,1,1,1
24,33,0,1,1
25,0,6,1,1
25,1,7,1,1
25,2,2,1,1
25,3,0,1,1
25,4,0,1,1
25,5,6,1,1
25,6,0,1,1
25,7,4,1,1
25,8,1,1,1
25,9,0,1,1
25,10,0,1,1
25,11,3,1,1
25,12,0,1,1
25,13,0,1,1
25,14,0,1,1
25,15,0,1,1
25,16,0,1,1
25,17,4,1,1
25,18,2,1,1
25,19,0,1,1
25,20,1,1,1
25,21,1,1,1
25,22,1,1,1
25,23,3,1,1
25,24,0,1,1
25,25,1,1,1
25,26,1,1,1
25,27,0,1,1
25,28,1,1,1
25,29,0,1,1
25,30,0,1,1
25,31,0,1,1
25,32,0,1,1
25,33,1,1,1
26,0,6,1,1
26,1,5,1,1
26,2,3,1,1
26,3,1,1,1
26,4,1,1,1
26,5,4,1,1
26,6,0,1,1
26,7,5,1,1
26,8,1,1,1
26,9,0,1,1
26,10,2,1,1
26,11,3,1,1
26,12,0,1,1
26,13,0,1,1
26,14,0,1,1
26,15,0,1,1
26,16,0,1,1
26,17,3,1,1
26,18,3,1,1
26,19,2,1,1
26,20,2,1,1
26,21,2,1,1
26,22,0,1,1
26,23,0,1,1
26,24,0,1,1
26,25,1,1,1
26,26,0,1,1
26,27,0,1,1
26,28,0,1,1
26,29,0,1,1
26,30,1,1,1
26,31,0,1,1
26,32,1,1,1
26,33,1,1,1
27,0,2,1,1
27,1,5,1,1
27,2,3,1,1
27,3,0,1,1
27,4,0,1,1
27,5,4,1,1
27,6,0,1,1
27,7,0,1,1
27,8,2,1,1
27,9,0,1,1
27,10,0,1,1
27,11,5,1,1
27,12,0,1,1
27,13,0,1,1
27,14,0,1,1
27,15,0,1,1
27,16,1,1,1
27,17,4,1,1
27,18,2,1,1
27,19,1,1,1
27,20,1,1,1
27,21,2,1,1
27,22,0,1,1
27,23,1,1,1
27,24,0,1,1
27,25,0,1,1
27,26,1,1,1
27,27,0,1,1
27,28,0,1,1
27,29,1,1,1
27,30,1,1,1
27,31,0,1,1
27,32,0,1,1
27,33,0,1,1
28,0,4,1,1
28,1,8,1,1
28,2,0,1,1
28,3,1,1,1
28,4,0,1,1
28,5,2,1,1
28,6,0,1,1
28,7,4,1,1
28,8,1,1,1
28,9,0,1,1
28,10,0,1,1
28,11,1,1,1
28,12,0,1,1
28,13,0,1,1
28,14,0,1,1
28,15,0,1,1
28,16,0,1,1
28,17,6,1,1
28,18,3,1,1
28,19,2,1,1
28,20,3,1,1
28,21,1,1,1
28,22,0,1,1
28,23,1,1,1
28,24,0,1,1
28,25,0,1,1
28,26,0,1,1
28,27,0,1,1
28,28,1,1,1
28,29,0,1,1
28,30,1,1,1
28,31,0,1,1
28,32,0,1,1
28,33,0,1,1
29,0,11,1,1
29,1,5,1,1
29,2,2,1,1
29,3,1,1,1
29,4,0,1,1
29,5,3,1,1
29,6,0,1,1
29,7,0,1,1
29,8,0,1,1
29,9,0,1,1
29,10,0,1,1
29,11,1,1,1
29,12,0,1,1
29,13,0,1,1
29,14,0,1,1
29,15,0,1,1
29,16,0,1,1
29,17,4,1,1
29,18,4,1,1
29,19,1,1,1
29,20,1,1,1
29,21,1,1,1
29,22,1,1,1
29,23,1,1,1
29,24,0,1,1
29,25,1,1,1
29,26,1,1,1
29,27,0,1,1
29,28,0,1,1
29,29,2,1,1
29,30,0,1,1
29,31,0,1,1
29,32,0,1,1
29,33,0,1,1
30,0,9,1,1
30,1,3,1,1
30,2,8,1,1
30,3,2,1,1
30,4,0,1,1
30,5,1,1,1
30,6,0,1,1
30,7,5,1,1
30,8,0,1,1
30,9,0,1,1
30,10,0,1,1
30,11,3,1,1
30,12,0,1,1
30,13,0,1,1
30,14,0,1,1
30,15,0,1,1
30,16,0,1,1
30,17,3,1,1
30,18,3,1,1
30,19,1,1,1
30,20,0,1,1
30,21,2,1,1
30,22,0,1,1
30,23,1,1,1
30,24,0,1,1
30,25,0,1,1
30,26,1,1,1
30,27,0,1,1
30,28,0,1,1
30,29,0,1,1
30,30,1,1,1
30,31,0,1,1
30,32,1,1,1
30,33,0,1,1
31,0,8,1,1
31,1,1,1,1
31,2,2,1,1
31,3,1,1,1
31,4,4,1,1
31,5,3,1,1
31,6,0,1,1
31,7,2,1,1
31,8,0,1,1
31,9,0,1,1
31,10,1,1,1
31,11,0,1,1
31,12,0,1,1
31,13,0,1,1
31,14,0,1,1
31,15,0,1,1
31,16,0,1,1
31,17,4,1,1
31,18,2,1,1
31,19,3,1,1
31,20,2,1,1
31,21,0,1,1
31,22,0,1,1
31,23,1,1,1
31,24,0,1,1
31,25,1,1,1
31,26,1,1,1
31,27,0,1,1
31,28,0,1,1
31,29,0,1,1
31,30,1,1,1
31,31,0,1,1
31,32,1,1,1
31,33,0,1,1
32,0,7,1,1
32,1,9,1,1
32,2,8,1,1
32,3,2,1,1
32,4,6,1,1
32,5,7,1,1
32,6,0,1,1
32,7,8,1,1
32,8,3,1,1
32,9,0,1,1
32,10,1,1,1
32,11,3,1,1
32,12,0,1,1
32,13,0,1,1
32,14,0,1,1
32,15,0,1,1
32,16,0,1,1
32,17,9,1,1
32,18,4,1,1
32,19,1,1,1
32,20,2,1,1
32,21,0,1,1
32,22,4,1,1
32,23,1,1,1
32,24,0,1,1
32,25,0,1,1
32,26,1,1,1
32,27,0,1,1
32,28,1,1,1
32,29,1,1,1
32,30,1,1,1
32,31,1,1,1
32,32,1,1,1
32,33,0,1,1
33,0,9,1,1
33,1,15,1,1
33,2,5,1,1
33,3,2,1,1
33,4,2,1,1
33,5,9,1,1
33,6,0,1,1
33,7,3,1,1
33,8,2,1,1
33,9,0,1,1
33,10,1,1,1
33,11,4,1,1
33,12,0,1,1
33,13,0,1,1
33,14,0,1,1
33,15,0,1,1
33,16,0,1,1
33,17,13,1,1
33,18,6,1,1
33,19,1,1,1
33,20,1,1,1
33,21,1,1,1
33,22,0,1,1
33,23,3,1,1
33,24,0,1,1
33,25,0,1,1
33,26,3,1,1
33,27,0,1,1
33,28,2,1,1
33,29,2,1,1
33,30,1,1,1
33,31,1,1,1
33,32,0,1,1
33,33,0,1,1
34,0,12,1,1
34,1,18,1,1
34,2,10,1,1
34,3,3,1,1
34,4,2,1,1
34,5,9,1,1
34,6,0,1,1
34,7,11,1,1
34,8,0,1,1
34,9,0,1,1
34,10,3,1,1
34,11,4,1,1
34,12,0,1,1
34,13,0,1,1
34,14,0,1,1
34,15,0,1,1
34,16,0,1,1
34,17,15,1,1
34,18,14,1,1
34,19,2,1,1
34,20,2,1,1
34,21,6,1,1
34,22,0,1,1
34,23,4,1,1
34,24,0,1,1
34,25,1,1,1
34,26,3,1,1
34,27,0,1,1
34,28,2,1,1
34,29,2,1,1
34,30,2,1,1
34,31,1,1,1
34,32,2,1,1
34,33,1,1,1
35,0,0,1,1
35,1,0,1,1
35,2,0,1,1
35,3,0,1,1
35,4,0,1,1
35,5,0,1,1
35,6,0,1,1
35,7,0,1,1
35,8,0,1,1
35,9,0,1,1
35,10,0,1,1
35,11,0,1,1
35,12,0,1,1
35,13,0,1,1
35,14,0,1,1
35,15,0,1,1
35,16,0,1,1
35,17,0,1,1
35,18,0,1,1
35,19,0,1,1
35,20,0,1,1
35,21,0,1,1
35,22,0,1,1
35,23,0,1,1
35,24,0,1,1
35,25,0,1,1
35,26,0,1,1
35,27,0,1,1
35,28,0,1,1
35,29,0,1,1
35,30,0,1,1
35,31,0,1,1
35,32,0,1,1
35,33,0,1,1
36,0,21,1,1
36,1,19,1,1
36,2,9,1,1
36,3,3,1,1
36,4,4,1,1
36,5,16,1,1
36,6,0,1,1
36,7,16,1,1
36,8,2,1,1
36,9,0,1,1
36,10,5,1,1
36,11,9,1,1
36,12,0,1,1
36,13,0,1,1
36,14,0,1,1
36,15,0,1,1
36,16,0,1,1
36,17,33,1,1
36,18,17,1,1
36,19,5,1,1
36,20,6,1,1
36,21,7,1,1
36,22,0,1,1
36,23,14,1,1
36,24,0,1,1
36,25,2,1,1
36,26,7,1,1
36,27,0,1,1
36,28,8,1,1
36,29,0,1,1
36,30,5,1,1
36,31,2,1,1
36,32,2,1,1
36,33,0,1,1
37,0,0,1,1
37,1,0,1,1
37,2,0,1,1
37,3,0,1,1
37,4,0,1,1
37,5,0,1,1
37,6,0,1,1
37,7,0,1,1
37,8,0,1,1
37,9,0,1,1
37,10,0,1,1
37,11,0,1,1
37,12,0,1,1
37,13,0,1,1
37,14,0,1,1
37,15,0,1,1
37,16,0,1,1
37,17,0,1,1
37,18,0,1,1
37,19,0,1,1
37,20,0,1,1
37,21,0,1,1
37,22,0,1,1
37,23,0,1,1
37,24,0,1,1
37,25,0,1,1
37,26,0,1,1
37,27,0,1,1
37,28,0,1,1
37,29,0,1,1
37,30,0,1,1
37,31,0,1,1
37,32,0,1,1
37,33,0,1,1
38,0,32,1,1
38,1,48,1,1
38,2,11,1,1
38,3,2,1,1
38,4,7,1,1
38,5,29,1,1
38,6,0,1,1
38,7,21,1,1
38,8,3,1,1
38,9,0,1,1
38,10,4,1,1
38,11,9,1,1
38,12,0,1,1
38,13,0,1,1
38,14,0,1,1
38,15,0,1,1
38,16,0,1,1
38,17,29,1,1
38,18,25,1,1
38,19,10,1,1
38,20,18,1,1
38,21,11,1,1
38,22,3,1,1
38,23,14,1,1
38,24,1,1,1
38,25,3,1,1
38,26,5,1,1
38,27,0,1,1
38,28,2,1,1
38,29,1,1,1
38,30,5,1,1
38,31,0,1,1
38,32,1,1,1
38,33,1,1,1
39,0,47,1,1
39,1,58,1,1
39,2,16,1,1
39,3,9,1,1
39,4,10,1,1
39,5,25,1,1
39,6,0,1,1
39,7,11,1,1
39,8,4,1,1
39,9,0,1,1
39,10,8,1,1
39,11,9,1,1
39,12,0,1,1
39,13,0,1,1
39,14,0,1,1
39,15,0,1,1
39,16,0,1,1
39,17,41,1,1
39,18,24,1,1
39,19,9,1,1
39,20,18,1,1
39,21,9,1,1
39,22,3,1,1
39,23,15,1,1
39,24,1,1,1
39,25,1,1,1
39,26,9,1,1
39,27,0,1,1
39,28,6,1,1
39,29,2,1,1
39,30,12,1,1
39,31,0,1,1
39,32,3,1,1
39,33,1,1,1
40,0,40,1,1
40,1,70,1,1
40,2,14,1,1
40,3,11,1,1
40,4,11,1,1
40,5,36,1,1
40,6,0,1,1
40,7,21,1,1
40,8,1,1,1
40,9,0,1,1
40,10,5,1,1
40,11,11,1,1
40,12,0,1,1
40,13,0,1,1
40,14,0,1,1
40,15,0,1,1
40,16,2,1,1
40,17,56,1,1
40,18,31,1,1
40,19,5,1,1
40,20,14,1,1
40,21,8,1,1
40,22,6,1,1
40,23,6,1,1
40,24,2,1,1
40,25,4,1,1
40,26,11,1,1
40,27,0,1,1
40,28,9,1,1
40,29,3,1,1
40,30,4,1,1
40,31,4,1,1
40,32,4,1,1
40,33,1,1,1
41,0,65,1,1
41,1,76,1,1
41,2,29,1,1
41,3,14,1,1
41,4,15,1,1
41,5,50,1,1
41,6,0,1,1
41,7,23,1,1
41,8,4,1,1
41,9,0,1,1
41,10,7,1,1
41,11,12,1,1
41,12,0,1,1
41,13,0,1,1
41,14,0,1,1
41,15,0,1,1
41,16,2,1,1
41,17,69,1,1
41,18,46,1,1
41,19,7,1,1
41,20,18,1,1
41,21,14,1,1
41,22,11,1,1
41,23,13,1,1
41,24,0,1,1
41,25,6,1,1
41,26,14,1,1
41,27,0,1,1
41,28,16,1,1
41,29,3,1,1
41,30,3,1,1
41,31,5,1,1
41,32,9,1,1
41,33,4,1,1
42,0,93,1,1
42,1,89,1,1
42,2,30,1,1
42,3,14,1,1
42,4,17,1,1
42,5,52,1,1
42,6,0,1,1
42,7,26,1,1
42,8,5,1,1
42,9,0,1,1
42,10,9,1,1
42,11,14,1,1
42,12,0,1,1
42,13,0,1,1
42,14,0,1,1
42,15,0,1,1
42,16,2,1,1
42,17,67,1,1
42,18,36,1,1
42,19,5,1,1
42,20,33,1,1
42,21,12,1,1
42,22,5,1,1
42,23,7,1,1
42,24,1,1,1
42,25,0,1,1
42,26,10,1,1
42,27,0,1,1
42,28,8,1,1
42,29,5,1,1
42,30,3,1,1
42,31,4,1,1
42,32,9,1,1
42,33,5,1,1
43,0,0,1,1
43,1,0,1,1
43,2,0,1,1
43,3,0,1,1
43,4,0,1,1
43,5,0,1,1
43,6,0,1,1
43,7,0,1,1
43,8,0,1,1
43,9,0,1,1
43,10,0,1,1
43,11,0,1,1
43,12,0,1,1
43,13,0,1,1
43,14,0,1,1
43,15,0,1,1
43,16,0,1,1
43,17,0,1,1
43,18,0,1,1
43,19,0,1,1
43,20,0,1,1
43,21,0,1,1
43,22,0,1,1
43,23,0,1,1
43,24,0,1,1
43,25,0,1,1
43,26,0,1,1
43,27,0,1,1
43,28,0,1,1
43,29,0,1,1
43,30,0,1,1
43,31,0,1,1
43,32,0,1,1
43,33,0,1,1
44,0,125,1,1
44,1,131,1,1
44,2,33,1,1
44,3,6,1,1
44,4,13,1,1
44,5,53,1,1
44,6,0,1,1
44,7,30,1,1
44,8,12,1,1
44,9,0,1,1
44,10,7,1,1
44,11,21,1,1
44,12,0,1,1
44,13,0,1,1
44,14,0,1,1
44,15,0,1,1
44,16,0,1,1
44,17,103,1,1
44,18,67,1,1
44,19,14,1,1
44,20,35,1,1
44,21,34,1,1
44,22,4,1,1
44,23,21,1,1
44,24,1,1,1
44,25,6,1,1
44,26,10,1,1
44,27,0,1,1
44,28,12,1,1
44,29,6,1,1
44,30,15,1,1
44,31,3,1,1
44,32,15,1,1
44,33,3,1,1
45,0,113,1,1
45,1,153,1,1
45,2,40,1,1
45,3,12,1,1
45,4,18,1,1
45,5,96,1,1
45,6,0,1,1
45,7,39,1,1
45,8,14,1,1
45,9,0,1,1
45,10,6,1,1
45,11,16,1,1
45,12,0,1,1
45,13,0,1,1
45,14,0,1,1
45,15,0,1,1
45,16,3,1,1
45,17,95,1,1
45,18,52,1,1
45,19,13,1,1
45,20,25,1,1
45,21,19,1,1
45,22,8,1,1
45,23,22,1,1
45,24,0,1,1
45,25,8,1,1
45,26,18,1,1
45,27,0,1,1
45,28,8,1,1
45,29,5,1,1
45,30,4,1,1
45,31,3,1,1
45,32,7,1,1
45,33,3,1,1
46,0,125,1,1
46,1,152,1,1
46,2,48,1,1
46,3,18,1,1
46,4,17,1,1
46,5,83,1,1
46,6,0,1,1
46,7,52,1,1
46,8,6,1,1
46,9,0,1,1
46,10,12,1,1
46,11,24,1,1
46,12,0,1,1
46,13,0,1,1
46,14,0,1,1
46,15,0,1,1
46,16,3,1,1
46,17,85,1,1
46,18,50,1,1
46,19,22,1,1
46,20,19,1,1
46,21,20,1,1
46,22,7,1,1
46,23,17,1,1
46,24,2,1,1
46,25,6,1,1
46,26,19,1,1
46,27,0,1,1
46,28,8,1,1
46,29,7,1,1
46,30,10,1,1
46,31,2,1,1
46,32,7,1,1
46,33,10,1,1
47,0,112,1,1
47,1,131,1,1
47,2,44,1,1
47,3,22,1,1
47,4,24,1,1
47,5,82,1,1
47,6,0,1,1
47,7,47,1,1
47,8,10,1,1
47,9,0,1,1
47,10,4,1,1
47,11,29,1,1
47,12,0,1,1
47,13,0,1,1
47,14,0,1,1
47,15,0,1,1
47,16,1,1,1
47,17,81,1,1
47,18,51,1,1
47,19,10,1,1
47,20,20,1,1
47,21,14,1,1
47,22,4,1,1
47,23,14,1,1
47,24,4,1,1
47,25,4,1,1
47,26,16,1,1
47,27,0,1,1
47,28,9,1,1
47,29,5,1,1
47,30,13,1,1
47,31,5,1,1
47,32,4,1,1
47,33,6,1,1
48,0,126,1,1
48,1,145,1,1
48,2,56,1,1
48,3,20,1,1
48,4,16,1,1
48,5,75,1,1
48,6,0,1,1
48,7,46,1,1
48,8,11,1,1
48,9,0,1,1
48,10,21,1,1
48,11,19,1,1
48,12,0,1,1
48,13,0,1,1
48,14,0,1,1
48,15,0,1,1
48,16,2,1,1
48,17,75,1,1
48,18,61,1,1
48,19,14,1,1
48,20,24,1,1
48,21,35,1,1
48,22,2,1,1
48,23,14,1,1
48,24,2,1,1
48,25,6,1,1
48,26,12,1,1
48,27,0,1,1
48,28,23,1,1
48,29,7,1,1
48,30,15,1,1
48,31,1,1,1
48,32,4,1,1
48,33,7,1,1
49,0,148,1,1
49,1,125,1,1
49,2,59,1,1
49,3,17,1,1
49,4,13,1,1
49,5,87,1,1
49,6,0,1,1
49,7,52,1,1
49,8,11,1,1
49,9,0,1,1
49,10,10,1,1
49,11,33,1,1
49,12,0,1,1
49,13,0,1,1
49,14,0,1,1
49,15,0,1,1
49,16,3,1,1
49,17,97,1,1
49,18,50,1,1
49,19,21,1,1
49,20,32,1,1
49,21,20,1,1
49,22,6,1,1
49,23,21,1,1
49,24,0,1,1
49,25,9,1,1
49,26,20,1,1
49,27,0,1,1
49,28,7,1,1
49,29,7,1,1
49,30,16,1,1
49,31,4,1,1
49,32,4,1,1
49,33,11,1,1
50,0,123,1,1
50,1,159,1,1
50,2,62,1,1
50,3,18,1,1
50,4,11,1,1
50,5,98,1,1
50,6,0,1,1
50,7,52,1,1
50,8,10,1,1
50,9,0,1,1
50,10,14,1,1
50,11,33,1,1
50,12,0,1,1
50,13,0,1,1
50,14,0,1,1
50,15,0,1,1
50,16,4,1,1
50,17,88,1,1
50,18,65,1,1
50,19,27,1,1
50,20,21,1,1
50,21,30,1,1
50,22,8,1,1
50,23,20,1,1
50,24,1,1,1
50,25,6,1,1
50,26,13,1,1
50,27,0,1,1
50,28,10,1,1
50,29,7,1,1
50,30,12,1,1
50,31,2,1,1
50,32,11,1,1
50,33,6,1,1
51,0,167,1,1
51,1,184,1,1
51,2,51,1,1
51,3,18,1,1
51,4,10,1,1
51,5,115,1,1
51,6,0,1,1
51,7,54,1,1
51,8,9,1,1
51,9,0,1,1
51,10,12,1,1
51,11,32,1,1
51,12,0,1,1
51,13,0,1,1
51,14,0,1,1
51,15,0,1,1
51,16,6,1,1
51,17,120,1,1
51,18,69,1,1
51,19,23,1,1
51,20,33,1,1
51,21,40,1,1
51,22,15,1,1
51,23,22,1,1
51,24,1,1,1
51,25,7,1,1
51,26,15,1,1
51,27,0,1,1
51,28,13,1,1
51,29,5,1,1
51,30,8,1,1
51,31,8,1,1
51,32,5,1,1
51,33,8,1,1
52,0,163,1,1
52,1,187,1,1
52,2,55,1,1
52,3,14,1,1
52,4,8,1,1
52,5,105,1,1
52,6,0,1,1
52,7,55,1,1
52,8,14,1,1
52,9,0,1,1
52,10,6,1,1
52,11,42,1,1
52,12,0,1,1
52,13,0,1,1
52,14,0,1,1
52,15,0,1,1
52,16,6,1,1
52,17,105,1,1
52,18,73,1,1
52,19,22,1,1
52,20,30,1,1
52,21,45,1,1
52,22,12,1,1
52,23,25,1,1
52,24,0,1,1
52,25,12,1,1
52,26,15,1,1
52,27,0,1,1
52,28,10,1,1
52,29,3,1,1
52,30,7,1,1
52,31,7,1,1
52,32,5,1,1
52,33,8,1,1
53,0,115,1,1
53,1,141,1,1
53,2,65,1,1
53,3,25,1,1
53,4,16,1,1
53,5,90,1,1
53,6,0,1,1
53,7,66,1,1
53,8,3,1,1
53,9,0,1,1
53,10,5,1,1
53,11,41,1,1
53,12,0,1,1
53,13,0,1,1
53,14,0,1,1
53,15,0,1,1
53,16,2,1,1
53,17,94,1,1
53,18,66,1,1
53,19,19,1,1
53,20,24,1,1
53,21,31,1,1
53,22,7,1,1
53,23,20,1,1
53,24,0,1,1
53,25,6,1,1
53,26,12,1,1
53,27,0,1,1
53,28,6,1,1
53,29,8,1,1
53,30,13,1,1
53,31,4,1,1
53,32,8,1,1
53,33,10,1,1
54,0,156,1,1
54,1,134,1,1
54,2,64,1,1
54,3,10,1,1
54,4,10,1,1
54,5,74,1,1
54,6,0,1,1
54,7,60,1,1
54,8,5,1,1
54,9,0,1,1
54,10,9,1,1
54,11,38,1,1
54,12,0,1,1
54,13,0,1,1
54,14,0,1,1
54,15,0,1,1
54,16,3,1,1
54,17,90,1,1
54,18,77,1,1
54,19,25,1,1
54,20,21,1,1
54,21,27,1,1
54,22,18,1,1
54,23,24,1,1
54,24,0,1,1
54,25,10,1,1
54,26,19,1,1
54,27,0,1,1
54,28,19,1,1
54,29,11,1,1
54,30,9,1,1
54,31,4,1,1
54,32,8,1,1
54,33,9,1,1
55,0,116,1,1
55,1,126,1,1
55,2,73,1,1
55,3,13,1,1
55,4,8,1,1
55,5,89,1,1
55,6,0,1,1
55,7,73,1,1
55,8,1,1,1
55,9,0,1,1
55,10,21,1,1
55,11,36,1,1
55,12,0,1,1
55,13,0,1,1
55,14,0,1,1
55,15,0,1,1
55,16,4,1,1
55,17,83,1,1
55,18,92,1,1
55,19,28,1,1
55,20,32,1,1
55,21,27,1,1
55,22,21,1,1
55,23,19,1,1
55,24,0,1,1
55,25,14,1,1
55,26,18,1,1
55,27,0,1,1
55,28,14,1,1
55,29,7,1,1
55,30,22,1,1
55,31,3,1,1
55,32,9,1,1
55,33,11,1,1
56,0,0,1,1
56,1,0,1,1
56,2,0,1,1
56,3,0,1,1
56,4,0,1,1
56,5,0,1,1
56,6,0,1,1
56,7,0,1,1
56,8,0,1,1
56,9,0,1,1
56,10,0,1,1
56,11,0,1,1
56,12,0,1,1
56,13,0,1,1
56,14,0,1,1
56,15,0,1,1
56,16,0,1,1
56,17,0,1,1
56,18,0,1,1
56,19,0,1,1
56,20,0,1,1
56,21,0,1,1
56,22,0,1,1
56,23,0,1,1
56,24,0,1,1
56,25,0,1,1
56,26,0,1,1
56,27,0,1,1
56,28,0,1,1
56,29,0,1,1
56,30,0,1,1
56,31,0,1,1
56,32,0,1,1
56,33,0,1,1
57,0,130,1,1
57,1,139,1,1
57,2,60,1,1
57,3,28,1,1
57,4,11,1,1
57,5,80,1,1
57,6,0,1,1
57,7,61,1,1
57,8,8,1,1
57,9,0,1,1
57,10,10,1,1
57,11,46,1,1
57,12,0,1,1
57,13,0,1,1
57,14,0,1,1
57,15,0,1,1
57,16,1,1,1
57,17,104,1,1
57,18,80,1,1
57,19,17,1,1
57,20,32,1,1
57,21,30,1,1
57,22,8,1,1
57,23,29,1,1
57,24,1,1,1
57,25,7,1,1
57,26,18,1,1
57,27,0,1,1
57,28,18,1,1
57,29,7,1,1
57,30,9,1,1
57,31,7,1,1
57,32,11,1,1
57,33,12,1,1
58,0,127,1,1
58,1,108,1,1
58,2,71,1,1
58,3,24,1,1
58,4,12,1,1
58,5,80,1,1
58,6,0,1,1
58,7,70,1,1
58,8,5,1,1
58,9,0,1,1
58,10,19,1,1
58,11,42,1,1
58,12,0,1,1
58,13,0,1,1
58,14,0,1,1
58,15,0,1,1
58,16,7,1,1
58,17,78,1,1
58,18,78,1,1
58,19,18,1,1
58,20,29,1,1
58,21,50,1,1
58,22,11,1,1
58,23,12,1,1
58,24,2,1,1
58,25,8,1,1
58,26,14,1,1
58,27,0,1,1
58,28,15,1,1
58,29,9,1,1
58,30,20,1,1
58,31,5,1,1
58,32,12,1,1
58,33,4,1,1
59,0,120,1,1
59,1,118,1,1
59,2,68,1,1
59,3,26,1,1
59,4,15,1,1
59,5,76,1,1
59,6,0,1,1
59,7,53,1,1
59,8,9,1,1
59,9,0,1,1
59,10,19,1,1
59,11,36,1,1
59,12,0,1,1
59,13,0,1,1
59,14,0,1,1
59,15,0,1,1
59,16,7,1,1
59,17,84,1,1
59,18,94,1,1
59,19,27,1,1
59,20,34,1,1
59,21,40,1,1
59,22,7,1,1
59,23,17,1,1
59,24,0,1,1
59,25,9,1,1
59,26,26,1,1
59,27,0,1,1
59,28,23,1,1
59,29,13,1,1
59,30,12,1,1
59,31,6,1,1
59,32,8,1,1
59,33,9,1,1
60,0,121,1,1
60,1,110,1,1
60,2,70,1,1
60,3,31,1,1
60,4,16,1,1
60,5,73,1,1
60,6,0,1,1
60,7,62,1,1
60,8,8,1,1
60,9,0,1,1
60,10,14,1,1
60,11,35,1,1
60,12,0,1,1
60,13,0,1,1
60,14,0,1,1
60,15,0,1,1
60,16,6,1,1
60,17,73,1,1
60,18,91,1,1
60,19,20,1,1
60,20,33,1,1
60,21,44,1,1
60,22,7,1,1
60,23,21,1,1
60,24,1,1,1
60,25,8,1,1
60,26,23,1,1
60,27,0,1,1
60,28,18,1,1
60,29,12,1,1
60,30,16,1,1
60,31,7,1,1
60,32,9,1,1
60,33,10,1,1
61,0,154,1,1
61,1,92,1,1
61,2,72,1,1
61,3,158,1,1
61,4,13,1,1
61,5,69,1,1
61,6,0,1,1
61,7,72,1,1
61,8,40,1,1
61,9,0,1,1
61,10,19,1,1
61,11,44,1,1
61,12,0,1,1
61,13,0,1,1
61,14,0,1,1
61,15,0,1,1
61,16,3,1,1
61,17,91,1,1
61,18,102,1,1
61,19,22,1,1
61,20,27,1,1
61,21,47,1,1
61,22,8,1,1
61,23,19,1,1
61,24,0,1,1
61,25,13,1,1
61,26,25,1,1
61,27,0,1,1
61,28,12,1,1
61,29,9,1,1
61,30,16,1,1
61,31,1,1,1
61,32,12,1,1
61,33,15,1,1
62,0,118,1,1
62,1,116,1,1
62,2,80,1,1
62,3,23,1,1
62,4,14,1,1
62,5,82,1,1
62,6,0,1,1
62,7,72,1,1
62,8,3,1,1
62,9,0,1,1
62,10,18,1,1
62,11,39,1,1
62,12,0,1,1
62,13,0,1,1
62,14,0,1,1
62,15,0,1,1
62,16,2,1,1
62,17,100,1,1
62,18,94,1,1
62,19,19,1,1
62,20,32,1,1
62,21,38,1,1
62,22,6,1,1
62,23,28,1,1
62,24,3,1,1
62,25,11,1,1
62,26,25,1,1
62,27,0,1,1
62,28,17,1,1
62,29,19,1,1
62,30,18,1,1
62,31,6,1,1
62,32,12,1,1
62,33,14,1,1
63,0,147,1,1
63,1,105,1,1
63,2,91,1,1
63,3,19,1,1
63,4,12,1,1
63,5,73,1,1
63,6,0,1,1
63,7,94,1,1
63,8,2,1,1
63,9,0,1,1
63,10,14,1,1
63,11,57,1,1
63,12,0,1,1
63,13,0,1,1
63,14,0,1,1
63,15,0,1,1
63,16,10,1,1
63,17,95,1,1
63,18,109,1,1
63,19,17,1,1
63,20,23,1,1
63,21,59,1,1
63,22,6,1,1
63,23,19,1,1
63,24,3,1,1
63,25,12,1,1
63,26,27,1,1
63,27,0,1,1
63,28,24,1,1
63,29,27,1,1
63,30,18,1,1
63,31,4,1,1
63,32,17,1,1
63,33,11,1,1
64,0,106,1,1
64,1,98,1,1
64,2,78,1,1
64,3,26,1,1
64,4,13,1,1
64,5,69,1,1
64,6,0,1,1
64,7,86,1,1
64,8,6,1,1
64,9,0,1,1
64,10,18,1,1
64,11,52,1,1
64,12,0,1,1
64,13,0,1,1
64,14,0,1,1
64,15,0,1,1
64,16,7,1,1
64,17,104,1,1
64,18,96,1,1
64,19,12,1,1
64,20,28,1,1
64,21,57,1,1
64,22,6,1,1
64,23,20,1,1
64,24,3,1,1
64,25,10,1,1
64,26,19,1,1
64,27,0,1,1
64,28,18,1,1
64,29,23,1,1
64,30,11,1,1
64,31,1,1,1
64,32,21,1,1
64,33,18,1,1
65,0,131,1,1
65,1,144,1,1
65,2,72,1,1
65,3,33,1,1
65,4,10,1,1
65,5,111,1,1
65,6,0,1,1
65,7,80,1,1
65,8,4,1,1
65,9,0,1,1
65,10,14,1,1
65,11,61,1,1
65,12,0,1,1
65,13,0,1,1
65,14,0,1,1
65,15,0,1,1
65,16,9,1,1
65,17,113,1,1
65,18,100,1,1
65,19,30,1,1
65,20,32,1,1
65,21,43,1,1
65,22,10,1,1
65,23,26,1,1
65,24,2,1,1
65,25,11,1,1
65,26,15,1,1
65,27,0,1,1
65,28,15,1,1
65,29,8,1,1
65,30,21,1,1
65,31,0,1,1
65,32,14,1,1
65,33,14,1,1
66,0,108,1,1
66,1,107,1,1
66,2,69,1,1
66,3,30,1,1
66,4,16,1,1
66,5,77,1,1
66,6,0,1,1
66,7,65,1,1
66,8,3,1,1
66,9,0,1,1
66,10,13,1,1
66,11,44,1,1
66,12,0,1,1
66,13,0,1,1
66,14,0,1,1
66,15,0,1,1
66,16,7,1,1
66,17,118,1,1
66,18,94,1,1
66,19,20,1,1
66,20,22,1,1
66,21,42,1,1
66,22,14,1,1
66,23,31,1,1
66,24,2,1,1
66,25,18,1,1
66,26,28,1,1
66,27,0,1,1
66,28,25,1,1
66,29,10,1,1
66,30,22,1,1
66,31,4,1,1
66,32,11,1,1
66,33,11,1,1
67,0,128,1,1
67,1,116,1,1
67,2,75,1,1
67,3,30,1,1
67,4,5,1,1
67,5,77,1,1
67,6,0,1,1
67,7,89,1,1
67,8,18,1,1
67,9,0,1,1
67,10,14,1,1
67,11,43,1,1
67,12,0,1,1
67,13,0,1,1
67,14,0,1,1
67,15,0,1,1
67,16,1,1,1
67,17,92,1,1
67,18,109,1,1
67,19,22,1,1
67,20,22,1,1
67,21,42,1,1
67,22,13,1,1
67,23,31,1,1
67,24,6,1,1
67,25,11,1,1
67,26,16,1,1
67,27,0,1,1
67,28,18,1,1
67,29,14,1,1
67,30,21,1,1
67,31,9,1,1
67,32,8,1,1
67,33,16,1,1
68,0,136,1,1
68,1,140,1,1
68,2,67,1,1
68,3,35,1,1
68,4,15,1,1
68,5,64,1,1
68,6,0,1,1
68,7,89,1,1
68,8,4,1,1
68,9,0,1,1
68,10,9,1,1
68,11,55,1,1
68,12,0,1,1
68,13,0,1,1
68,14,0,1,1
68,15,0,1,1
68,16,4,1,1
68,17,98,1,1
68,18,92,1,1
68,19,27,1,1
68,20,31,1,1
68,21,33,1,1
68,22,13,1,1
68,23,27,1,1
68,24,1,1,1
68,25,15,1,1
68,26,18,1,1
68,27,0,1,1
68,28,18,1,1
68,29,8,1,1
68,30,18,1,1
68,31,10,1,1
68,32,8,1,1
68,33,11,1,1
69,0,154,1,1
69,1,109,1,1
69,2,64,1,1
69,3,26,1,1
69,4,13,1,1
69,5,91,1,1
69,6,0,1,1
69,7,87,1,1
69,8,7,1,1
69,9,0,1,1
69,10,21,1,1
69,11,55,1,1
69,12,0,1,1
69,13,0,1,1
69,14,0,1,1
69,15,0,1,1
69,16,11,1,1
69,17,126,1,1
69,18,145,1,1
69,19,24,1,1
69,20,36,1,1
69,21,159,1,1
69,22,16,1,1
69,23,33,1,1
69,24,2,1,1
69,25,10,1,1
69,26,26,1,1
69,27,0,1,1
69,28,18,1,1
69,29,7,1,1
69,30,29,1,1
69,31,22,1,1
69,32,27,1,1
69,33,8,1,1
70,0,154,1,1
70,1,135,1,1
70,2,69,1,1
70,3,52,1,1
70,4,10,1,1
70,5,97,1,1
70,6,0,1,1
70,7,88,1,1
70,8,8,1,1
70,9,0,1,1
70,10,16,1,1
70,11,59,1,1
70,12,0,1,1
70,13,0,1,1
70,14,0,1,1
70,15,0,1,1
70,16,9,1,1
70,17,119,1,1
70,18,128,1,1
70,19,32,1,1
70,20,42,1,1
70,21,169,1,1
70,22,16,1,1
70,23,40,1,1
70,24,3,1,1
70,25,15,1,1
70,26,27,1,1
70,27,0,1,1
70,28,19,1,1
70,29,8,1,1
70,30,23,1,1
70,31,22,1,1
70,32,24,1,1
70,33,9,1,1
71,0,151,1,1
71,1,120,1,1
71,2,90,1,1
71,3,83,1,1
71,4,17,1,1
71,5,91,1,1
71,6,0,1,1
71,7,83,1,1
71,8,8,1,1
71,9,0,1,1
71,10,10,1,1
71,11,58,1,1
71,12,0,1,1
71,13,0,1,1
71,14,0,1,1
71,15,0,1,1
71,16,6,1,1
71,17,94,1,1
71,18,121,1,1
71,19,32,1,1
71,20,40,1,1
71,21,37,1,1
71,22,11,1,1
71,23,35,1,1
71,24,1,1,1
71,25,14,1,1
71,26,25,1,1
71,27,0,1,1
71,28,23,1,1
71,29,14,1,1
71,30,25,1,1
71,31,19,1,1
71,32,20,1,1
71,33,18,1,1
72,0,160,1,1
72,1,135,1,1
72,2,96,1,1
72,3,34,1,1
72,4,32,1,1
72,5,76,1,1
72,6,0,1,1
72,7,107,1,1
72,8,7,1,1
72,9,0,1,1
72,10,20,1,1
72,11,58,1,1
72,12,0,1,1
72,13,0,1,1
72,14,0,1,1
72,15,0,1,1
72,16,8,1,1
72,17,118,1,1
72,18,125,1,1
72,19,23,1,1
72,20,32,1,1
72,21,61,1,1
72,22,17,1,1
72,23,28,1,1
72,24,2,1,1
72,25,17,1,1
72,26,25,1,1
72,27,0,1,1
72,28,23,1,1
72,29,15,1,1
72,30,15,1,1
72,31,26,1,1
72,32,25,1,1
72,33,14,1,1
73,0,167,1,1
73,1,136,1,1
73,2,96,1,1
73,3,31,1,1
73,4,19,1,1
73,5,98,1,1
73,6,0,1,1
73,7,96,1,1
73,8,6,1,1
73,9,0,1,1
73,10,15,1,1
73,11,86,1,1
73,12,0,1,1
73,13,0,1,1
73,14,0,1,1
73,15,0,1,1
73,16,6,1,1
73,17,123,1,1
73,18,123,1,1
73,19,36,1,1
73,20,33,1,1
73,21,55,1,1
73,22,24,1,1
73,23,35,1,1
73,24,3,1,1
73,25,21,1,1
73,26,30,1,1
73,27,0,1,1
73,28,17,1,1
73,29,23,1,1
73,30,31,1,1
73,31,22,1,1
73,32,26,1,1
73,33,16,1,1
74,0,162,1,1
74,1,167,1,1
74,2,101,1,1
74,3,29,1,1
74,4,19,1,1
74,5,107,1,1
74,6,0,1,1
74,7,106,1,1
74,8,5,1,1
74,9,0,1,1
74,10,14,1,1
74,11,82,1,1
74,12,0,1,1
74,13,0,1,1
74,14,0,1,1
74,15,0,1,1
74,16,10,1,1
74,17,116,1,1
74,18,124,1,1
74,19,34,1,1
74,20,38,1,1
74,21,64,1,1
74,22,18,1,1
74,23,38,1,1
74,24,1,1,1
74,25,20,1,1
74,26,29,1,1
74,27,0,1,1
74,28,18,1,1
74,29,17,1,1
74,30,34,1,1
74,31,31,1,1
74,32,16,1,1
74,33,19,1,1
75,0,0,1,1
75,1,0,1,1
75,2,0,1,1
75,3,0,1,1
75,4,0,1,1
75,5,0,1,1
75,6,0,1,1
75,7,0,1,1
75,8,0,1,1
75,9,0,1,1
75,10,0,1,1
75,11,0,1,1
75,12,0,1,1
75,13,0,1,1
75,14,0,1,1
75,15,0,1,1
75,16,0,1,1
75,17,0,1,1
75,18,0,1,1
75,19,0,1,1
75,20,0,1,1
75,21,0,1,1
75,22,0,1,1
75,23,0,1,1
75,24,0,1,1
75,25,0,1,1
75,26,0,1,1
75,27,0,1,1
75,28,0,1,1
75,29,0,1,1
75,30,0,1,1
75,31,0,1,1
75,32,0,1,1
75,33,0,1,1
76,0,158,1,1
76,1,155,1,1
76,2,91,1,1
76,3,42,1,1
76,4,21,1,1
76,5,91,1,1
76,6,0,1,1
76,7,103,1,1
76,8,5,1,1
76,9,0,1,1
76,10,21,1,1
76,11,70,1,1
76,12,0,1,1
76,13,0,1,1
76,14,0,1,1
76,15,0,1,1
76,16,5,1,1
76,17,127,1,1
76,18,159,1,1
76,19,31,1,1
76,20,47,1,1
76,21,76,1,1
76,22,9,1,1
76,23,30,1,1
76,24,4,1,1
76,25,21,1,1
76,26,24,1,1
76,27,0,1,1
76,28,32,1,1
76,29,17,1,1
76,30,23,1,1
76,31,20,1,1
76,32,20,1,1
76,33,17,1,1
77,0,135,1,1
77,1,147,1,1
77,2,102,1,1
77,3,33,1,1
77,4,18,1,1
77,5,105,1,1
77,6,0,1,1
77,7,107,1,1
77,8,6,1,1
77,9,0,1,1
77,10,11,1,1
77,11,76,1,1
77,12,0,1,1
77,13,0,1,1
77,14,0,1,1
77,15,0,1,1
77,16,11,1,1
77,17,123,1,1
77,18,131,1,1
77,19,40,1,1
77,20,39,1,1
77,21,52,1,1
77,22,13,1,1
77,23,40,1,1
77,24,3,1,1
77,25,18,1,1
77,26,29,1,1
77,27,0,1,1
77,28,18,1,1
77,29,20,1,1
77,30,29,1,1
77,31,25,1,1
77,32,20,1,1
77,33,23,1,1
78,0,152,1,1
78,1,155,1,1
78,2,111,1,1
78,3,36,1,1
78,4,16,1,1
78,5,104,1,1
78,6,0,1,1
78,7,114,1,1
78,8,3,1,1
78,9,0,1,1
78,10,10,1,1
78,11,70,1,1
78,12,0,1,1
78,13,0,1,1
78,14,0,1,1
78,15,0,1,1
78,16,9,1,1
78,17,126,1,1
78,18,142,1,1
78,19,34,1,1
78,20,41,1,1
78,21,56,1,1
78,22,12,1,1
78,23,28,1,1
78,24,3,1,1
78,25,18,1,1
78,26,30,1,1
78,27,0,1,1
78,28,21,1,1
78,29,24,1,1
78,30,25,1,1
78,31,26,1,1
78,32,30,1,1
78,33,22,1,1
79,0,167,1,1
79,1,150,1,1
79,2,91,1,1
79,3,38,1,1
79,4,16,1,1
79,5,100,1,1
79,6,0,1,1
79,7,128,1,1
79,8,4,1,1
79,9,0,1,1
79,10,11,1,1
79,11,77,1,1
79,12,0,1,1
79,13,0,1,1
79,14,0,1,1
79,15,0,1,1
79,16,2,1,1
79,17,158,1,1
79,18,134,1,1
79,19,48,1,1
79,20,42,1,1
79,21,63,1,1
79,22,17,1,1
79,23,37,1,1
79,24,3,1,1
79,25,17,1,1
79,26,31,1,1
79,27,0,1,1
79,28,17,1,1
79,29,22,1,1
79,30,25,1,1
79,31,26,1,1
79,32,40,1,1
79,33,20,1,1
80,0,167,1,1
80,1,195,1,1
80,2,93,1,1
80,3,68,1,1
80,4,35,1,1
80,5,123,1,1
80,6,0,1,1
80,7,119,1,1
80,8,8,1,1
80,9,0,1,1
80,10,19,1,1
80,11,75,1,1
80,12,0,1,1
80,13,0,1,1
80,14,0,1,1
80,15,0,1,1
80,16,4,1,1
80,17,154,1,1
80,18,160,1,1
80,19,36,1,1
80,20,52,1,1
80,21,69,1,1
80,22,11,1,1
80,23,56,1,1
80,24,2,1,1
80,25,20,1,1
80,26,29,1,1
80,27,0,1,1
80,28,22,1,1
80,29,24,1,1
80,30,36,1,1
80,31,15,1,1
80,32,39,1,1
80,33,19,1,1
81,0,0,1,1
81,1,0,1,1
81,2,0,1,1
81,3,0,1,1
81,4,0,1,1
81,5,0,1,1
81,6,0,1,1
81,7,0,1,1
81,8,0,1,1
81,9,0,1,1
81,10,0,1,1
81,11,0,1,1
81,12,0,1,1
81,13,0,1,1
81,14,0,1,1
81,15,0,1,1
81,16,0,1,1
81,17,0,1,1
81,18,0,1,1
81,19,0,1,1
81,20,0,1,1
81,21,0,1,1
81,22,0,1,1
81,23,0,1,1
81,24,0,1,1
81,25,0,1,1
81,26,0,1,1
81,27,0,1,1
81,28,0,1,1
81,29,0,1,1
81,30,0,1,1
81,31,0,1,1
81,32,0,1,1
81,33,0,1,1
82,0,148,1,1
82,1,198,1,1
82,2,104,1,1
82,3,33,1,1
82,4,26,1,1
82,5,123,1,1
82,6,0,1,1
82,7,102,1,1
82,8,6,1,1
82,9,0,1,1
82,10,19,1,1
82,11,76,1,1
82,12,0,1,1
82,13,0,1,1
82,14,0,1,1
82,15,0,1,1
82,16,9,1,1
82,17,115,1,1
82,18,172,1,1
82,19,38,1,1
82,20,51,1,1
82,21,73,1,1
82,22,20,1,1
82,23,39,1,1
82,24,5,1,1
82,25,21,1,1
82,26,20,1,1
82,27,0,1,1
82,28,26,1,1
82,29,29,1,1
82,30,28,1,1
82,31,22,1,1
82,32,42,1,1
82,33,14,1,1
83,0,0,1,1
83,1,0,1,1
83,2,0,1,1
83,3,0,1,1
83,4,0,1,1
83,5,0,1,1
83,6,0,1,1
83,7,0,1,1
83,8,0,1,1
83,9,0,1,1
83,10,0,1,1
83,11,0,1,1
83,12,0,1,1
83,13,0,1,1
83,14,0,1,1
83,15,0,1,1
83,16,0,1,1
83,17,0,1,1
83,18,0,1,1
83,19,0,1,1
83,20,0,1,1
83,21,0,1,1
83,22,0,1,1
83,23,0,1,1
83,24,0,1,1
83,25,0,1,1
83,26,0,1,1
83,27,0,1,1
83,28,0,1,1
83,29,0,1,1
83,30,0,1,1
83,31,0,1,1
83,32,0,1,1
83,33,0,1,1
84,0,150,1,1
84,1,169,1,1
84,2,123,1,1
84,3,31,1,1
84,4,26,1,1
84,5,96,1,1
84,6,0,1,1
84,7,92,1,1
84,8,3,1,1
84,9,0,1,1
84,10,20,1,1
84,11,74,1,1
84,12,0,1,1
84,13,0,1,1
84,14,0,1,1
84,15,0,1,1
84,16,10,1,1
84,17,103,1,1
84,18,161,1,1
84,19,32,1,1
84,20,44,1,1
84,21,137,1,1
84,22,9,1,1
84,23,42,1,1
84,24,7,1,1
84,25,11,1,1
84,26,19,1,1
84,27,0,1,1
84,28,27,1,1
84,29,19,1,1
84,30,31,1,1
84,31,24,1,1
84,32,29,1,1
84,33,13,1,1
85,0,157,1,1
85,1,127,1,1
85,2,117,1,1
85,3,37,1,1
85,4,15,1,1
85,5,81,1,1
85,6,0,1,1
85,7,135,1,1
85,8,5,1,1
85,9,0,1,1
85,10,10,1,1
85,11,74,1,1
85,12,0,1,1
85,13,0,1,1
85,14,0,1,1
85,15,0,1,1
85,16,8,1,1
85,17,122,1,1
85,18,157,1,1
85,19,40,1,1
85,20,48,1,1
85,21,50,1,1
85,22,13,1,1
85,23,35,1,1
85,24,3,1,1
85,25,20,1,1
85,26,28,1,1
85,27,0,1,1
85,28,15,1,1
85,29,13,1,1
85,30,29,1,1
85,31,12,1,1
85,32,26,1,1
85,33,8,1,1
86,0,141,1,1
86,1,126,1,1
86,2,106,1,1
86,3,32,1,1
86,4,14,1,1
86,5,97,1,1
86,6,0,1,1
86,7,117,1,1
86,8,10,1,1
86,9,0,1,1
86,10,12,1,1
86,11,75,1,1
86,12,0,1,1
86,13,0,1,1
86,14,0,1,1
86,15,0,1,1
86,16,6,1,1
86,17,118,1,1
86,18,144,1,1
86,19,34,1,1
86,20,44,1,1
86,21,56,1,1
86,22,15,1,1
86,23,41,1,1
86,24,1,1,1
86,25,15,1,1
86,26,13,1,1
86,27,0,1,1
86,28,23,1,1
86,29,13,1,1
86,30,31,1,1
86,31,6,1,1
86,32,18,1,1
86,33,12,1,1
87,0,160,1,1
87,1,163,1,1
87,2,91,1,1
87,3,43,1,1
87,4,22,1,1
87,5,103,1,1
87,6,0,1,1
87,7,115,1,1
87,8,4,1,1
87,9,0,1,1
87,10,15,1,1
87,11,82,1,1
87,12,0,1,1
87,13,0,1,1
87,14,0,1,1
87,15,0,1,1
87,16,7,1,1
87,17,104,1,1
87,18,152,1,1
87,19,42,1,1
87,20,41,1,1
87,21,54,1,1
87,22,9,1,1
87,23,30,1,1
87,24,1,1,1
87,25,17,1,1
87,26,16,1,1
87,27,0,1,1
87,28,26,1,1
87,29,17,1,1
87,30,33,1,1
87,31,6,1,1
87,32,22,1,1
87,33,14,1,1
88,0,145,1,1
88,1,153,1,1
88,2,98,1,1
88,3,95,1,1
88,4,26,1,1
88,5,88,1,1
88,6,0,1,1
88,7,97,1,1
88,8,9,1,1
88,9,0,1,1
88,10,18,1,1
88,11,68,1,1
88,12,0,1,1
88,13,0,1,1
88,14,0,1,1
88,15,0,1,1
88,16,7,1,1
88,17,110,1,1
88,18,151,1,1
88,19,34,1,1
88,20,45,1,1
88,21,52,1,1
88,22,17,1,1
88,23,43,1,1
88,24,5,1,1
88,25,18,1,1
88,26,19,1,1
88,27,0,1,1
88,28,16,1,1
88,29,15,1,1
88,30,27,1,1
88,31,4,1,1
88,32,25,1,1
88,33,13,1,1
89,0,148,1,1
89,1,136,1,1
89,2,110,1,1
89,3,31,1,1
89,4,22,1,1
89,5,97,1,1
89,6,0,1,1
89,7,121,1,1
89,8,7,1,1
89,9,0,1,1
89,10,17,1,1
89,11,61,1,1
89,12,0,1,1
89,13,0,1,1
89,14,0,1,1
89,15,0,1,1
89,16,10,1,1
89,17,121,1,1
89,18,134,1,1
89,19,44,1,1
89,20,39,1,1
89,21,67,1,1
89,22,13,1,1
89,23,31,1,1
89,24,4,1,1
89,25,14,1,1
89,26,28,1,1
89,27,0,1,1
89,28,14,1,1
89,29,31,1,1
89,30,26,1,1
89,31,7,1,1
89,32,22,1,1
89,33,17,1,1
90,0,155,1,1
90,1,125,1,1
90,2,103,1,1
90,3,53,1,1
90,4,21,1,1
90,5,98,1,1
90,6,0,1,1
90,7,105,1,1
90,8,8,1,1
90,9,0,1,1
90,10,18,1,1
90,11,69,1,1
90,12,0,1,1
90,13,0,1,1
90,14,0,1,1
90,15,0,1,1
90,16,5,1,1
90,17,116,1,1
90,18,173,1,1
90,19,36,1,1
90,20,40,1,1
90,21,90,1,1
90,22,7,1,1
90,23,33,1,1
90,24,4,1,1
90,25,11,1,1
90,26,25,1,1
90,27,0,1,1
90,28,17,1,1
90,29,21,1,1
90,30,26,1,1
90,31,8,1,1
90,32,10,1,1
90,33,19,1,1
91,0,154,1,1
91,1,118,1,1
91,2,102,1,1
91,3,30,1,1
91,4,21,1,1
91,5,90,1,1
91,6,0,1,1
91,7,123,1,1
91,8,7,1,1
91,9,0,1,1
91,10,15,1,1
91,11,87,1,1
91,12,0,1,1
91,13,0,1,1
91,14,0,1,1
91,15,0,1,1
91,16,4,1,1
91,17,130,1,1
91,18,142,1,1
91,19,34,1,1
91,20,40,1,1
91,21,67,1,1
91,22,11,1,1
91,23,32,1,1
91,24,4,1,1
91,25,16,1,1
91,26,23,1,1
91,27,0,1,1
91,28,37,1,1
91,29,16,1,1
91,30,23,1,1
91,31,7,1,1
91,32,27,1,1
91,33,13,1,1
92,0,115,1,1
92,1,130,1,1
92,2,91,1,1
92,3,32,1,1
92,4,27,1,1
92,5,97,1,1
92,6,0,1,1
92,7,106,1,1
92,8,11,1,1
92,9,0,1,1
92,10,10,1,1
92,11,77,1,1
92,12,0,1,1
92,13,0,1,1
92,14,0,1,1
92,15,0,1,1
92,16,2,1,1
92,17,122,1,1
92,18,158,1,1
92,19,32,1,1
92,20,36,1,1
92,21,54,1,1
92,22,10,1,1
92,23,40,1,1
92,24,5,1,1
92,25,18,1,1
92,26,24,1,1
92,27,0,1,1
92,28,28,1,1
92,29,25,1,1
92,30,32,1,1
92,31,8,1,1
92,32,26,1,1
92,33,10,1,1
93,0,176,1,1
93,1,137,1,1
93,2,120,1,1
93,3,39,1,1
93,4,21,1,1
93,5,121,1,1
93,6,0,1,1
93,7,119,1,1
93,8,4,1,1
93,9,0,1,1
93,10,7,1,1
93,11,78,1,1
93,12,0,1,1
93,13,0,1,1
93,14,0,1,1
93,15,0,1,1
93,16,7,1,1
93,17,127,1,1
93,18,173,1,1
93,19,41,1,1
93,20,36,1,1
93,21,72,1,1
93,22,14,1,1
93,23,42,1,1
93,24,1,1,1
93,25,20,1,1
93,26,28,1,1
93,27,0,1,1
93,28,23,1,1
93,29,19,1,1
93,30,26,1,1
93,31,8,1,1
93,32,22,1,1
93,33,18,1,1
94,0,141,1,1
94,1,127,1,1
94,2,100,1,1
94,3,52,1,1
94,4,26,1,1
94,5,104,1,1
94,6,0,1,1
94,7,132,1,1
94,8,5,1,1
94,9,0,1,1
94,10,9,1,1
94,11,76,1,1
94,12,0,1,1
94,13,0,1,1
94,14,0,1,1
94,15,0,1,1
94,16,5,1,1
94,17,131,1,1
94,18,157,1,1
94,19,34,1,1
94,20,42,1,1
94,21,62,1,1
94,22,10,1,1
94,23,35,1,1
94,24,6,1,1
94,25,21,1,1
94,26,22,1,1
94,27,0,1,1
94,28,32,1,1
94,29,24,1,1
94,30,18,1,1
94,31,9,1,1
94,32,18,1,1
94,33,19,1,1
95,0,138,1,1
95,1,131,1,1
95,2,95,1,1
95,3,52,1,1
95,4,20,1,1
95,5,98,1,1
95,6,0,1,1
95,7,99,1,1
95,8,5,1,1
95,9,0,1,1
95,10,16,1,1
95,11,78,1,1
95,12,0,1,1
95,13,0,1,1
95,14,0,1,1
95,15,0,1,1
95,16,2,1,1
95,17,121,1,1
95,18,140,1,1
95,19,38,1,1
95,20,35,1,1
95,21,58,1,1
95,22,14,1,1
95,23,24,1,1
95,24,4,1,1
95,25,17,1,1
95,26,29,1,1
95,27,0,1,1
95,28,36,1,1
95,29,21,1,1
95,30,20,1,1
95,31,4,1,1
95,32,20,1,1
95,33,17,1,1
96,0,158,1,1
96,1,130,1,1
96,2,102,1,1
96,3,41,1,1
96,4,26,1,1
96,5,97,1,1
96,6,0,1,1
96,7,117,1,1
96,8,27,1,1
96,9,0,1,1
96,10,24,1,1
96,11,59,1,1
96,12,0,1,1
96,13,0,1,1
96,14,0,1,1
96,15,0,1,1
96,16,7,1,1
96,17,153,1,1
96,18,154,1,1
96,19,40,1,1
96,20,43,1,1
96,21,65,1,1
96,22,16,1,1
96,23,42,1,1
96,24,5,1,1
96,25,18,1,1
96,26,27,1,1
96,27,0,1,1
96,28,25,1,1
96,29,13,1,1
96,30,31,1,1
96,31,3,1,1
96,32,25,1,1
96,33,20,1,1
97,0,0,1,1
97,1,0,1,1
97,2,0,1,1
97,3,0,1,1
97,4,0,1,1
97,5,0,1,1
97,6,0,1,1
97,7,0,1,1
97,8,0,1,1
97,9,0,1,1
97,10,0,1,1
97,11,0,1,1
97,12,0,1,1
97,13,0,1,1
97,14,0,1,1
97,15,0,1,1
97,16,0,1,1
97,17,0,1,1
97,18,0,1,1
97,19,0,1,1
97,20,0,1,1
97,21,0,1,1
97,22,0,1,1
97,23,0,1,1
97,24,0,1,1
97,25,0,1,1
97,26,0,1,1
97,27,0,1,1
97,28,0,1,1
97,29,0,1,1
97,30,0,1,1
97,31,0,1,1
97,32,0,1,1
97,33,0,1,1
98,0,123,1,1
98,1,141,1,1
98,2,105,1,1
98,3,40,1,1
98,4,19,1,1
98,5,99,1,1
98,6,0,1,1
98,7,124,1,1
98,8,5,1,1
98,9,0,1,1
98,10,20,1,1
98,11,95,1,1
98,12,0,1,1
98,13,0,1,1
98,14,0,1,1
98,15,0,1,1
98,16,6,1,1
98,17,124,1,1
98,18,168,1,1
98,19,34,1,1
98,20,36,1,1
98,21,56,1,1
98,22,17,1,1
98,23,26,1,1
98,24,4,1,1
98,25,13,1,1
98,26,29,1,1
98,27,0,1,1
98,28,32,1,1
98,29,26,1,1
98,30,23,1,1
98,31,7,1,1
98,32,21,1,1
98,33,24,1,1
99,0,145,1,1
99,1,126,1,1
99,2,112,1,1
99,3,45,1,1
99,4,23,1,1
99,5,94,1,1
99,6,0,1,1
99,7,128,1,1
99,8,2,1,1
99,9,0,1,1
99,10,20,1,1
99,11,77,1,1
99,12,0,1,1
99,13,0,1,1
99,14,0,1,1
99,15,0,1,1
99,16,4,1,1
99,17,142,1,1
99,18,158,1,1
99,19,36,1,1
99,20,33,1,1
99,21,47,1,1
99,22,11,1,1
99,23,34,1,1
99,24,3,1,1
99,25,12,1,1
99,26,36,1,1
99,27,0,1,1
99,28,26,1,1
99,29,18,1,1
99,30,25,1,1
99,31,6,1,1
99,32,25,1,1
99,33,16,1,1
100,0,133,1,1
100,1,156,1,1
100,2,85,1,1
100,3,48,1,1
100,4,19,1,1
100,5,107,1,1
100,6,0,1,1
100,7,118,1,1
100,8,5,1,1
100,9,0,1,1
100,10,21,1,1
100,11,68,1,1
100,12,0,1,1
100,13,0,1,1
100,14,0,1,1
100,15,0,1,1
100,16,8,1,1
100,17,158,1,1
100,18,158,1,1
100,19,46,1,1
100,20,29,1,1
100,21,54,1,1
100,22,19,1,1
100,23,42,1,1
100,24,4,1,1
100,25,24,1,1
100,26,23,1,1
100,27,0,1,1
100,28,33,1,1
100,29,19,1,1
100,30,32,1,1
100,31,5,1,1
100,32,31,1,1
100,33,7,1,1
101,0,147,1,1
101,1,153,1,1
101,2,101,1,1
101,3,64,1,1
101,4,22,1,1
101,5,105,1,1
101,6,0,1,1
101,7,132,1,1
101,8,4,1,1
101,9,0,1,1
101,10,14,1,1
101,11,87,1,1
101,12,0,1,1
101,13,0,1,1
101,14,0,1,1
101,15,0,1,1
101,16,6,1,1
101,17,144,1,1
101,18,144,1,1
101,19,35,1,1
101,20,24,1,1
101,21,86,1,1
101,22,17,1,1
101,23,12,1,1
101,24,5,1,1
101,25,15,1,1
101,26,16,1,1
101,27,0,1,1
101,28,24,1,1
101,29,11,1,1
101,30,21,1,1
101,31,5,1,1
101,32,22,1,1
101,33,8,1,1
102,0,166,1,1
102,1,145,1,1
102,2,112,1,1
102,3,52,1,1
102,4,26,1,1
102,5,82,1,1
102,6,0,1,1
102,7,110,1,1
102,8,5,1,1
102,9,0,1,1
102,10,16,1,1
102,11,79,1,1
102,12,0,1,1
102,13,0,1,1
102,14,0,1,1
102,15,0,1,1
102,16,3,1,1
102,17,135,1,1
102,18,145,1,1
102,19,34,1,1
102,20,32,1,1
102,21,86,1,1
102,22,16,1,1
102,23,31,1,1
102,24,2,1,1
102,25,16,1,1
102,26,11,1,1
102,27,0,1,1
102,28,29,1,1
102,29,14,1,1
102,30,22,1,1
102,31,5,1,1
102,32,21,1,1
102,33,9,1,1
103,0,143,1,1
103,1,144,1,1
103,2,96,1,1
103,3,59,1,1
103,4,30,1,1
103,5,87,1,1
103,6,0,1,1
103,7,125,1,1
103,8,4,1,1
103,9,0,1,1
103,10,14,1,1
103,11,92,1,1
103,12,0,1,1
103,13,0,1,1
103,14,0,1,1
103,15,0,1,1
103,16,5,1,1
103,17,150,1,1
103,18,157,1,1
103,19,47,1,1
103,20,40,1,1
103,21,60,1,1
103,22,15,1,1
103,23,41,1,1
103,24,3,1,1
103,25,16,1,1
103,26,26,1,1
103,27,0,1,1
103,28,20,1,1
103,29,29,1,1
103,30,26,1,1
103,31,4,1,1
103,32,23,1,1
103,33,16,1,1
104,0,154,1,1
104,1,114,1,1
104,2,124,1,1
104,3,55,1,1
104,4,29,1,1
104,5,92,1,1
104,6,0,1,1
104,7,122,1,1
104,8,10,1,1
104,9,0,1,1
104,10,21,1,1
104,11,78,1,1
104,12,0,1,1
104,13,0,1,1
104,14,0,1,1
104,15,0,1,1
104,16,7,1,1
104,17,146,1,1
104,18,186,1,1
104,19,43,1,1
104,20,39,1,1
104,21,64,1,1
104,22,12,1,1
104,23,34,1,1
104,24,3,1,1
104,25,21,1,1
104,26,27,1,1
104,27,0,1,1
104,28,28,1,1
104,29,22,1,1
104,30,32,1,1
104,31,8,1,1
104,32,24,1,1
104,33,11,1,1
105,0,137,1,1
105,1,163,1,1
105,2,106,1,1
105,3,54,1,1
105,4,22,1,1
105,5,103,1,1
105,6,0,1,1
105,7,123,1,1
105,8,13,1,1
105,9,0,1,1
105,10,13,1,1
105,11,86,1,1
105,12,0,1,1
105,13,0,1,1
105,14,0,1,1
105,15,0,1,1
105,16,1,1,1
105,17,149,1,1
105,18,142,1,1
105,19,46,1,1
105,20,44,1,1
105,21,69,1,1
105,22,17,1,1
105,23,43,1,1
105,24,5,1,1
105,25,22,1,1
105,26,30,1,1
105,27,0,1,1
105,28,25,1,1
105,29,27,1,1
105,30,23,1,1
105,31,10,1,1
105,32,28,1,1
105,33,18,1,1
106,0,163,1,1
106,1,136,1,1
106,2,118,1,1
106,3,48,1,1
106,4,26,1,1
106,5,97,1,1
106,6,0,1,1
106,7,143,1,1
106,8,7,1,1
106,9,0,1,1
106,10,14,1,1
106,11,74,1,1
106,12,0,1,1
106,13,0,1,1
106,14,0,1,1
106,15,0,1,1
106,16,10,1,1
106,17,143,1,1
106,18,187,1,1
106,19,47,1,1
106,20,43,1,1
106,21,64,1,1
106,22,19,1,1
106,23,40,1,1
106,24,3,1,1
106,25,17,1,1
106,26,25,1,1
106,27,0,1,1
106,28,40,1,1
106,29,27,1,1
106,30,30,1,1
106,31,5,1,1
106,32,37,1,1
106,33,12,1,1
107,0,162,1,1
107,1,128,1,1
107,2,125,1,1
107,3,50,1,1
107,4,32,1,1
107,5,102,1,1
107,6,0,1,1
107,7,131,1,1
107,8,7,1,1
107,9,0,1,1
107,10,17,1,1
107,11,100,1,1
107,12,0,1,1
107,13,0,1,1
107,14,0,1,1
107,15,0,1,1
107,16,9,1,1
107,17,132,1,1
107,18,194,1,1
107,19,51,1,1
107,20,40,1,1
107,21,71,1,1
107,22,12,1,1
107,23,41,1,1
107,24,4,1,1
107,25,20,1,1
107,26,24,1,1
107,27,0,1,1
107,28,32,1,1
107,29,14,1,1
107,30,25,1,1
107,31,5,1,1
107,32,14,1,1
107,33,17,1,1
108,0,181,1,1
108,1,137,1,1
108,2,114,1,1
108,3,47,1,1
108,4,32,1,1
108,5,92,1,1
108,6,0,1,1
108,7,124,1,1
108,8,7,1,1
108,9,0,1,1
108,10,24,1,1
108,11,86,1,1
108,12,0,1,1
108,13,0,1,1
108,14,0,1,1
108,15,0,1,1
108,16,9,1,1
108,17,135,1,1
108,18,160,1,1
108,19,54,1,1
108,20,39,1,1
108,21,54,1,1
108,22,15,1,1
108,23,39,1,1
108,24,1,1,1
108,25,20,1,1
108,26,31,1,1
108,27,0,1,1
108,28,41,1,1
108,29,12,1,1
108,30,25,1,1
108,31,5,1,1
108,32,13,1,1
108,33,17,1,1
109,0,202,1,1
109,1,136,1,1
109,2,134,1,1
109,3,44,1,1
109,4,27,1,1
109,5,103,1,1
109,6,0,1,1
109,7,121,1,1
109,8,7,1,1
109,9,0,1,1
109,10,13,1,1
109,11,80,1,1
109,12,0,1,1
109,13,0,1,1
109,14,0,1,1
109,15,0,1,1
109,16,4,1,1
109,17,140,1,1
109,18,170,1,1
109,19,43,1,1
109,20,42,1,1
109,21,93,1,1
109,22,15,1,1
109,23,36,1,1
109,24,2,1,1
109,25,21,1,1
109,26,35,1,1
109,27,0,1,1
109,28,31,1,1
109,29,21,1,1
109,30,26,1,1
109,31,7,1,1
109,32,31,1,1
109,33,15,1,1
110,0,174,1,1
110,1,123,1,1
110,2,114,1,1
110,3,64,1,1
110,4,35,1,1
110,5,109,1,1
110,6,0,1,1
110,7,162,1,1
110,8,9,1,1
110,9,0,1,1
110,10,17,1,1
110,11,90,1,1
110,12,0,1,1
110,13,0,1,1
110,14,0,1,1
110,15,0,1,1
110,16,4,1,1
110,17,129,1,1
110,18,189,1,1
110,19,43,1,1
110,20,44,1,1
110,21,59,1,1
110,22,16,1,1
110,23,39,1,1
110,24,1,1,1
110,25,24,1,1
110,26,23,1,1
110,27,0,1,1
110,28,26,1,1
110,29,23,1,1
110,30,31,1,1
110,31,4,1,1
110,32,22,1,1
110,33,13,1,1
111,0,175,1,1
111,1,140,1,1
111,2,104,1,1
111,3,48,1,1
111,4,35,1,1
111,5,77,1,1
111,6,0,1,1
111,7,130,1,1
111,8,4,1,1
111,9,0,1,1
111,10,18,1,1
111,11,95,1,1
111,12,0,1,1
111,13,0,1,1
111,14,0,1,1
111,15,0,1,1
111,16,6,1,1
111,17,169,1,1
111,18,190,1,1
111,19,39,1,1
111,20,55,1,1
111,21,40,1,1
111,22,18,1,1
111,23,36,1,1
111,24,5,1,1
111,25,23,1,1
111,26,36,1,1
111,27,0,1,1
111,28,35,1,1
111,29,18,1,1
111,30,27,1,1
111,31,11,1,1
111,32,23,1,1
111,33,10,1,1
112,0,168,1,1
112,1,146,1,1
112,2,111,1,1
112,3,59,1,1
112,4,40,1,1
112,5,107,1,1
112,6,0,1,1
112,7,148,1,1
112,8,6,1,1
112,9,0,1,1
112,10,13,1,1
112,11,91,1,1
112,12,0,1,1
112,13,0,1,1
112,14,0,1,1
112,15,0,1,1
112,16,5,1,1
112,17,175,1,1
112,18,180,1,1
112,19,38,1,1
112,20,44,1,1
112,21,47,1,1
112,22,20,1,1
112,23,52,1,1
112,24,10,1,1
112,25,17,1,1
112,26,34,1,1
112,27,0,1,1
112,28,45,1,1
112,29,20,1,1
112,30,31,1,1
112,31,11,1,1
112,32,28,1,1
112,33,15,1,1
113,0,145,1,1
113,1,151,1,1
113,2,120,1,1
113,3,64,1,1
113,4,32,1,1
113,5,126,1,1
113,6,0,1,1
113,7,143,1,1
113,8,7,1,1
113,9,0,1,1
113,10,23,1,1
113,11,84,1,1
113,12,0,1,1
113,13,0,1,1
113,14,0,1,1
113,15,0,1,1
113,16,5,1,1
113,17,185,1,1
113,18,181,1,1
113,19,39,1,1
113,20,47,1,1
113,21,87,1,1
113,22,16,1,1
113,23,39,1,1
113,24,2,1,1
113,25,20,1,1
113,26,33,1,1
113,27,0,1,1
113,28,40,1,1
113,29,26,1,1
113,30,23,1,1
113,31,8,1,1
113,32,26,1,1
113,33,15,1,1
114,0,167,1,1
114,1,155,1,1
114,2,100,1,1
114,3,73,1,1
114,4,47,1,1
114,5,117,1,1
114,6,0,1,1
114,7,131,1,1
114,8,5,1,1
114,9,0,1,1
114,10,17,1,1
114,11,77,1,1
114,12,0,1,1
114,13,0,1,1
114,14,0,1,1
114,15,0,1,1
114,16,8,1,1
114,17,169,1,1
114,18,157,1,1
114,19,47,1,1
114,20,66,1,1
114,21,80,1,1
114,22,11,1,1
114,23,43,1,1
114,24,10,1,1
114,25,24,1,1
114,26,26,1,1
114,27,0,1,1
114,28,30,1,1
114,29,17,1,1
114,30,23,1,1
114,31,10,1,1
114,32,27,1,1
114,33,18,1,1
115,0,171,1,1
115,1,140,1,1
115,2,112,1,1
115,3,52,1,1
115,4,53,1,1
115,5,122,1,1
115,6,0,1,1
115,7,130,1,1
115,8,10,1,1
115,9,0,1,1
115,10,15,1,1
115,11,101,1,1
115,12,0,1,1
115,13,0,1,1
115,14,0,1,1
115,15,0,1,1
115,16,3,1,1
115,17,167,1,1
115,18,181,1,1
115,19,43,1,1
115,20,48,1,1
115,21,73,1,1
115,22,13,1,1
115,23,44,1,1
115,24,2,1,1
115,25,19,1,1
115,26,22,1,1
115,27,0,1,1
115,28,34,1,1
115,29,27,1,1
115,30,28,1,1
115,31,4,1,1
115,32,23,1,1
115,33,12,1,1
116,0,188,1,1
116,1,153,1,1
116,2,117,1,1
116,3,65,1,1
116,4,51,1,1
116,5,115,1,1
116,6,0,1,1
116,7,118,1,1
116,8,10,1,1
116,9,0,1,1
116,10,21,1,1
116,11,83,1,1
116,12,0,1,1
116,13,0,1,1
116,14,0,1,1
116,15,0,1,1
116,16,3,1,1
116,17,161,1,1
116,18,167,1,1
116,19,37,1,1
116,20,44,1,1
116,21,71,1,1
116,22,14,1,1
116,23,46,1,1
116,24,2,1,1
116,25,17,1,1
116,26,22,1,1
116,27,0,1,1
116,28,32,1,1
116,29,23,1,1
116,30,30,1,1
116,31,6,1,1
116,32,25,1,1
116,33,18,1,1
117,0,140,1,1
117,1,145,1,1
117,2,91,1,1
117,3,50,1,1
117,4,30,1,1
117,5,95,1,1
117,6,0,1,1
117,7,122,1,1
117,8,6,1,1
117,9,0,1,1
117,10,15,1,1
117,11,68,1,1
117,12,0,1,1
117,13,0,1,1
117,14,0,1,1
117,15,0,1,1
117,16,4,1,1
117,17,147,1,1
117,18,145,1,1
117,19,45,1,1
117,20,49,1,1
117,21,65,1,1
117,22,14,1,1
117,23,39,1,1
117,24,2,1,1
117,25,15,1,1
117,26,26,1,1
117,27,0,1,1
117,28,24,1,1
117,29,16,1,1
117,30,27,1,1
117,31,8,1,1
117,32,25,1,1
117,33,14,1,1
118,0,164,1,1
118,1,126,1,1
118,2,123,1,1
118,3,54,1,1
118,4,37,1,1
118,5,103,1,1
118,6,0,1,1
118,7,150,1,1
118,8,10,1,1
118,9,0,1,1
118,10,26,1,1
118,11,92,1,1
118,12,0,1,1
118,13,0,1,1
118,14,0,1,1
118,15,0,1,1
118,16,8,1,1
118,17,150,1,1
118,18,198,1,1
118,19,42,1,1
118,20,46,1,1
118,21,66,1,1
118,22,18,1,1
118,23,59,1,1
118,24,8,1,1
118,25,20,1,1
118,26,25,1,1
118,27,0,1,1
118,28,34,1,1
118,29,14,1,1
118,30,23,1,1
118,31,9,1,1
118,32,28,1,1
118,33,17,1,1
119,0,0,1,1
119,1,0,1,1
119,2,0,1,1
119,3,0,1,1
119,4,0,1,1
119,5,0,1,1
119,6,0,1,1
119,7,0,1,1
119,8,0,1,1
119,9,0,1,1
119,10,0,1,1
119,11,0,1,1
119,12,0,1,1
119,13,0,1,1
119,14,0,1,1
119,15,0,1,1
119,16,0,1,1
119,17,0,1,1
119,18,0,1,1
119,19,0,1,1
119,20,0,1,1
119,21,0,1,1
119,22,0,1,1
119,23,0,1,1
119,24,0,1,1
119,25,0,1,1
119,26,0,1,1
119,27,0,1,1
119,28,0,1,1
119,29,0,1,1
119,30,0,1,1
119,31,0,1,1
119,32,0,1,1
119,33,0,1,1
120,0,127,1,1
120,1,111,1,1
120,2,100,1,1
120,3,97,1,1
120,4,39,1,1
120,5,89,1,1
120,6,0,1,1
120,7,134,1,1
120,8,10,1,1
120,9,0,1,1
120,10,14,1,1
120,11,89,1,1
120,12,0,1,1
120,13,0,1,1
120,14,0,1,1
120,15,0,1,1
120,16,7,1,1
120,17,144,1,1
120,18,164,1,1
120,19,54,1,1
120,20,56,1,1
120,21,137,1,1
120,22,16,1,1
120,23,57,1,1
120,24,4,1,1
120,25,20,1,1
120,26,25,1,1
120,27,0,1,1
120,28,27,1,1
120,29,15,1,1
120,30,18,1,1
120,31,10,1,1
120,32,17,1,1
120,33,12,1,1
121,0,156,1,1
121,1,139,1,1
121,2,82,1,1
121,3,47,1,1
121,4,33,1,1
121,5,90,1,1
121,6,0,1,1
121,7,158,1,1
121,8,7,1,1
121,9,0,1,1
121,10,18,1,1
121,11,92,1,1
121,12,0,1,1
121,13,0,1,1
121,14,0,1,1
121,15,0,1,1
121,16,4,1,1
121,17,143,1,1
121,18,150,1,1
121,19,44,1,1
121,20,41,1,1
121,21,63,1,1
121,22,16,1,1
121,23,37,1,1
121,24,2,1,1
121,25,18,1,1
121,26,21,1,1
121,27,0,1,1
121,28,22,1,1
121,29,28,1,1
121,30,21,1,1
121,31,7,1,1
121,32,20,1,1
121,33,13,1,1
122,0,126,1,1
122,1,122,1,1
122,2,79,1,1
122,3,63,1,1
122,4,26,1,1
122,5,91,1,1
122,6,0,1,1
122,7,163,1,1
122,8,8,1,1
122,9,0,1,1
122,10,13,1,1
122,11,110,1,1
122,12,0,1,1
122,13,0,1,1
122,14,0,1,1
122,15,0,1,1
122,16,3,1,1
122,17,125,1,1
122,18,162,1,1
122,19,39,1,1
122,20,38,1,1
122,21,59,1,1
122,22,18,1,1
122,23,33,1,1
122,24,4,1,1
122,25,17,1,1
122,26,28,1,1
122,27,0,1,1
122,28,27,1,1
122,29,25,1,1
122,30,19,1,1
122,31,7,1,1
122,32,18,1,1
122,33,14,1,1
123,0,127,1,1
123,1,131,1,1
123,2,61,1,1
123,3,36,1,1
123,4,29,1,1
123,5,84,1,1
123,6,0,1,1
123,7,126,1,1
123,8,10,1,1
123,9,0,1,1
123,10,57,1,1
123,11,85,1,1
123,12,0,1,1
123,13,0,1,1
123,14,0,1,1
123,15,0,1,1
123,16,7,1,1
123,17,131,1,1
123,18,166,1,1
123,19,41,1,1
123,20,47,1,1
123,21,56,1,1
123,22,19,1,1
123,23,31,1,1
123,24,1,1,1
123,25,11,1,1
123,26,24,1,1
123,27,0,1,1
123,28,32,1,1
123,29,14,1,1
123,30,19,1,1
123,31,11,1,1
123,32,26,1,1
123,33,14,1,1
124,0,101,1,1
124,1,105,1,1
124,2,70,1,1
124,3,28,1,1
124,4,35,1,1
124,5,76,1,1
124,6,0,1,1
124,7,112,1,1
124,8,4,1,1
124,9,0,1,1
124,10,13,1,1
124,11,64,1,1
124,12,0,1,1
124,13,0,1,1
124,14,0,1,1
124,15,0,1,1
124,16,1,1,1
124,17,127,1,1
124,18,137,1,1
124,19,30,1,1
124,20,40,1,1
124,21,59,1,1
124,22,11,1,1
124,23,34,1,1
124,24,2,1,1
124,25,14,1,1
124,26,21,1,1
124,27,0,1,1
124,28,26,1,1
124,29,18,1,1
124,30,25,1,1
124,31,6,1,1
124,32,14,1,1
124,33,13,1,1
125,0,0,1,1
125,1,0,1,1
125,2,0,1,1
125,3,0,1,1
125,4,0,1,1
125,5,0,1,1
125,6,0,1,1
125,7,0,1,1
125,8,0,1,1
125,9,0,1,1
125,10,0,1,1
125,11,0,1,1
125,12,0,1,1
125,13,0,1,1
125,14,0,1,1
125,15,0,1,1
125,16,0,1,1
125,17,0,1,1
125,18,0,1,1
125,19,0,1,1
125,20,0,1,1
125,21,0,1,1
125,22,0,1,1
125,23,0,1,1
125,24,0,1,1
125,25,0,1,1
125,26,0,1,1
125,27,0,1,1
125,28,0,1,1
125,29,0,1,1
125,30,0,1,1
125,31,0,1,1
125,32,0,1,1
125,33,0,1,1
126,0,106,1,1
126,1,92,1,1
126,2,55,1,1
126,3,22,1,1
126,4,18,1,1
126,5,65,1,1
126,6,0,1,1
126,7,92,1,1
126,8,5,1,1
126,9,0,1,1
126,10,11,1,1
126,11,61,1,1
126,12,0,1,1
126,13,0,1,1
126,14,0,1,1
126,15,0,1,1
126,16,5,1,1
126,17,92,1,1
126,18,124,1,1
126,19,35,1,1
126,20,44,1,1
126,21,35,1,1
126,22,5,1,1
126,23,31,1,1
126,24,2,1,1
126,25,13,1,1
126,26,22,1,1
126,27,0,1,1
126,28,17,1,1
126,29,15,1,1
126,30,21,1,1
126,31,12,1,1
126,32,16,1,1
126,33,7,1,1
127,0,0,1,1
127,1,0,1,1
127,2,0,1,1
127,3,0,1,1
127,4,0,1,1
127,5,0,1,1
127,6,0,1,1
127,7,0,1,1
127,8,0,1,1
127,9,0,1,1
127,10,0,1,1
127,11,0,1,1
127,12,0,1,1
127,13,0,1,1
127,14,0,1,1
127,15,0,1,1
127,16,0,1,1
127,17,0,1,1
127,18,0,1,1
127,19,0,1,1
127,20,0,1,1
127,21,0,1,1
127,22,0,1,1
127,23,0,1,1
127,24,0,1,1
127,25,0,1,1
127,26,0,1,1
127,27,0,1,1
127,28,0,1,1
127,29,0,1,1
127,30,0,1,1
127,31,0,1,1
127,32,0,1,1
127,33,0,1,1
128,0,102,1,1
128,1,96,1,1
128,2,60,1,1
128,3,25,1,1
128,4,30,1,1
128,5,82,1,1
128,6,0,1,1
128,7,83,1,1
128,8,8,1,1
128,9,0,1,1
128,10,13,1,1
128,11,67,1,1
128,12,0,1,1
128,13,0,1,1
128,14,0,1,1
128,15,0,1,1
128,16,6,1,1
128,17,102,1,1
128,18,120,1,1
128,19,18,1,1
128,20,33,1,1
128,21,46,1,1
128,22,18,1,1
128,23,26,1,1
128,24,2,1,1
128,25,14,1,1
128,26,15,1,1
128,27,0,1,1
128,28,21,1,1
128,29,12,1,1
128,30,20,1,1
128,31,6,1,1
128,32,14,1,1
128,33,6,1,1
129,0,0,1,1
129,1,0,1,1
129,2,0,1,1
129,3,0,1,1
129,4,0,1,1
129,5,0,1,1
129,6,0,1,1
129,7,0,1,1
129,8,0,1,1
129,9,0,1,1
129,10,0,1,1
129,11,0,1,1
129,12,0,1,1
129,13,0,1,1
129,14,0,1,1
129,15,0,1,1
129,16,0,1,1
129,17,0,1,1
129,18,0,1,1
129,19,0,1,1
129,20,0,1,1
129,21,0,1,1
129,22,0,1,1
129,23,0,1,1
129,24,0,1,1
129,25,0,1,1
129,26,0,1,1
129,27,0,1,1
129,28,0,1,1
129,29,0,1,1
129,30,0,1,1
129,31,0,1,1
129,32,0,1,1
129,33,0,1,1
130,0,95,1,1
130,1,89,1,1
130,2,67,1,1
130,3,19,1,1
130,4,19,1,1
130,5,82,1,1
130,6,0,1,1
130,7,89,1,1
130,8,3,1,1
130,9,0,1,1
130,10,16,1,1
130,11,55,1,1
130,12,0,1,1
130,13,0,1,1
130,14,0,1,1
130,15,0,1,1
130,16,1,1,1
130,17,78,1,1
130,18,106,1,1
130,19,31,1,1
130,20,27,1,1
130,21,41,1,1
130,22,12,1,1
130,23,23,1,1
130,24,0,1,1
130,25,8,1,1
130,26,24,1,1
130,27,0,1,1
130,28,16,1,1
130,29,8,1,1
130,30,18,1,1
130,31,5,1,1
130,32,14,1,1
130,33,9,1,1
131,0,0,1,1
131,1,0,1,1
131,2,0,1,1
131,3,0,1,1
131,4,0,1,1
131,5,0,1,1
131,6,0,1,1
131,7,0,1,1
131,8,0,1,1
131,9,0,1,1
131,10,0,1,1
131,11,0,1,1
131,12,0,1,1
131,13,0,1,1
131,14,0,1,1
131,15,0,1,1
131,16,0,1,1
131,17,0,1,1
131,18,0,1,1
131,19,0,1,1
131,20,0,1,1
131,21,0,1,1
131,22,0,1,1
131,23,0,1,1
131,24,0,1,1
131,25,0,1,1
131,26,0,1,1
131,27,0,1,1
131,28,0,1,1
131,29,0,1,1
131,30,0,1,1
131,31,0,1,1
131,32,0,1,1
131,33,0,1,1
132,0,115,1,1
132,1,94,1,1
132,2,102,1,1
132,3,21,1,1
132,4,23,1,1
132,5,78,1,1
132,6,0,1,1
132,7,90,1,1
132,8,6,1,1
132,9,0,1,1
132,10,11,1,1
132,11,65,1,1
132,12,0,1,1
132,13,0,1,1
132,14,0,1,1
132,15,0,1,1
132,16,1,1,1
132,17,80,1,1
132,18,122,1,1
132,19,22,1,1
132,20,35,1,1
132,21,45,1,1
132,22,9,1,1
132,23,30,1,1
132,24,3,1,1
132,25,12,1,1
132,26,23,1,1
132,27,0,1,1
132,28,15,1,1
132,29,12,1,1
132,30,15,1,1
132,31,9,1,1
132,32,17,1,1
132,33,6,1,1
133,0,87,1,1
133,1,105,1,1
133,2,79,1,1
133,3,27,1,1
133,4,30,1,1
133,5,70,1,1
133,6,0,1,1
133,7,88,1,1
133,8,5,1,1
133,9,0,1,1
133,10,10,1,1
133,11,60,1,1
133,12,0,1,1
133,13,0,1,1
133,14,0,1,1
133,15,0,1,1
133,16,1,1,1
133,17,95,1,1
133,18,118,1,1
133,19,28,1,1
133,20,22,1,1
133,21,36,1,1
133,22,8,1,1
133,23,36,1,1
133,24,4,1,1
133,25,13,1,1
133,26,29,1,1
133,27,0,1,1
133,28,31,1,1
133,29,12,1,1
133,30,15,1,1
133,31,5,1,1
133,32,14,1,1
133,33,11,1,1
134,0,78,1,1
134,1,111,1,1
134,2,82,1,1
134,3,30,1,1
134,4,19,1,1
134,5,92,1,1
134,6,0,1,1
134,7,92,1,1
134,8,5,1,1
134,9,0,1,1
134,10,5,1,1
134,11,52,1,1
134,12,0,1,1
134,13,0,1,1
134,14,0,1,1
134,15,0,1,1
134,16,5,1,1
134,17,91,1,1
134,18,100,1,1
134,19,23,1,1
134,20,24,1,1
134,21,42,1,1
134,22,14,1,1
134,23,24,1,1
134,24,2,1,1
134,25,8,1,1
134,26,17,1,1
134,27,0,1,1
134,28,24,1,1
134,29,13,1,1
134,30,18,1,1
134,31,7,1,1
134,32,19,1,1
134,33,7,1,1
135,0,113,1,1
135,1,105,1,1
135,2,76,1,1
135,3,26,1,1
135,4,19,1,1
135,5,68,1,1
135,6,0,1,1
135,7,84,1,1
135,8,4,1,1
135,9,0,1,1
135,10,9,1,1
135,11,84,1,1
135,12,0,1,1
135,13,0,1,1
135,14,0,1,1
135,15,0,1,1
135,16,0,1,1
135,17,93,1,1
135,18,108,1,1
135,19,29,1,1
135,20,24,1,1
135,21,126,1,1
135,22,8,1,1
135,23,22,1,1
135,24,1,1,1
135,25,15,1,1
135,26,21,1,1
135,27,0,1,1
135,28,23,1,1
135,29,9,1,1
135,30,20,1,1
135,31,5,1,1
135,32,17,1,1
135,33,11,1,1
136,0,110,1,1
136,1,135,1,1
136,2,76,1,1
136,3,51,1,1
136,4,22,1,1
136,5,99,1,1
136,6,0,1,1
136,7,105,1,1
136,8,7,1,1
136,9,0,1,1
136,10,6,1,1
136,11,62,1,1
136,12,0,1,1
136,13,0,1,1
136,14,0,1,1
136,15,0,1,1
136,16,1,1,1
136,17,88,1,1
136,18,97,1,1
136,19,20,1,1
136,20,30,1,1
136,21,35,1,1
136,22,8,1,1
136,23,34,1,1
136,24,2,1,1
136,25,6,1,1
136,26,16,1,1
136,27,0,1,1
136,28,17,1,1
136,29,11,1,1
136,30,14,1,1
136,31,3,1,1
136,32,18,1,1
136,33,11,1,1
137,0,78,1,1
137,1,104,1,1
137,2,66,1,1
137,3,106,1,1
137,4,26,1,1
137,5,65,1,1
137,6,0,1,1
137,7,95,1,1
137,8,8,1,1
137,9,0,1,1
137,10,12,1,1
137,11,78,1,1
137,12,0,1,1
137,13,0,1,1
137,14,0,1,1
137,15,0,1,1
137,16,2,1,1
137,17,61,1,1
137,18,100,1,1
137,19,26,1,1
137,20,23,1,1
137,21,29,1,1
137,22,7,1,1
137,23,23,1,1
137,24,2,1,1
137,25,11,1,1
137,26,18,1,1
137,27,0,1,1
137,28,24,1,1
137,29,14,1,1
137,30,16,1,1
137,31,3,1,1
137,32,15,1,1
137,33,8,1,1
138,0,69,1,1
138,1,86,1,1
138,2,69,1,1
138,3,105,1,1
138,4,26,1,1
138,5,65,1,1
138,6,0,1,1
138,7,89,1,1
138,8,3,1,1
138,9,0,1,1
138,10,14,1,1
138,11,57,1,1
138,12,0,1,1
138,13,0,1,1
138,14,0,1,1
138,15,0,1,1
138,16,5,1,1
138,17,71,1,1
138,18,94,1,1
138,19,30,1,1
138,20,21,1,1
138,21,27,1,1
138,22,12,1,1
138,23,25,1,1
138,24,1,1,1
138,25,12,1,1
138,26,18,1,1
138,27,0,1,1
138,28,18,1,1
138,29,16,1,1
138,30,15,1,1
138,31,3,1,1
138,32,15,1,1
138,33,9,1,1
139,0,83,1,1
139,1,105,1,1
139,2,70,1,1
139,3,48,1,1
139,4,32,1,1
139,5,61,1,1
139,6,0,1,1
139,7,93,1,1
139,8,2,1,1
139,9,0,1,1
139,10,9,1,1
139,11,72,1,1
139,12,0,1,1
139,13,0,1,1
139,14,0,1,1
139,15,0,1,1
139,16,6,1,1
139,17,53,1,1
139,18,114,1,1
139,19,12,1,1
139,20,17,1,1
139,21,36,1,1
139,22,12,1,1
139,23,22,1,1
139,24,0,1,1
139,25,8,1,1
139,26,10,1,1
139,27,0,1,1
139,28,23,1,1
139,29,8,1,1
139,30,14,1,1
139,31,4,1,1
139,32,13,1,1
139,33,7,1,1
140,0,87,1,1
140,1,102,1,1
140,2,49,1,1
140,3,17,1,1
140,4,23,1,1
140,5,77,1,1
140,6,0,1,1
140,7,84,1,1
140,8,4,1,1
140,9,0,1,1
140,10,12,1,1
140,11,60,1,1
140,12,0,1,1
140,13,0,1,1
140,14,0,1,1
140,15,0,1,1
140,16,5,1,1
140,17,72,1,1
140,18,106,1,1
140,19,25,1,1
140,20,19,1,1
140,21,31,1,1
140,22,11,1,1
140,23,24,1,1
140,24,0,1,1
140,25,7,1,1
140,26,9,1,1
140,27,0,1,1
140,28,11,1,1
140,29,6,1,1
140,30,19,1,1
140,31,6,1,1
140,32,17,1,1
140,33,2,1,1
141,0,71,1,1
141,1,83,1,1
141,2,79,1,1
141,3,25,1,1
141,4,22,1,1
141,5,67,1,1
141,6,0,1,1
141,7,87,1,1
141,8,4,1,1
141,9,0,1,1
141,10,2,1,1
141,11,67,1,1
141,12,0,1,1
141,13,0,1,1
141,14,0,1,1
141,15,0,1,1
141,16,4,1,1
141,17,73,1,1
141,18,107,1,1
141,19,22,1,1
141,20,28,1,1
141,21,50,1,1
141,22,6,1,1
141,23,16,1,1
141,24,1,1,1
141,25,22,1,1
141,26,15,1,1
141,27,0,1,1
141,28,24,1,1
141,29,8,1,1
141,30,18,1,1
141,31,5,1,1
141,32,13,1,1
141,33,5,1,1
142,0,71,1,1
142,1,90,1,1
142,2,62,1,1
142,3,26,1,1
142,4,16,1,1
142,5,60,1,1
142,6,0,1,1
142,7,72,1,1
142,8,3,1,1
142,9,0,1,1
142,10,4,1,1
142,11,50,1,1
142,12,0,1,1
142,13,0,1,1
142,14,0,1,1
142,15,0,1,1
142,16,2,1,1
142,17,79,1,1
142,18,74,1,1
142,19,18,1,1
142,20,18,1,1
142,21,35,1,1
142,22,2,1,1
142,23,21,1,1
142,24,2,1,1
142,25,10,1,1
142,26,17,1,1
142,27,0,1,1
142,28,16,1,1
142,29,7,1,1
142,30,12,1,1
142,31,6,1,1
142,32,13,1,1
142,33,4,1,1
143,0,63,1,1
143,1,73,1,1
143,2,51,1,1
143,3,20,1,1
143,4,9,1,1
143,5,62,1,1
143,6,0,1,1
143,7,64,1,1
143,8,1,1,1
143,9,0,1,1
143,10,4,1,1
143,11,40,1,1
143,12,0,1,1
143,13,0,1,1
143,14,0,1,1
143,15,0,1,1
143,16,2,1,1
143,17,75,1,1
143,18,80,1,1
143,19,15,1,1
143,20,22,1,1
143,21,24,1,1
143,22,4,1,1
143,23,30,1,1
143,24,1,1,1
143,25,7,1,1
143,26,13,1,1
143,27,0,1,1
143,28,13,1,1
143,29,4,1,1
143,30,13,1,1
143,31,6,1,1
143,32,4,1,1
143,33,4,1,1
144,0,0,1,1
144,1,0,1,1
144,2,0,1,1
144,3,0,1,1
144,4,0,1,1
144,5,0,1,1
144,6,0,1,1
144,7,0,1,1
144,8,0,1,1
144,9,0,1,1
144,10,0,1,1
144,11,0,1,1
144,12,0,1,1
144,13,0,1,1
144,14,0,1,1
144,15,0,1,1
144,16,0,1,1
144,17,0,1,1
144,18,0,1,1
144,19,0,1,1
144,20,0,1,1
144,21,0,1,1
144,22,0,1,1
144,23,0,1,1
144,24,0,1,1
144,25,0,1,1
144,26,0,1,1
144,27,0,1,1
144,28,0,1,1
144,29,0,1,1
144,30,0,1,1
144,31,0,1,1
144,32,0,1,1
144,33,0,1,1
145,0,53,1,1
145,1,56,1,1
145,2,40,1,1
145,3,10,1,1
145,4,11,1,1
145,5,44,1,1
145,6,0,1,1
145,7,60,1,1
145,8,12,1,1
145,9,0,1,1
145,10,5,1,1
145,11,52,1,1
145,12,0,1,1
145,13,0,1,1
145,14,0,1,1
145,15,0,1,1
145,16,2,1,1
145,17,50,1,1
145,18,79,1,1
145,19,14,1,1
145,20,17,1,1
145,21,25,1,1
145,22,5,1,1
145,23,16,1,1
145,24,3,1,1
145,25,4,1,1
145,26,16,1,1
145,27,0,1,1
145,28,17,1,1
145,29,5,1,1
145,30,8,1,1
145,31,4,1,1
145,32,1,1,1
145,33,3,1,1
146,0,0,1,1
146,1,0,1,1
146,2,0,1,1
146,3,0,1,1
146,4,0,1,1
146,5,0,1,1
146,6,0,1,1
146,7,0,1,1
146,8,0,1,1
146,9,0,1,1
146,10,0,1,1
146,11,0,1,1
146,12,0,1,1
146,13,0,1,1
146,14,0,1,1
146,15,0,1,1
146,16,0,1,1
146,17,0,1,1
146,18,0,1,1
146,19,0,1,1
146,20,0,1,1
146,21,0,1,1
146,22,0,1,1
146,23,0,1,1
146,24,0,1,1
146,25,0,1,1
146,26,0,1,1
146,27,0,1,1
146,28,0,1,1
146,29,0,1,1
146,30,0,1,1
146,31,0,1,1
146,32,0,1,1
146,33,0,1,1
147,0,50,1,1
147,1,51,1,1
147,2,40,1,1
147,3,9,1,1
147,4,10,1,1
147,5,41,1,1
147,6,0,1,1
147,7,42,1,1
147,8,6,1,1
147,9,0,1,1
147,10,3,1,1
147,11,42,1,1
147,12,0,1,1
147,13,0,1,1
147,14,0,1,1
147,15,0,1,1
147,16,0,1,1
147,17,58,1,1
147,18,62,1,1
147,19,16,1,1
147,20,6,1,1
147,21,65,1,1
147,22,5,1,1
147,23,15,1,1
147,24,1,1,1
147,25,4,1,1
147,26,8,1,1
147,27,0,1,1
147,28,14,1,1
147,29,7,1,1
147,30,15,1,1
147,31,4,1,1
147,32,12,1,1
147,33,4,1,1
148,0,0,1,1
148,1,0,1,1
148,2,0,1,1
148,3,0,1,1
148,4,0,1,1
148,5,0,1,1
148,6,0,1,1
148,7,0,1,1
148,8,0,1,1
148,9,0,1,1
148,10,0,1,1
148,11,0,1,1
148,12,0,1,1
148,13,0,1,1
148,14,0,1,1
148,15,0,1,1
148,16,0,1,1
148,17,0,1,1
148,18,0,1,1
148,19,0,1,1
148,20,0,1,1
148,21,0,1,1
148,22,0,1,1
148,23,0,1,1
148,24,0,1,1
148,25,0,1,1
148,26,0,1,1
148,27,0,1,1
148,28,0,1,1
148,29,0,1,1
148,30,0,1,1
148,31,0,1,1
148,32,0,1,1
148,33,0,1,1
149,0,42,1,1
149,1,34,1,1
149,2,25,1,1
149,3,10,1,1
149,4,10,1,1
149,5,37,1,1
149,6,0,1,1
149,7,40,1,1
149,8,1,1,1
149,9,0,1,1
149,10,1,1,1
149,11,24,1,1
149,12,0,1,1
149,13,0,1,1
149,14,0,1,1
149,15,0,1,1
149,16,1,1,1
149,17,61,1,1
149,18,40,1,1
149,19,9,1,1
149,20,7,1,1
149,21,16,1,1
149,22,2,1,1
149,23,13,1,1
149,24,1,1,1
149,25,3,1,1
149,26,4,1,1
149,27,0,1,1
149,28,11,1,1
149,29,2,1,1
149,30,8,1,1
149,31,1,1,1
149,32,14,1,1
149,33,1,1,1
150,0,28,1,1
150,1,48,1,1
150,2,22,1,1
150,3,4,1,1
150,4,7,1,1
150,5,34,1,1
150,6,0,1,1
150,7,29,1,1
150,8,0,1,1
150,9,0,1,1
150,10,0,1,1
150,11,26,1,1
150,12,0,1,1
150,13,0,1,1
150,14,0,1,1
150,15,0,1,1
150,16,0,1,1
150,17,38,1,1
150,18,39,1,1
150,19,4,1,1
150,20,8,1,1
150,21,30,1,1
150,22,2,1,1
150,23,9,1,1
150,24,1,1,1
150,25,3,1,1
150,26,3,1,1
150,27,0,1,1
150,28,11,1,1
150,29,3,1,1
150,30,4,1,1
150,31,0,1,1
150,32,7,1,1
150,33,1,1,1
151,0,26,1,1
151,1,37,1,1
151,2,23,1,1
151,3,6,1,1
151,4,3,1,1
151,5,23,1,1
151,6,0,1,1
151,7,25,1,1
151,8,1,1,1
151,9,0,1,1
151,10,0,1,1
151,11,21,1,1
151,12,0,1,1
151,13,0,1,1
151,14,0,1,1
151,15,0,1,1
151,16,0,1,1
151,17,35,1,1
151,18,40,1,1
151,19,5,1,1
151,20,9,1,1
151,21,31,1,1
151,22,3,1,1
151,23,12,1,1
151,24,2,1,1
151,25,3,1,1
151,26,5,1,1
151,27,0,1,1
151,28,7,1,1
151,29,5,1,1
151,30,4,1,1
151,31,1,1,1
151,32,6,1,1
151,33,2,1,1
152,0,28,1,1
152,1,31,1,1
152,2,31,1,1
152,3,8,1,1
152,4,9,1,1
152,5,20,1,1
152,6,0,1,1
152,7,22,1,1
152,8,0,1,1
152,9,0,1,1
152,10,0,1,1
152,11,11,1,1
152,12,0,1,1
152,13,0,1,1
152,14,0,1,1
152,15,0,1,1
152,16,2,1,1
152,17,28,1,1
152,18,26,1,1
152,19,5,1,1
152,20,11,1,1
152,21,17,1,1
152,22,1,1,1
152,23,6,1,1
152,24,0,1,1
152,25,5,1,1
152,26,5,1,1
152,27,0,1,1
152,28,5,1,1
152,29,2,1,1
152,30,4,1,1
152,31,4,1,1
152,32,7,1,1
152,33,3,1,1
153,0,23,1,1
153,1,24,1,1
153,2,16,1,1
153,3,6,1,1
153,4,6,1,1
153,5,17,1,1
153,6,0,1,1
153,7,24,1,1
153,8,0,1,1
153,9,0,1,1
153,10,4,1,1
153,11,15,1,1
153,12,0,1,1
153,13,0,1,1
153,14,0,1,1
153,15,0,1,1
153,16,0,1,1
153,17,23,1,1
153,18,24,1,1
153,19,4,1,1
153,20,4,1,1
153,21,8,1,1
153,22,2,1,1
153,23,10,1,1
153,24,0,1,1
153,25,0,1,1
153,26,2,1,1
153,27,0,1,1
153,28,10,1,1
153,29,2,1,1
153,30,4,1,1
153,31,1,1,1
153,32,9,1,1
153,33,3,1,1
154,0,22,1,1
154,1,21,1,1
154,2,17,1,1
154,3,1,1,1
154,4,10,1,1
154,5,14,1,1
154,6,0,1,1
154,7,24,1,1
154,8,0,1,1
154,9,0,1,1
154,10,2,1,1
154,11,15,1,1
154,12,0,1,1
154,13,0,1,1
154,14,0,1,1
154,15,0,1,1
154,16,1,1,1
154,17,26,1,1
154,18,26,1,1
154,19,4,1,1
154,20,4,1,1
154,21,7,1,1
154,22,1,1,1
154,23,8,1,1
154,24,1,1,1
154,25,2,1,1
154,26,3,1,1
154,27,0,1,1
154,28,5,1,1
154,29,3,1,1
154,30,1,1,1
154,31,2,1,1
154,32,5,1,1
154,33,0,1,1
155,0,11,1,1
155,1,23,1,1
155,2,18,1,1
155,3,2,1,1
155,4,1,1,1
155,5,17,1,1
155,6,0,1,1
155,7,16,1,1
155,8,3,1,1
155,9,0,1,1
155,10,0,1,1
155,11,12,1,1
155,12,0,1,1
155,13,0,1,1
155,14,0,1,1
155,15,0,1,1
155,16,1,1,1
155,17,22,1,1
155,18,19,1,1
155,19,5,1,1
155,20,8,1,1
155,21,8,1,1
155,22,3,1,1
155,23,4,1,1
155,24,1,1,1
155,25,2,1,1
155,26,3,1,1
155,27,0,1,1
155,28,2,1,1
155,29,1,1,1
155,30,6,1,1
155,31,2,1,1
155,32,7,1,1
155,33,1,1,1
156,0,17,1,1
156,1,35,1,1
156,2,6,1,1
156,3,1,1,1
156,4,7,1,1
156,5,14,1,1
156,6,0,1,1
156,7,12,1,1
156,8,1,1,1
156,9,0,1,1
156,10,2,1,1
156,11,7,1,1
156,12,0,1,1
156,13,0,1,1
156,14,0,1,1
156,15,0,1,1
156,16,1,1,1
156,17,14,1,1
156,18,16,1,1
156,19,5,1,1
156,20,8,1,1
156,21,10,1,1
156,22,0,1,1
156,23,7,1,1
156,24,0,1,1
156,25,2,1,1
156,26,0,1,1
156,27,0,1,1
156,28,6,1,1
156,29,2,1,1
156,30,1,1,1
156,31,0,1,1
156,32,2,1,1
156,33,0,1,1
157,0,25,1,1
157,1,9,1,1
157,2,4,1,1
157,3,2,1,1
157,4,5,1,1
157,5,13,1,1
157,6,0,1,1
157,7,10,1,1
157,8,0,1,1
157,9,0,1,1
157,10,2,1,1
157,11,4,1,1
157,12,0,1,1
157,13,0,1,1
157,14,0,1,1
157,15,0,1,1
157,16,2,1,1
157,17,12,1,1
157,18,14,1,1
157,19,6,1,1
157,20,4,1,1
157,21,8,1,1
157,22,2,1,1
157,23,7,1,1
157,24,0,1,1
157,25,0,1,1
157,26,1,1,1
157,27,0,1,1
157,28,3,1,1
157,29,0,1,1
157,30,7,1,1
157,31,1,1,1
157,32,3,1,1
157,33,2,1,1
158,0,20,1,1
158,1,12,1,1
158,2,4,1,1
158,3,1,1,1
158,4,5,1,1
158,5,7,1,1
158,6,0,1,1
158,7,12,1,1
158,8,0,1,1
158,9,0,1,1
158,10,3,1,1
158,11,8,1,1
158,12,0,1,1
158,13,0,1,1
158,14,0,1,1
158,15,0,1,1
158,16,2,1,1
158,17,15,1,1
158,18,17,1,1
158,19,6,1,1
158,20,6,1,1
158,21,8,1,1
158,22,2,1,1
158,23,8,1,1
158,24,0,1,1
158,25,2,1,1
158,26,4,1,1
158,27,0,1,1
158,28,3,1,1
158,29,1,1,1
158,30,4,1,1
158,31,2,1,1
158,32,3,1,1
158,33,4,1,1
159,0,7,1,1
159,1,14,1,1
159,2,7,1,1
159,3,4,1,1
159,4,0,1,1
159,5,8,1,1
159,6,0,1,1
159,7,18,1,1
159,8,1,1,1
159,9,0,1,1
159,10,0,1,1
159,11,18,1,1
159,12,0,1,1
159,13,0,1,1
159,14,0,1,1
159,15,0,1,1
159,16,0,1,1
159,17,14,1,1
159,18,20,1,1
159,19,5,1,1
159,20,3,1,1
159,21,10,1,1
159,22,1,1,1
159,23,2,1,1
159,24,0,1,1
159,25,3,1,1
159,26,4,1,1
159,27,0,1,1
159,28,2,1,1
159,29,2,1,1
159,30,1,1,1
159,31,0,1,1
159,32,3,1,1
159,33,1,1,1
160,0,13,1,1
160,1,22,1,1
160,2,6,1,1
160,3,3,1,1
160,4,3,1,1
160,5,12,1,1
160,6,0,1,1
160,7,7,1,1
160,8,1,1,1
160,9,0,1,1
160,10,0,1,1
160,11,8,1,1
160,12,0,1,1
160,13,0,1,1
160,14,0,1,1
160,15,0,1,1
160,16,0,1,1
160,17,12,1,1
160,18,14,1,1
160,19,1,1,1
160,20,2,1,1
160,21,6,1,1
160,22,0,1,1
160,23,3,1,1
160,24,0,1,1
160,25,0,1,1
160,26,0,1,1
160,27,0,1,1
160,28,1,1,1
160,29,1,1,1
160,30,4,1,1
160,31,0,1,1
160,32,1,1,1
160,33,1,1,1
161,0,0,1,1
161,1,0,1,1
161,2,0,1,1
161,3,0,1,1
161,4,0,1,1
161,5,0,1,1
161,6,0,1,1
161,7,0,1,1
161,8,0,1,1
161,9,0,1,1
161,10,0,1,1
161,11,0,1,1
161,12,0,1,1
161,13,0,1,1
161,14,0,1,1
161,15,0,1,1
161,16,0,1,1
161,17,0,1,1
161,18,0,1,1
161,19,0,1,1
161,20,0,1,1
161,21,0,1,1
161,22,0,1,1
161,23,0,1,1
161,24,0,1,1
161,25,0,1,1
161,26,0,1,1
161,27,0,1,1
161,28,0,1,1
161,29,0,1,1
161,30,0,1,1
161,31,0,1,1
161,32,0,1,1
161,33,0,1,1
162,0,3,1,1
162,1,9,1,1
162,2,6,1,1
162,3,3,1,1
162,4,9,1,1
162,5,11,1,1
162,6,0,1,1
162,7,6,1,1
162,8,2,1,1
162,9,0,1,1
162,10,2,1,1
162,11,4,1,1
162,12,0,1,1
162,13,0,1,1
162,14,0,1,1
162,15,0,1,1
162,16,0,1,1
162,17,13,1,1
162,18,9,1,1
162,19,1,1,1
162,20,1,1,1
162,21,9,1,1
162,22,3,1,1
162,23,2,1,1
162,24,0,1,1
162,25,1,1,1
162,26,1,1,1
162,27,0,1,1
162,28,1,1,1
162,29,2,1,1
162,30,2,1,1
162,31,0,1,1
162,32,0,1,1
162,33,1,1,1
163,0,0,1,1
163,1,0,1,1
163,2,0,1,1
163,3,0,1,1
163,4,0,1,1
163,5,0,1,1
163,6,0,1,1
163,7,0,1,1
163,8,0,1,1
163,9,0,1,1
163,10,0,1,1
163,11,0,1,1
163,12,0,1,1
163,13,0,1,1
163,14,0,1,1
163,15,0,1,1
163,16,0,1,1
163,17,0,1,1
163,18,0,1,1
163,19,0,1,1
163,20,0,1,1
163,21,0,1,1
163,22,0,1,1
163,23,0,1,1
163,24,0,1,1
163,25,0,1,1
163,26,0,1,1
163,27,0,1,1
163,28,0,1,1
163,29,0,1,1
163,30,0,1,1
163,31,0,1,1
163,32,0,1,1
163,33,0,1,1
164,0,6,1,1
164,1,14,1,1
164,2,3,1,1
164,3,1,1,1
164,4,0,1,1
164,5,14,1,1
164,6,0,1,1
164,7,10,1,1
164,8,1,1,1
164,9,0,1,1
164,10,1,1,1
164,11,5,1,1
164,12,0,1,1
164,13,0,1,1
164,14,0,1,1
164,15,0,1,1
164,16,0,1,1
164,17,11,1,1
164,18,5,1,1
164,19,0,1,1
164,20,1,1,1
164,21,4,1,1
164,22,1,1,1
164,23,1,1,1
164,24,0,1,1
164,25,0,1,1
164,26,3,1,1
164,27,0,1,1
164,28,3,1,1
164,29,0,1,1
164,30,0,1,1
164,31,1,1,1
164,32,0,1,1
164,33,0,1,1
165,0,6,1,1
165,1,9,1,1
165,2,3,1,1
165,3,2,1,1
165,4,1,1,1
165,5,6,1,1
165,6,0,1,1
165,7,13,1,1
165,8,0,1,1
165,9,0,1,1
165,10,0,1,1
165,11,8,1,1
165,12,0,1,1
165,13,0,1,1
165,14,0,1,1
165,15,0,1,1
165,16,1,1,1
165,17,3,1,1
165,18,10,1,1
165,19,2,1,1
165,20,1,1,1
165,21,1,1,1
165,22,0,1,1
165,23,0,1,1
165,24,0,1,1
165,25,0,1,1
165,26,0,1,1
165,27,0,1,1
165,28,1,1,1
165,29,1,1,1
165,30,1,1,1
165,31,1,1,1
165,32,3,1,1
165,33,1,1,1
166,0,10,1,1
166,1,12,1,1
166,2,5,1,1
166,3,0,1,1
166,4,3,1,1
166,5,10,1,1
166,6,0,1,1
166,7,5,1,1
166,8,3,1,1
166,9,0,1,1
166,10,1,1,1
166,11,5,1,1
166,12,0,1,1
166,13,0,1,1
166,14,0,1,1
166,15,0,1,1
166,16,0,1,1
166,17,8,1,1
166,18,6,1,1
166,19,1,1,1
166,20,4,1,1
166,21,4,1,1
166,22,0,1,1
166,23,2,1,1
166,24,0,1,1
166,25,1,1,1
166,26,5,1,1
166,27,0,1,1
166,28,1,1,1
166,29,0,1,1
166,30,2,1,1
166,31,0,1,1
166,32,3,1,1
166,33,1,1,1
167,0,2,1,1
167,1,13,1,1
167,2,1,1,1
167,3,3,1,1
167,4,4,1,1
167,5,10,1,1
167,6,0,1,1
167,7,5,1,1
167,8,0,1,1
167,9,0,1,1
167,10,0,1,1
167,11,5,1,1
167,12,0,1,1
167,13,0,1,1
167,14,0,1,1
167,15,0,1,1
167,16,1,1,1
167,17,4,1,1
167,18,7,1,1
167,19,2,1,1
167,20,1,1,1
167,21,4,1,1
167,22,1,1,1
167,23,2,1,1
167,24,0,1,1
167,25,1,1,1
167,26,0,1,1
167,27,0,1,1
167,28,3,1,1
167,29,0,1,1
167,30,0,1,1
167,31,0,1,1
167,32,1,1,1
167,33,0,1,1
168,0,1,1,1
168,1,4,1,1
168,2,2,1,1
168,3,0,1,1
168,4,0,1,1
168,5,1,1,1
168,6,0,1,1
168,7,2,1,1
168,8,0,1,1
168,9,0,1,1
168,10,1,1,1
168,11,2,1,1
168,12,0,1,1
168,13,0,1,1
168,14,0,1,1
168,15,0,1,1
168,16,0,1,1
168,17,2,1,1
168,18,4,1,1
168,19,5,1,1
168,20,2,1,1
168,21,2,1,1
168,22,0,1,1
168,23,0,1,1
168,24,0,1,1
168,25,3,1,1
168,26,1,1,1
168,27,0,1,1
168,28,0,1,1
168,29,1,1,1
168,30,0,1,1
168,31,0,1,1
168,32,2,1,1
168,33,1,1,1
169,0,7,1,1
169,1,9,1,1
169,2,4,1,1
169,3,2,1,1
169,4,0,1,1
169,5,6,1,1
169,6,0,1,1
169,7,4,1,1
169,8,1,1,1
169,9,0,1,1
169,10,2,1,1
169,11,3,1,1
169,12,0,1,1
169,13,0,1,1
169,14,0,1,1
169,15,0,1,1
169,16,0,1,1
169,17,7,1,1
169,18,5,1,1
169,19,4,1,1
169,20,1,1,1
169,21,3,1,1
169,22,1,1,1
169,23,1,1,1
169,24,0,1,1
169,25,1,1,1
169,26,0,1,1
169,27,0,1,1
169,28,0,1,1
169,29,1,1,1
169,30,0,1,1
169,31,0,1,1
169,32,2,1,1
169,33,0,1,1
170,0,5,1,1
170,1,6,1,1
170,2,2,1,1
170,3,1,1,1
170,4,0,1,1
170,5,5,1,1
170,6,0,1,1
170,7,9,1,1
170,8,0,1,1
170,9,0,1,1
170,10,0,1,1
170,11,2,1,1
170,12,0,1,1
170,13,0,1,1
170,14,0,1,1
170,15,0,1,1
170,16,2,1,1
170,17,3,1,1
170,18,3,1,1
170,19,2,1,1
170,20,2,1,1
170,21,1,1,1
170,22,1,1,1
170,23,1,1,1
170,24,0,1,1
170,25,0,1,1
170,26,1,1,1
170,27,0,1,1
170,28,0,1,1
170,29,0,1,1
170,30,1,1,1
170,31,1,1,1
170,32,0,1,1
170,33,0,1,1
171,0,2,1,1
171,1,9,1,1
171,2,0,1,1
171,3,1,1,1
171,4,2,1,1
171,5,7,1,1
171,6,0,1,1
171,7,2,1,1
171,8,0,1,1
171,9,0,1,1
171,10,0,1,1
171,11,5,1,1
171,12,0,1,1
171,13,0,1,1
171,14,0,1,1
171,15,0,1,1
171,16,0,1,1
171,17,5,1,1
171,18,0,1,1
171,19,3,1,1
171,20,2,1,1
171,21,2,1,1
171,22,1,1,1
171,23,4,1,1
171,24,0,1,1
171,25,0,1,1
171,26,4,1,1
171,27,0,1,1
171,28,0,1,1
171,29,1,1,1
171,30,1,1,1
171,31,1,1,1
171,32,1,1,1
171,33,0,1,1
172,0,0,1,1
172,1,0,1,1
172,2,0,1,1
172,3,0,1,1
172,4,0,1,1
172,5,0,1,1
172,6,0,1,1
172,7,0,1,1
172,8,0,1,1
172,9,0,1,1
172,10,0,1,1
172,11,0,1,1
172,12,0,1,1
172,13,0,1,1
172,14,0,1,1
172,15,0,1,1
172,16,0,1,1
172,17,0,1,1
172,18,0,1,1
172,19,0,1,1
172,20,0,1,1
172,21,0,1,1
172,22,0,1,1
172,23,0,1,1
172,24,0,1,1
172,25,0,1,1
172,26,0,1,1
172,27,0,1,1
172,28,0,1,1
172,29,0,1,1
172,30,0,1,1
172,31,0,1,1
172,32,0,1,1
172,33,0,1,1
173,0,6,1,1
173,1,5,1,1
173,2,0,1,1
173,3,2,1,1
173,4,0,1,1
173,5,7,1,1
173,6,0,1,1
173,7,7,1,1
173,8,0,1,1
173,9,0,1,1
173,10,0,1,1
173,11,2,1,1
173,12,0,1,1
173,13,0,1,1
173,14,0,1,1
173,15,0,1,1
173,16,0,1,1
173,17,4,1,1
173,18,2,1,1
173,19,3,1,1
173,20,3,1,1
173,21,2,1,1
173,22,2,1,1
173,23,3,1,1
173,24,0,1,1
173,25,1,1,1
173,26,1,1,1
173,27,0,1,1
173,28,0,1,1
173,29,0,1,1
173,30,0,1,1
173,31,0,1,1
173,32,0,1,1
173,33,0,1,1
174,0,7,1,1
174,1,11,1,1
174,2,2,1,1
174,3,0,1,1
174,4,3,1,1
174,5,4,1,1
174,6,0,1,1
174,7,6,1,1
174,8,0,1,1
174,9,0,1,1
174,10,2,1,1
174,11,4,1,1
174,12,0,1,1
174,13,0,1,1
174,14,0,1,1
174,15,0,1,1
174,16,0,1,1
174,17,4,1,1
174,18,1,1,1
174,19,1,1,1
174,20,1,1,1
174,21,2,1,1
174,22,0,1,1
174,23,1,1,1
174,24,0,1,1
174,25,2,1,1
174,26,1,1,1
174,27,0,1,1
174,28,2,1,1
174,29,0,1,1
174,30,2,1,1
174,31,1,1,1
174,32,1,1,1
174,33,0,1,1
175,0,0,1,1
175,1,0,1,1
175,2,0,1,1
175,3,0,1,1
175,4,0,1,1
175,5,0,1,1
175,6,0,1,1
175,7,0,1,1
175,8,0,1,1
175,9,0,1,1
175,10,0,1,1
175,11,0,1,1
175,12,0,1,1
175,13,0,1,1
175,14,0,1,1
175,15,0,1,1
175,16,0,1,1
175,17,0,1,1
175,18,0,1,1
175,19,0,1,1
175,20,0,1,1
175,21,0,1,1
175,22,0,1,1
175,23,0,1,1
175,24,0,1,1
175,25,0,1,1
175,26,0,1,1
175,27,0,1,1
175,28,0,1,1
175,29,0,1,1
175,30,0,1,1
175,31,0,1,1
175,32,0,1,1
175,33,0,1,1
176,0,12,1,1
176,1,9,1,1
176,2,3,1,1
176,3,1,1,1
176,4,2,1,1
176,5,1,1,1
176,6,0,1,1
176,7,9,1,1
176,8,0,1,1
176,9,0,1,1
176,10,2,1,1
176,11,4,1,1
176,12,0,1,1
176,13,0,1,1
176,14,0,1,1
176,15,0,1,1
176,16,0,1,1
176,17,4,1,1
176,18,7,1,1
176,19,3,1,1
176,20,3,1,1
176,21,2,1,1
176,22,3,1,1
176,23,0,1,1
176,24,0,1,1
176,25,0,1,1
176,26,0,1,1
176,27,0,1,1
176,28,2,1,1
176,29,2,1,1
176,30,2,1,1
176,31,0,1,1
176,32,0,1,1
176,33,1,1,1
177,0,0,1,1
177,1,0,1,1
177,2,0,1,1
177,3,0,1,1
177,4,0,1,1
177,5,0,1,1
177,6,0,1,1
177,7,0,1,1
177,8,0,1,1
177,9,0,1,1
177,10,0,1,1
177,11,0,1,1
177,12,0,1,1
177,13,0,1,1
177,14,0,1,1
177,15,0,1,1
177,16,0,1,1
177,17,0,1,1
177,18,0,1,1
177,19,0,1,1
177,20,0,1,1
177,21,0,1,1
177,22,0,1,1
177,23,0,1,1
177,24,0,1,1
177,25,0,1,1
177,26,0,1,1
177,27,0,1,1
177,28,0,1,1
177,29,0,1,1
177,30,0,1,1
177,31,0,1,1
177,32,0,1,1
177,33,0,1,1
178,0,9,1,1
178,1,12,1,1
178,2,4,1,1
178,3,3,1,1
178,4,0,1,1
178,5,9,1,1
178,6,0,1,1
178,7,15,1,1
178,8,1,1,1
178,9,0,1,1
178,10,1,1,1
178,11,5,1,1
178,12,0,1,1
178,13,0,1,1
178,14,0,1,1
178,15,0,1,1
178,16,1,1,1
178,17,10,1,1
178,18,11,1,1
178,19,2,1,1
178,20,2,1,1
178,21,6,1,1
178,22,1,1,1
178,23,3,1,1
178,24,0,1,1
178,25,2,1,1
178,26,2,1,1
178,27,0,1,1
178,28,2,1,1
178,29,2,1,1
178,30,2,1,1
178,31,1,1,1
178,32,2,1,1
178,33,2,1,1
179,0,0,1,1
179,1,0,1,1
179,2,0,1,1
179,3,0,1,1
179,4,0,1,1
179,5,0,1,1
179,6,0,1,1
179,7,0,1,1
179,8,0,1,1
179,9,0,1,1
179,10,0,1,1
179,11,0,1,1
179,12,0,1,1
179,13,0,1,1
179,14,0,1,1
179,15,0,1,1
179,16,0,1,1
179,17,0,1,1
179,18,0,1,1
179,19,0,1,1
179,20,0,1,1
179,21,0,1,1
179,22,0,1,1
179,23,0,1,1
179,24,0,1,1
179,25,0,1,1
179,26,0,1,1
179,27,0,1,1
179,28,0,1,1
179,29,0,1,1
179,30,0,1,1
179,31,0,1,1
179,32,0,1,1
179,33,0,1,1
180,0,13,1,1
180,1,27,1,1
180,2,7,1,1
180,3,4,1,1
180,4,4,1,1
180,5,16,1,1
180,6,0,1,1
180,7,9,1,1
180,8,0,1,1
180,9,0,1,1
180,10,3,1,1
180,11,5,1,1
180,12,0,1,1
180,13,0,1,1
180,14,0,1,1
180,15,0,1,1
180,16,0,1,1
180,17,20,1,1
180,18,3,1,1
180,19,6,1,1
180,20,6,1,1
180,21,2,1,1
180,22,0,1,1
180,23,8,1,1
180,24,0,1,1
180,25,0,1,1
180,26,7,1,1
180,27,0,1,1
180,28,3,1,1
180,29,1,1,1
180,30,5,1,1
180,31,0,1,1
180,32,2,1,1
180,33,0,1,1
181,0,0,1,1
181,1,0,1,1
181,2,0,1,1
181,3,0,1,1
181,4,0,1,1
181,5,0,1,1
181,6,0,1,1
181,7,0,1,1
181,8,0,1,1
181,9,0,1,1
181,10,0,1,1
181,11,0,1,1
181,12,0,1,1
181,13,0,1,1
181,14,0,1,1
181,15,0,1,1
181,16,0,1,1
181,17,0,1,1
181,18,0,1,1
181,19,0,1,1
181,20,0,1,1
181,21,0,1,1
181,22,0,1,1
181,23,0,1,1
181,24,0,1,1
181,25,0,1,1
181,26,0,1,1
181,27,0,1,1
181,28,0,1,1
181,29,0,1,1
181,30,0,1,1
181,31,0,1,1
181,32,0,1,1
181,33,0,1,1
182,0,21,1,1
182,1,19,1,1
182,2,11,1,1
182,3,2,1,1
182,4,3,1,1
182,5,12,1,1
182,6,0,1,1
182,7,12,1,1
182,8,0,1,1
182,9,0,1,1
182,10,5,1,1
182,11,9,1,1
182,12,0,1,1
182,13,0,1,1
182,14,0,1,1
182,15,0,1,1
182,16,0,1,1
182,17,25,1,1
182,18,13,1,1
182,19,5,1,1
182,20,6,1,1
182,21,3,1,1
182,22,0,1,1
182,23,6,1,1
182,24,0,1,1
182,25,0,1,1
182,26,2,1,1
182,27,0,1,1
182,28,7,1,1
182,29,4,1,1
182,30,2,1,1
182,31,0,1,1
182,32,1,1,1
182,33,5,1,1
183,0,39,1,1
183,1,30,1,1
183,2,20,1,1
183,3,4,1,1
183,4,4,1,1
183,5,13,1,1
183,6,0,1,1
183,7,12,1,1
183,8,0,1,1
183,9,0,1,1
183,10,4,1,1
183,11,7,1,1
183,12,0,1,1
183,13,0,1,1
183,14,0,1,1
183,15,0,1,1
183,16,0,1,1
183,17,16,1,1
183,18,15,1,1
183,19,0,1,1
183,20,5,1,1
183,21,7,1,1
183,22,2,1,1
183,23,2,1,1
183,24,0,1,1
183,25,0,1,1
183,26,5,1,1
183,27,0,1,1
183,28,4,1,1
183,29,1,1,1
183,30,7,1,1
183,31,2,1,1
183,32,1,1,1
183,33,4,1,1
184,0,28,1,1
184,1,34,1,1
184,2,9,1,1
184,3,9,1,1
184,4,9,1,1
184,5,20,1,1
184,6,0,1,1
184,7,18,1,1
184,8,0,1,1
184,9,0,1,1
184,10,0,1,1
184,11,10,1,1
184,12,0,1,1
184,13,0,1,1
184,14,0,1,1
184,15,0,1,1
184,16,1,1,1
184,17,23,1,1
184,18,19,1,1
184,19,7,1,1
184,20,5,1,1
184,21,3,1,1
184,22,0,1,1
184,23,3,1,1
184,24,0,1,1
184,25,2,1,1
184,26,7,1,1
184,27,0,1,1
184,28,6,1,1
184,29,3,1,1
184,30,2,1,1
184,31,5,1,1
184,32,0,1,1
184,33,2,1,1
185,0,23,1,1
185,1,37,1,1
185,2,12,1,1
185,3,48,1,1
185,4,9,1,1
185,5,23,1,1
185,6,0,1,1
185,7,19,1,1
185,8,1,1,1
185,9,0,1,1
185,10,3,1,1
185,11,13,1,1
185,12,0,1,1
185,13,0,1,1
185,14,0,1,1
185,15,0,1,1
185,16,0,1,1
185,17,28,1,1
185,18,21,1,1
185,19,3,1,1
185,20,5,1,1
185,21,5,1,1
185,22,0,1,1
185,23,7,1,1
185,24,0,1,1
185,25,1,1,1
185,26,7,1,1
185,27,0,1,1
185,28,8,1,1
185,29,1,1,1
185,30,6,1,1
185,31,1,1,1
185,32,6,1,1
185,33,3,1,1
186,0,42,1,1
186,1,47,1,1
186,2,17,1,1
186,3,73,1,1
186,4,9,1,1
186,5,24,1,1
186,6,0,1,1
186,7,22,1,1
186,8,2,1,1
186,9,0,1,1
186,10,12,1,1
186,11,10,1,1
186,12,0,1,1
186,13,0,1,1
186,14,0,1,1
186,15,0,1,1
186,16,0,1,1
186,17,34,1,1
186,18,27,1,1
186,19,7,1,1
186,20,12,1,1
186,21,7,1,1
186,22,2,1,1
186,23,6,1,1
186,24,1,1,1
186,25,0,1,1
186,26,5,1,1
186,27,0,1,1
186,28,11,1,1
186,29,1,1,1
186,30,4,1,1
186,31,0,1,1
186,32,4,1,1
186,33,2,1,1
187,0,43,1,1
187,1,40,1,1
187,2,21,1,1
187,3,6,1,1
187,4,9,1,1
187,5,23,1,1
187,6,0,1,1
187,7,37,1,1
187,8,0,1,1
187,9,0,1,1
187,10,9,1,1
187,11,17,1,1
187,12,0,1,1
187,13,0,1,1
187,14,0,1,1
187,15,0,1,1
187,16,1,1,1
187,17,51,1,1
187,18,24,1,1
187,19,8,1,1
187,20,8,1,1
187,21,3,1,1
187,22,2,1,1
187,23,9,1,1
187,24,2,1,1
187,25,0,1,1
187,26,5,1,1
187,27,0,1,1
187,28,9,1,1
187,29,3,1,1
187,30,3,1,1
187,31,3,1,1
187,32,3,1,1
187,33,0,1,1
188,0,43,1,1
188,1,50,1,1
188,2,24,1,1
188,3,11,1,1
188,4,5,1,1
188,5,35,1,1
188,6,0,1,1
188,7,41,1,1
188,8,2,1,1
188,9,0,1,1
188,10,7,1,1
188,11,22,1,1
188,12,0,1,1
188,13,0,1,1
188,14,0,1,1
188,15,0,1,1
188,16,1,1,1
188,17,30,1,1
188,18,36,1,1
188,19,9,1,1
188,20,14,1,1
188,21,7,1,1
188,22,3,1,1
188,23,8,1,1
188,24,0,1,1
188,25,4,1,1
188,26,9,1,1
188,27,0,1,1
188,28,8,1,1
188,29,7,1,1
188,30,2,1,1
188,31,0,1,1
188,32,4,1,1
188,33,4,1,1
189,0,42,1,1
189,1,70,1,1
189,2,41,1,1
189,3,13,1,1
189,4,8,1,1
189,5,48,1,1
189,6,0,1,1
189,7,39,1,1
189,8,3,1,1
189,9,0,1,1
189,10,15,1,1
189,11,17,1,1
189,12,0,1,1
189,13,0,1,1
189,14,0,1,1
189,15,0,1,1
189,16,0,1,1
189,17,43,1,1
189,18,42,1,1
189,19,9,1,1
189,20,9,1,1
189,21,13,1,1
189,22,1,1,1
189,23,12,1,1
189,24,0,1,1
189,25,4,1,1
189,26,13,1,1
189,27,0,1,1
189,28,11,1,1
189,29,5,1,1
189,30,4,1,1
189,31,0,1,1
189,32,3,1,1
189,33,4,1,1
190,0,62,1,1
190,1,62,1,1
190,2,28,1,1
190,3,77,1,1
190,4,4,1,1
190,5,49,1,1
190,6,0,1,1
190,7,38,1,1
190,8,3,1,1
190,9,0,1,1
190,10,14,1,1
190,11,24,1,1
190,12,0,1,1
190,13,0,1,1
190,14,0,1,1
190,15,0,1,1
190,16,0,1,1
190,17,41,1,1
190,18,37,1,1
190,19,6,1,1
190,20,13,1,1
190,21,13,1,1
190,22,4,1,1
190,23,7,1,1
190,24,1,1,1
190,25,2,1,1
190,26,12,1,1
190,27,0,1,1
190,28,12,1,1
190,29,5,1,1
190,30,8,1,1
190,31,0,1,1
190,32,5,1,1
190,33,3,1,1
191,0,69,1,1
191,1,81,1,1
191,2,25,1,1
191,3,13,1,1
191,4,3,1,1
191,5,63,1,1
191,6,0,1,1
191,7,30,1,1
191,8,1,1,1
191,9,0,1,1
191,10,9,1,1
191,11,18,1,1
191,12,0,1,1
191,13,0,1,1
191,14,0,1,1
191,15,0,1,1
191,16,3,1,1
191,17,65,1,1
191,18,29,1,1
191,19,9,1,1
191,20,17,1,1
191,21,16,1,1
191,22,4,1,1
191,23,10,1,1
191,24,1,1,1
191,25,4,1,1
191,26,11,1,1
191,27,0,1,1
191,28,10,1,1
191,29,6,1,1
191,30,7,1,1
191,31,2,1,1
191,32,6,1,1
191,33,5,1,1
192,0,120,1,1
192,1,107,1,1
192,2,43,1,1
192,3,7,1,1
192,4,10,1,1
192,5,77,1,1
192,6,0,1,1
192,7,56,1,1
192,8,1,1,1
192,9,0,1,1
192,10,8,1,1
192,11,20,1,1
192,12,0,1,1
192,13,0,1,1
192,14,0,1,1
192,15,0,1,1
192,16,3,1,1
192,17,69,1,1
192,18,40,1,1
192,19,8,1,1
192,20,25,1,1
192,21,20,1,1
192,22,6,1,1
192,23,19,1,1
192,24,0,1,1
192,25,1,1,1
192,26,16,1,1
192,27,0,1,1
192,28,12,1,1
192,29,8,1,1
192,30,8,1,1
192,31,0,1,1
192,32,4,1,1
192,33,5,1,1
193,0,0,1,1
193,1,0,1,1
193,2,0,1,1
193,3,0,1,1
193,4,0,1,1
193,5,0,1,1
193,6,0,1,1
193,7,0,1,1
193,8,0,1,1
193,9,0,1,1
193,10,0,1,1
193,11,0,1,1
193,12,0,1,1
193,13,0,1,1
193,14,0,1,1
193,15,0,1,1
193,16,0,1,1
193,17,0,1,1
193,18,0,1,1
193,19,0,1,1
193,20,0,1,1
193,21,0,1,1
193,22,0,1,1
193,23,0,1,1
193,24,0,1,1
193,25,0,1,1
193,26,0,1,1
193,27,0,1,1
193,28,0,1,1
193,29,0,1,1
193,30,0,1,1
193,31,0,1,1
193,32,0,1,1
193,33,0,1,1
194,0,129,1,1
194,1,151,1,1
194,2,46,1,1
194,3,16,1,1
194,4,6,1,1
194,5,95,1,1
194,6,0,1,1
194,7,52,1,1
194,8,1,1,1
194,9,0,1,1
194,10,12,1,1
194,11,32,1,1
194,12,0,1,1
194,13,0,1,1
194,14,0,1,1
194,15,0,1,1
194,16,5,1,1
194,17,93,1,1
194,18,49,1,1
194,19,24,1,1
194,20,29,1,1
194,21,24,1,1
194,22,11,1,1
194,23,22,1,1
194,24,3,1,1
194,25,5,1,1
194,26,23,1,1
194,27,0,1,1
194,28,13,1,1
194,29,7,1,1
194,30,16,1,1
194,31,4,1,1
194,32,5,1,1
194,33,4,1,1
195,0,168,1,1
195,1,179,1,1
195,2,57,1,1
195,3,12,1,1
195,4,9,1,1
195,5,132,1,1
195,6,0,1,1
195,7,46,1,1
195,8,2,1,1
195,9,0,1,1
195,10,14,1,1
195,11,23,1,1
195,12,0,1,1
195,13,0,1,1
195,14,0,1,1
195,15,0,1,1
195,16,2,1,1
195,17,109,1,1
195,18,48,1,1
195,19,9,1,1
195,20,28,1,1
195,21,26,1,1
195,22,10,1,1
195,23,20,1,1
195,24,2,1,1
195,25,6,1,1
195,26,25,1,1
195,27,0,1,1
195,28,14,1,1
195,29,7,1,1
195,30,11,1,1
195,31,3,1,1
195,32,6,1,1
195,33,9,1,1
196,0,190,1,1
196,1,180,1,1
196,2,40,1,1
196,3,13,1,1
196,4,8,1,1
196,5,127,1,1
196,6,0,1,1
196,7,68,1,1
196,8,9,1,1
196,9,0,1,1
196,10,11,1,1
196,11,34,1,1
196,12,0,1,1
196,13,0,1,1
196,14,0,1,1
196,15,0,1,1
196,16,5,1,1
196,17,86,1,1
196,18,51,1,1
196,19,17,1,1
196,20,35,1,1
196,21,23,1,1
196,22,9,1,1
196,23,19,1,1
196,24,1,1,1
196,25,6,1,1
196,26,19,1,1
196,27,0,1,1
196,28,9,1,1
196,29,9,1,1
196,30,9,1,1
196,31,4,1,1
196,32,7,1,1
196,33,7,1,1
197,0,198,1,1
197,1,250,1,1
197,2,46,1,1
197,3,15,1,1
197,4,7,1,1
197,5,141,1,1
197,6,0,1,1
197,7,77,1,1
197,8,7,1,1
197,9,0,1,1
197,10,17,1,1
197,11,42,1,1
197,12,0,1,1
197,13,0,1,1
197,14,0,1,1
197,15,0,1,1
197,16,3,1,1
197,17,104,1,1
197,18,55,1,1
197,19,14,1,1
197,20,38,1,1
197,21,24,1,1
197,22,11,1,1
197,23,20,1,1
197,24,1,1,1
197,25,9,1,1
197,26,26,1,1
197,27,0,1,1
197,28,17,1,1
197,29,14,1,1
197,30,18,1,1
197,31,2,1,1
197,32,5,1,1
197,33,11,1,1
198,0,206,1,1
198,1,223,1,1
198,2,64,1,1
198,3,14,1,1
198,4,12,1,1
198,5,118,1,1
198,6,0,1,1
198,7,76,1,1
198,8,4,1,1
198,9,0,1,1
198,10,17,1,1
198,11,32,1,1
198,12,0,1,1
198,13,0,1,1
198,14,0,1,1
198,15,0,1,1
198,16,4,1,1
198,17,98,1,1
198,18,72,1,1
198,19,15,1,1
198,20,29,1,1
198,21,25,1,1
198,22,11,1,1
198,23,17,1,1
198,24,0,1,1
198,25,6,1,1
198,26,21,1,1
198,27,0,1,1
198,28,9,1,1
198,29,9,1,1
198,30,22,1,1
198,31,2,1,1
198,32,6,1,1
198,33,10,1,1
199,0,132,1,1
199,1,175,1,1
199,2,65,1,1
199,3,131,1,1
199,4,8,1,1
199,5,93,1,1
199,6,0,1,1
199,7,80,1,1
199,8,9,1,1
199,9,0,1,1
199,10,16,1,1
199,11,47,1,1
199,12,0,1,1
199,13,0,1,1
199,14,0,1,1
199,15,0,1,1
199,16,2,1,1
199,17,64,1,1
199,18,65,1,1
199,19,10,1,1
199,20,26,1,1
199,21,23,1,1
199,22,8,1,1
199,23,10,1,1
199,24,1,1,1
199,25,8,1,1
199,26,19,1,1
199,27,0,1,1
199,28,21,1,1
199,29,10,1,1
199,30,20,1,1
199,31,2,1,1
199,32,11,1,1
199,33,8,1,1
200,0,111,1,1
200,1,109,1,1
200,2,66,1,1
200,3,27,1,1
200,4,5,1,1
200,5,66,1,1
200,6,0,1,1
200,7,106,1,1
200,8,1,1,1
200,9,0,1,1
200,10,13,1,1
200,11,51,1,1
200,12,0,1,1
200,13,0,1,1
200,14,0,1,1
200,15,0,1,1
200,16,3,1,1
200,17,66,1,1
200,18,72,1,1
200,19,19,1,1
200,20,14,1,1
200,21,26,1,1
200,22,11,1,1
200,23,18,1,1
200,24,1,1,1
200,25,11,1,1
200,26,23,1,1
200,27,0,1,1
200,28,13,1,1
200,29,16,1,1
200,30,20,1,1
200,31,1,1,1
200,32,7,1,1
200,33,15,1,1
201,0,102,1,1
201,1,75,1,1
201,2,68,1,1
201,3,24,1,1
201,4,6,1,1
201,5,48,1,1
201,6,0,1,1
201,7,82,1,1
201,8,8,1,1
201,9,0,1,1
201,10,14,1,1
201,11,48,1,1
201,12,0,1,1
201,13,0,1,1
201,14,0,1,1
201,15,0,1,1
201,16,6,1,1
201,17,47,1,1
201,18,89,1,1
201,19,18,1,1
201,20,19,1,1
201,21,16,1,1
201,22,7,1,1
201,23,21,1,1
201,24,0,1,1
201,25,8,1,1
201,26,17,1,1
201,27,0,1,1
201,28,28,1,1
201,29,11,1,1
201,30,18,1,1
201,31,3,1,1
201,32,11,1,1
201,33,19,1,1
202,0,0,1,1
202,1,0,1,1
202,2,0,1,1
202,3,0,1,1
202,4,0,1,1
202,5,0,1,1
202,6,0,1,1
202,7,0,1,1
202,8,0,1,1
202,9,0,1,1
202,10,0,1,1
202,11,0,1,1
202,12,0,1,1
202,13,0,1,1
202,14,0,1,1
202,15,0,1,1
202,16,0,1,1
202,17,0,1,1
202,18,0,1,1
202,19,0,1,1
202,20,0,1,1
202,21,0,1,1
202,22,0,1,1
202,23,0,1,1
202,24,0,1,1
202,25,0,1,1
202,26,0,1,1
202,27,0,1,1
202,28,0,1,1
202,29,0,1,1
202,30,0,1,1
202,31,0,1,1
202,32,0,1,1
202,33,0,1,1
203,0,59,1,1
203,1,70,1,1
203,2,72,1,1
203,3,19,1,1
203,4,12,1,1
203,5,50,1,1
203,6,0,1,1
203,7,71,1,1
203,8,2,1,1
203,9,0,1,1
203,10,15,1,1
203,11,48,1,1
203,12,0,1,1
203,13,0,1,1
203,14,0,1,1
203,15,0,1,1
203,16,1,1,1
203,17,61,1,1
203,18,94,1,1
203,19,16,1,1
203,20,15,1,1
203,21,24,1,1
203,22,10,1,1
203,23,20,1,1
203,24,4,1,1
203,25,10,1,1
203,26,19,1,1
203,27,0,1,1
203,28,14,1,1
203,29,15,1,1
203,30,12,1,1
203,31,5,1,1
203,32,16,1,1
203,33,12,1,1
204,0,88,1,1
204,1,68,1,1
204,2,77,1,1
204,3,17,1,1
204,4,7,1,1
204,5,57,1,1
204,6,0,1,1
204,7,67,1,1
204,8,6,1,1
204,9,0,1,1
204,10,12,1,1
204,11,44,1,1
204,12,0,1,1
204,13,0,1,1
204,14,0,1,1
204,15,0,1,1
204,16,5,1,1
204,17,64,1,1
204,18,80,1,1
204,19,14,1,1
204,20,18,1,1
204,21,30,1,1
204,22,11,1,1
204,23,18,1,1
204,24,2,1,1
204,25,6,1,1
204,26,20,1,1
204,27,0,1,1
204,28,26,1,1
204,29,12,1,1
204,30,15,1,1
204,31,6,1,1
204,32,15,1,1
204,33,18,1,1
205,0,72,1,1
205,1,72,1,1
205,2,49,1,1
205,3,20,1,1
205,4,9,1,1
205,5,43,1,1
205,6,0,1,1
205,7,65,1,1
205,8,6,1,1
205,9,0,1,1
205,10,14,1,1
205,11,39,1,1
205,12,0,1,1
205,13,0,1,1
205,14,0,1,1
205,15,0,1,1
205,16,4,1,1
205,17,45,1,1
205,18,105,1,1
205,19,17,1,1
205,20,23,1,1
205,21,26,1,1
205,22,2,1,1
205,23,15,1,1
205,24,2,1,1
205,25,8,1,1
205,26,12,1,1
205,27,0,1,1
205,28,23,1,1
205,29,15,1,1
205,30,20,1,1
205,31,2,1,1
205,32,10,1,1
205,33,18,1,1
206,0,76,1,1
206,1,76,1,1
206,2,70,1,1
206,3,21,1,1
206,4,8,1,1
206,5,42,1,1
206,6,0,1,1
206,7,72,1,1
206,8,6,1,1
206,9,0,1,1
206,10,14,1,1
206,11,41,1,1
206,12,0,1,1
206,13,0,1,1
206,14,0,1,1
206,15,0,1,1
206,16,2,1,1
206,17,56,1,1
206,18,91,1,1
206,19,15,1,1
206,20,22,1,1
206,21,20,1,1
206,22,3,1,1
206,23,23,1,1
206,24,4,1,1
206,25,5,1,1
206,26,10,1,1
206,27,0,1,1
206,28,23,1,1
206,29,12,1,1
206,30,25,1,1
206,31,2,1,1
206,32,14,1,1
206,33,21,1,1
207,0,82,1,1
207,1,76,1,1
207,2,62,1,1
207,3,25,1,1
207,4,17,1,1
207,5,49,1,1
207,6,0,1,1
207,7,83,1,1
207,8,5,1,1
207,9,0,1,1
207,10,20,1,1
207,11,45,1,1
207,12,0,1,1
207,13,0,1,1
207,14,0,1,1
207,15,0,1,1
207,16,7,1,1
207,17,63,1,1
207,18,87,1,1
207,19,19,1,1
207,20,26,1,1
207,21,28,1,1
207,22,11,1,1
207,23,18,1,1
207,24,1,1,1
207,25,10,1,1
207,26,25,1,1
207,27,0,1,1
207,28,32,1,1
207,29,16,1,1
207,30,23,1,1
207,31,4,1,1
207,32,13,1,1
207,33,21,1,1
208,0,79,1,1
208,1,98,1,1
208,2,58,1,1
208,3,15,1,1
208,4,10,1,1
208,5,58,1,1
208,6,0,1,1
208,7,61,1,1
208,8,2,1,1
208,9,0,1,1
208,10,20,1,1
208,11,38,1,1
208,12,0,1,1
208,13,0,1,1
208,14,0,1,1
208,15,0,1,1
208,16,11,1,1
208,17,83,1,1
208,18,92,1,1
208,19,22,1,1
208,20,27,1,1
208,21,27,1,1
208,22,11,1,1
208,23,24,1,1
208,24,2,1,1
208,25,9,1,1
208,26,19,1,1
208,27,0,1,1
208,28,20,1,1
208,29,16,1,1
208,30,27,1,1
208,31,3,1,1
208,32,10,1,1
208,33,23,1,1
209,0,65,1,1
209,1,102,1,1
209,2,60,1,1
209,3,19,1,1
209,4,12,1,1
209,5,64,1,1
209,6,0,1,1
209,7,99,1,1
209,8,3,1,1
209,9,0,1,1
209,10,14,1,1
209,11,48,1,1
209,12,0,1,1
209,13,0,1,1
209,14,0,1,1
209,15,0,1,1
209,16,4,1,1
209,17,91,1,1
209,18,120,1,1
209,19,30,1,1
209,20,17,1,1
209,21,69,1,1
209,22,9,1,1
209,23,29,1,1
209,24,2,1,1
209,25,12,1,1
209,26,22,1,1
209,27,0,1,1
209,28,25,1,1
209,29,16,1,1
209,30,23,1,1
209,31,5,1,1
209,32,6,1,1
209,33,17,1,1
210,0,95,1,1
210,1,87,1,1
210,2,92,1,1
210,3,15,1,1
210,4,12,1,1
210,5,56,1,1
210,6,0,1,1
210,7,82,1,1
210,8,5,1,1
210,9,0,1,1
210,10,11,1,1
210,11,47,1,1
210,12,0,1,1
210,13,0,1,1
210,14,0,1,1
210,15,0,1,1
210,16,4,1,1
210,17,88,1,1
210,18,113,1,1
210,19,20,1,1
210,20,20,1,1
210,21,80,1,1
210,22,9,1,1
210,23,28,1,1
210,24,2,1,1
210,25,11,1,1
210,26,22,1,1
210,27,0,1,1
210,28,31,1,1
210,29,17,1,1
210,30,23,1,1
210,31,5,1,1
210,32,7,1,1
210,33,19,1,1
211,0,77,1,1
211,1,121,1,1
211,2,85,1,1
211,3,32,1,1
211,4,16,1,1
211,5,80,1,1
211,6,0,1,1
211,7,95,1,1
211,8,48,1,1
211,9,0,1,1
211,10,20,1,1
211,11,51,1,1
211,12,0,1,1
211,13,0,1,1
211,14,0,1,1
211,15,0,1,1
211,16,4,1,1
211,17,80,1,1
211,18,90,1,1
211,19,28,1,1
211,20,22,1,1
211,21,25,1,1
211,22,13,1,1
211,23,26,1,1
211,24,2,1,1
211,25,6,1,1
211,26,27,1,1
211,27,0,1,1
211,28,30,1,1
211,29,16,1,1
211,30,18,1,1
211,31,4,1,1
211,32,15,1,1
211,33,14,1,1
212,0,85,1,1
212,1,95,1,1
212,2,72,1,1
212,3,33,1,1
212,4,14,1,1
212,5,57,1,1
212,6,0,1,1
212,7,90,1,1
212,8,7,1,1
212,9,0,1,1
212,10,14,1,1
212,11,47,1,1
212,12,0,1,1
212,13,0,1,1
212,14,0,1,1
212,15,0,1,1
212,16,4,1,1
212,17,87,1,1
212,18,118,1,1
212,19,31,1,1
212,20,26,1,1
212,21,32,1,1
212,22,6,1,1
212,23,25,1,1
212,24,6,1,1
212,25,8,1,1
212,26,18,1,1
212,27,0,1,1
212,28,35,1,1
212,29,19,1,1
212,30,31,1,1
212,31,3,1,1
212,32,18,1,1
212,33,19,1,1
213,0,117,1,1
213,1,118,1,1
213,2,103,1,1
213,3,22,1,1
213,4,6,1,1
213,5,66,1,1
213,6,0,1,1
213,7,103,1,1
213,8,3,1,1
213,9,0,1,1
213,10,9,1,1
213,11,68,1,1
213,12,0,1,1
213,13,0,1,1
213,14,0,1,1
213,15,0,1,1
213,16,3,1,1
213,17,99,1,1
213,18,118,1,1
213,19,19,1,1
213,20,24,1,1
213,21,45,1,1
213,22,9,1,1
213,23,27,1,1
213,24,3,1,1
213,25,7,1,1
213,26,37,1,1
213,27,0,1,1
213,28,33,1,1
213,29,15,1,1
213,30,31,1,1
213,31,2,1,1
213,32,24,1,1
213,33,16,1,1
214,0,146,1,1
214,1,115,1,1
214,2,113,1,1
214,3,20,1,1
214,4,18,1,1
214,5,126,1,1
214,6,0,1,1
214,7,109,1,1
214,8,10,1,1
214,9,0,1,1
214,10,13,1,1
214,11,61,1,1
214,12,0,1,1
214,13,0,1,1
214,14,0,1,1
214,15,0,1,1
214,16,6,1,1
214,17,103,1,1
214,18,119,1,1
214,19,22,1,1
214,20,33,1,1
214,21,26,1,1
214,22,15,1,1
214,23,30,1,1
214,24,3,1,1
214,25,12,1,1
214,26,26,1,1
214,27,0,1,1
214,28,34,1,1
214,29,20,1,1
214,30,39,1,1
214,31,6,1,1
214,32,12,1,1
214,33,18,1,1
215,0,213,1,1
215,1,148,1,1
215,2,128,1,1
215,3,37,1,1
215,4,15,1,1
215,5,91,1,1
215,6,0,1,1
215,7,158,1,1
215,8,10,1,1
215,9,0,1,1
215,10,12,1,1
215,11,83,1,1
215,12,0,1,1
215,13,0,1,1
215,14,0,1,1
215,15,0,1,1
215,16,5,1,1
215,17,120,1,1
215,18,156,1,1
215,19,25,1,1
215,20,30,1,1
215,21,64,1,1
215,22,19,1,1
215,23,32,1,1
215,24,3,1,1
215,25,15,1,1
215,26,26,1,1
215,27,0,1,1
215,28,41,1,1
215,29,30,1,1
215,30,35,1,1
215,31,7,1,1
215,32,18,1,1
215,33,26,1,1
216,0,131,1,1
216,1,122,1,1
216,2,135,1,1
216,3,34,1,1
216,4,18,1,1
216,5,86,1,1
216,6,0,1,1
216,7,161,1,1
216,8,8,1,1
216,9,0,1,1
216,10,21,1,1
216,11,107,1,1
216,12,0,1,1
216,13,0,1,1
216,14,0,1,1
216,15,0,1,1
216,16,5,1,1
216,17,120,1,1
216,18,160,1,1
216,19,24,1,1
216,20,32,1,1
216,21,54,1,1
216,22,13,1,1
216,23,33,1,1
216,24,7,1,1
216,25,18,1,1
216,26,29,1,1
216,27,0,1,1
216,28,41,1,1
216,29,33,1,1
216,30,31,1,1
216,31,5,1,1
216,32,17,1,1
216,33,28,1,1
217,0,129,1,1
217,1,155,1,1
217,2,140,1,1
217,3,42,1,1
217,4,27,1,1
217,5,102,1,1
217,6,0,1,1
217,7,171,1,1
217,8,11,1,1
217,9,0,1,1
217,10,22,1,1
217,11,105,1,1
217,12,0,1,1
217,13,0,1,1
217,14,0,1,1
217,15,0,1,1
217,16,7,1,1
217,17,135,1,1
217,18,168,1,1
217,19,42,1,1
217,20,34,1,1
217,21,61,1,1
217,22,13,1,1
217,23,33,1,1
217,24,3,1,1
217,25,14,1,1
217,26,35,1,1
217,27,0,1,1
217,28,43,1,1
217,29,22,1,1
217,30,34,1,1
217,31,11,1,1
217,32,17,1,1
217,33,21,1,1
218,0,142,1,1
218,1,140,1,1
218,2,154,1,1
218,3,42,1,1
218,4,30,1,1
218,5,116,1,1
218,6,0,1,1
218,7,189,1,1
218,8,10,1,1
218,9,0,1,1
218,10,15,1,1
218,11,149,1,1
218,12,0,1,1
218,13,0,1,1
218,14,0,1,1
218,15,0,1,1
218,16,4,1,1
218,17,112,1,1
218,18,183,1,1
218,19,42,1,1
218,20,28,1,1
218,21,65,1,1
218,22,15,1,1
218,23,32,1,1
218,24,7,1,1
218,25,17,1,1
218,26,30,1,1
218,27,0,1,1
218,28,37,1,1
218,29,26,1,1
218,30,41,1,1
218,31,9,1,1
218,32,23,1,1
218,33,32,1,1
219,0,0,1,1
219,1,0,1,1
219,2,0,1,1
219,3,0,1,1
219,4,0,1,1
219,5,0,1,1
219,6,0,1,1
219,7,0,1,1
219,8,0,1,1
219,9,0,1,1
219,10,0,1,1
219,11,0,1,1
219,12,0,1,1
219,13,0,1,1
219,14,0,1,1
219,15,0,1,1
219,16,0,1,1
219,17,0,1,1
219,18,0,1,1
219,19,0,1,1
219,20,0,1,1
219,21,0,1,1
219,22,0,1,1
219,23,0,1,1
219,24,0,1,1
219,25,0,1,1
219,26,0,1,1
219,27,0,1,1
219,28,0,1,1
219,29,0,1,1
219,30,0,1,1
219,31,0,1,1
219,32,0,1,1
219,33,0,1,1
220,0,128,1,1
220,1,151,1,1
220,2,129,1,1
220,3,63,1,1
220,4,23,1,1
220,5,96,1,1
220,6,0,1,1
220,7,167,1,1
220,8,4,1,1
220,9,0,1,1
220,10,26,1,1
220,11,123,1,1
220,12,0,1,1
220,13,0,1,1
220,14,0,1,1
220,15,0,1,1
220,16,9,1,1
220,17,153,1,1
220,18,246,1,1
220,19,45,1,1
220,20,48,1,1
220,21,86,1,1
220,22,22,1,1
220,23,49,1,1
220,24,7,1,1
220,25,24,1,1
220,26,35,1,1
220,27,0,1,1
220,28,37,1,1
220,29,35,1,1
220,30,38,1,1
220,31,7,1,1
220,32,29,1,1
220,33,19,1,1
221,0,139,1,1
221,1,158,1,1
221,2,124,1,1
221,3,33,1,1
221,4,24,1,1
221,5,91,1,1
221,6,0,1,1
221,7,182,1,1
221,8,3,1,1
221,9,0,1,1
221,10,27,1,1
221,11,109,1,1
221,12,0,1,1
221,13,0,1,1
221,14,0,1,1
221,15,0,1,1
221,16,11,1,1
221,17,173,1,1
221,18,230,1,1
221,19,41,1,1
221,20,48,1,1
221,21,78,1,1
221,22,19,1,1
221,23,36,1,1
221,24,6,1,1
221,25,23,1,1
221,26,36,1,1
221,27,0,1,1
221,28,40,1,1
221,29,29,1,1
221,30,40,1,1
221,31,5,1,1
221,32,26,1,1
221,33,23,1,1
222,0,164,1,1
222,1,162,1,1
222,2,158,1,1
222,3,48,1,1
222,4,21,1,1
222,5,110,1,1
222,6,0,1,1
222,7,163,1,1
222,8,9,1,1
222,9,0,1,1
222,10,17,1,1
222,11,142,1,1
222,12,0,1,1
222,13,0,1,1
222,14,0,1,1
222,15,0,1,1
222,16,10,1,1
222,17,177,1,1
222,18,210,1,1
222,19,50,1,1
222,20,41,1,1
222,21,76,1,1
222,22,23,1,1
222,23,41,1,1
222,24,6,1,1
222,25,13,1,1
222,26,31,1,1
222,27,0,1,1
222,28,35,1,1
222,29,42,1,1
222,30,36,1,1
222,31,8,1,1
222,32,26,1,1
222,33,25,1,1
223,0,176,1,1
223,1,174,1,1
223,2,130,1,1
223,3,33,1,1
223,4,15,1,1
223,5,110,1,1
223,6,0,1,1
223,7,151,1,1
223,8,7,1,1
223,9,0,1,1
223,10,20,1,1
223,11,111,1,1
223,12,0,1,1
223,13,0,1,1
223,14,0,1,1
223,15,0,1,1
223,16,11,1,1
223,17,131,1,1
223,18,234,1,1
223,19,48,1,1
223,20,45,1,1
223,21,58,1,1
223,22,20,1,1
223,23,39,1,1
223,24,3,1,1
223,25,17,1,1
223,26,28,1,1
223,27,0,1,1
223,28,51,1,1
223,29,38,1,1
223,30,34,1,1
223,31,9,1,1
223,32,31,1,1
223,33,22,1,1
224,0,152,1,1
224,1,164,1,1
224,2,143,1,1
224,3,39,1,1
224,4,31,1,1
224,5,103,1,1
224,6,0,1,1
224,7,134,1,1
224,8,4,1,1
224,9,0,1,1
224,10,21,1,1
224,11,106,1,1
224,12,0,1,1
224,13,0,1,1
224,14,0,1,1
224,15,0,1,1
224,16,16,1,1
224,17,179,1,1
224,18,234,1,1
224,19,37,1,1
224,20,49,1,1
224,21,66,1,1
224,22,22,1,1
224,23,45,1,1
224,24,8,1,1
224,25,20,1,1
224,26,47,1,1
224,27,0,1,1
224,28,37,1,1
224,29,32,1,1
224,30,36,1,1
224,31,5,1,1
224,32,25,1,1
224,33,33,1,1
225,0,170,1,1
225,1,142,1,1
225,2,115,1,1
225,3,50,1,1
225,4,21,1,1
225,5,121,1,1
225,6,0,1,1
225,7,138,1,1
225,8,6,1,1
225,9,0,1,1
225,10,23,1,1
225,11,86,1,1
225,12,0,1,1
225,13,0,1,1
225,14,0,1,1
225,15,0,1,1
225,16,11,1,1
225,17,123,1,1
225,18,212,1,1
225,19,47,1,1
225,20,51,1,1
225,21,100,1,1
225,22,19,1,1
225,23,44,1,1
225,24,6,1,1
225,25,32,1,1
225,26,45,1,1
225,27,0,1,1
225,28,48,1,1
225,29,40,1,1
225,30,35,1,1
225,31,3,1,1
225,32,26,1,1
225,33,26,1,1
226,0,158,1,1
226,1,170,1,1
226,2,102,1,1
226,3,46,1,1
226,4,24,1,1
226,5,106,1,1
226,6,0,1,1
226,7,136,1,1
226,8,7,1,1
226,9,0,1,1
226,10,25,1,1
226,11,66,1,1
226,12,0,1,1
226,13,0,1,1
226,14,0,1,1
226,15,0,1,1
226,16,7,1,1
226,17,161,1,1
226,18,185,1,1
226,19,33,1,1
226,20,60,1,1
226,21,80,1,1
226,22,21,1,1
226,23,37,1,1
226,24,4,1,1
226,25,22,1,1
226,26,34,1,1
226,27,0,1,1
226,28,38,1,1
226,29,31,1,1
226,30,30,1,1
226,31,8,1,1
226,32,18,1,1
226,33,36,1,1
227,0,134,1,1
227,1,180,1,1
227,2,143,1,1
227,3,43,1,1
227,4,28,1,1
227,5,126,1,1
227,6,0,1,1
227,7,139,1,1
227,8,5,1,1
227,9,0,1,1
227,10,20,1,1
227,11,98,1,1
227,12,0,1,1
227,13,0,1,1
227,14,0,1,1
227,15,0,1,1
227,16,7,1,1
227,17,147,1,1
227,18,214,1,1
227,19,40,1,1
227,20,36,1,1
227,21,73,1,1
227,22,19,1,1
227,23,34,1,1
227,24,2,1,1
227,25,14,1,1
227,26,37,1,1
227,27,0,1,1
227,28,52,1,1
227,29,23,1,1
227,30,49,1,1
227,31,2,1,1
227,32,22,1,1
227,33,26,1,1
228,0,166,1,1
228,1,184,1,1
228,2,117,1,1
228,3,39,1,1
228,4,20,1,1
228,5,125,1,1
228,6,0,1,1
228,7,152,1,1
228,8,7,1,1
228,9,0,1,1
228,10,20,1,1
228,11,112,1,1
228,12,0,1,1
228,13,0,1,1
228,14,0,1,1
228,15,0,1,1
228,16,10,1,1
228,17,143,1,1
228,18,177,1,1
228,19,44,1,1
228,20,44,1,1
228,21,72,1,1
228,22,24,1,1
228,23,36,1,1
228,24,2,1,1
228,25,14,1,1
228,26,34,1,1
228,27,0,1,1
228,28,43,1,1
228,29,32,1,1
228,30,34,1,1
228,31,7,1,1
228,32,23,1,1
228,33,15,1,1
229,0,133,1,1
229,1,160,1,1
229,2,120,1,1
229,3,55,1,1
229,4,23,1,1
229,5,92,1,1
229,6,0,1,1
229,7,146,1,1
229,8,6,1,1
229,9,0,1,1
229,10,17,1,1
229,11,95,1,1
229,12,0,1,1
229,13,0,1,1
229,14,0,1,1
229,15,0,1,1
229,16,8,1,1
229,17,123,1,1
229,18,189,1,1
229,19,37,1,1
229,20,48,1,1
229,21,54,1,1
229,22,22,1,1
229,23,40,1,1
229,24,4,1,1
229,25,15,1,1
229,26,30,1,1
229,27,0,1,1
229,28,39,1,1
229,29,35,1,1
229,30,35,1,1
229,31,10,1,1
229,32,24,1,1
229,33,20,1,1
230,0,153,1,1
230,1,124,1,1
230,2,112,1,1
230,3,39,1,1
230,4,17,1,1
230,5,71,1,1
230,6,0,1,1
230,7,135,1,1
230,8,9,1,1
230,9,0,1,1
230,10,14,1,1
230,11,105,1,1
230,12,0,1,1
230,13,0,1,1
230,14,0,1,1
230,15,0,1,1
230,16,8,1,1
230,17,143,1,1
230,18,187,1,1
230,19,34,1,1
230,20,30,1,1
230,21,72,1,1
230,22,19,1,1
230,23,36,1,1
230,24,6,1,1
230,25,24,1,1
230,26,30,1,1
230,27,0,1,1
230,28,43,1,1
230,29,31,1,1
230,30,46,1,1
230,31,4,1,1
230,32,28,1,1
230,33,23,1,1
231,0,141,1,1
231,1,145,1,1
231,2,113,1,1
231,3,53,1,1
231,4,17,1,1
231,5,115,1,1
231,6,0,1,1
231,7,112,1,1
231,8,8,1,1
231,9,0,1,1
231,10,23,1,1
231,11,70,1,1
231,12,0,1,1
231,13,0,1,1
231,14,0,1,1
231,15,0,1,1
231,16,5,1,1
231,17,158,1,1
231,18,191,1,1
231,19,37,1,1
231,20,32,1,1
231,21,54,1,1
231,22,14,1,1
231,23,33,1,1
231,24,6,1,1
231,25,15,1,1
231,26,45,1,1
231,27,0,1,1
231,28,49,1,1
231,29,28,1,1
231,30,45,1,1
231,31,8,1,1
231,32,26,1,1
231,33,33,1,1
232,0,167,1,1
232,1,176,1,1
232,2,114,1,1
232,3,33,1,1
232,4,25,1,1
232,5,105,1,1
232,6,0,1,1
232,7,123,1,1
232,8,5,1,1
232,9,0,1,1
232,10,23,1,1
232,11,87,1,1
232,12,0,1,1
232,13,0,1,1
232,14,0,1,1
232,15,0,1,1
232,16,3,1,1
232,17,169,1,1
232,18,192,1,1
232,19,49,1,1
232,20,41,1,1
232,21,97,1,1
232,22,24,1,1
232,23,51,1,1
232,24,3,1,1
232,25,13,1,1
232,26,27,1,1
232,27,0,1,1
232,28,28,1,1
232,29,46,1,1
232,30,33,1,1
232,31,9,1,1
232,32,21,1,1
232,33,30,1,1
233,0,135,1,1
233,1,167,1,1
233,2,118,1,1
233,3,49,1,1
233,4,31,1,1
233,5,114,1,1
233,6,0,1,1
233,7,137,1,1
233,8,4,1,1
233,9,0,1,1
233,10,21,1,1
233,11,89,1,1
233,12,0,1,1
233,13,0,1,1
233,14,0,1,1
233,15,0,1,1
233,16,7,1,1
233,17,185,1,1
233,18,198,1,1
233,19,46,1,1
233,20,39,1,1
233,21,67,1,1
233,22,23,1,1
233,23,41,1,1
233,24,7,1,1
233,25,17,1,1
233,26,39,1,1
233,27,0,1,1
233,28,38,1,1
233,29,35,1,1
233,30,29,1,1
233,31,5,1,1
233,32,32,1,1
233,33,28,1,1
234,0,135,1,1
234,1,151,1,1
234,2,95,1,1
234,3,34,1,1
234,4,23,1,1
234,5,113,1,1
234,6,0,1,1
234,7,148,1,1
234,8,4,1,1
234,9,0,1,1
234,10,15,1,1
234,11,94,1,1
234,12,0,1,1
234,13,0,1,1
234,14,0,1,1
234,15,0,1,1
234,16,4,1,1
234,17,173,1,1
234,18,211,1,1
234,19,38,1,1
234,20,46,1,1
234,21,54,1,1
234,22,19,1,1
234,23,46,1,1
234,24,3,1,1
234,25,18,1,1
234,26,27,1,1
234,27,0,1,1
234,28,43,1,1
234,29,30,1,1
234,30,41,1,1
234,31,8,1,1
234,32,18,1,1
234,33,17,1,1
235,0,175,1,1
235,1,153,1,1
235,2,125,1,1
235,3,48,1,1
235,4,30,1,1
235,5,98,1,1
235,6,0,1,1
235,7,150,1,1
235,8,5,1,1
235,9,0,1,1
235,10,17,1,1
235,11,97,1,1
235,12,0,1,1
235,13,0,1,1
235,14,0,1,1
235,15,0,1,1
235,16,7,1,1
235,17,156,1,1
235,18,207,1,1
235,19,34,1,1
235,20,30,1,1
235,21,75,1,1
235,22,20,1,1
235,23,28,1,1
235,24,5,1,1
235,25,18,1,1
235,26,42,1,1
235,27,0,1,1
235,28,60,1,1
235,29,35,1,1
235,30,41,1,1
235,31,10,1,1
235,32,26,1,1
235,33,23,1,1
236,0,146,1,1
236,1,156,1,1
236,2,96,1,1
236,3,47,1,1
236,4,24,1,1
236,5,125,1,1
236,6,0,1,1
236,7,141,1,1
236,8,5,1,1
236,9,0,1,1
236,10,17,1,1
236,11,93,1,1
236,12,0,1,1
236,13,0,1,1
236,14,0,1,1
236,15,0,1,1
236,16,8,1,1
236,17,182,1,1
236,18,185,1,1
236,19,56,1,1
236,20,29,1,1
236,21,105,1,1
236,22,23,1,1
236,23,44,1,1
236,24,4,1,1
236,25,18,1,1
236,26,25,1,1
236,27,0,1,1
236,28,32,1,1
236,29,30,1,1
236,30,32,1,1
236,31,10,1,1
236,32,24,1,1
236,33,26,1,1
237,0,142,1,1
237,1,131,1,1
237,2,116,1,1
237,3,42,1,1
237,4,25,1,1
237,5,89,1,1
237,6,0,1,1
237,7,132,1,1
237,8,7,1,1
237,9,0,1,1
237,10,17,1,1
237,11,101,1,1
237,12,0,1,1
237,13,0,1,1
237,14,0,1,1
237,15,0,1,1
237,16,10,1,1
237,17,163,1,1
237,18,173,1,1
237,19,39,1,1
237,20,56,1,1
237,21,57,1,1
237,22,17,1,1
237,23,34,1,1
237,24,5,1,1
237,25,20,1,1
237,26,35,1,1
237,27,0,1,1
237,28,38,1,1
237,29,29,1,1
237,30,32,1,1
237,31,9,1,1
237,32,25,1,1
237,33,21,1,1
238,0,160,1,1
238,1,163,1,1
238,2,108,1,1
238,3,38,1,1
238,4,27,1,1
238,5,115,1,1
238,6,0,1,1
238,7,167,1,1
238,8,2,1,1
238,9,0,1,1
238,10,21,1,1
238,11,103,1,1
238,12,0,1,1
238,13,0,1,1
238,14,0,1,1
238,15,0,1,1
238,16,6,1,1
238,17,161,1,1
238,18,164,1,1
238,19,50,1,1
238,20,47,1,1
238,21,71,1,1
238,22,18,1,1
238,23,36,1,1
238,24,5,1,1
238,25,18,1,1
238,26,38,1,1
238,27,0,1,1
238,28,37,1,1
238,29,28,1,1
238,30,39,1,1
238,31,10,1,1
238,32,36,1,1
238,33,28,1,1
239,0,184,1,1
239,1,160,1,1
239,2,123,1,1
239,3,59,1,1
239,4,26,1,1
239,5,109,1,1
239,6,0,1,1
239,7,136,1,1
239,8,10,1,1
239,9,0,1,1
239,10,28,1,1
239,11,82,1,1
239,12,0,1,1
239,13,0,1,1
239,14,0,1,1
239,15,0,1,1
239,16,6,1,1
239,17,181,1,1
239,18,185,1,1
239,19,45,1,1
239,20,34,1,1
239,21,60,1,1
239,22,15,1,1
239,23,43,1,1
239,24,7,1,1
239,25,15,1,1
239,26,40,1,1
239,27,0,1,1
239,28,44,1,1
239,29,31,1,1
239,30,38,1,1
239,31,9,1,1
239,32,28,1,1
239,33,23,1,1
240,0,182,1,1
240,1,133,1,1
240,2,106,1,1
240,3,36,1,1
240,4,26,1,1
240,5,121,1,1
240,6,0,1,1
240,7,160,1,1
240,8,4,1,1
240,9,0,1,1
240,10,22,1,1
240,11,106,1,1
240,12,0,1,1
240,13,0,1,1
240,14,0,1,1
240,15,0,1,1
240,16,6,1,1
240,17,176,1,1
240,18,178,1,1
240,19,43,1,1
240,20,40,1,1
240,21,70,1,1
240,22,13,1,1
240,23,47,1,1
240,24,6,1,1
240,25,25,1,1
240,26,33,1,1
240,27,0,1,1
240,28,34,1,1
240,29,34,1,1
240,30,31,1,1
240,31,12,1,1
240,32,24,1,1
240,33,27,1,1
241,0,0,1,1
241,1,0,1,1
241,2,0,1,1
241,3,0,1,1
241,4,0,1,1
241,5,0,1,1
241,6,0,1,1
241,7,0,1,1
241,8,0,1,1
241,9,0,1,1
241,10,0,1,1
241,11,0,1,1
241,12,0,1,1
241,13,0,1,1
241,14,0,1,1
241,15,0,1,1
241,16,0,1,1
241,17,0,1,1
241,18,0,1,1
241,19,0,1,1
241,20,0,1,1
241,21,0,1,1
241,22,0,1,1
241,23,0,1,1
241,24,0,1,1
241,25,0,1,1
241,26,0,1,1
241,27,0,1,1
241,28,0,1,1
241,29,0,1,1
241,30,0,1,1
241,31,0,1,1
241,32,0,1,1
241,33,0,1,1
242,0,189,1,1
242,1,136,1,1
242,2,117,1,1
242,3,36,1,1
242,4,27,1,1
242,5,99,1,1
242,6,0,1,1
242,7,112,1,1
242,8,4,1,1
242,9,0,1,1
242,10,24,1,1
242,11,83,1,1
242,12,0,1,1
242,13,0,1,1
242,14,0,1,1
242,15,0,1,1
242,16,10,1,1
242,17,168,1,1
242,18,148,1,1
242,19,44,1,1
242,20,51,1,1
242,21,67,1,1
242,22,18,1,1
242,23,33,1,1
242,24,3,1,1
242,25,19,1,1
242,26,35,1,1
242,27,0,1,1
242,28,34,1,1
242,29,29,1,1
242,30,29,1,1
242,31,3,1,1
242,32,29,1,1
242,33,20,1,1
243,0,162,1,1
243,1,162,1,1
243,2,86,1,1
243,3,48,1,1
243,4,30,1,1
243,5,129,1,1
243,6,0,1,1
243,7,91,1,1
243,8,8,1,1
243,9,0,1,1
243,10,28,1,1
243,11,65,1,1
243,12,0,1,1
243,13,0,1,1
243,14,0,1,1
243,15,0,1,1
243,16,2,1,1
243,17,191,1,1
243,18,173,1,1
243,19,32,1,1
243,20,36,1,1
243,21,61,1,1
243,22,13,1,1
243,23,47,1,1
243,24,4,1,1
243,25,14,1,1
243,26,23,1,1
243,27,0,1,1
243,28,45,1,1
243,29,17,1,1
243,30,34,1,1
243,31,5,1,1
243,32,34,1,1
243,33,21,1,1
244,0,169,1,1
244,1,148,1,1
244,2,97,1,1
244,3,43,1,1
244,4,33,1,1
244,5,105,1,1
244,6,0,1,1
244,7,129,1,1
244,8,5,1,1
244,9,0,1,1
244,10,27,1,1
244,11,64,1,1
244,12,0,1,1
244,13,0,1,1
244,14,0,1,1
244,15,0,1,1
244,16,4,1,1
244,17,163,1,1
244,18,133,1,1
244,19,46,1,1
244,20,40,1,1
244,21,65,1,1
244,22,11,1,1
244,23,47,1,1
244,24,5,1,1
244,25,16,1,1
244,26,37,1,1
244,27,0,1,1
244,28,39,1,1
244,29,30,1,1
244,30,31,1,1
244,31,9,1,1
244,32,34,1,1
244,33,28,1,1
245,0,195,1,1
245,1,123,1,1
245,2,78,1,1
245,3,44,1,1
245,4,26,1,1
245,5,95,1,1
245,6,0,1,1
245,7,115,1,1
245,8,6,1,1
245,9,0,1,1
245,10,15,1,1
245,11,89,1,1
245,12,0,1,1
245,13,0,1,1
245,14,0,1,1
245,15,0,1,1
245,16,8,1,1
245,17,151,1,1
245,18,185,1,1
245,19,44,1,1
245,20,38,1,1
245,21,65,1,1
245,22,18,1,1
245,23,53,1,1
245,24,3,1,1
245,25,18,1,1
245,26,27,1,1
245,27,0,1,1
245,28,32,1,1
245,29,27,1,1
245,30,38,1,1
245,31,8,1,1
245,32,24,1,1
245,33,28,1,1
246,0,192,1,1
246,1,138,1,1
246,2,91,1,1
246,3,60,1,1
246,4,35,1,1
246,5,94,1,1
246,6,0,1,1
246,7,140,1,1
246,8,6,1,1
246,9,0,1,1
246,10,14,1,1
246,11,97,1,1
246,12,0,1,1
246,13,0,1,1
246,14,0,1,1
246,15,0,1,1
246,16,7,1,1
246,17,171,1,1
246,18,179,1,1
246,19,46,1,1
246,20,35,1,1
246,21,77,1,1
246,22,18,1,1
246,23,50,1,1
246,24,4,1,1
246,25,20,1,1
246,26,25,1,1
246,27,0,1,1
246,28,40,1,1
246,29,28,1,1
246,30,32,1,1
246,31,5,1,1
246,32,30,1,1
246,33,23,1,1
247,0,190,1,1
247,1,163,1,1
247,2,168,1,1
247,3,123,1,1
247,4,29,1,1
247,5,109,1,1
247,6,0,1,1
247,7,142,1,1
247,8,8,1,1
247,9,0,1,1
247,10,15,1,1
247,11,101,1,1
247,12,0,1,1
247,13,0,1,1
247,14,0,1,1
247,15,0,1,1
247,16,9,1,1
247,17,154,1,1
247,18,187,1,1
247,19,41,1,1
247,20,61,1,1
247,21,57,1,1
247,22,16,1,1
247,23,42,1,1
247,24,3,1,1
247,25,15,1,1
247,26,45,1,1
247,27,0,1,1
247,28,45,1,1
247,29,20,1,1
247,30,34,1,1
247,31,12,1,1
247,32,30,1,1
247,33,22,1,1
248,0,190,1,1
248,1,163,1,1
248,2,92,1,1
248,3,175,1,1
248,4,24,1,1
248,5,132,1,1
248,6,0,1,1
248,7,118,1,1
248,8,10,1,1
248,9,0,1,1
248,10,25,1,1
248,11,93,1,1
248,12,0,1,1
248,13,0,1,1
248,14,0,1,1
248,15,0,1,1
248,16,2,1,1
248,17,184,1,1
248,18,197,1,1
248,19,46,1,1
248,20,42,1,1
248,21,73,1,1
248,22,15,1,1
248,23,44,1,1
248,24,5,1,1
248,25,20,1,1
248,26,38,1,1
248,27,0,1,1
248,28,44,1,1
248,29,25,1,1
248,30,33,1,1
248,31,10,1,1
248,32,32,1,1
248,33,18,1,1
249,0,0,1,1
249,1,0,1,1
249,2,0,1,1
249,3,0,1,1
249,4,0,1,1
249,5,0,1,1
249,6,0,1,1
249,7,0,1,1
249,8,0,1,1
249,9,0,1,1
249,10,0,1,1
249,11,0,1,1
249,12,0,1,1
249,13,0,1,1
249,14,0,1,1
249,15,0,1,1
249,16,0,1,1
249,17,0,1,1
249,18,0,1,1
249,19,0,1,1
249,20,0,1,1
249,21,0,1,1
249,22,0,1,1
249,23,0,1,1
249,24,0,1,1
249,25,0,1,1
249,26,0,1,1
249,27,0,1,1
249,28,0,1,1
249,29,0,1,1
249,30,0,1,1
249,31,0,1,1
249,32,0,1,1
249,33,0,1,1
250,0,182,1,1
250,1,169,1,1
250,2,96,1,1
250,3,51,1,1
250,4,32,1,1
250,5,146,1,1
250,6,0,1,1
250,7,130,1,1
250,8,21,1,1
250,9,0,1,1
250,10,13,1,1
250,11,85,1,1
250,12,0,1,1
250,13,0,1,1
250,14,0,1,1
250,15,0,1,1
250,16,4,1,1
250,17,206,1,1
250,18,194,1,1
250,19,37,1,1
250,20,32,1,1
250,21,75,1,1
250,22,17,1,1
250,23,49,1,1
250,24,3,1,1
250,25,14,1,1
250,26,33,1,1
250,27,0,1,1
250,28,56,1,1
250,29,27,1,1
250,30,35,1,1
250,31,10,1,1
250,32,28,1,1
250,33,19,1,1
251,0,192,1,1
251,1,145,1,1
251,2,91,1,1
251,3,46,1,1
251,4,40,1,1
251,5,105,1,1
251,6,0,1,1
251,7,118,1,1
251,8,27,1,1
251,9,0,1,1
251,10,12,1,1
251,11,107,1,1
251,12,0,1,1
251,13,0,1,1
251,14,0,1,1
251,15,0,1,1
251,16,4,1,1
251,17,192,1,1
251,18,191,1,1
251,19,42,1,1
251,20,52,1,1
251,21,57,1,1
251,22,14,1,1
251,23,44,1,1
251,24,6,1,1
251,25,21,1,1
251,26,34,1,1
251,27,0,1,1
251,28,51,1,1
251,29,22,1,1
251,30,28,1,1
251,31,9,1,1
251,32,23,1,1
251,33,20,1,1
252,0,224,1,1
252,1,160,1,1
252,2,77,1,1
252,3,44,1,1
252,4,22,1,1
252,5,121,1,1
252,6,0,1,1
252,7,119,1,1
252,8,21,1,1
252,9,0,1,1
252,10,17,1,1
252,11,61,1,1
252,12,0,1,1
252,13,0,1,1
252,14,0,1,1
252,15,0,1,1
252,16,6,1,1
252,17,220,1,1
252,18,163,1,1
252,19,45,1,1
252,20,46,1,1
252,21,70,1,1
252,22,10,1,1
252,23,36,1,1
252,24,7,1,1
252,25,22,1,1
252,26,25,1,1
252,27,0,1,1
252,28,28,1,1
252,29,19,1,1
252,30,39,1,1
252,31,8,1,1
252,32,18,1,1
252,33,30,1,1
253,0,0,1,1
253,1,0,1,1
253,2,0,1,1
253,3,0,1,1
253,4,0,1,1
253,5,0,1,1
253,6,0,1,1
253,7,0,1,1
253,8,0,1,1
253,9,0,1,1
253,10,0,1,1
253,11,0,1,1
253,12,0,1,1
253,13,0,1,1
253,14,0,1,1
253,15,0,1,1
253,16,0,1,1
253,17,0,1,1
253,18,0,1,1
253,19,0,1,1
253,20,0,1,1
253,21,0,1,1
253,22,0,1,1
253,23,0,1,1
253,24,0,1,1
253,25,0,1,1
253,26,0,1,1
253,27,0,1,1
253,28,0,1,1
253,29,0,1,1
253,30,0,1,1
253,31,0,1,1
253,32,0,1,1
253,33,0,1,1
254,0,218,1,1
254,1,144,1,1
254,2,82,1,1
254,3,60,1,1
254,4,34,1,1
254,5,108,1,1
254,6,0,1,1
254,7,102,1,1
254,8,24,1,1
254,9,0,1,1
254,10,16,1,1
254,11,60,1,1
254,12,0,1,1
254,13,0,1,1
254,14,0,1,1
254,15,0,1,1
254,16,9,1,1
254,17,160,1,1
254,18,142,1,1
254,19,45,1,1
254,20,39,1,1
254,21,57,1,1
254,22,18,1,1
254,23,47,1,1
254,24,5,1,1
254,25,23,1,1
254,26,33,1,1
254,27,0,1,1
254,28,19,1,1
254,29,21,1,1
254,30,25,1,1
254,31,13,1,1
254,32,28,1,1
254,33,21,1,1
255,0,0,1,1
255,1,0,1,1
255,2,0,1,1
255,3,0,1,1
255,4,0,1,1
255,5,0,1,1
255,6,0,1,1
255,7,0,1,1
255,8,0,1,1
255,9,0,1,1
255,10,0,1,1
255,11,0,1,1
255,12,0,1,1
255,13,0,1,1
255,14,0,1,1
255,15,0,1,1
255,16,0,1,1
255,17,0,1,1
255,18,0,1,1
255,19,0,1,1
255,20,0,1,1
255,21,0,1,1
255,22,0,1,1
255,23,0,1,1
255,24,0,1,1
255,25,0,1,1
255,26,0,1,1
255,27,0,1,1
255,28,0,1,1
255,29,0,1,1
255,30,0,1,1
255,31,0,1,1
255,32,0,1,1
255,33,0,1,1
256,0,188,1,1
256,1,158,1,1
256,2,81,1,1
256,3,51,1,1
256,4,30,1,1
256,5,118,1,1
256,6,0,1,1
256,7,105,1,1
256,8,13,1,1
256,9,0,1,1
256,10,17,1,1
256,11,58,1,1
256,12,0,1,1
256,13,0,1,1
256,14,0,1,1
256,15,0,1,1
256,16,4,1,1
256,17,173,1,1
256,18,130,1,1
256,19,42,1,1
256,20,28,1,1
256,21,49,1,1
256,22,7,1,1
256,23,37,1,1
256,24,5,1,1
256,25,11,1,1
256,26,41,1,1
256,27,0,1,1
256,28,32,1,1
256,29,17,1,1
256,30,30,1,1
256,31,4,1,1
256,32,26,1,1
256,33,18,1,1
257,0,0,1,1
257,1,0,1,1
257,2,0,1,1
257,3,0,1,1
257,4,0,1,1
257,5,0,1,1
257,6,0,1,1
257,7,0,1,1
257,8,0,1,1
257,9,0,1,1
257,10,0,1,1
257,11,0,1,1
257,12,0,1,1
257,13,0,1,1
257,14,0,1,1
257,15,0,1,1
257,16,0,1,1
257,17,0,1,1
257,18,0,1,1
257,19,0,1,1
257,20,0,1,1
257,21,0,1,1
257,22,0,1,1
257,23,0,1,1
257,24,0,1,1
257,25,0,1,1
257,26,0,1,1
257,27,0,1,1
257,28,0,1,1
257,29,0,1,1
257,30,0,1,1
257,31,0,1,1
257,32,0,1,1
257,33,0,1,1
258,0,204,1,1
258,1,166,1,1
258,2,98,1,1
258,3,44,1,1
258,4,34,1,1
258,5,136,1,1
258,6,0,1,1
258,7,132,1,1
258,8,16,1,1
258,9,0,1,1
258,10,19,1,1
258,11,70,1,1
258,12,0,1,1
258,13,0,1,1
258,14,0,1,1
258,15,0,1,1
258,16,2,1,1
258,17,202,1,1
258,18,141,1,1
258,19,34,1,1
258,20,35,1,1
258,21,74,1,1
258,22,12,1,1
258,23,30,1,1
258,24,5,1,1
258,25,19,1,1
258,26,31,1,1
258,27,0,1,1
258,28,36,1,1
258,29,17,1,1
258,30,27,1,1
258,31,7,1,1
258,32,28,1,1
258,33,12,1,1
259,0,0,1,1
259,1,0,1,1
259,2,0,1,1
259,3,0,1,1
259,4,0,1,1
259,5,0,1,1
259,6,0,1,1
259,7,0,1,1
259,8,0,1,1
259,9,0,1,1
259,10,0,1,1
259,11,0,1,1
259,12,0,1,1
259,13,0,1,1
259,14,0,1,1
259,15,0,1,1
259,16,0,1,1
259,17,0,1,1
259,18,0,1,1
259,19,0,1,1
259,20,0,1,1
259,21,0,1,1
259,22,0,1,1
259,23,0,1,1
259,24,0,1,1
259,25,0,1,1
259,26,0,1,1
259,27,0,1,1
259,28,0,1,1
259,29,0,1,1
259,30,0,1,1
259,31,0,1,1
259,32,0,1,1
259,33,0,1,1
260,0,221,1,1
260,1,159,1,1
260,2,93,1,1
260,3,48,1,1
260,4,35,1,1
260,5,117,1,1
260,6,0,1,1
260,7,129,1,1
260,8,28,1,1
260,9,0,1,1
260,10,19,1,1
260,11,88,1,1
260,12,0,1,1
260,13,0,1,1
260,14,0,1,1
260,15,0,1,1
260,16,3,1,1
260,17,200,1,1
260,18,173,1,1
260,19,42,1,1
260,20,38,1,1
260,21,79,1,1
260,22,13,1,1
260,23,36,1,1
260,24,3,1,1
260,25,23,1,1
260,26,33,1,1
260,27,0,1,1
260,28,32,1,1
260,29,20,1,1
260,30,38,1,1
260,31,9,1,1
260,32,23,1,1
260,33,13,1,1
261,0,0,1,1
261,1,0,1,1
261,2,0,1,1
261,3,0,1,1
261,4,0,1,1
261,5,0,1,1
261,6,0,1,1
261,7,0,1,1
261,8,0,1,1
261,9,0,1,1
261,10,0,1,1
261,11,0,1,1
261,12,0,1,1
261,13,0,1,1
261,14,0,1,1
261,15,0,1,1
261,16,0,1,1
261,17,0,1,1
261,18,0,1,1
261,19,0,1,1
261,20,0,1,1
261,21,0,1,1
261,22,0,1,1
261,23,0,1,1
261,24,0,1,1
261,25,0,1,1
261,26,0,1,1
261,27,0,1,1
261,28,0,1,1
261,29,0,1,1
261,30,0,1,1
261,31,0,1,1
261,32,0,1,1
261,33,0,1,1
262,0,204,1,1
262,1,146,1,1
262,2,93,1,1
262,3,53,1,1
262,4,36,1,1
262,5,115,1,1
262,6,0,1,1
262,7,94,1,1
262,8,24,1,1
262,9,0,1,1
262,10,15,1,1
262,11,60,1,1
262,12,0,1,1
262,13,0,1,1
262,14,0,1,1
262,15,0,1,1
262,16,8,1,1
262,17,228,1,1
262,18,117,1,1
262,19,53,1,1
262,20,33,1,1
262,21,43,1,1
262,22,14,1,1
262,23,37,1,1
262,24,4,1,1
262,25,20,1,1
262,26,20,1,1
262,27,0,1,1
262,28,28,1,1
262,29,14,1,1
262,30,34,1,1
262,31,4,1,1
262,32,28,1,1
262,33,14,1,1
263,0,0,1,1
263,1,0,1,1
263,2,0,1,1
263,3,0,1,1
263,4,0,1,1
263,5,0,1,1
263,6,0,1,1
263,7,0,1,1
263,8,0,1,1
263,9,0,1,1
263,10,0,1,1
263,11,0,1,1
263,12,0,1,1
263,13,0,1,1
263,14,0,1,1
263,15,0,1,1
263,16,0,1,1
263,17,0,1,1
263,18,0,1,1
263,19,0,1,1
263,20,0,1,1
263,21,0,1,1
263,22,0,1,1
263,23,0,1,1
263,24,0,1,1
263,25,0,1,1
263,26,0,1,1
263,27,0,1,1
263,28,0,1,1
263,29,0,1,1
263,30,0,1,1
263,31,0,1,1
263,32,0,1,1
263,33,0,1,1
264,0,216,1,1
264,1,133,1,1
264,2,64,1,1
264,3,139,1,1
264,4,33,1,1
264,5,71,1,1
264,6,0,1,1
264,7,101,1,1
264,8,24,1,1
264,9,0,1,1
264,10,21,1,1
264,11,57,1,1
264,12,0,1,1
264,13,0,1,1
264,14,0,1,1
264,15,0,1,1
264,16,4,1,1
264,17,151,1,1
264,18,125,1,1
264,19,59,1,1
264,20,25,1,1
264,21,52,1,1
264,22,9,1,1
264,23,44,1,1
264,24,3,1,1
264,25,12,1,1
264,26,26,1,1
264,27,0,1,1
264,28,31,1,1
264,29,14,1,1
264,30,20,1,1
264,31,7,1,1
264,32,25,1,1
264,33,14,1,1
265,0,210,1,1
265,1,115,1,1
265,2,68,1,1
265,3,35,1,1
265,4,29,1,1
265,5,87,1,1
265,6,0,1,1
265,7,61,1,1
265,8,18,1,1
265,9,0,1,1
265,10,13,1,1
265,11,48,1,1
265,12,0,1,1
265,13,0,1,1
265,14,0,1,1
265,15,0,1,1
265,16,1,1,1
265,17,145,1,1
265,18,103,1,1
265,19,32,1,1
265,20,26,1,1
265,21,54,1,1
265,22,9,1,1
265,23,32,1,1
265,24,3,1,1
265,25,13,1,1
265,26,16,1,1
265,27,0,1,1
265,28,25,1,1
265,29,15,1,1
265,30,25,1,1
265,31,4,1,1
265,32,20,1,1
265,33,12,1,1
266,0,173,1,1
266,1,103,1,1
266,2,61,1,1
266,3,41,1,1
266,4,28,1,1
266,5,81,1,1
266,6,0,1,1
266,7,60,1,1
266,8,14,1,1
266,9,0,1,1
266,10,9,1,1
266,11,39,1,1
266,12,0,1,1
266,13,0,1,1
266,14,0,1,1
266,15,0,1,1
266,16,2,1,1
266,17,142,1,1
266,18,97,1,1
266,19,26,1,1
266,20,26,1,1
266,21,30,1,1
266,22,10,1,1
266,23,30,1,1
266,24,4,1,1
266,25,14,1,1
266,26,18,1,1
266,27,0,1,1
266,28,26,1,1
266,29,20,1,1
266,30,25,1,1
266,31,6,1,1
266,32,16,1,1
266,33,11,1,1
267,0,164,1,1
267,1,124,1,1
267,2,57,1,1
267,3,37,1,1
267,4,31,1,1
267,5,99,1,1
267,6,0,1,1
267,7,79,1,1
267,8,13,1,1
267,9,0,1,1
267,10,18,1,1
267,11,49,1,1
267,12,0,1,1
267,13,0,1,1
267,14,0,1,1
267,15,0,1,1
267,16,6,1,1
267,17,155,1,1
267,18,106,1,1
267,19,40,1,1
267,20,25,1,1
267,21,51,1,1
267,22,14,1,1
267,23,23,1,1
267,24,5,1,1
267,25,16,1,1
267,26,26,1,1
267,27,0,1,1
267,28,19,1,1
267,29,9,1,1
267,30,17,1,1
267,31,11,1,1
267,32,16,1,1
267,33,11,1,1
268,0,169,1,1
268,1,98,1,1
268,2,45,1,1
268,3,27,1,1
268,4,27,1,1
268,5,60,1,1
268,6,0,1,1
268,7,64,1,1
268,8,15,1,1
268,9,0,1,1
268,10,12,1,1
268,11,49,1,1
268,12,0,1,1
268,13,0,1,1
268,14,0,1,1
268,15,0,1,1
268,16,1,1,1
268,17,97,1,1
268,18,111,1,1
268,19,29,1,1
268,20,27,1,1
268,21,82,1,1
268,22,15,1,1
268,23,22,1,1
268,24,4,1,1
268,25,6,1,1
268,26,6,1,1
268,27,0,1,1
268,28,24,1,1
268,29,11,1,1
268,30,23,1,1
268,31,5,1,1
268,32,13,1,1
268,33,9,1,1
269,0,0,1,1
269,1,0,1,1
269,2,0,1,1
269,3,0,1,1
269,4,0,1,1
269,5,0,1,1
269,6,0,1,1
269,7,0,1,1
269,8,0,1,1
269,9,0,1,1
269,10,0,1,1
269,11,0,1,1
269,12,0,1,1
269,13,0,1,1
269,14,0,1,1
269,15,0,1,1
269,16,0,1,1
269,17,0,1,1
269,18,0,1,1
269,19,0,1,1
269,20,0,1,1
269,21,0,1,1
269,22,0,1,1
269,23,0,1,1
269,24,0,1,1
269,25,0,1,1
269,26,0,1,1
269,27,0,1,1
269,28,0,1,1
269,29,0,1,1
269,30,0,1,1
269,31,0,1,1
269,32,0,1,1
269,33,0,1,1
270,0,177,1,1
270,1,102,1,1
270,2,44,1,1
270,3,20,1,1
270,4,17,1,1
270,5,74,1,1
270,6,0,1,1
270,7,76,1,1
270,8,11,1,1
270,9,0,1,1
270,10,7,1,1
270,11,40,1,1
270,12,0,1,1
270,13,0,1,1
270,14,0,1,1
270,15,0,1,1
270,16,3,1,1
270,17,97,1,1
270,18,78,1,1
270,19,27,1,1
270,20,28,1,1
270,21,38,1,1
270,22,9,1,1
270,23,26,1,1
270,24,2,1,1
270,25,7,1,1
270,26,15,1,1
270,27,0,1,1
270,28,13,1,1
270,29,9,1,1
270,30,18,1,1
270,31,9,1,1
270,32,10,1,1
270,33,3,1,1
271,0,115,1,1
271,1,91,1,1
271,2,54,1,1
271,3,23,1,1
271,4,21,1,1
271,5,55,1,1
271,6,0,1,1
271,7,55,1,1
271,8,11,1,1
271,9,0,1,1
271,10,10,1,1
271,11,34,1,1
271,12,0,1,1
271,13,0,1,1
271,14,0,1,1
271,15,0,1,1
271,16,5,1,1
271,17,88,1,1
271,18,71,1,1
271,19,19,1,1
271,20,21,1,1
271,21,23,1,1
271,22,13,1,1
271,23,23,1,1
271,24,0,1,1
271,25,14,1,1
271,26,13,1,1
271,27,0,1,1
271,28,65,1,1
271,29,13,1,1
271,30,12,1,1
271,31,3,1,1
271,32,15,1,1
271,33,7,1,1
272,0,124,1,1
272,1,84,1,1
272,2,69,1,1
272,3,110,1,1
272,4,20,1,1
272,5,67,1,1
272,6,0,1,1
272,7,56,1,1
272,8,12,1,1
272,9,0,1,1
272,10,15,1,1
272,11,36,1,1
272,12,0,1,1
272,13,0,1,1
272,14,0,1,1
272,15,0,1,1
272,16,2,1,1
272,17,90,1,1
272,18,69,1,1
272,19,24,1,1
272,20,22,1,1
272,21,32,1,1
272,22,10,1,1
272,23,20,1,1
272,24,0,1,1
272,25,7,1,1
272,26,13,1,1
272,27,0,1,1
272,28,63,1,1
272,29,10,1,1
272,30,12,1,1
272,31,2,1,1
272,32,12,1,1
272,33,3,1,1
273,0,101,1,1
273,1,86,1,1
273,2,42,1,1
273,3,25,1,1
273,4,19,1,1
273,5,65,1,1
273,6,0,1,1
273,7,56,1,1
273,8,19,1,1
273,9,0,1,1
273,10,10,1,1
273,11,43,1,1
273,12,0,1,1
273,13,0,1,1
273,14,0,1,1
273,15,0,1,1
273,16,5,1,1
273,17,97,1,1
273,18,66,1,1
273,19,17,1,1
273,20,29,1,1
273,21,27,1,1
273,22,6,1,1
273,23,16,1,1
273,24,0,1,1
273,25,11,1,1
273,26,15,1,1
273,27,0,1,1
273,28,20,1,1
273,29,9,1,1
273,30,11,1,1
273,31,4,1,1
273,32,12,1,1
273,33,3,1,1
274,0,112,1,1
274,1,103,1,1
274,2,53,1,1
274,3,20,1,1
274,4,16,1,1
274,5,90,1,1
274,6,0,1,1
274,7,68,1,1
274,8,11,1,1
274,9,0,1,1
274,10,15,1,1
274,11,39,1,1
274,12,0,1,1
274,13,0,1,1
274,14,0,1,1
274,15,0,1,1
274,16,3,1,1
274,17,93,1,1
274,18,78,1,1
274,19,29,1,1
274,20,21,1,1
274,21,36,1,1
274,22,5,1,1
274,23,16,1,1
274,24,1,1,1
274,25,5,1,1
274,26,19,1,1
274,27,0,1,1
274,28,16,1,1
274,29,8,1,1
274,30,14,1,1
274,31,3,1,1
274,32,13,1,1
274,33,4,1,1
275,0,93,1,1
275,1,133,1,1
275,2,39,1,1
275,3,22,1,1
275,4,14,1,1
275,5,88,1,1
275,6,0,1,1
275,7,50,1,1
275,8,15,1,1
275,9,0,1,1
275,10,8,1,1
275,11,42,1,1
275,12,0,1,1
275,13,0,1,1
275,14,0,1,1
275,15,0,1,1
275,16,2,1,1
275,17,133,1,1
275,18,103,1,1
275,19,29,1,1
275,20,32,1,1
275,21,39,1,1
275,22,9,1,1
275,23,41,1,1
275,24,1,1,1
275,25,5,1,1
275,26,17,1,1
275,27,0,1,1
275,28,23,1,1
275,29,13,1,1
275,30,9,1,1
275,31,8,1,1
275,32,11,1,1
275,33,8,1,1
276,0,96,1,1
276,1,136,1,1
276,2,62,1,1
276,3,18,1,1
276,4,16,1,1
276,5,103,1,1
276,6,0,1,1
276,7,52,1,1
276,8,18,1,1
276,9,0,1,1
276,10,8,1,1
276,11,37,1,1
276,12,0,1,1
276,13,0,1,1
276,14,0,1,1
276,15,0,1,1
276,16,1,1,1
276,17,137,1,1
276,18,110,1,1
276,19,32,1,1
276,20,30,1,1
276,21,37,1,1
276,22,8,1,1
276,23,27,1,1
276,24,3,1,1
276,25,9,1,1
276,26,20,1,1
276,27,0,1,1
276,28,19,1,1
276,29,12,1,1
276,30,15,1,1
276,31,10,1,1
276,32,13,1,1
276,33,11,1,1
277,0,150,1,1
277,1,153,1,1
277,2,62,1,1
277,3,20,1,1
277,4,27,1,1
277,5,130,1,1
277,6,0,1,1
277,7,61,1,1
277,8,10,1,1
277,9,0,1,1
277,10,11,1,1
277,11,42,1,1
277,12,0,1,1
277,13,0,1,1
277,14,0,1,1
277,15,0,1,1
277,16,3,1,1
277,17,176,1,1
277,18,109,1,1
277,19,35,1,1
277,20,32,1,1
277,21,34,1,1
277,22,15,1,1
277,23,32,1,1
277,24,2,1,1
277,25,12,1,1
277,26,25,1,1
277,27,0,1,1
277,28,23,1,1
277,29,14,1,1
277,30,23,1,1
277,31,5,1,1
277,32,14,1,1
277,33,11,1,1
278,0,158,1,1
278,1,139,1,1
278,2,108,1,1
278,3,24,1,1
278,4,21,1,1
278,5,103,1,1
278,6,0,1,1
278,7,104,1,1
278,8,16,1,1
278,9,0,1,1
278,10,11,1,1
278,11,62,1,1
278,12,0,1,1
278,13,0,1,1
278,14,0,1,1
278,15,0,1,1
278,16,5,1,1
278,17,114,1,1
278,18,125,1,1
278,19,33,1,1
278,20,25,1,1
278,21,112,1,1
278,22,11,1,1
278,23,29,1,1
278,24,1,1,1
278,25,10,1,1
278,26,12,1,1
278,27,0,1,1
278,28,24,1,1
278,29,11,1,1
278,30,11,1,1
278,31,7,1,1
278,32,15,1,1
278,33,13,1,1
279,0,0,1,1
279,1,0,1,1
279,2,0,1,1
279,3,0,1,1
279,4,0,1,1
279,5,0,1,1
279,6,0,1,1
279,7,0,1,1
279,8,0,1,1
279,9,0,1,1
279,10,0,1,1
279,11,0,1,1
279,12,0,1,1
279,13,0,1,1
279,14,0,1,1
279,15,0,1,1
279,16,0,1,1
279,17,0,1,1
279,18,0,1,1
279,19,0,1,1
279,20,0,1,1
279,21,0,1,1
279,22,0,1,1
279,23,0,1,1
279,24,0,1,1
279,25,0,1,1
279,26,0,1,1
279,27,0,1,1
279,28,0,1,1
279,29,0,1,1
279,30,0,1,1
279,31,0,1,1
279,32,0,1,1
279,33,0,1,1
280,0,137,1,1
280,1,110,1,1
280,2,70,1,1
280,3,19,1,1
280,4,23,1,1
280,5,80,1,1
280,6,0,1,1
280,7,86,1,1
280,8,13,1,1
280,9,0,1,1
280,10,6,1,1
280,11,71,1,1
280,12,0,1,1
280,13,0,1,1
280,14,0,1,1
280,15,0,1,1
280,16,1,1,1
280,17,114,1,1
280,18,101,1,1
280,19,34,1,1
280,20,20,1,1
280,21,42,1,1
280,22,8,1,1
280,23,28,1,1
280,24,4,1,1
280,25,10,1,1
280,26,11,1,1
280,27,0,1,1
280,28,18,1,1
280,29,14,1,1
280,30,11,1,1
280,31,5,1,1
280,32,25,1,1
280,33,4,1,1
281,0,106,1,1
281,1,98,1,1
281,2,64,1,1
281,3,26,1,1
281,4,16,1,1
281,5,65,1,1
281,6,0,1,1
281,7,81,1,1
281,8,11,1,1
281,9,0,1,1
281,10,5,1,1
281,11,47,1,1
281,12,0,1,1
281,13,0,1,1
281,14,0,1,1
281,15,0,1,1
281,16,0,1,1
281,17,80,1,1
281,18,96,1,1
281,19,28,1,1
281,20,29,1,1
281,21,39,1,1
281,22,11,1,1
281,23,28,1,1
281,24,2,1,1
281,25,9,1,1
281,26,11,1,1
281,27,0,1,1
281,28,26,1,1
281,29,12,1,1
281,30,11,1,1
281,31,4,1,1
281,32,14,1,1
281,33,14,1,1
282,0,96,1,1
282,1,93,1,1
282,2,64,1,1
282,3,21,1,1
282,4,20,1,1
282,5,64,1,1
282,6,0,1,1
282,7,77,1,1
282,8,7,1,1
282,9,0,1,1
282,10,7,1,1
282,11,45,1,1
282,12,0,1,1
282,13,0,1,1
282,14,0,1,1
282,15,0,1,1
282,16,0,1,1
282,17,85,1,1
282,18,91,1,1
282,19,32,1,1
282,20,25,1,1
282,21,32,1,1
282,22,5,1,1
282,23,27,1,1
282,24,3,1,1
282,25,12,1,1
282,26,11,1,1
282,27,0,1,1
282,28,26,1,1
282,29,14,1,1
282,30,12,1,1
282,31,4,1,1
282,32,11,1,1
282,33,14,1,1
283,0,98,1,1
283,1,83,1,1
283,2,53,1,1
283,3,24,1,1
283,4,20,1,1
283,5,60,1,1
283,6,0,1,1
283,7,74,1,1
283,8,14,1,1
283,9,0,1,1
283,10,4,1,1
283,11,51,1,1
283,12,0,1,1
283,13,0,1,1
283,14,0,1,1
283,15,0,1,1
283,16,4,1,1
283,17,77,1,1
283,18,84,1,1
283,19,25,1,1
283,20,22,1,1
283,21,32,1,1
283,22,10,1,1
283,23,22,1,1
283,24,1,1,1
283,25,12,1,1
283,26,18,1,1
283,27,0,1,1
283,28,10,1,1
283,29,25,1,1
283,30,11,1,1
283,31,0,1,1
283,32,13,1,1
283,33,19,1,1
284,0,89,1,1
284,1,65,1,1
284,2,56,1,1
284,3,14,1,1
284,4,16,1,1
284,5,46,1,1
284,6,0,1,1
284,7,62,1,1
284,8,113,1,1
284,9,0,1,1
284,10,9,1,1
284,11,40,1,1
284,12,0,1,1
284,13,0,1,1
284,14,0,1,1
284,15,0,1,1
284,16,5,1,1
284,17,60,1,1
284,18,75,1,1
284,19,20,1,1
284,20,15,1,1
284,21,50,1,1
284,22,10,1,1
284,23,19,1,1
284,24,2,1,1
284,25,12,1,1
284,26,14,1,1
284,27,0,1,1
284,28,16,1,1
284,29,8,1,1
284,30,8,1,1
284,31,7,1,1
284,32,19,1,1
284,33,6,1,1
285,0,63,1,1
285,1,59,1,1
285,2,37,1,1
285,3,13,1,1
285,4,4,1,1
285,5,41,1,1
285,6,0,1,1
285,7,66,1,1
285,8,3,1,1
285,9,0,1,1
285,10,5,1,1
285,11,37,1,1
285,12,0,1,1
285,13,0,1,1
285,14,0,1,1
285,15,0,1,1
285,16,4,1,1
285,17,54,1,1
285,18,57,1,1
285,19,15,1,1
285,20,15,1,1
285,21,16,1,1
285,22,4,1,1
285,23,21,1,1
285,24,1,1,1
285,25,9,1,1
285,26,5,1,1
285,27,0,1,1
285,28,11,1,1
285,29,11,1,1
285,30,6,1,1
285,31,2,1,1
285,32,12,1,1
285,33,8,1,1
286,0,0,1,1
286,1,0,1,1
286,2,0,1,1
286,3,0,1,1
286,4,0,1,1
286,5,0,1,1
286,6,0,1,1
286,7,0,1,1
286,8,0,1,1
286,9,0,1,1
286,10,0,1,1
286,11,0,1,1
286,12,0,1,1
286,13,0,1,1
286,14,0,1,1
286,15,0,1,1
286,16,0,1,1
286,17,0,1,1
286,18,0,1,1
286,19,0,1,1
286,20,0,1,1
286,21,0,1,1
286,22,0,1,1
286,23,0,1,1
286,24,0,1,1
286,25,0,1,1
286,26,0,1,1
286,27,0,1,1
286,28,0,1,1
286,29,0,1,1
286,30,0,1,1
286,31,0,1,1
286,32,0,1,1
286,33,0,1,1
287,0,54,1,1
287,1,58,1,1
287,2,33,1,1
287,3,13,1,1
287,4,14,1,1
287,5,38,1,1
287,6,0,1,1
287,7,55,1,1
287,8,8,1,1
287,9,0,1,1
287,10,6,1,1
287,11,36,1,1
287,12,0,1,1
287,13,0,1,1
287,14,0,1,1
287,15,0,1,1
287,16,1,1,1
287,17,44,1,1
287,18,48,1,1
287,19,9,1,1
287,20,9,1,1
287,21,15,1,1
287,22,7,1,1
287,23,12,1,1
287,24,1,1,1
287,25,2,1,1
287,26,5,1,1
287,27,0,1,1
287,28,9,1,1
287,29,6,1,1
287,30,5,1,1
287,31,2,1,1
287,32,9,1,1
287,33,4,1,1
288,0,30,1,1
288,1,49,1,1
288,2,36,1,1
288,3,11,1,1
288,4,15,1,1
288,5,37,1,1
288,6,0,1,1
288,7,53,1,1
288,8,7,1,1
288,9,0,1,1
288,10,9,1,1
288,11,36,1,1
288,12,0,1,1
288,13,0,1,1
288,14,0,1,1
288,15,0,1,1
288,16,2,1,1
288,17,47,1,1
288,18,60,1,1
288,19,6,1,1
288,20,16,1,1
288,21,17,1,1
288,22,4,1,1
288,23,15,1,1
288,24,1,1,1
288,25,8,1,1
288,26,6,1,1
288,27,0,1,1
288,28,11,1,1
288,29,8,1,1
288,30,9,1,1
288,31,6,1,1
288,32,10,1,1
288,33,3,1,1
289,0,52,1,1
289,1,42,1,1
289,2,41,1,1
289,3,9,1,1
289,4,10,1,1
289,5,42,1,1
289,6,0,1,1
289,7,41,1,1
289,8,4,1,1
289,9,0,1,1
289,10,4,1,1
289,11,20,1,1
289,12,0,1,1
289,13,0,1,1
289,14,0,1,1
289,15,0,1,1
289,16,2,1,1
289,17,27,1,1
289,18,47,1,1
289,19,9,1,1
289,20,10,1,1
289,21,22,1,1
289,22,6,1,1
289,23,12,1,1
289,24,1,1,1
289,25,5,1,1
289,26,8,1,1
289,27,0,1,1
289,28,10,1,1
289,29,4,1,1
289,30,8,1,1
289,31,0,1,1
289,32,7,1,1
289,33,1,1,1
290,0,31,1,1
290,1,36,1,1
290,2,20,1,1
290,3,60,1,1
290,4,7,1,1
290,5,19,1,1
290,6,0,1,1
290,7,36,1,1
290,8,2,1,1
290,9,0,1,1
290,10,7,1,1
290,11,27,1,1
290,12,0,1,1
290,13,0,1,1
290,14,0,1,1
290,15,0,1,1
290,16,0,1,1
290,17,30,1,1
290,18,40,1,1
290,19,11,1,1
290,20,10,1,1
290,21,15,1,1
290,22,3,1,1
290,23,14,1,1
290,24,0,1,1
290,25,8,1,1
290,26,8,1,1
290,27,0,1,1
290,28,8,1,1
290,29,4,1,1
290,30,7,1,1
290,31,2,1,1
290,32,15,1,1
290,33,1,1,1
291,0,24,1,1
291,1,32,1,1
291,2,32,1,1
291,3,86,1,1
291,4,9,1,1
291,5,24,1,1
291,6,0,1,1
291,7,37,1,1
291,8,4,1,1
291,9,0,1,1
291,10,3,1,1
291,11,28,1,1
291,12,0,1,1
291,13,0,1,1
291,14,0,1,1
291,15,0,1,1
291,16,0,1,1
291,17,25,1,1
291,18,38,1,1
291,19,7,1,1
291,20,6,1,1
291,21,13,1,1
291,22,3,1,1
291,23,9,1,1
291,24,0,1,1
291,25,2,1,1
291,26,7,1,1
291,27,0,1,1
291,28,4,1,1
291,29,1,1,1
291,30,7,1,1
291,31,2,1,1
291,32,7,1,1
291,33,3,1,1
292,0,27,1,1
292,1,16,1,1
292,2,20,1,1
292,3,0,1,1
292,4,6,1,1
292,5,19,1,1
292,6,0,1,1
292,7,27,1,1
292,8,5,1,1
292,9,0,1,1
292,10,4,1,1
292,11,15,1,1
292,12,0,1,1
292,13,0,1,1
292,14,0,1,1
292,15,0,1,1
292,16,3,1,1
292,17,27,1,1
292,18,29,1,1
292,19,10,1,1
292,20,6,1,1
292,21,13,1,1
292,22,4,1,1
292,23,8,1,1
292,24,1,1,1
292,25,2,1,1
292,26,6,1,1
292,27,0,1,1
292,28,15,1,1
292,29,9,1,1
292,30,7,1,1
292,31,0,1,1
292,32,6,1,1
292,33,3,1,1
293,0,24,1,1
293,1,22,1,1
293,2,11,1,1
293,3,4,1,1
293,4,11,1,1
293,5,15,1,1
293,6,0,1,1
293,7,23,1,1
293,8,1,1,1
293,9,0,1,1
293,10,0,1,1
293,11,11,1,1
293,12,0,1,1
293,13,0,1,1
293,14,0,1,1
293,15,0,1,1
293,16,2,1,1
293,17,28,1,1
293,18,26,1,1
293,19,5,1,1
293,20,6,1,1
293,21,8,1,1
293,22,4,1,1
293,23,5,1,1
293,24,0,1,1
293,25,3,1,1
293,26,6,1,1
293,27,0,1,1
293,28,8,1,1
293,29,0,1,1
293,30,3,1,1
293,31,0,1,1
293,32,5,1,1
293,33,2,1,1
294,0,22,1,1
294,1,18,1,1
294,2,9,1,1
294,3,4,1,1
294,4,3,1,1
294,5,12,1,1
294,6,0,1,1
294,7,22,1,1
294,8,4,1,1
294,9,0,1,1
294,10,3,1,1
294,11,15,1,1
294,12,0,1,1
294,13,0,1,1
294,14,0,1,1
294,15,0,1,1
294,16,0,1,1
294,17,25,1,1
294,18,15,1,1
294,19,6,1,1
294,20,3,1,1
294,21,16,1,1
294,22,4,1,1
294,23,5,1,1
294,24,0,1,1
294,25,1,1,1
294,26,2,1,1
294,27,0,1,1
294,28,3,1,1
294,29,2,1,1
294,30,3,1,1
294,31,2,1,1
294,32,7,1,1
294,33,1,1,1
295,0,15,1,1
295,1,10,1,1
295,2,16,1,1
295,3,3,1,1
295,4,0,1,1
295,5,7,1,1
295,6,0,1,1
295,7,11,1,1
295,8,8,1,1
295,9,0,1,1
295,10,1,1,1
295,11,7,1,1
295,12,0,1,1
295,13,0,1,1
295,14,0,1,1
295,15,0,1,1
295,16,0,1,1
295,17,18,1,1
295,18,20,1,1
295,19,2,1,1
295,20,6,1,1
295,21,14,1,1
295,22,2,1,1
295,23,10,1,1
295,24,2,1,1
295,25,0,1,1
295,26,4,1,1
295,27,0,1,1
295,28,2,1,1
295,29,5,1,1
295,30,1,1,1
295,31,1,1,1
295,32,4,1,1
295,33,1,1,1
296,0,11,1,1
296,1,13,1,1
296,2,16,1,1
296,3,2,1,1
296,4,3,1,1
296,5,11,1,1
296,6,0,1,1
296,7,13,1,1
296,8,3,1,1
296,9,0,1,1
296,10,0,1,1
296,11,5,1,1
296,12,0,1,1
296,13,0,1,1
296,14,0,1,1
296,15,0,1,1
296,16,0,1,1
296,17,10,1,1
296,18,18,1,1
296,19,3,1,1
296,20,3,1,1
296,21,5,1,1
296,22,0,1,1
296,23,5,1,1
296,24,0,1,1
296,25,1,1,1
296,26,2,1,1
296,27,0,1,1
296,28,1,1,1
296,29,3,1,1
296,30,2,1,1
296,31,2,1,1
296,32,4,1,1
296,33,1,1,1
297,0,11,1,1
297,1,13,1,1
297,2,17,1,1
297,3,1,1,1
297,4,3,1,1
297,5,6,1,1
297,6,0,1,1
297,7,17,1,1
297,8,9,1,1
297,9,0,1,1
297,10,3,1,1
297,11,8,1,1
297,12,0,1,1
297,13,0,1,1
297,14,0,1,1
297,15,0,1,1
297,16,1,1,1
297,17,11,1,1
297,18,17,1,1
297,19,9,1,1
297,20,5,1,1
297,21,9,1,1
297,22,3,1,1
297,23,3,1,1
297,24,0,1,1
297,25,1,1,1
297,26,2,1,1
297,27,0,1,1
297,28,2,1,1
297,29,1,1,1
297,30,2,1,1
297,31,1,1,1
297,32,2,1,1
297,33,1,1,1
298,0,11,1,1
298,1,13,1,1
298,2,7,1,1
298,3,1,1,1
298,4,2,1,1
298,5,11,1,1
298,6,0,1,1
298,7,13,1,1
298,8,1,1,1
298,9,0,1,1
298,10,1,1,1
298,11,9,1,1
298,12,0,1,1
298,13,0,1,1
298,14,0,1,1
298,15,0,1,1
298,16,1,1,1
298,17,9,1,1
298,18,12,1,1
298,19,3,1,1
298,20,3,1,1
298,21,6,1,1
298,22,0,1,1
298,23,4,1,1
298,24,0,1,1
298,25,1,1,1
298,26,1,1,1
298,27,0,1,1
298,28,5,1,1
298,29,1,1,1
298,30,1,1,1
298,31,0,1,1
298,32,2,1,1
298,33,1,1,1
299,0,11,1,1
299,1,11,1,1
299,2,6,1,1
299,3,1,1,1
299,4,2,1,1
299,5,10,1,1
299,6,0,1,1
299,7,13,1,1
299,8,2,1,1
299,9,0,1,1
299,10,0,1,1
299,11,5,1,1
299,12,0,1,1
299,13,0,1,1
299,14,0,1,1
299,15,0,1,1
299,16,0,1,1
299,17,14,1,1
299,18,9,1,1
299,19,5,1,1
299,20,2,1,1
299,21,5,1,1
299,22,0,1,1
299,23,1,1,1
299,24,0,1,1
299,25,1,1,1
299,26,0,1,1
299,27,0,1,1
299,28,2,1,1
299,29,2,1,1
299,30,1,1,1
299,31,2,1,1
299,32,4,1,1
299,33,0,1,1
300,0,10,1,1
300,1,15,1,1
300,2,5,1,1
300,3,1,1,1
300,4,7,1,1
300,5,9,1,1
300,6,0,1,1
300,7,8,1,1
300,8,0,1,1
300,9,0,1,1
300,10,0,1,1
300,11,7,1,1
300,12,0,1,1
300,13,0,1,1
300,14,0,1,1
300,15,0,1,1
300,16,0,1,1
300,17,5,1,1
300,18,11,1,1
300,19,3,1,1
300,20,0,1,1
300,21,2,1,1
300,22,2,1,1
300,23,2,1,1
300,24,0,1,1
300,25,1,1,1
300,26,0,1,1
300,27,0,1,1
300,28,1,1,1
300,29,1,1,1
300,30,0,1,1
300,31,0,1,1
300,32,1,1,1
300,33,1,1,1
301,0,14,1,1
301,1,8,1,1
301,2,1,1,1
301,3,2,1,1
301,4,0,1,1
301,5,4,1,1
301,6,0,1,1
301,7,8,1,1
301,8,1,1,1
301,9,0,1,1
301,10,1,1,1
301,11,3,1,1
301,12,0,1,1
301,13,0,1,1
301,14,0,1,1
301,15,0,1,1
301,16,0,1,1
301,17,6,1,1
301,18,9,1,1
301,19,1,1,1
301,20,1,1,1
301,21,5,1,1
301,22,1,1,1
301,23,3,1,1
301,24,0,1,1
301,25,0,1,1
301,26,0,1,1
301,27,0,1,1
301,28,1,1,1
301,29,2,1,1
301,30,0,1,1
301,31,0,1,1
301,32,2,1,1
301,33,0,1,1
302,0,7,1,1
302,1,13,1,1
302,2,3,1,1
302,3,0,1,1
302,4,3,1,1
302,5,7,1,1
302,6,0,1,1
302,7,8,1,1
302,8,3,1,1
302,9,0,1,1
302,10,0,1,1
302,11,7,1,1
302,12,0,1,1
302,13,0,1,1
302,14,0,1,1
302,15,0,1,1
302,16,0,1,1
302,17,7,1,1
302,18,6,1,1
302,19,3,1,1
302,20,0,1,1
302,21,5,1,1
302,22,1,1,1
302,23,0,1,1
302,24,0,1,1
302,25,3,1,1
302,26,2,1,1
302,27,0,1,1
302,28,0,1,1
302,29,4,1,1
302,30,1,1,1
302,31,0,1,1
302,32,1,1,1
302,33,2,1,1
303,0,8,1,1
303,1,18,1,1
303,2,8,1,1
303,3,2,1,1
303,4,2,1,1
303,5,14,1,1
303,6,0,1,1
303,7,9,1,1
303,8,2,1,1
303,9,0,1,1
303,10,2,1,1
303,11,6,1,1
303,12,0,1,1
303,13,0,1,1
303,14,0,1,1
303,15,0,1,1
303,16,0,1,1
303,17,9,1,1
303,18,6,1,1
303,19,1,1,1
303,20,2,1,1
303,21,3,1,1
303,22,0,1,1
303,23,4,1,1
303,24,0,1,1
303,25,0,1,1
303,26,3,1,1
303,27,0,1,1
303,28,3,1,1
303,29,0,1,1
303,30,2,1,1
303,31,1,1,1
303,32,1,1,1
303,33,0,1,1
304,0,3,1,1
304,1,8,1,1
304,2,4,1,1
304,3,2,1,1
304,4,0,1,1
304,5,8,1,1
304,6,0,1,1
304,7,5,1,1
304,8,1,1,1
304,9,0,1,1
304,10,0,1,1
304,11,4,1,1
304,12,0,1,1
304,13,0,1,1
304,14,0,1,1
304,15,0,1,1
304,16,0,1,1
304,17,12,1,1
304,18,3,1,1
304,19,0,1,1
304,20,1,1,1
304,21,5,1,1
304,22,2,1,1
304,23,1,1,1
304,24,0,1,1
304,25,1,1,1
304,26,3,1,1
304,27,0,1,1
304,28,2,1,1
304,29,0,1,1
304,30,3,1,1
304,31,1,1,1
304,32,0,1,1
304,33,0,1,1
305,0,5,1,1
305,1,9,1,1
305,2,0,1,1
305,3,1,1,1
305,4,2,1,1
305,5,4,1,1
305,6,0,1,1
305,7,4,1,1
305,8,1,1,1
305,9,0,1,1
305,10,2,1,1
305,11,3,1,1
305,12,0,1,1
305,13,0,1,1
305,14,0,1,1
305,15,0,1,1
305,16,0,1,1
305,17,2,1,1
305,18,1,1,1
305,19,1,1,1
305,20,1,1,1
305,21,1,1,1
305,22,0,1,1
305,23,1,1,1
305,24,0,1,1
305,25,0,1,1
305,26,0,1,1
305,27,0,1,1
305,28,0,1,1
305,29,1,1,1
305,30,5,1,1
305,31,0,1,1
305,32,3,1,1
305,33,0,1,1
306,0,7,1,1
306,1,5,1,1
306,2,2,1,1
306,3,1,1,1
306,4,0,1,1
306,5,4,1,1
306,6,0,1,1
306,7,8,1,1
306,8,1,1,1
306,9,0,1,1
306,10,0,1,1
306,11,3,1,1
306,12,0,1,1
306,13,0,1,1
306,14,0,1,1
306,15,0,1,1
306,16,0,1,1
306,17,4,1,1
306,18,3,1,1
306,19,0,1,1
306,20,1,1,1
306,21,1,1,1
306,22,1,1,1
306,23,2,1,1
306,24,1,1,1
306,25,1,1,1
306,26,0,1,1
306,27,0,1,1
306,28,0,1,1
306,29,1,1,1
306,30,1,1,1
306,31,0,1,1
306,32,1,1,1
306,33,1,1,1
307,0,5,1,1
307,1,7,1,1
307,2,0,1,1
307,3,2,1,1
307,4,0,1,1
307,5,8,1,1
307,6,0,1,1
307,7,13,1,1
307,8,1,1,1
307,9,0,1,1
307,10,0,1,1
307,11,7,1,1
307,12,0,1,1
307,13,0,1,1
307,14,0,1,1
307,15,0,1,1
307,16,1,1,1
307,17,6,1,1
307,18,6,1,1
307,19,1,1,1
307,20,2,1,1
307,21,3,1,1
307,22,0,1,1
307,23,2,1,1
307,24,0,1,1
307,25,1,1,1
307,26,1,1,1
307,27,0,1,1
307,28,1,1,1
307,29,1,1,1
307,30,1,1,1
307,31,1,1,1
307,32,0,1,1
307,33,0,1,1
308,0,7,1,1
308,1,8,1,1
308,2,2,1,1
308,3,0,1,1
308,4,0,1,1
308,5,6,1,1
308,6,0,1,1
308,7,8,1,1
308,8,0,1,1
308,9,0,1,1
308,10,1,1,1
308,11,5,1,1
308,12,0,1,1
308,13,0,1,1
308,14,0,1,1
308,15,0,1,1
308,16,0,1,1
308,17,9,1,1
308,18,4,1,1
308,19,2,1,1
308,20,0,1,1
308,21,4,1,1
308,22,1,1,1
308,23,3,1,1
308,24,0,1,1
308,25,0,1,1
308,26,0,1,1
308,27,0,1,1
308,28,2,1,1
308,29,0,1,1
308,30,1,1,1
308,31,0,1,1
308,32,1,1,1
308,33,0,1,1
309,0,4,1,1
309,1,2,1,1
309,2,3,1,1
309,3,0,1,1
309,4,0,1,1
309,5,1,1,1
309,6,0,1,1
309,7,9,1,1
309,8,2,1,1
309,9,0,1,1
309,10,1,1,1
309,11,8,1,1
309,12,0,1,1
309,13,0,1,1
309,14,0,1,1
309,15,0,1,1
309,16,0,1,1
309,17,3,1,1
309,18,3,1,1
309,19,3,1,1
309,20,0,1,1
309,21,1,1,1
309,22,0,1,1
309,23,2,1,1
309,24,0,1,1
309,25,0,1,1
309,26,0,1,1
309,27,0,1,1
309,28,1,1,1
309,29,2,1,1
309,30,1,1,1
309,31,0,1,1
309,32,1,1,1
309,33,1,1,1
310,0,4,1,1
310,1,8,1,1
310,2,2,1,1
310,3,0,1,1
310,4,0,1,1
310,5,4,1,1
310,6,0,1,1
310,7,4,1,1
310,8,1,1,1
310,9,0,1,1
310,10,0,1,1
310,11,2,1,1
310,12,0,1,1
310,13,0,1,1
310,14,0,1,1
310,15,0,1,1
310,16,0,1,1
310,17,5,1,1
310,18,2,1,1
310,19,5,1,1
310,20,3,1,1
310,21,2,1,1
310,22,0,1,1
310,23,3,1,1
310,24,0,1,1
310,25,0,1,1
310,26,0,1,1
310,27,0,1,1
310,28,0,1,1
310,29,0,1,1
310,30,1,1,1
310,31,1,1,1
310,32,0,1,1
310,33,0,1,1
311,0,4,1,1
311,1,6,1,1
311,2,5,1,1
311,3,0,1,1
311,4,4,1,1
311,5,4,1,1
311,6,0,1,1
311,7,5,1,1
311,8,2,1,1
311,9,0,1,1
311,10,1,1,1
311,11,3,1,1
311,12,0,1,1
311,13,0,1,1
311,14,0,1,1
311,15,0,1,1
311,16,0,1,1
311,17,3,1,1
311,18,4,1,1
311,19,1,1,1
311,20,2,1,1
311,21,2,1,1
311,22,0,1,1
311,23,1,1,1
311,24,0,1,1
311,25,1,1,1
311,26,2,1,1
311,27,0,1,1
311,28,0,1,1
311,29,1,1,1
311,30,1,1,1
311,31,0,1,1
311,32,0,1,1
311,33,1,1,1
312,0,1,1,1
312,1,23,1,1
312,2,1,1,1
312,3,1,1,1
312,4,0,1,1
312,5,10,1,1
312,6,0,1,1
312,7,5,1,1
312,8,1,1,1
312,9,0,1,1
312,10,8,1,1
312,11,4,1,1
312,12,0,1,1
312,13,0,1,1
312,14,0,1,1
312,15,0,1,1
312,16,0,1,1
312,17,1,1,1
312,18,11,1,1
312,19,0,1,1
312,20,2,1,1
312,21,5,1,1
312,22,0,1,1
312,23,2,1,1
312,24,0,1,1
312,25,0,1,1
312,26,0,1,1
312,27,0,1,1
312,28,0,1,1
312,29,0,1,1
312,30,0,1,1
312,31,0,1,1
312,32,0,1,1
312,33,0,1,1
313,0,3,1,1
313,1,9,1,1
313,2,4,1,1
313,3,0,1,1
313,4,1,1,1
313,5,6,1,1
313,6,0,1,1
313,7,7,1,1
313,8,0,1,1
313,9,0,1,1
313,10,2,1,1
313,11,3,1,1
313,12,0,1,1
313,13,0,1,1
313,14,0,1,1
313,15,0,1,1
313,16,0,1,1
313,17,6,1,1
313,18,3,1,1
313,19,0,1,1
313,20,2,1,1
313,21,2,1,1
313,22,0,1,1
313,23,3,1,1
313,24,0,1,1
313,25,1,1,1
313,26,3,1,1
313,27,0,1,1
313,28,0,1,1
313,29,1,1,1
313,30,1,1,1
313,31,0,1,1
313,32,1,1,1
313,33,1,1,1
314,0,6,1,1
314,1,10,1,1
314,2,2,1,1
314,3,1,1,1
314,4,2,1,1
314,5,9,1,1
314,6,0,1,1
314,7,4,1,1
314,8,0,1,1
314,9,0,1,1
314,10,0,1,1
314,11,2,1,1
314,12,0,1,1
314,13,0,1,1
314,14,0,1,1
314,15,0,1,1
314,16,0,1,1
314,17,6,1,1
314,18,4,1,1
314,19,1,1,1
314,20,2,1,1
314,21,2,1,1
314,22,0,1,1
314,23,0,1,1
314,24,0,1,1
314,25,0,1,1
314,26,1,1,1
314,27,0,1,1
314,28,1,1,1
314,29,0,1,1
314,30,0,1,1
314,31,0,1,1
314,32,2,1,1
314,33,0,1,1
315,0,1,1,1
315,1,10,1,1
315,2,0,1,1
315,3,1,1,1
315,4,1,1,1
315,5,6,1,1
315,6,0,1,1
315,7,4,1,1
315,8,3,1,1
315,9,0,1,1
315,10,0,1,1
315,11,3,1,1
315,12,0,1,1
315,13,0,1,1
315,14,0,1,1
315,15,0,1,1
315,16,0,1,1
315,17,2,1,1
315,18,2,1,1
315,19,2,1,1
315,20,0,1,1
315,21,1,1,1
315,22,0,1,1
315,23,3,1,1
315,24,0,1,1
315,25,1,1,1
315,26,0,1,1
315,27,0,1,1
315,28,2,1,1
315,29,1,1,1
315,30,0,1,1
315,31,0,1,1
315,32,1,1,1
315,33,2,1,1
316,0,2,1,1
316,1,5,1,1
316,2,0,1,1
316,3,1,1,1
316,4,0,1,1
316,5,2,1,1
316,6,0,1,1
316,7,1,1,1
316,8,0,1,1
316,9,0,1,1
316,10,0,1,1
316,11,2,1,1
316,12,0,1,1
316,13,0,1,1
316,14,0,1,1
316,15,0,1,1
316,16,0,1,1
316,17,3,1,1
316,18,4,1,1
316,19,0,1,1
316,20,0,1,1
316,21,3,1,1
316,22,1,1,1
316,23,3,1,1
316,24,0,1,1
316,25,0,1,1
316,26,0,1,1
316,27,0,1,1
316,28,0,1,1
316,29,0,1,1
316,30,1,1,1
316,31,0,1,1
316,32,1,1,1
316,33,0,1,1
317,0,8,1,1
317,1,6,1,1
317,2,1,1,1
317,3,1,1,1
317,4,0,1,1
317,5,4,1,1
317,6,0,1,1
317,7,1,1,1
317,8,0,1,1
317,9,0,1,1
317,10,0,1,1
317,11,0,1,1
317,12,0,1,1
317,13,0,1,1
317,14,0,1,1
317,15,0,1,1
317,16,0,1,1
317,17,6,1,1
317,18,1,1,1
317,19,2,1,1
317,20,2,1,1
317,21,0,1,1
317,22,1,1,1
317,23,1,1,1
317,24,0,1,1
317,25,0,1,1
317,26,0,1,1
317,27,0,1,1
317,28,0,1,1
317,29,1,1,1
317,30,0,1,1
317,31,0,1,1
317,32,2,1,1
317,33,0,1,1
318,0,7,1,1
318,1,3,1,1
318,2,2,1,1
318,3,1,1,1
318,4,0,1,1
318,5,2,1,1
318,6,0,1,1
318,7,2,1,1
318,8,0,1,1
318,9,0,1,1
318,10,0,1,1
318,11,1,1,1
318,12,0,1,1
318,13,0,1,1
318,14,0,1,1
318,15,0,1,1
318,16,1,1,1
318,17,4,1,1
318,18,3,1,1
318,19,2,1,1
318,20,2,1,1
318,21,1,1,1
318,22,2,1,1
318,23,1,1,1
318,24,0,1,1
318,25,1,1,1
318,26,0,1,1
318,27,0,1,1
318,28,1,1,1
318,29,1,1,1
318,30,1,1,1
318,31,0,1,1
318,32,1,1,1
318,33,0,1,1
319,0,8,1,1
319,1,9,1,1
319,2,7,1,1
319,3,1,1,1
319,4,1,1,1
319,5,5,1,1
319,6,0,1,1
319,7,4,1,1
319,8,2,1,1
319,9,0,1,1
319,10,0,1,1
319,11,1,1,1
319,12,0,1,1
319,13,0,1,1
319,14,0,1,1
319,15,0,1,1
319,16,0,1,1
319,17,7,1,1
319,18,4,1,1
319,19,0,1,1
319,20,2,1,1
319,21,3,1,1
319,22,0,1,1
319,23,1,1,1
319,24,0,1,1
319,25,2,1,1
319,26,3,1,1
319,27,0,1,1
319,28,0,1,1
319,29,1,1,1
319,30,4,1,1
319,31,0,1,1
319,32,1,1,1
319,33,0,1,1
320,0,9,1,1
320,1,14,1,1
320,2,5,1,1
320,3,3,1,1
320,4,1,1,1
320,5,7,1,1
320,6,0,1,1
320,7,8,1,1
320,8,2,1,1
320,9,0,1,1
320,10,1,1,1
320,11,4,1,1
320,12,0,1,1
320,13,0,1,1
320,14,0,1,1
320,15,0,1,1
320,16,0,1,1
320,17,7,1,1
320,18,7,1,1
320,19,1,1,1
320,20,1,1,1
320,21,2,1,1
320,22,0,1,1
320,23,0,1,1
320,24,0,1,1
320,25,0,1,1
320,26,1,1,1
320,27,0,1,1
320,28,3,1,1
320,29,1,1,1
320,30,3,1,1
320,31,0,1,1
320,32,3,1,1
320,33,0,1,1
321,0,15,1,1
321,1,13,1,1
321,2,11,1,1
321,3,2,1,1
321,4,0,1,1
321,5,8,1,1
321,6,0,1,1
321,7,8,1,1
321,8,3,1,1
321,9,0,1,1
321,10,1,1,1
321,11,6,1,1
321,12,0,1,1
321,13,0,1,1
321,14,0,1,1
321,15,0,1,1
321,16,0,1,1
321,17,6,1,1
321,18,9,1,1
321,19,2,1,1
321,20,4,1,1
321,21,2,1,1
321,22,1,1,1
321,23,0,1,1
321,24,0,1,1
321,25,0,1,1
321,26,1,1,1
321,27,0,1,1
321,28,2,1,1
321,29,0,1,1
321,30,4,1,1
321,31,2,1,1
321,32,3,1,1
321,33,1,1,1
322,0,14,1,1
322,1,22,1,1
322,2,5,1,1
322,3,2,1,1
322,4,0,1,1
322,5,9,1,1
322,6,0,1,1
322,7,12,1,1
322,8,1,1,1
322,9,0,1,1
322,10,4,1,1
322,11,6,1,1
322,12,0,1,1
322,13,0,1,1
322,14,0,1,1
322,15,0,1,1
322,16,2,1,1
322,17,15,1,1
322,18,9,1,1
322,19,4,1,1
322,20,5,1,1
322,21,15,1,1
322,22,5,1,1
322,23,5,1,1
322,24,0,1,1
322,25,2,1,1
322,26,1,1,1
322,27,0,1,1
322,28,1,1,1
322,29,2,1,1
322,30,2,1,1
322,31,1,1,1
322,32,4,1,1
322,33,0,1,1
323,0,24,1,1
323,1,17,1,1
323,2,9,1,1
323,3,2,1,1
323,4,4,1,1
323,5,7,1,1
323,6,0,1,1
323,7,9,1,1
323,8,2,1,1
323,9,0,1,1
323,10,0,1,1
323,11,9,1,1
323,12,0,1,1
323,13,0,1,1
323,14,0,1,1
323,15,0,1,1
323,16,0,1,1
323,17,21,1,1
323,18,12,1,1
323,19,2,1,1
323,20,6,1,1
323,21,4,1,1
323,22,1,1,1
323,23,5,1,1
323,24,0,1,1
323,25,0,1,1
323,26,2,1,1
323,27,0,1,1
323,28,3,1,1
323,29,1,1,1
323,30,4,1,1
323,31,1,1,1
323,32,2,1,1
323,33,3,1,1
324,0,17,1,1
324,1,38,1,1
324,2,11,1,1
324,3,5,1,1
324,4,6,1,1
324,5,26,1,1
324,6,0,1,1
324,7,10,1,1
324,8,0,1,1
324,9,0,1,1
324,10,3,1,1
324,11,5,1,1
324,12,0,1,1
324,13,0,1,1
324,14,0,1,1
324,15,0,1,1
324,16,1,1,1
324,17,33,1,1
324,18,19,1,1
324,19,5,1,1
324,20,9,1,1
324,21,12,1,1
324,22,2,1,1
324,23,12,1,1
324,24,1,1,1
324,25,3,1,1
324,26,6,1,1
324,27,0,1,1
324,28,7,1,1
324,29,3,1,1
324,30,8,1,1
324,31,1,1,1
324,32,6,1,1
324,33,2,1,1
325,0,48,1,1
325,1,35,1,1
325,2,10,1,1
325,3,3,1,1
325,4,8,1,1
325,5,27,1,1
325,6,0,1,1
325,7,15,1,1
325,8,5,1,1
325,9,0,1,1
325,10,6,1,1
325,11,13,1,1
325,12,0,1,1
325,13,0,1,1
325,14,0,1,1
325,15,0,1,1
325,16,0,1,1
325,17,41,1,1
325,18,27,1,1
325,19,5,1,1
325,20,17,1,1
325,21,9,1,1
325,22,0,1,1
325,23,11,1,1
325,24,0,1,1
325,25,3,1,1
325,26,11,1,1
325,27,0,1,1
325,28,5,1,1
325,29,0,1,1
325,30,6,1,1
325,31,2,1,1
325,32,3,1,1
325,33,2,1,1
326,0,44,1,1
326,1,55,1,1
326,2,13,1,1
326,3,3,1,1
326,4,13,1,1
326,5,28,1,1
326,6,0,1,1
326,7,9,1,1
326,8,9,1,1
326,9,0,1,1
326,10,3,1,1
326,11,8,1,1
326,12,0,1,1
326,13,0,1,1
326,14,0,1,1
326,15,0,1,1
326,16,1,1,1
326,17,46,1,1
326,18,35,1,1
326,19,11,1,1
326,20,19,1,1
326,21,14,1,1
326,22,5,1,1
326,23,20,1,1
326,24,1,1,1
326,25,3,1,1
326,26,7,1,1
326,27,0,1,1
326,28,3,1,1
326,29,5,1,1
326,30,7,1,1
326,31,5,1,1
326,32,8,1,1
326,33,2,1,1
327,0,54,1,1
327,1,55,1,1
327,2,24,1,1
327,3,8,1,1
327,4,12,1,1
327,5,36,1,1
327,6,0,1,1
327,7,16,1,1
327,8,13,1,1
327,9,0,1,1
327,10,4,1,1
327,11,10,1,1
327,12,0,1,1
327,13,0,1,1
327,14,0,1,1
327,15,0,1,1
327,16,0,1,1
327,17,60,1,1
327,18,37,1,1
327,19,11,1,1
327,20,20,1,1
327,21,13,1,1
327,22,0,1,1
327,23,8,1,1
327,24,1,1,1
327,25,7,1,1
327,26,11,1,1
327,27,0,1,1
327,28,4,1,1
327,29,4,1,1
327,30,9,1,1
327,31,3,1,1
327,32,13,1,1
327,33,4,1,1
328,0,83,1,1
328,1,78,1,1
328,2,17,1,1
328,3,9,1,1
328,4,17,1,1
328,5,39,1,1
328,6,0,1,1
328,7,17,1,1
328,8,13,1,1
328,9,0,1,1
328,10,3,1,1
328,11,16,1,1
328,12,0,1,1
328,13,0,1,1
328,14,0,1,1
328,15,0,1,1
328,16,1,1,1
328,17,69,1,1
328,18,53,1,1
328,19,14,1,1
328,20,23,1,1
328,21,11,1,1
328,22,10,1,1
328,23,19,1,1
328,24,1,1,1
328,25,8,1,1
328,26,18,1,1
328,27,0,1,1
328,28,10,1,1
328,29,3,1,1
328,30,13,1,1
328,31,5,1,1
328,32,5,1,1
328,33,1,1,1
329,0,88,1,1
329,1,105,1,1
329,2,28,1,1
329,3,9,1,1
329,4,19,1,1
329,5,64,1,1
329,6,0,1,1
329,7,31,1,1
329,8,7,1,1
329,9,0,1,1
329,10,1,1,1
329,11,23,1,1
329,12,0,1,1
329,13,0,1,1
329,14,0,1,1
329,15,0,1,1
329,16,0,1,1
329,17,91,1,1
329,18,60,1,1
329,19,16,1,1
329,20,24,1,1
329,21,30,1,1
329,22,9,1,1
329,23,18,1,1
329,24,2,1,1
329,25,9,1,1
329,26,19,1,1
329,27,0,1,1
329,28,20,1,1
329,29,7,1,1
329,30,15,1,1
329,31,9,1,1
329,32,17,1,1
329,33,3,1,1
330,0,105,1,1
330,1,160,1,1
330,2,30,1,1
330,3,12,1,1
330,4,33,1,1
330,5,79,1,1
330,6,0,1,1
330,7,31,1,1
330,8,10,1,1
330,9,0,1,1
330,10,7,1,1
330,11,14,1,1
330,12,0,1,1
330,13,0,1,1
330,14,0,1,1
330,15,0,1,1
330,16,0,1,1
330,17,108,1,1
330,18,80,1,1
330,19,18,1,1
330,20,32,1,1
330,21,18,1,1
330,22,9,1,1
330,23,23,1,1
330,24,5,1,1
330,25,8,1,1
330,26,21,1,1
330,27,0,1,1
330,28,20,1,1
330,29,11,1,1
330,30,13,1,1
330,31,15,1,1
330,32,17,1,1
330,33,13,1,1
331,0,185,1,1
331,1,138,1,1
331,2,43,1,1
331,3,12,1,1
331,4,20,1,1
331,5,86,1,1
331,6,0,1,1
331,7,37,1,1
331,8,10,1,1
331,9,0,1,1
331,10,12,1,1
331,11,24,1,1
331,12,0,1,1
331,13,0,1,1
331,14,0,1,1
331,15,0,1,1
331,16,2,1,1
331,17,120,1,1
331,18,52,1,1
331,19,25,1,1
331,20,29,1,1
331,21,23,1,1
331,22,11,1,1
331,23,17,1,1
331,24,3,1,1
331,25,4,1,1
331,26,26,1,1
331,27,0,1,1
331,28,20,1,1
331,29,8,1,1
331,30,24,1,1
331,31,6,1,1
331,32,9,1,1
331,33,7,1,1
332,0,150,1,1
332,1,198,1,1
332,2,51,1,1
332,3,10,1,1
332,4,28,1,1
332,5,89,1,1
332,6,0,1,1
332,7,35,1,1
332,8,13,1,1
332,9,0,1,1
332,10,8,1,1
332,11,25,1,1
332,12,0,1,1
332,13,0,1,1
332,14,0,1,1
332,15,0,1,1
332,16,3,1,1
332,17,151,1,1
332,18,102,1,1
332,19,28,1,1
332,20,50,1,1
332,21,48,1,1
332,22,5,1,1
332,23,35,1,1
332,24,0,1,1
332,25,11,1,1
332,26,22,1,1
332,27,0,1,1
332,28,20,1,1
332,29,10,1,1
332,30,20,1,1
332,31,10,1,1
332,32,15,1,1
332,33,10,1,1
333,0,198,1,1
333,1,211,1,1
333,2,72,1,1
333,3,25,1,1
333,4,24,1,1
333,5,125,1,1
333,6,0,1,1
333,7,63,1,1
333,8,14,1,1
333,9,0,1,1
333,10,11,1,1
333,11,30,1,1
333,12,0,1,1
333,13,0,1,1
333,14,0,1,1
333,15,0,1,1
333,16,4,1,1
333,17,180,1,1
333,18,85,1,1
333,19,28,1,1
333,20,53,1,1
333,21,52,1,1
333,22,6,1,1
333,23,42,1,1
333,24,2,1,1
333,25,9,1,1
333,26,32,1,1
333,27,0,1,1
333,28,16,1,1
333,29,9,1,1
333,30,18,1,1
333,31,10,1,1
333,32,12,1,1
333,33,13,1,1
334,0,234,1,1
334,1,217,1,1
334,2,77,1,1
334,3,21,1,1
334,4,27,1,1
334,5,128,1,1
334,6,0,1,1
334,7,56,1,1
334,8,23,1,1
334,9,0,1,1
334,10,15,1,1
334,11,39,1,1
334,12,0,1,1
334,13,0,1,1
334,14,0,1,1
334,15,0,1,1
334,16,1,1,1
334,17,164,1,1
334,18,79,1,1
334,19,31,1,1
334,20,58,1,1
334,21,25,1,1
334,22,5,1,1
334,23,34,1,1
334,24,1,1,1
334,25,8,1,1
334,26,20,1,1
334,27,0,1,1
334,28,20,1,1
334,29,12,1,1
334,30,20,1,1
334,31,9,1,1
334,32,11,1,1
334,33,7,1,1
335,0,220,1,1
335,1,248,1,1
335,2,97,1,1
335,3,27,1,1
335,4,22,1,1
335,5,149,1,1
335,6,0,1,1
335,7,80,1,1
335,8,19,1,1
335,9,0,1,1
335,10,13,1,1
335,11,38,1,1
335,12,0,1,1
335,13,0,1,1
335,14,0,1,1
335,15,0,1,1
335,16,3,1,1
335,17,178,1,1
335,18,97,1,1
335,19,37,1,1
335,20,46,1,1
335,21,43,1,1
335,22,11,1,1
335,23,31,1,1
335,24,0,1,1
335,25,11,1,1
335,26,41,1,1
335,27,0,1,1
335,28,13,1,1
335,29,12,1,1
335,30,30,1,1
335,31,6,1,1
335,32,13,1,1
335,33,11,1,1
336,0,255,1,1
336,1,226,1,1
336,2,91,1,1
336,3,24,1,1
336,4,37,1,1
336,5,149,1,1
336,6,0,1,1
336,7,68,1,1
336,8,20,1,1
336,9,0,1,1
336,10,12,1,1
336,11,49,1,1
336,12,0,1,1
336,13,0,1,1
336,14,0,1,1
336,15,0,1,1
336,16,6,1,1
336,17,193,1,1
336,18,114,1,1
336,19,41,1,1
336,20,56,1,1
336,21,54,1,1
336,22,10,1,1
336,23,27,1,1
336,24,4,1,1
336,25,9,1,1
336,26,18,1,1
336,27,0,1,1
336,28,25,1,1
336,29,11,1,1
336,30,29,1,1
336,31,2,1,1
336,32,10,1,1
336,33,16,1,1
337,0,255,1,1
337,1,272,1,1
337,2,107,1,1
337,3,21,1,1
337,4,30,1,1
337,5,135,1,1
337,6,0,1,1
337,7,74,1,1
337,8,13,1,1
337,9,0,1,1
337,10,14,1,1
337,11,43,1,1
337,12,0,1,1
337,13,0,1,1
337,14,0,1,1
337,15,0,1,1
337,16,1,1,1
337,17,162,1,1
337,18,105,1,1
337,19,37,1,1
337,20,61,1,1
337,21,55,1,1
337,22,10,1,1
337,23,46,1,1
337,24,4,1,1
337,25,12,1,1
337,26,27,1,1
337,27,0,1,1
337,28,21,1,1
337,29,20,1,1
337,30,36,1,1
337,31,2,1,1
337,32,29,1,1
337,33,17,1,1
338,0,234,1,1
338,1,221,1,1
338,2,75,1,1
338,3,24,1,1
338,4,22,1,1
338,5,147,1,1
338,6,0,1,1
338,7,70,1,1
338,8,8,1,1
338,9,0,1,1
338,10,9,1,1
338,11,34,1,1
338,12,0,1,1
338,13,0,1,1
338,14,0,1,1
338,15,0,1,1
338,16,2,1,1
338,17,209,1,1
338,18,92,1,1
338,19,39,1,1
338,20,68,1,1
338,21,52,1,1
338,22,27,1,1
338,23,41,1,1
338,24,1,1,1
338,25,23,1,1
338,26,30,1,1
338,27,0,1,1
338,28,17,1,1
338,29,26,1,1
338,30,15,1,1
338,31,14,1,1
338,32,7,1,1
338,33,17,1,1
339,0,177,1,1
339,1,218,1,1
339,2,79,1,1
339,3,31,1,1
339,4,19,1,1
339,5,151,1,1
339,6,0,1,1
339,7,86,1,1
339,8,15,1,1
339,9,0,1,1
339,10,11,1,1
339,11,55,1,1
339,12,0,1,1
339,13,0,1,1
339,14,0,1,1
339,15,0,1,1
339,16,4,1,1
339,17,139,1,1
339,18,102,1,1
339,19,22,1,1
339,20,59,1,1
339,21,98,1,1
339,22,20,1,1
339,23,31,1,1
339,24,5,1,1
339,25,21,1,1
339,26,20,1,1
339,27,0,1,1
339,28,12,1,1
339,29,33,1,1
339,30,22,1,1
339,31,16,1,1
339,32,11,1,1
339,33,16,1,1
340,0,198,1,1
340,1,191,1,1
340,2,71,1,1
340,3,20,1,1
340,4,19,1,1
340,5,106,1,1
340,6,0,1,1
340,7,80,1,1
340,8,17,1,1
340,9,0,1,1
340,10,6,1,1
340,11,47,1,1
340,12,0,1,1
340,13,0,1,1
340,14,0,1,1
340,15,0,1,1
340,16,8,1,1
340,17,139,1,1
340,18,96,1,1
340,19,41,1,1
340,20,48,1,1
340,21,54,1,1
340,22,20,1,1
340,23,42,1,1
340,24,5,1,1
340,25,20,1,1
340,26,33,1,1
340,27,0,1,1
340,28,12,1,1
340,29,33,1,1
340,30,15,1,1
340,31,11,1,1
340,32,7,1,1
340,33,20,1,1
341,0,117,1,1
341,1,184,1,1
341,2,69,1,1
341,3,30,1,1
341,4,15,1,1
341,5,120,1,1
341,6,0,1,1
341,7,86,1,1
341,8,19,1,1
341,9,0,1,1
341,10,4,1,1
341,11,58,1,1
341,12,0,1,1
341,13,0,1,1
341,14,0,1,1
341,15,0,1,1
341,16,5,1,1
341,17,130,1,1
341,18,108,1,1
341,19,32,1,1
341,20,34,1,1
341,21,44,1,1
341,22,13,1,1
341,23,28,1,1
341,24,3,1,1
341,25,13,1,1
341,26,31,1,1
341,27,0,1,1
341,28,22,1,1
341,29,51,1,1
341,30,18,1,1
341,31,7,1,1
341,32,13,1,1
341,33,17,1,1
342,0,128,1,1
342,1,144,1,1
342,2,108,1,1
342,3,23,1,1
342,4,9,1,1
342,5,80,1,1
342,6,0,1,1
342,7,88,1,1
342,8,17,1,1
342,9,0,1,1
342,10,7,1,1
342,11,64,1,1
342,12,0,1,1
342,13,0,1,1
342,14,0,1,1
342,15,0,1,1
342,16,1,1,1
342,17,117,1,1
342,18,92,1,1
342,19,18,1,1
342,20,24,1,1
342,21,36,1,1
342,22,12,1,1
342,23,33,1,1
342,24,3,1,1
342,25,18,1,1
342,26,20,1,1
342,27,0,1,1
342,28,13,1,1
342,29,31,1,1
342,30,15,1,1
342,31,6,1,1
342,32,10,1,1
342,33,17,1,1
343,0,131,1,1
343,1,137,1,1
343,2,66,1,1
343,3,13,1,1
343,4,9,1,1
343,5,97,1,1
343,6,0,1,1
343,7,78,1,1
343,8,20,1,1
343,9,0,1,1
343,10,15,1,1
343,11,42,1,1
343,12,0,1,1
343,13,0,1,1
343,14,0,1,1
343,15,0,1,1
343,16,2,1,1
343,17,93,1,1
343,18,86,1,1
343,19,21,1,1
343,20,23,1,1
343,21,40,1,1
343,22,7,1,1
343,23,22,1,1
343,24,2,1,1
343,25,8,1,1
343,26,14,1,1
343,27,0,1,1
343,28,13,1,1
343,29,16,1,1
343,30,15,1,1
343,31,3,1,1
343,32,10,1,1
343,33,13,1,1
344,0,134,1,1
344,1,134,1,1
344,2,60,1,1
344,3,18,1,1
344,4,16,1,1
344,5,86,1,1
344,6,0,1,1
344,7,74,1,1
344,8,20,1,1
344,9,0,1,1
344,10,13,1,1
344,11,44,1,1
344,12,0,1,1
344,13,0,1,1
344,14,0,1,1
344,15,0,1,1
344,16,5,1,1
344,17,93,1,1
344,18,65,1,1
344,19,19,1,1
344,20,27,1,1
344,21,28,1,1
344,22,4,1,1
344,23,16,1,1
344,24,2,1,1
344,25,13,1,1
344,26,24,1,1
344,27,0,1,1
344,28,9,1,1
344,29,5,1,1
344,30,16,1,1
344,31,8,1,1
344,32,18,1,1
344,33,3,1,1
345,0,139,1,1
345,1,109,1,1
345,2,64,1,1
345,3,52,1,1
345,4,8,1,1
345,5,91,1,1
345,6,0,1,1
345,7,66,1,1
345,8,12,1,1
345,9,0,1,1
345,10,12,1,1
345,11,34,1,1
345,12,0,1,1
345,13,0,1,1
345,14,0,1,1
345,15,0,1,1
345,16,5,1,1
345,17,76,1,1
345,18,87,1,1
345,19,17,1,1
345,20,27,1,1
345,21,33,1,1
345,22,6,1,1
345,23,18,1,1
345,24,5,1,1
345,25,5,1,1
345,26,14,1,1
345,27,0,1,1
345,28,23,1,1
345,29,8,1,1
345,30,15,1,1
345,31,21,1,1
345,32,18,1,1
345,33,7,1,1
346,0,142,1,1
346,1,112,1,1
346,2,56,1,1
346,3,22,1,1
346,4,13,1,1
346,5,72,1,1
346,6,0,1,1
346,7,67,1,1
346,8,7,1,1
346,9,0,1,1
346,10,15,1,1
346,11,41,1,1
346,12,0,1,1
346,13,0,1,1
346,14,0,1,1
346,15,0,1,1
346,16,7,1,1
346,17,92,1,1
346,18,61,1,1
346,19,20,1,1
346,20,19,1,1
346,21,107,1,1
346,22,8,1,1
346,23,26,1,1
346,24,0,1,1
346,25,8,1,1
346,26,12,1,1
346,27,0,1,1
346,28,15,1,1
346,29,7,1,1
346,30,20,1,1
346,31,11,1,1
346,32,16,1,1
346,33,11,1,1
347,0,115,1,1
347,1,114,1,1
347,2,59,1,1
347,3,19,1,1
347,4,4,1,1
347,5,76,1,1
347,6,0,1,1
347,7,73,1,1
347,8,11,1,1
347,9,0,1,1
347,10,15,1,1
347,11,44,1,1
347,12,0,1,1
347,13,0,1,1
347,14,0,1,1
347,15,0,1,1
347,16,1,1,1
347,17,74,1,1
347,18,80,1,1
347,19,23,1,1
347,20,23,1,1
347,21,36,1,1
347,22,10,1,1
347,23,23,1,1
347,24,3,1,1
347,25,4,1,1
347,26,18,1,1
347,27,0,1,1
347,28,13,1,1
347,29,9,1,1
347,30,13,1,1
347,31,4,1,1
347,32,13,1,1
347,33,11,1,1
348,0,140,1,1
348,1,98,1,1
348,2,70,1,1
348,3,15,1,1
348,4,12,1,1
348,5,80,1,1
348,6,0,1,1
348,7,56,1,1
348,8,9,1,1
348,9,0,1,1
348,10,11,1,1
348,11,27,1,1
348,12,0,1,1
348,13,0,1,1
348,14,0,1,1
348,15,0,1,1
348,16,2,1,1
348,17,82,1,1
348,18,84,1,1
348,19,19,1,1
348,20,28,1,1
348,21,39,1,1
348,22,6,1,1
348,23,20,1,1
348,24,1,1,1
348,25,12,1,1
348,26,16,1,1
348,27,0,1,1
348,28,13,1,1
348,29,14,1,1
348,30,18,1,1
348,31,6,1,1
348,32,10,1,1
348,33,15,1,1
349,0,113,1,1
349,1,118,1,1
349,2,70,1,1
349,3,20,1,1
349,4,11,1,1
349,5,81,1,1
349,6,0,1,1
349,7,64,1,1
349,8,16,1,1
349,9,0,1,1
349,10,8,1,1
349,11,43,1,1
349,12,0,1,1
349,13,0,1,1
349,14,0,1,1
349,15,0,1,1
349,16,5,1,1
349,17,75,1,1
349,18,85,1,1
349,19,18,1,1
349,20,26,1,1
349,21,34,1,1
349,22,7,1,1
349,23,21,1,1
349,24,0,1,1
349,25,9,1,1
349,26,15,1,1
349,27,0,1,1
349,28,12,1,1
349,29,9,1,1
349,30,11,1,1
349,31,2,1,1
349,32,8,1,1
349,33,12,1,1
350,0,113,1,1
350,1,106,1,1
350,2,65,1,1
350,3,29,1,1
350,4,11,1,1
350,5,75,1,1
350,6,0,1,1
350,7,57,1,1
350,8,8,1,1
350,9,0,1,1
350,10,12,1,1
350,11,35,1,1
350,12,0,1,1
350,13,0,1,1
350,14,0,1,1
350,15,0,1,1
350,16,1,1,1
350,17,81,1,1
350,18,77,1,1
350,19,19,1,1
350,20,20,1,1
350,21,36,1,1
350,22,9,1,1
350,23,15,1,1
350,24,3,1,1
350,25,9,1,1
350,26,17,1,1
350,27,0,1,1
350,28,13,1,1
350,29,6,1,1
350,30,15,1,1
350,31,6,1,1
350,32,13,1,1
350,33,8,1,1
351,0,110,1,1
351,1,91,1,1
351,2,53,1,1
351,3,34,1,1
351,4,7,1,1
351,5,54,1,1
351,6,0,1,1
351,7,75,1,1
351,8,9,1,1
351,9,0,1,1
351,10,10,1,1
351,11,53,1,1
351,12,0,1,1
351,13,0,1,1
351,14,0,1,1
351,15,0,1,1
351,16,3,1,1
351,17,81,1,1
351,18,81,1,1
351,19,14,1,1
351,20,19,1,1
351,21,61,1,1
351,22,7,1,1
351,23,20,1,1
351,24,1,1,1
351,25,7,1,1
351,26,19,1,1
351,27,0,1,1
351,28,11,1,1
351,29,8,1,1
351,30,9,1,1
351,31,17,1,1
351,32,23,1,1
351,33,10,1,1
352,0,124,1,1
352,1,105,1,1
352,2,72,1,1
352,3,155,1,1
352,4,10,1,1
352,5,72,1,1
352,6,0,1,1
352,7,70,1,1
352,8,21,1,1
352,9,0,1,1
352,10,14,1,1
352,11,45,1,1
352,12,0,1,1
352,13,0,1,1
352,14,0,1,1
352,15,0,1,1
352,16,2,1,1
352,17,85,1,1
352,18,93,1,1
352,19,10,1,1
352,20,34,1,1
352,21,29,1,1
352,22,7,1,1
352,23,15,1,1
352,24,0,1,1
352,25,10,1,1
352,26,20,1,1
352,27,0,1,1
352,28,23,1,1
352,29,11,1,1
352,30,15,1,1
352,31,13,1,1
352,32,23,1,1
352,33,9,1,1
353,0,107,1,1
353,1,95,1,1
353,2,50,1,1
353,3,28,1,1
353,4,15,1,1
353,5,81,1,1
353,6,0,1,1
353,7,72,1,1
353,8,14,1,1
353,9,0,1,1
353,10,18,1,1
353,11,39,1,1
353,12,0,1,1
353,13,0,1,1
353,14,0,1,1
353,15,0,1,1
353,16,3,1,1
353,17,79,1,1
353,18,81,1,1
353,19,15,1,1
353,20,24,1,1
353,21,29,1,1
353,22,8,1,1
353,23,22,1,1
353,24,1,1,1
353,25,7,1,1
353,26,17,1,1
353,27,0,1,1
353,28,12,1,1
353,29,6,1,1
353,30,23,1,1
353,31,14,1,1
353,32,24,1,1
353,33,12,1,1
354,0,103,1,1
354,1,102,1,1
354,2,74,1,1
354,3,34,1,1
354,4,11,1,1
354,5,82,1,1
354,6,0,1,1
354,7,75,1,1
354,8,19,1,1
354,9,0,1,1
354,10,8,1,1
354,11,53,1,1
354,12,0,1,1
354,13,0,1,1
354,14,0,1,1
354,15,0,1,1
354,16,6,1,1
354,17,117,1,1
354,18,98,1,1
354,19,25,1,1
354,20,21,1,1
354,21,32,1,1
354,22,7,1,1
354,23,17,1,1
354,24,1,1,1
354,25,11,1,1
354,26,18,1,1
354,27,0,1,1
354,28,21,1,1
354,29,12,1,1
354,30,19,1,1
354,31,12,1,1
354,32,24,1,1
354,33,15,1,1
355,0,93,1,1
355,1,100,1,1
355,2,65,1,1
355,3,53,1,1
355,4,16,1,1
355,5,67,1,1
355,6,0,1,1
355,7,76,1,1
355,8,11,1,1
355,9,0,1,1
355,10,10,1,1
355,11,43,1,1
355,12,0,1,1
355,13,0,1,1
355,14,0,1,1
355,15,0,1,1
355,16,5,1,1
355,17,65,1,1
355,18,77,1,1
355,19,18,1,1
355,20,27,1,1
355,21,34,1,1
355,22,13,1,1
355,23,17,1,1
355,24,2,1,1
355,25,10,1,1
355,26,22,1,1
355,27,0,1,1
355,28,17,1,1
355,29,10,1,1
355,30,20,1,1
355,31,21,1,1
355,32,18,1,1
355,33,12,1,1
356,0,157,1,1
356,1,81,1,1
356,2,67,1,1
356,3,22,1,1
356,4,16,1,1
356,5,62,1,1
356,6,0,1,1
356,7,76,1,1
356,8,4,1,1
356,9,0,1,1
356,10,15,1,1
356,11,42,1,1
356,12,0,1,1
356,13,0,1,1
356,14,0,1,1
356,15,0,1,1
356,16,6,1,1
356,17,96,1,1
356,18,73,1,1
356,19,15,1,1
356,20,30,1,1
356,21,29,1,1
356,22,4,1,1
356,23,24,1,1
356,24,0,1,1
356,25,8,1,1
356,26,19,1,1
356,27,0,1,1
356,28,15,1,1
356,29,17,1,1
356,30,13,1,1
356,31,10,1,1
356,32,13,1,1
356,33,12,1,1
357,0,101,1,1
357,1,101,1,1
357,2,58,1,1
357,3,21,1,1
357,4,13,1,1
357,5,69,1,1
357,6,0,1,1
357,7,56,1,1
357,8,14,1,1
357,9,0,1,1
357,10,7,1,1
357,11,50,1,1
357,12,0,1,1
357,13,0,1,1
357,14,0,1,1
357,15,0,1,1
357,16,0,1,1
357,17,96,1,1
357,18,78,1,1
357,19,17,1,1
357,20,38,1,1
357,21,37,1,1
357,22,7,1,1
357,23,21,1,1
357,24,3,1,1
357,25,10,1,1
357,26,15,1,1
357,27,0,1,1
357,28,29,1,1
357,29,12,1,1
357,30,14,1,1
357,31,8,1,1
357,32,14,1,1
357,33,12,1,1
358,0,117,1,1
358,1,96,1,1
358,2,65,1,1
358,3,31,1,1
358,4,13,1,1
358,5,75,1,1
358,6,0,1,1
358,7,73,1,1
358,8,13,1,1
358,9,0,1,1
358,10,12,1,1
358,11,47,1,1
358,12,0,1,1
358,13,0,1,1
358,14,0,1,1
358,15,0,1,1
358,16,8,1,1
358,17,87,1,1
358,18,93,1,1
358,19,24,1,1
358,20,28,1,1
358,21,35,1,1
358,22,7,1,1
358,23,23,1,1
358,24,1,1,1
358,25,11,1,1
358,26,20,1,1
358,27,0,1,1
358,28,17,1,1
358,29,15,1,1
358,30,13,1,1
358,31,5,1,1
358,32,23,1,1
358,33,14,1,1
359,0,114,1,1
359,1,104,1,1
359,2,64,1,1
359,3,61,1,1
359,4,9,1,1
359,5,85,1,1
359,6,0,1,1
359,7,81,1,1
359,8,8,1,1
359,9,0,1,1
359,10,20,1,1
359,11,49,1,1
359,12,0,1,1
359,13,0,1,1
359,14,0,1,1
359,15,0,1,1
359,16,3,1,1
359,17,89,1,1
359,18,97,1,1
359,19,24,1,1
359,20,32,1,1
359,21,28,1,1
359,22,10,1,1
359,23,26,1,1
359,24,5,1,1
359,25,15,1,1
359,26,24,1,1
359,27,0,1,1
359,28,23,1,1
359,29,12,1,1
359,30,22,1,1
359,31,18,1,1
359,32,20,1,1
359,33,18,1,1
360,0,117,1,1
360,1,99,1,1
360,2,82,1,1
360,3,26,1,1
360,4,19,1,1
360,5,83,1,1
360,6,0,1,1
360,7,69,1,1
360,8,14,1,1
360,9,0,1,1
360,10,20,1,1
360,11,42,1,1
360,12,0,1,1
360,13,0,1,1
360,14,0,1,1
360,15,0,1,1
360,16,1,1,1
360,17,100,1,1
360,18,80,1,1
360,19,20,1,1
360,20,29,1,1
360,21,30,1,1
360,22,14,1,1
360,23,28,1,1
360,24,2,1,1
360,25,18,1,1
360,26,20,1,1
360,27,0,1,1
360,28,17,1,1
360,29,26,1,1
360,30,24,1,1
360,31,33,1,1
360,32,24,1,1
360,33,18,1,1
361,0,109,1,1
361,1,118,1,1
361,2,67,1,1
361,3,21,1,1
361,4,18,1,1
361,5,92,1,1
361,6,0,1,1
361,7,73,1,1
361,8,5,1,1
361,9,0,1,1
361,10,13,1,1
361,11,54,1,1
361,12,0,1,1
361,13,0,1,1
361,14,0,1,1
361,15,0,1,1
361,16,8,1,1
361,17,103,1,1
361,18,88,1,1
361,19,24,1,1
361,20,31,1,1
361,21,35,1,1
361,22,15,1,1
361,23,28,1,1
361,24,3,1,1
361,25,13,1,1
361,26,32,1,1
361,27,0,1,1
361,28,18,1,1
361,29,16,1,1
361,30,25,1,1
361,31,19,1,1
361,32,29,1,1
361,33,12,1,1
362,0,115,1,1
362,1,107,1,1
362,2,74,1,1
362,3,110,1,1
362,4,19,1,1
362,5,67,1,1
362,6,0,1,1
362,7,77,1,1
362,8,17,1,1
362,9,0,1,1
362,10,18,1,1
362,11,48,1,1
362,12,0,1,1
362,13,0,1,1
362,14,0,1,1
362,15,0,1,1
362,16,3,1,1
362,17,104,1,1
362,18,97,1,1
362,19,28,1,1
362,20,36,1,1
362,21,42,1,1
362,22,8,1,1
362,23,28,1,1
362,24,4,1,1
362,25,12,1,1
362,26,24,1,1
362,27,0,1,1
362,28,12,1,1
362,29,13,1,1
362,30,27,1,1
362,31,20,1,1
362,32,23,1,1
362,33,15,1,1
363,0,116,1,1
363,1,109,1,1
363,2,57,1,1
363,3,20,1,1
363,4,17,1,1
363,5,87,1,1
363,6,0,1,1
363,7,94,1,1
363,8,12,1,1
363,9,0,1,1
363,10,13,1,1
363,11,65,1,1
363,12,0,1,1
363,13,0,1,1
363,14,0,1,1
363,15,0,1,1
363,16,3,1,1
363,17,89,1,1
363,18,107,1,1
363,19,26,1,1
363,20,35,1,1
363,21,47,1,1
363,22,8,1,1
363,23,32,1,1
363,24,1,1,1
363,25,21,1,1
363,26,24,1,1
363,27,0,1,1
363,28,28,1,1
363,29,25,1,1
363,30,21,1,1
363,31,20,1,1
363,32,32,1,1
363,33,16,1,1
364,0,106,1,1
364,1,102,1,1
364,2,63,1,1
364,3,30,1,1
364,4,16,1,1
364,5,86,1,1
364,6,0,1,1
364,7,94,1,1
364,8,24,1,1
364,9,0,1,1
364,10,16,1,1
364,11,47,1,1
364,12,0,1,1
364,13,0,1,1
364,14,0,1,1
364,15,0,1,1
364,16,7,1,1
364,17,115,1,1
364,18,101,1,1
364,19,40,1,1
364,20,37,1,1
364,21,51,1,1
364,22,12,1,1
364,23,32,1,1
364,24,4,1,1
364,25,18,1,1
364,26,25,1,1
364,27,0,1,1
364,28,23,1,1
364,29,14,1,1
364,30,25,1,1
364,31,10,1,1
364,32,22,1,1
364,33,19,1,1
365,0,122,1,1
365,1,97,1,1
365,2,73,1,1
365,3,25,1,1
365,4,11,1,1
365,5,67,1,1
365,6,0,1,1
365,7,61,1,1
365,8,16,1,1
365,9,0,1,1
365,10,11,1,1
365,11,46,1,1
365,12,0,1,1
365,13,0,1,1
365,14,0,1,1
365,15,0,1,1
365,16,3,1,1
365,17,91,1,1
365,18,83,1,1
365,19,30,1,1
365,20,33,1,1
365,21,42,1,1
365,22,12,1,1
365,23,24,1,1
365,24,1,1,1
365,25,17,1,1
365,26,16,1,1
365,27,0,1,1
365,28,18,1,1
365,29,11,1,1
365,30,24,1,1
365,31,18,1,1
365,32,23,1,1
365,33,14,1,1
366,0,96,1,1
366,1,102,1,1
366,2,47,1,1
366,3,26,1,1
366,4,21,1,1
366,5,81,1,1
366,6,0,1,1
366,7,58,1,1
366,8,15,1,1
366,9,0,1,1
366,10,10,1,1
366,11,41,1,1
366,12,0,1,1
366,13,0,1,1
366,14,0,1,1
366,15,0,1,1
366,16,7,1,1
366,17,96,1,1
366,18,91,1,1
366,19,30,1,1
366,20,28,1,1
366,21,42,1,1
366,22,11,1,1
366,23,22,1,1
366,24,2,1,1
366,25,13,1,1
366,26,22,1,1
366,27,0,1,1
366,28,20,1,1
366,29,14,1,1
366,30,23,1,1
366,31,27,1,1
366,32,22,1,1
366,33,10,1,1
367,0,124,1,1
367,1,137,1,1
367,2,64,1,1
367,3,32,1,1
367,4,29,1,1
367,5,82,1,1
367,6,0,1,1
367,7,65,1,1
367,8,24,1,1
367,9,0,1,1
367,10,10,1,1
367,11,43,1,1
367,12,0,1,1
367,13,0,1,1
367,14,0,1,1
367,15,0,1,1
367,16,5,1,1
367,17,101,1,1
367,18,88,1,1
367,19,18,1,1
367,20,21,1,1
367,21,34,1,1
367,22,14,1,1
367,23,21,1,1
367,24,1,1,1
367,25,5,1,1
367,26,30,1,1
367,27,0,1,1
367,28,16,1,1
367,29,10,1,1
367,30,21,1,1
367,31,12,1,1
367,32,26,1,1
367,33,15,1,1
368,0,132,1,1
368,1,108,1,1
368,2,70,1,1
368,3,23,1,1
368,4,16,1,1
368,5,72,1,1
368,6,0,1,1
368,7,81,1,1
368,8,14,1,1
368,9,0,1,1
368,10,12,1,1
368,11,48,1,1
368,12,0,1,1
368,13,0,1,1
368,14,0,1,1
368,15,0,1,1
368,16,3,1,1
368,17,106,1,1
368,18,92,1,1
368,19,37,1,1
368,20,27,1,1
368,21,33,1,1
368,22,9,1,1
368,23,20,1,1
368,24,4,1,1
368,25,17,1,1
368,26,22,1,1
368,27,0,1,1
368,28,23,1,1
368,29,19,1,1
368,30,19,1,1
368,31,12,1,1
368,32,15,1,1
368,33,14,1,1
369,0,124,1,1
369,1,110,1,1
369,2,57,1,1
369,3,27,1,1
369,4,15,1,1
369,5,81,1,1
369,6,0,1,1
369,7,96,1,1
369,8,13,1,1
369,9,0,1,1
369,10,14,1,1
369,11,70,1,1
369,12,0,1,1
369,13,0,1,1
369,14,0,1,1
369,15,0,1,1
369,16,3,1,1
369,17,97,1,1
369,18,115,1,1
369,19,33,1,1
369,20,34,1,1
369,21,25,1,1
369,22,10,1,1
369,23,24,1,1
369,24,3,1,1
369,25,11,1,1
369,26,23,1,1
369,27,0,1,1
369,28,14,1,1
369,29,13,1,1
369,30,26,1,1
369,31,13,1,1
369,32,24,1,1
369,33,12,1,1
370,0,115,1,1
370,1,111,1,1
370,2,64,1,1
370,3,19,1,1
370,4,15,1,1
370,5,74,1,1
370,6,0,1,1
370,7,70,1,1
370,8,8,1,1
370,9,0,1,1
370,10,13,1,1
370,11,54,1,1
370,12,0,1,1
370,13,0,1,1
370,14,0,1,1
370,15,0,1,1
370,16,5,1,1
370,17,83,1,1
370,18,100,1,1
370,19,34,1,1
370,20,24,1,1
370,21,30,1,1
370,22,2,1,1
370,23,13,1,1
370,24,1,1,1
370,25,7,1,1
370,26,26,1,1
370,27,0,1,1
370,28,18,1,1
370,29,19,1,1
370,30,14,1,1
370,31,10,1,1
370,32,21,1,1
370,33,7,1,1
371,0,122,1,1
371,1,88,1,1
371,2,59,1,1
371,3,23,1,1
371,4,13,1,1
371,5,72,1,1
371,6,0,1,1
371,7,79,1,1
371,8,15,1,1
371,9,0,1,1
371,10,12,1,1
371,11,51,1,1
371,12,0,1,1
371,13,0,1,1
371,14,0,1,1
371,15,0,1,1
371,16,4,1,1
371,17,101,1,1
371,18,101,1,1
371,19,29,1,1
371,20,23,1,1
371,21,33,1,1
371,22,10,1,1
371,23,34,1,1
371,24,2,1,1
371,25,19,1,1
371,26,15,1,1
371,27,0,1,1
371,28,27,1,1
371,29,15,1,1
371,30,30,1,1
371,31,11,1,1
371,32,25,1,1
371,33,12,1,1
372,0,111,1,1
372,1,112,1,1
372,2,60,1,1
372,3,24,1,1
372,4,19,1,1
372,5,93,1,1
372,6,0,1,1
372,7,75,1,1
372,8,45,1,1
372,9,0,1,1
372,10,11,1,1
372,11,48,1,1
372,12,0,1,1
372,13,0,1,1
372,14,0,1,1
372,15,0,1,1
372,16,3,1,1
372,17,106,1,1
372,18,93,1,1
372,19,37,1,1
372,20,25,1,1
372,21,36,1,1
372,22,3,1,1
372,23,26,1,1
372,24,3,1,1
372,25,18,1,1
372,26,25,1,1
372,27,0,1,1
372,28,19,1,1
372,29,16,1,1
372,30,26,1,1
372,31,17,1,1
372,32,24,1,1
372,33,16,1,1
373,0,129,1,1
373,1,98,1,1
373,2,54,1,1
373,3,29,1,1
373,4,17,1,1
373,5,70,1,1
373,6,0,1,1
373,7,87,1,1
373,8,14,1,1
373,9,0,1,1
373,10,14,1,1
373,11,52,1,1
373,12,0,1,1
373,13,0,1,1
373,14,0,1,1
373,15,0,1,1
373,16,5,1,1
373,17,96,1,1
373,18,89,1,1
373,19,18,1,1
373,20,29,1,1
373,21,29,1,1
373,22,10,1,1
373,23,25,1,1
373,24,7,1,1
373,25,15,1,1
373,26,23,1,1
373,27,0,1,1
373,28,14,1,1
373,29,9,1,1
373,30,20,1,1
373,31,16,1,1
373,32,21,1,1
373,33,7,1,1
374,0,111,1,1
374,1,95,1,1
374,2,73,1,1
374,3,29,1,1
374,4,28,1,1
374,5,70,1,1
374,6,0,1,1
374,7,100,1,1
374,8,11,1,1
374,9,0,1,1
374,10,10,1,1
374,11,63,1,1
374,12,0,1,1
374,13,0,1,1
374,14,0,1,1
374,15,0,1,1
374,16,5,1,1
374,17,88,1,1
374,18,100,1,1
374,19,27,1,1
374,20,24,1,1
374,21,44,1,1
374,22,6,1,1
374,23,31,1,1
374,24,6,1,1
374,25,10,1,1
374,26,34,1,1
374,27,0,1,1
374,28,19,1,1
374,29,12,1,1
374,30,26,1,1
374,31,2,1,1
374,32,12,1,1
374,33,5,1,1
375,0,105,1,1
375,1,88,1,1
375,2,71,1,1
375,3,15,1,1
375,4,14,1,1
375,5,63,1,1
375,6,0,1,1
375,7,79,1,1
375,8,10,1,1
375,9,0,1,1
375,10,15,1,1
375,11,54,1,1
375,12,0,1,1
375,13,0,1,1
375,14,0,1,1
375,15,0,1,1
375,16,6,1,1
375,17,93,1,1
375,18,117,1,1
375,19,33,1,1
375,20,39,1,1
375,21,59,1,1
375,22,19,1,1
375,23,30,1,1
375,24,6,1,1
375,25,10,1,1
375,26,19,1,1
375,27,0,1,1
375,28,14,1,1
375,29,48,1,1
375,30,14,1,1
375,31,6,1,1
375,32,17,1,1
375,33,17,1,1
376,0,124,1,1
376,1,94,1,1
376,2,57,1,1
376,3,31,1,1
376,4,17,1,1
376,5,70,1,1
376,6,0,1,1
376,7,86,1,1
376,8,19,1,1
376,9,0,1,1
376,10,10,1,1
376,11,53,1,1
376,12,0,1,1
376,13,0,1,1
376,14,0,1,1
376,15,0,1,1
376,16,9,1,1
376,17,104,1,1
376,18,109,1,1
376,19,36,1,1
376,20,39,1,1
376,21,55,1,1
376,22,14,1,1
376,23,29,1,1
376,24,7,1,1
376,25,14,1,1
376,26,20,1,1
376,27,0,1,1
376,28,28,1,1
376,29,54,1,1
376,30,17,1,1
376,31,7,1,1
376,32,14,1,1
376,33,43,1,1
377,0,135,1,1
377,1,112,1,1
377,2,86,1,1
377,3,32,1,1
377,4,15,1,1
377,5,87,1,1
377,6,0,1,1
377,7,101,1,1
377,8,19,1,1
377,9,0,1,1
377,10,16,1,1
377,11,66,1,1
377,12,0,1,1
377,13,0,1,1
377,14,0,1,1
377,15,0,1,1
377,16,13,1,1
377,17,108,1,1
377,18,124,1,1
377,19,35,1,1
377,20,37,1,1
377,21,78,1,1
377,22,17,1,1
377,23,38,1,1
377,24,3,1,1
377,25,13,1,1
377,26,24,1,1
377,27,0,1,1
377,28,27,1,1
377,29,17,1,1
377,30,25,1,1
377,31,6,1,1
377,32,15,1,1
377,33,22,1,1
378,0,122,1,1
378,1,114,1,1
378,2,71,1,1
378,3,27,1,1
378,4,27,1,1
378,5,74,1,1
378,6,0,1,1
378,7,86,1,1
378,8,20,1,1
378,9,0,1,1
378,10,11,1,1
378,11,49,1,1
378,12,0,1,1
378,13,0,1,1
378,14,0,1,1
378,15,0,1,1
378,16,2,1,1
378,17,111,1,1
378,18,113,1,1
378,19,33,1,1
378,20,45,1,1
378,21,41,1,1
378,22,14,1,1
378,23,34,1,1
378,24,2,1,1
378,25,20,1,1
378,26,23,1,1
378,27,0,1,1
378,28,30,1,1
378,29,16,1,1
378,30,17,1,1
378,31,8,1,1
378,32,14,1,1
378,33,17,1,1
379,0,124,1,1
379,1,116,1,1
379,2,80,1,1
379,3,31,1,1
379,4,16,1,1
379,5,97,1,1
379,6,0,1,1
379,7,100,1,1
379,8,11,1,1
379,9,0,1,1
379,10,17,1,1
379,11,66,1,1
379,12,0,1,1
379,13,0,1,1
379,14,0,1,1
379,15,0,1,1
379,16,8,1,1
379,17,122,1,1
379,18,107,1,1
379,19,34,1,1
379,20,36,1,1
379,21,47,1,1
379,22,15,1,1
379,23,28,1,1
379,24,1,1,1
379,25,32,1,1
379,26,28,1,1
379,27,0,1,1
379,28,21,1,1
379,29,18,1,1
379,30,18,1,1
379,31,16,1,1
379,32,14,1,1
379,33,16,1,1
380,0,119,1,1
380,1,109,1,1
380,2,82,1,1
380,3,40,1,1
380,4,25,1,1
380,5,82,1,1
380,6,0,1,1
380,7,92,1,1
380,8,15,1,1
380,9,0,1,1
380,10,21,1,1
380,11,66,1,1
380,12,0,1,1
380,13,0,1,1
380,14,0,1,1
380,15,0,1,1
380,16,9,1,1
380,17,117,1,1
380,18,124,1,1
380,19,45,1,1
380,20,39,1,1
380,21,50,1,1
380,22,26,1,1
380,23,29,1,1
380,24,5,1,1
380,25,27,1,1
380,26,35,1,1
380,27,0,1,1
380,28,23,1,1
380,29,27,1,1
380,30,20,1,1
380,31,9,1,1
380,32,16,1,1
380,33,19,1,1
381,0,131,1,1
381,1,103,1,1
381,2,79,1,1
381,3,27,1,1
381,4,14,1,1
381,5,85,1,1
381,6,0,1,1
381,7,73,1,1
381,8,13,1,1
381,9,0,1,1
381,10,15,1,1
381,11,52,1,1
381,12,0,1,1
381,13,0,1,1
381,14,0,1,1
381,15,0,1,1
381,16,6,1,1
381,17,126,1,1
381,18,127,1,1
381,19,39,1,1
381,20,38,1,1
381,21,72,1,1
381,22,9,1,1
381,23,25,1,1
381,24,2,1,1
381,25,18,1,1
381,26,38,1,1
381,27,0,1,1
381,28,24,1,1
381,29,11,1,1
381,30,29,1,1
381,31,8,1,1
381,32,24,1,1
381,33,12,1,1
382,0,132,1,1
382,1,143,1,1
382,2,70,1,1
382,3,76,1,1
382,4,26,1,1
382,5,116,1,1
382,6,0,1,1
382,7,89,1,1
382,8,14,1,1
382,9,0,1,1
382,10,21,1,1
382,11,54,1,1
382,12,0,1,1
382,13,0,1,1
382,14,0,1,1
382,15,0,1,1
382,16,1,1,1
382,17,102,1,1
382,18,124,1,1
382,19,29,1,1
382,20,37,1,1
382,21,48,1,1
382,22,20,1,1
382,23,35,1,1
382,24,2,1,1
382,25,20,1,1
382,26,28,1,1
382,27,0,1,1
382,28,28,1,1
382,29,13,1,1
382,30,18,1,1
382,31,3,1,1
382,32,10,1,1
382,33,9,1,1
383,0,144,1,1
383,1,105,1,1
383,2,99,1,1
383,3,39,1,1
383,4,19,1,1
383,5,70,1,1
383,6,0,1,1
383,7,96,1,1
383,8,13,1,1
383,9,0,1,1
383,10,7,1,1
383,11,77,1,1
383,12,0,1,1
383,13,0,1,1
383,14,0,1,1
383,15,0,1,1
383,16,5,1,1
383,17,81,1,1
383,18,124,1,1
383,19,31,1,1
383,20,34,1,1
383,21,55,1,1
383,22,17,1,1
383,23,30,1,1
383,24,2,1,1
383,25,13,1,1
383,26,22,1,1
383,27,0,1,1
383,28,26,1,1
383,29,19,1,1
383,30,24,1,1
383,31,3,1,1
383,32,14,1,1
383,33,10,1,1
384,0,128,1,1
384,1,107,1,1
384,2,83,1,1
384,3,36,1,1
384,4,19,1,1
384,5,73,1,1
384,6,0,1,1
384,7,106,1,1
384,8,18,1,1
384,9,0,1,1
384,10,20,1,1
384,11,46,1,1
384,12,0,1,1
384,13,0,1,1
384,14,0,1,1
384,15,0,1,1
384,16,6,1,1
384,17,110,1,1
384,18,104,1,1
384,19,23,1,1
384,20,24,1,1
384,21,35,1,1
384,22,16,1,1
384,23,26,1,1
384,24,5,1,1
384,25,9,1,1
384,26,23,1,1
384,27,0,1,1
384,28,21,1,1
384,29,18,1,1
384,30,23,1,1
384,31,13,1,1
384,32,13,1,1
384,33,12,1,1
385,0,134,1,1
385,1,92,1,1
385,2,86,1,1
385,3,33,1,1
385,4,25,1,1
385,5,77,1,1
385,6,0,1,1
385,7,109,1,1
385,8,17,1,1
385,9,0,1,1
385,10,10,1,1
385,11,79,1,1
385,12,0,1,1
385,13,0,1,1
385,14,0,1,1
385,15,0,1,1
385,16,6,1,1
385,17,106,1,1
385,18,136,1,1
385,19,45,1,1
385,20,36,1,1
385,21,66,1,1
385,22,12,1,1
385,23,31,1,1
385,24,1,1,1
385,25,20,1,1
385,26,30,1,1
385,27,0,1,1
385,28,37,1,1
385,29,19,1,1
385,30,20,1,1
385,31,6,1,1
385,32,16,1,1
385,33,18,1,1
386,0,133,1,1
386,1,127,1,1
386,2,86,1,1
386,3,42,1,1
386,4,17,1,1
386,5,88,1,1
386,6,0,1,1
386,7,104,1,1
386,8,20,1,1
386,9,0,1,1
386,10,12,1,1
386,11,47,1,1
386,12,0,1,1
386,13,0,1,1
386,14,0,1,1
386,15,0,1,1
386,16,5,1,1
386,17,90,1,1
386,18,152,1,1
386,19,31,1,1
386,20,48,1,1
386,21,52,1,1
386,22,17,1,1
386,23,23,1,1
386,24,3,1,1
386,25,14,1,1
386,26,27,1,1
386,27,0,1,1
386,28,29,1,1
386,29,12,1,1
386,30,25,1,1
386,31,6,1,1
386,32,12,1,1
386,33,12,1,1
387,0,146,1,1
387,1,99,1,1
387,2,94,1,1
387,3,40,1,1
387,4,26,1,1
387,5,87,1,1
387,6,0,1,1
387,7,104,1,1
387,8,28,1,1
387,9,0,1,1
387,10,11,1,1
387,11,73,1,1
387,12,0,1,1
387,13,0,1,1
387,14,0,1,1
387,15,0,1,1
387,16,2,1,1
387,17,99,1,1
387,18,143,1,1
387,19,29,1,1
387,20,37,1,1
387,21,77,1,1
387,22,11,1,1
387,23,44,1,1
387,24,5,1,1
387,25,14,1,1
387,26,19,1,1
387,27,0,1,1
387,28,27,1,1
387,29,24,1,1
387,30,12,1,1
387,31,8,1,1
387,32,31,1,1
387,33,17,1,1
388,0,115,1,1
388,1,105,1,1
388,2,88,1,1
388,3,37,1,1
388,4,21,1,1
388,5,66,1,1
388,6,0,1,1
388,7,104,1,1
388,8,14,1,1
388,9,0,1,1
388,10,13,1,1
388,11,67,1,1
388,12,0,1,1
388,13,0,1,1
388,14,0,1,1
388,15,0,1,1
388,16,11,1,1
388,17,107,1,1
388,18,133,1,1
388,19,47,1,1
388,20,35,1,1
388,21,42,1,1
388,22,20,1,1
388,23,36,1,1
388,24,2,1,1
388,25,10,1,1
388,26,21,1,1
388,27,0,1,1
388,28,23,1,1
388,29,8,1,1
388,30,34,1,1
388,31,7,1,1
388,32,15,1,1
388,33,13,1,1
389,0,126,1,1
389,1,105,1,1
389,2,84,1,1
389,3,36,1,1
389,4,22,1,1
389,5,95,1,1
389,6,0,1,1
389,7,114,1,1
389,8,17,1,1
389,9,0,1,1
389,10,12,1,1
389,11,76,1,1
389,12,0,1,1
389,13,0,1,1
389,14,0,1,1
389,15,0,1,1
389,16,7,1,1
389,17,134,1,1
389,18,128,1,1
389,19,22,1,1
389,20,41,1,1
389,21,49,1,1
389,22,19,1,1
389,23,42,1,1
389,24,0,1,1
389,25,26,1,1
389,26,18,1,1
389,27,0,1,1
389,28,24,1,1
389,29,17,1,1
389,30,25,1,1
389,31,6,1,1
389,32,24,1,1
389,33,9,1,1
390,0,122,1,1
390,1,133,1,1
390,2,90,1,1
390,3,37,1,1
390,4,20,1,1
390,5,104,1,1
390,6,0,1,1
390,7,127,1,1
390,8,18,1,1
390,9,0,1,1
390,10,10,1,1
390,11,78,1,1
390,12,0,1,1
390,13,0,1,1
390,14,0,1,1
390,15,0,1,1
390,16,8,1,1
390,17,141,1,1
390,18,171,1,1
390,19,47,1,1
390,20,47,1,1
390,21,54,1,1
390,22,21,1,1
390,23,26,1,1
390,24,4,1,1
390,25,23,1,1
390,26,33,1,1
390,27,0,1,1
390,28,32,1,1
390,29,26,1,1
390,30,18,1,1
390,31,9,1,1
390,32,23,1,1
390,33,23,1,1
391,0,143,1,1
391,1,128,1,1
391,2,108,1,1
391,3,53,1,1
391,4,30,1,1
391,5,95,1,1
391,6,0,1,1
391,7,131,1,1
391,8,14,1,1
391,9,0,1,1
391,10,11,1,1
391,11,89,1,1
391,12,0,1,1
391,13,0,1,1
391,14,0,1,1
391,15,0,1,1
391,16,13,1,1
391,17,122,1,1
391,18,156,1,1
391,19,49,1,1
391,20,30,1,1
391,21,63,1,1
391,22,14,1,1
391,23,30,1,1
391,24,2,1,1
391,25,21,1,1
391,26,30,1,1
391,27,0,1,1
391,28,24,1,1
391,29,27,1,1
391,30,20,1,1
391,31,5,1,1
391,32,35,1,1
391,33,15,1,1
392,0,120,1,1
392,1,113,1,1
392,2,101,1,1
392,3,58,1,1
392,4,23,1,1
392,5,77,1,1
392,6,0,1,1
392,7,139,1,1
392,8,20,1,1
392,9,0,1,1
392,10,13,1,1
392,11,108,1,1
392,12,0,1,1
392,13,0,1,1
392,14,0,1,1
392,15,0,1,1
392,16,7,1,1
392,17,123,1,1
392,18,196,1,1
392,19,36,1,1
392,20,21,1,1
392,21,64,1,1
392,22,16,1,1
392,23,25,1,1
392,24,3,1,1
392,25,15,1,1
392,26,18,1,1
392,27,0,1,1
392,28,26,1,1
392,29,21,1,1
392,30,27,1,1
392,31,9,1,1
392,32,25,1,1
392,33,16,1,1
393,0,157,1,1
393,1,109,1,1
393,2,105,1,1
393,3,59,1,1
393,4,26,1,1
393,5,90,1,1
393,6,0,1,1
393,7,153,1,1
393,8,15,1,1
393,9,0,1,1
393,10,15,1,1
393,11,79,1,1
393,12,0,1,1
393,13,0,1,1
393,14,0,1,1
393,15,0,1,1
393,16,7,1,1
393,17,120,1,1
393,18,170,1,1
393,19,41,1,1
393,20,41,1,1
393,21,62,1,1
393,22,16,1,1
393,23,30,1,1
393,24,4,1,1
393,25,14,1,1
393,26,24,1,1
393,27,0,1,1
393,28,41,1,1
393,29,15,1,1
393,30,23,1,1
393,31,4,1,1
393,32,20,1,1
393,33,17,1,1
394,0,147,1,1
394,1,113,1,1
394,2,136,1,1
394,3,65,1,1
394,4,42,1,1
394,5,77,1,1
394,6,0,1,1
394,7,167,1,1
394,8,20,1,1
394,9,0,1,1
394,10,19,1,1
394,11,109,1,1
394,12,0,1,1
394,13,0,1,1
394,14,0,1,1
394,15,0,1,1
394,16,5,1,1
394,17,144,1,1
394,18,203,1,1
394,19,43,1,1
394,20,24,1,1
394,21,80,1,1
394,22,13,1,1
394,23,24,1,1
394,24,5,1,1
394,25,17,1,1
394,26,26,1,1
394,27,0,1,1
394,28,28,1,1
394,29,17,1,1
394,30,26,1,1
394,31,3,1,1
394,32,14,1,1
394,33,20,1,1
395,0,158,1,1
395,1,93,1,1
395,2,129,1,1
395,3,53,1,1
395,4,47,1,1
395,5,65,1,1
395,6,0,1,1
395,7,143,1,1
395,8,28,1,1
395,9,0,1,1
395,10,17,1,1
395,11,94,1,1
395,12,0,1,1
395,13,0,1,1
395,14,0,1,1
395,15,0,1,1
395,16,4,1,1
395,17,119,1,1
395,18,181,1,1
395,19,44,1,1
395,20,39,1,1
395,21,68,1,1
395,22,22,1,1
395,23,38,1,1
395,24,6,1,1
395,25,21,1,1
395,26,24,1,1
395,27,0,1,1
395,28,32,1,1
395,29,18,1,1
395,30,24,1,1
395,31,5,1,1
395,32,23,1,1
395,33,12,1,1
396,0,147,1,1
396,1,110,1,1
396,2,149,1,1
396,3,63,1,1
396,4,38,1,1
396,5,69,1,1
396,6,0,1,1
396,7,142,1,1
396,8,26,1,1
396,9,0,1,1
396,10,18,1,1
396,11,113,1,1
396,12,0,1,1
396,13,0,1,1
396,14,0,1,1
396,15,0,1,1
396,16,4,1,1
396,17,126,1,1
396,18,179,1,1
396,19,37,1,1
396,20,55,1,1
396,21,104,1,1
396,22,18,1,1
396,23,37,1,1
396,24,5,1,1
396,25,21,1,1
396,26,23,1,1
396,27,0,1,1
396,28,40,1,1
396,29,30,1,1
396,30,30,1,1
396,31,6,1,1
396,32,28,1,1
396,33,13,1,1
397,0,128,1,1
397,1,100,1,1
397,2,90,1,1
397,3,58,1,1
397,4,39,1,1
397,5,74,1,1
397,6,0,1,1
397,7,147,1,1
397,8,18,1,1
397,9,0,1,1
397,10,17,1,1
397,11,77,1,1
397,12,0,1,1
397,13,0,1,1
397,14,0,1,1
397,15,0,1,1
397,16,11,1,1
397,17,112,1,1
397,18,190,1,1
397,19,49,1,1
397,20,60,1,1
397,21,80,1,1
397,22,13,1,1
397,23,33,1,1
397,24,7,1,1
397,25,21,1,1
397,26,30,1,1
397,27,0,1,1
397,28,32,1,1
397,29,24,1,1
397,30,33,1,1
397,31,4,1,1
397,32,26,1,1
397,33,16,1,1
398,0,121,1,1
398,1,96,1,1
398,2,160,1,1
398,3,60,1,1
398,4,29,1,1
398,5,69,1,1
398,6,0,1,1
398,7,135,1,1
398,8,22,1,1
398,9,0,1,1
398,10,14,1,1
398,11,112,1,1
398,12,0,1,1
398,13,0,1,1
398,14,0,1,1
398,15,0,1,1
398,16,5,1,1
398,17,118,1,1
398,18,253,1,1
398,19,37,1,1
398,20,42,1,1
398,21,66,1,1
398,22,20,1,1
398,23,34,1,1
398,24,2,1,1
398,25,16,1,1
398,26,38,1,1
398,27,0,1,1
398,28,36,1,1
398,29,19,1,1
398,30,18,1,1
398,31,3,1,1
398,32,32,1,1
398,33,19,1,1
399,0,115,1,1
399,1,97,1,1
399,2,127,1,1
399,3,63,1,1
399,4,32,1,1
399,5,79,1,1
399,6,0,1,1
399,7,181,1,1
399,8,26,1,1
399,9,0,1,1
399,10,12,1,1
399,11,113,1,1
399,12,0,1,1
399,13,0,1,1
399,14,0,1,1
399,15,0,1,1
399,16,11,1,1
399,17,116,1,1
399,18,245,1,1
399,19,48,1,1
399,20,37,1,1
399,21,76,1,1
399,22,14,1,1
399,23,47,1,1
399,24,8,1,1
399,25,16,1,1
399,26,30,1,1
399,27,0,1,1
399,28,34,1,1
399,29,19,1,1
399,30,27,1,1
399,31,4,1,1
399,32,35,1,1
399,33,18,1,1
400,0,122,1,1
400,1,107,1,1
400,2,102,1,1
400,3,53,1,1
400,4,34,1,1
400,5,64,1,1
400,6,0,1,1
400,7,146,1,1
400,8,18,1,1
400,9,0,1,1
400,10,30,1,1
400,11,100,1,1
400,12,0,1,1
400,13,0,1,1
400,14,0,1,1
400,15,0,1,1
400,16,6,1,1
400,17,131,1,1
400,18,227,1,1
400,19,48,1,1
400,20,43,1,1
400,21,90,1,1
400,22,20,1,1
400,23,44,1,1
400,24,6,1,1
400,25,22,1,1
400,26,20,1,1
400,27,0,1,1
400,28,53,1,1
400,29,19,1,1
400,30,31,1,1
400,31,7,1,1
400,32,22,1,1
400,33,18,1,1
401,0,114,1,1
401,1,115,1,1
401,2,125,1,1
401,3,51,1,1
401,4,39,1,1
401,5,75,1,1
401,6,0,1,1
401,7,129,1,1
401,8,12,1,1
401,9,0,1,1
401,10,15,1,1
401,11,82,1,1
401,12,0,1,1
401,13,0,1,1
401,14,0,1,1
401,15,0,1,1
401,16,8,1,1
401,17,117,1,1
401,18,191,1,1
401,19,37,1,1
401,20,49,1,1
401,21,70,1,1
401,22,19,1,1
401,23,36,1,1
401,24,4,1,1
401,25,21,1,1
401,26,40,1,1
401,27,0,1,1
401,28,51,1,1
401,29,13,1,1
401,30,33,1,1
401,31,6,1,1
401,32,27,1,1
401,33,8,1,1
402,0,101,1,1
402,1,95,1,1
402,2,106,1,1
402,3,65,1,1
402,4,34,1,1
402,5,68,1,1
402,6,0,1,1
402,7,123,1,1
402,8,26,1,1
402,9,0,1,1
402,10,16,1,1
402,11,86,1,1
402,12,0,1,1
402,13,0,1,1
402,14,0,1,1
402,15,0,1,1
402,16,7,1,1
402,17,136,1,1
402,18,208,1,1
402,19,54,1,1
402,20,44,1,1
402,21,69,1,1
402,22,18,1,1
402,23,52,1,1
402,24,4,1,1
402,25,19,1,1
402,26,34,1,1
402,27,0,1,1
402,28,33,1,1
402,29,22,1,1
402,30,27,1,1
402,31,9,1,1
402,32,26,1,1
402,33,16,1,1
403,0,107,1,1
403,1,118,1,1
403,2,117,1,1
403,3,50,1,1
403,4,32,1,1
403,5,77,1,1
403,6,0,1,1
403,7,133,1,1
403,8,16,1,1
403,9,0,1,1
403,10,18,1,1
403,11,68,1,1
403,12,0,1,1
403,13,0,1,1
403,14,0,1,1
403,15,0,1,1
403,16,8,1,1
403,17,112,1,1
403,18,195,1,1
403,19,47,1,1
403,20,60,1,1
403,21,55,1,1
403,22,12,1,1
403,23,42,1,1
403,24,7,1,1
403,25,18,1,1
403,26,43,1,1
403,27,0,1,1
403,28,22,1,1
403,29,20,1,1
403,30,33,1,1
403,31,6,1,1
403,32,23,1,1
403,33,18,1,1
404,0,129,1,1
404,1,90,1,1
404,2,102,1,1
404,3,42,1,1
404,4,35,1,1
404,5,62,1,1
404,6,0,1,1
404,7,130,1,1
404,8,18,1,1
404,9,0,1,1
404,10,22,1,1
404,11,92,1,1
404,12,0,1,1
404,13,0,1,1
404,14,0,1,1
404,15,0,1,1
404,16,5,1,1
404,17,107,1,1
404,18,166,1,1
404,19,40,1,1
404,20,36,1,1
404,21,89,1,1
404,22,22,1,1
404,23,44,1,1
404,24,5,1,1
404,25,16,1,1
404,26,30,1,1
404,27,0,1,1
404,28,27,1,1
404,29,17,1,1
404,30,23,1,1
404,31,7,1,1
404,32,27,1,1
404,33,12,1,1
405,0,125,1,1
405,1,112,1,1
405,2,101,1,1
405,3,35,1,1
405,4,24,1,1
405,5,71,1,1
405,6,0,1,1
405,7,102,1,1
405,8,18,1,1
405,9,0,1,1
405,10,25,1,1
405,11,59,1,1
405,12,0,1,1
405,13,0,1,1
405,14,0,1,1
405,15,0,1,1
405,16,7,1,1
405,17,106,1,1
405,18,157,1,1
405,19,43,1,1
405,20,34,1,1
405,21,150,1,1
405,22,15,1,1
405,23,39,1,1
405,24,11,1,1
405,25,14,1,1
405,26,34,1,1
405,27,0,1,1
405,28,31,1,1
405,29,17,1,1
405,30,28,1,1
405,31,8,1,1
405,32,17,1,1
405,33,16,1,1
406,0,121,1,1
406,1,104,1,1
406,2,84,1,1
406,3,59,1,1
406,4,29,1,1
406,5,70,1,1
406,6,0,1,1
406,7,117,1,1
406,8,14,1,1
406,9,0,1,1
406,10,13,1,1
406,11,66,1,1
406,12,0,1,1
406,13,0,1,1
406,14,0,1,1
406,15,0,1,1
406,16,7,1,1
406,17,121,1,1
406,18,138,1,1
406,19,34,1,1
406,20,43,1,1
406,21,55,1,1
406,22,13,1,1
406,23,38,1,1
406,24,2,1,1
406,25,19,1,1
406,26,20,1,1
406,27,0,1,1
406,28,25,1,1
406,29,21,1,1
406,30,21,1,1
406,31,4,1,1
406,32,22,1,1
406,33,14,1,1
407,0,122,1,1
407,1,116,1,1
407,2,94,1,1
407,3,42,1,1
407,4,25,1,1
407,5,76,1,1
407,6,0,1,1
407,7,118,1,1
407,8,17,1,1
407,9,0,1,1
407,10,19,1,1
407,11,68,1,1
407,12,0,1,1
407,13,0,1,1
407,14,0,1,1
407,15,0,1,1
407,16,6,1,1
407,17,100,1,1
407,18,129,1,1
407,19,45,1,1
407,20,40,1,1
407,21,124,1,1
407,22,13,1,1
407,23,37,1,1
407,24,2,1,1
407,25,13,1,1
407,26,25,1,1
407,27,0,1,1
407,28,23,1,1
407,29,19,1,1
407,30,21,1,1
407,31,5,1,1
407,32,16,1,1
407,33,14,1,1
408,0,128,1,1
408,1,105,1,1
408,2,80,1,1
408,3,38,1,1
408,4,30,1,1
408,5,78,1,1
408,6,0,1,1
408,7,109,1,1
408,8,20,1,1
408,9,0,1,1
408,10,22,1,1
408,11,83,1,1
408,12,0,1,1
408,13,0,1,1
408,14,0,1,1
408,15,0,1,1
408,16,1,1,1
408,17,109,1,1
408,18,137,1,1
408,19,39,1,1
408,20,50,1,1
408,21,54,1,1
408,22,10,1,1
408,23,33,1,1
408,24,6,1,1
408,25,24,1,1
408,26,26,1,1
408,27,0,1,1
408,28,26,1,1
408,29,20,1,1
408,30,21,1,1
408,31,10,1,1
408,32,17,1,1
408,33,17,1,1
409,0,93,1,1
409,1,127,1,1
409,2,90,1,1
409,3,43,1,1
409,4,19,1,1
409,5,85,1,1
409,6,0,1,1
409,7,100,1,1
409,8,18,1,1
409,9,0,1,1
409,10,11,1,1
409,11,62,1,1
409,12,0,1,1
409,13,0,1,1
409,14,0,1,1
409,15,0,1,1
409,16,4,1,1
409,17,109,1,1
409,18,125,1,1
409,19,22,1,1
409,20,51,1,1
409,21,67,1,1
409,22,16,1,1
409,23,37,1,1
409,24,2,1,1
409,25,15,1,1
409,26,22,1,1
409,27,0,1,1
409,28,24,1,1
409,29,17,1,1
409,30,19,1,1
409,31,2,1,1
409,32,15,1,1
409,33,17,1,1
410,0,87,1,1
410,1,117,1,1
410,2,63,1,1
410,3,34,1,1
410,4,38,1,1
410,5,86,1,1
410,6,0,1,1
410,7,108,1,1
410,8,18,1,1
410,9,0,1,1
410,10,20,1,1
410,11,65,1,1
410,12,0,1,1
410,13,0,1,1
410,14,0,1,1
410,15,0,1,1
410,16,8,1,1
410,17,107,1,1
410,18,126,1,1
410,19,45,1,1
410,20,42,1,1
410,21,54,1,1
410,22,17,1,1
410,23,24,1,1
410,24,2,1,1
410,25,15,1,1
410,26,17,1,1
410,27,0,1,1
410,28,23,1,1
410,29,15,1,1
410,30,19,1,1
410,31,7,1,1
410,32,22,1,1
410,33,9,1,1
411,0,116,1,1
411,1,99,1,1
411,2,83,1,1
411,3,28,1,1
411,4,28,1,1
411,5,77,1,1
411,6,0,1,1
411,7,99,1,1
411,8,22,1,1
411,9,0,1,1
411,10,22,1,1
411,11,69,1,1
411,12,0,1,1
411,13,0,1,1
411,14,0,1,1
411,15,0,1,1
411,16,4,1,1
411,17,96,1,1
411,18,146,1,1
411,19,23,1,1
411,20,36,1,1
411,21,58,1,1
411,22,11,1,1
411,23,34,1,1
411,24,2,1,1
411,25,10,1,1
411,26,26,1,1
411,27,0,1,1
411,28,25,1,1
411,29,19,1,1
411,30,19,1,1
411,31,10,1,1
411,32,16,1,1
411,33,11,1,1
412,0,115,1,1
412,1,70,1,1
412,2,57,1,1
412,3,27,1,1
412,4,24,1,1
412,5,58,1,1
412,6,0,1,1
412,7,98,1,1
412,8,17,1,1
412,9,0,1,1
412,10,19,1,1
412,11,57,1,1
412,12,0,1,1
412,13,0,1,1
412,14,0,1,1
412,15,0,1,1
412,16,4,1,1
412,17,82,1,1
412,18,124,1,1
412,19,38,1,1
412,20,36,1,1
412,21,71,1,1
412,22,13,1,1
412,23,29,1,1
412,24,4,1,1
412,25,8,1,1
412,26,16,1,1
412,27,0,1,1
412,28,24,1,1
412,29,16,1,1
412,30,19,1,1
412,31,4,1,1
412,32,18,1,1
412,33,14,1,1
413,0,86,1,1
413,1,69,1,1
413,2,61,1,1
413,3,31,1,1
413,4,29,1,1
413,5,48,1,1
413,6,0,1,1
413,7,70,1,1
413,8,9,1,1
413,9,0,1,1
413,10,14,1,1
413,11,49,1,1
413,12,0,1,1
413,13,0,1,1
413,14,0,1,1
413,15,0,1,1
413,16,2,1,1
413,17,73,1,1
413,18,121,1,1
413,19,24,1,1
413,20,27,1,1
413,21,42,1,1
413,22,11,1,1
413,23,26,1,1
413,24,0,1,1
413,25,13,1,1
413,26,22,1,1
413,27,0,1,1
413,28,15,1,1
413,29,18,1,1
413,30,13,1,1
413,31,5,1,1
413,32,16,1,1
413,33,8,1,1
414,0,64,1,1
414,1,70,1,1
414,2,61,1,1
414,3,22,1,1
414,4,25,1,1
414,5,59,1,1
414,6,0,1,1
414,7,80,1,1
414,8,11,1,1
414,9,0,1,1
414,10,9,1,1
414,11,47,1,1
414,12,0,1,1
414,13,0,1,1
414,14,0,1,1
414,15,0,1,1
414,16,3,1,1
414,17,88,1,1
414,18,93,1,1
414,19,28,1,1
414,20,30,1,1
414,21,38,1,1
414,22,12,1,1
414,23,31,1,1
414,24,1,1,1
414,25,9,1,1
414,26,10,1,1
414,27,0,1,1
414,28,24,1,1
414,29,14,1,1
414,30,14,1,1
414,31,5,1,1
414,32,10,1,1
414,33,13,1,1
415,0,73,1,1
415,1,97,1,1
415,2,48,1,1
415,3,33,1,1
415,4,19,1,1
415,5,51,1,1
415,6,0,1,1
415,7,71,1,1
415,8,14,1,1
415,9,0,1,1
415,10,14,1,1
415,11,46,1,1
415,12,0,1,1
415,13,0,1,1
415,14,0,1,1
415,15,0,1,1
415,16,2,1,1
415,17,63,1,1
415,18,84,1,1
415,19,23,1,1
415,20,31,1,1
415,21,44,1,1
415,22,11,1,1
415,23,23,1,1
415,24,1,1,1
415,25,14,1,1
415,26,17,1,1
415,27,0,1,1
415,28,21,1,1
415,29,17,1,1
415,30,15,1,1
415,31,5,1,1
415,32,18,1,1
415,33,18,1,1
416,0,76,1,1
416,1,77,1,1
416,2,63,1,1
416,3,23,1,1
416,4,18,1,1
416,5,62,1,1
416,6,0,1,1
416,7,68,1,1
416,8,9,1,1
416,9,0,1,1
416,10,44,1,1
416,11,42,1,1
416,12,0,1,1
416,13,0,1,1
416,14,0,1,1
416,15,0,1,1
416,16,1,1,1
416,17,83,1,1
416,18,85,1,1
416,19,31,1,1
416,20,34,1,1
416,21,36,1,1
416,22,9,1,1
416,23,19,1,1
416,24,2,1,1
416,25,8,1,1
416,26,12,1,1
416,27,0,1,1
416,28,23,1,1
416,29,13,1,1
416,30,14,1,1
416,31,5,1,1
416,32,13,1,1
416,33,5,1,1
417,0,55,1,1
417,1,85,1,1
417,2,38,1,1
417,3,15,1,1
417,4,19,1,1
417,5,62,1,1
417,6,0,1,1
417,7,70,1,1
417,8,12,1,1
417,9,0,1,1
417,10,12,1,1
417,11,41,1,1
417,12,0,1,1
417,13,0,1,1
417,14,0,1,1
417,15,0,1,1
417,16,3,1,1
417,17,96,1,1
417,18,93,1,1
417,19,23,1,1
417,20,35,1,1
417,21,48,1,1
417,22,8,1,1
417,23,28,1,1
417,24,1,1,1
417,25,6,1,1
417,26,13,1,1
417,27,0,1,1
417,28,11,1,1
417,29,7,1,1
417,30,14,1,1
417,31,6,1,1
417,32,14,1,1
417,33,6,1,1
418,0,78,1,1
418,1,60,1,1
418,2,70,1,1
418,3,16,1,1
418,4,22,1,1
418,5,47,1,1
418,6,0,1,1
418,7,83,1,1
418,8,11,1,1
418,9,0,1,1
418,10,14,1,1
418,11,47,1,1
418,12,0,1,1
418,13,0,1,1
418,14,0,1,1
418,15,0,1,1
418,16,4,1,1
418,17,61,1,1
418,18,98,1,1
418,19,36,1,1
418,20,27,1,1
418,21,34,1,1
418,22,16,1,1
418,23,17,1,1
418,24,1,1,1
418,25,13,1,1
418,26,16,1,1
418,27,0,1,1
418,28,20,1,1
418,29,11,1,1
418,30,13,1,1
418,31,3,1,1
418,32,16,1,1
418,33,9,1,1
419,0,90,1,1
419,1,59,1,1
419,2,43,1,1
419,3,20,1,1
419,4,16,1,1
419,5,43,1,1
419,6,0,1,1
419,7,58,1,1
419,8,12,1,1
419,9,0,1,1
419,10,7,1,1
419,11,43,1,1
419,12,0,1,1
419,13,0,1,1
419,14,0,1,1
419,15,0,1,1
419,16,1,1,1
419,17,64,1,1
419,18,89,1,1
419,19,20,1,1
419,20,33,1,1
419,21,38,1,1
419,22,7,1,1
419,23,31,1,1
419,24,1,1,1
419,25,8,1,1
419,26,14,1,1
419,27,0,1,1
419,28,11,1,1
419,29,13,1,1
419,30,12,1,1
419,31,1,1,1
419,32,18,1,1
419,33,5,1,1
420,0,68,1,1
420,1,73,1,1
420,2,58,1,1
420,3,16,1,1
420,4,16,1,1
420,5,57,1,1
420,6,0,1,1
420,7,62,1,1
420,8,12,1,1
420,9,0,1,1
420,10,6,1,1
420,11,41,1,1
420,12,0,1,1
420,13,0,1,1
420,14,0,1,1
420,15,0,1,1
420,16,5,1,1
420,17,92,1,1
420,18,90,1,1
420,19,24,1,1
420,20,30,1,1
420,21,28,1,1
420,22,12,1,1
420,23,25,1,1
420,24,1,1,1
420,25,9,1,1
420,26,26,1,1
420,27,0,1,1
420,28,22,1,1
420,29,8,1,1
420,30,23,1,1
420,31,9,1,1
420,32,12,1,1
420,33,10,1,1
421,0,73,1,1
421,1,74,1,1
421,2,62,1,1
421,3,14,1,1
421,4,12,1,1
421,5,59,1,1
421,6,0,1,1
421,7,68,1,1
421,8,7,1,1
421,9,0,1,1
421,10,6,1,1
421,11,36,1,1
421,12,0,1,1
421,13,0,1,1
421,14,0,1,1
421,15,0,1,1
421,16,1,1,1
421,17,72,1,1
421,18,68,1,1
421,19,23,1,1
421,20,68,1,1
421,21,28,1,1
421,22,9,1,1
421,23,18,1,1
421,24,1,1,1
421,25,13,1,1
421,26,14,1,1
421,27,0,1,1
421,28,16,1,1
421,29,16,1,1
421,30,11,1,1
421,31,4,1,1
421,32,9,1,1
421,33,13,1,1
422,0,61,1,1
422,1,60,1,1
422,2,54,1,1
422,3,20,1,1
422,4,23,1,1
422,5,49,1,1
422,6,0,1,1
422,7,83,1,1
422,8,13,1,1
422,9,0,1,1
422,10,14,1,1
422,11,47,1,1
422,12,0,1,1
422,13,0,1,1
422,14,0,1,1
422,15,0,1,1
422,16,1,1,1
422,17,66,1,1
422,18,75,1,1
422,19,18,1,1
422,20,17,1,1
422,21,17,1,1
422,22,10,1,1
422,23,21,1,1
422,24,2,1,1
422,25,10,1,1
422,26,10,1,1
422,27,0,1,1
422,28,18,1,1
422,29,6,1,1
422,30,10,1,1
422,31,2,1,1
422,32,20,1,1
422,33,7,1,1
423,0,75,1,1
423,1,65,1,1
423,2,77,1,1
423,3,9,1,1
423,4,9,1,1
423,5,49,1,1
423,6,0,1,1
423,7,66,1,1
423,8,9,1,1
423,9,0,1,1
423,10,10,1,1
423,11,51,1,1
423,12,0,1,1
423,13,0,1,1
423,14,0,1,1
423,15,0,1,1
423,16,1,1,1
423,17,57,1,1
423,18,70,1,1
423,19,19,1,1
423,20,20,1,1
423,21,55,1,1
423,22,11,1,1
423,23,25,1,1
423,24,1,1,1
423,25,10,1,1
423,26,21,1,1
423,27,0,1,1
423,28,10,1,1
423,29,14,1,1
423,30,6,1,1
423,31,6,1,1
423,32,1,1,1
423,33,10,1,1
424,0,57,1,1
424,1,55,1,1
424,2,56,1,1
424,3,15,1,1
424,4,15,1,1
424,5,48,1,1
424,6,0,1,1
424,7,67,1,1
424,8,10,1,1
424,9,0,1,1
424,10,6,1,1
424,11,35,1,1
424,12,0,1,1
424,13,0,1,1
424,14,0,1,1
424,15,0,1,1
424,16,1,1,1
424,17,51,1,1
424,18,67,1,1
424,19,27,1,1
424,20,14,1,1
424,21,30,1,1
424,22,12,1,1
424,23,24,1,1
424,24,3,1,1
424,25,6,1,1
424,26,8,1,1
424,27,0,1,1
424,28,13,1,1
424,29,8,1,1
424,30,10,1,1
424,31,3,1,1
424,32,8,1,1
424,33,3,1,1
425,0,47,1,1
425,1,54,1,1
425,2,53,1,1
425,3,19,1,1
425,4,16,1,1
425,5,40,1,1
425,6,0,1,1
425,7,61,1,1
425,8,7,1,1
425,9,0,1,1
425,10,12,1,1
425,11,39,1,1
425,12,0,1,1
425,13,0,1,1
425,14,0,1,1
425,15,0,1,1
425,16,1,1,1
425,17,49,1,1
425,18,66,1,1
425,19,24,1,1
425,20,23,1,1
425,21,26,1,1
425,22,6,1,1
425,23,13,1,1
425,24,1,1,1
425,25,10,1,1
425,26,10,1,1
425,27,0,1,1
425,28,10,1,1
425,29,6,1,1
425,30,6,1,1
425,31,1,1,1
425,32,11,1,1
425,33,5,1,1
426,0,53,1,1
426,1,37,1,1
426,2,52,1,1
426,3,12,1,1
426,4,17,1,1
426,5,24,1,1
426,6,0,1,1
426,7,63,1,1
426,8,8,1,1
426,9,0,1,1
426,10,3,1,1
426,11,33,1,1
426,12,0,1,1
426,13,0,1,1
426,14,0,1,1
426,15,0,1,1
426,16,1,1,1
426,17,60,1,1
426,18,72,1,1
426,19,13,1,1
426,20,14,1,1
426,21,29,1,1
426,22,6,1,1
426,23,15,1,1
426,24,2,1,1
426,25,5,1,1
426,26,8,1,1
426,27,0,1,1
426,28,13,1,1
426,29,6,1,1
426,30,11,1,1
426,31,3,1,1
426,32,9,1,1
426,33,4,1,1
427,0,45,1,1
427,1,51,1,1
427,2,44,1,1
427,3,8,1,1
427,4,7,1,1
427,5,33,1,1
427,6,0,1,1
427,7,51,1,1
427,8,10,1,1
427,9,0,1,1
427,10,4,1,1
427,11,29,1,1
427,12,0,1,1
427,13,0,1,1
427,14,0,1,1
427,15,0,1,1
427,16,2,1,1
427,17,51,1,1
427,18,62,1,1
427,19,16,1,1
427,20,12,1,1
427,21,31,1,1
427,22,14,1,1
427,23,19,1,1
427,24,1,1,1
427,25,7,1,1
427,26,12,1,1
427,27,0,1,1
427,28,15,1,1
427,29,11,1,1
427,30,5,1,1
427,31,2,1,1
427,32,8,1,1
427,33,7,1,1
428,0,46,1,1
428,1,42,1,1
428,2,47,1,1
428,3,13,1,1
428,4,19,1,1
428,5,34,1,1
428,6,0,1,1
428,7,53,1,1
428,8,7,1,1
428,9,0,1,1
428,10,4,1,1
428,11,40,1,1
428,12,0,1,1
428,13,0,1,1
428,14,0,1,1
428,15,0,1,1
428,16,5,1,1
428,17,53,1,1
428,18,62,1,1
428,19,17,1,1
428,20,16,1,1
428,21,23,1,1
428,22,3,1,1
428,23,12,1,1
428,24,1,1,1
428,25,7,1,1
428,26,14,1,1
428,27,0,1,1
428,28,18,1,1
428,29,5,1,1
428,30,10,1,1
428,31,4,1,1
428,32,9,1,1
428,33,2,1,1
429,0,30,1,1
429,1,61,1,1
429,2,33,1,1
429,3,10,1,1
429,4,7,1,1
429,5,40,1,1
429,6,0,1,1
429,7,66,1,1
429,8,10,1,1
429,9,0,1,1
429,10,6,1,1
429,11,41,1,1
429,12,0,1,1
429,13,0,1,1
429,14,0,1,1
429,15,0,1,1
429,16,1,1,1
429,17,40,1,1
429,18,62,1,1
429,19,11,1,1
429,20,16,1,1
429,21,13,1,1
429,22,6,1,1
429,23,11,1,1
429,24,1,1,1
429,25,5,1,1
429,26,9,1,1
429,27,0,1,1
429,28,14,1,1
429,29,4,1,1
429,30,6,1,1
429,31,2,1,1
429,32,15,1,1
429,33,2,1,1
430,0,47,1,1
430,1,48,1,1
430,2,42,1,1
430,3,6,1,1
430,4,7,1,1
430,5,28,1,1
430,6,0,1,1
430,7,45,1,1
430,8,4,1,1
430,9,0,1,1
430,10,1,1,1
430,11,32,1,1
430,12,0,1,1
430,13,0,1,1
430,14,0,1,1
430,15,0,1,1
430,16,1,1,1
430,17,43,1,1
430,18,57,1,1
430,19,8,1,1
430,20,11,1,1
430,21,24,1,1
430,22,3,1,1
430,23,17,1,1
430,24,1,1,1
430,25,7,1,1
430,26,9,1,1
430,27,0,1,1
430,28,10,1,1
430,29,5,1,1
430,30,12,1,1
430,31,0,1,1
430,32,10,1,1
430,33,3,1,1
431,0,27,1,1
431,1,37,1,1
431,2,25,1,1
431,3,3,1,1
431,4,11,1,1
431,5,32,1,1
431,6,0,1,1
431,7,45,1,1
431,8,2,1,1
431,9,0,1,1
431,10,2,1,1
431,11,28,1,1
431,12,0,1,1
431,13,0,1,1
431,14,0,1,1
431,15,0,1,1
431,16,0,1,1
431,17,33,1,1
431,18,51,1,1
431,19,9,1,1
431,20,12,1,1
431,21,19,1,1
431,22,2,1,1
431,23,15,1,1
431,24,0,1,1
431,25,1,1,1
431,26,11,1,1
431,27,0,1,1
431,28,12,1,1
431,29,3,1,1
431,30,13,1,1
431,31,3,1,1
431,32,8,1,1
431,33,1,1,1
432,0,29,1,1
432,1,39,1,1
432,2,28,1,1
432,3,6,1,1
432,4,5,1,1
432,5,23,1,1
432,6,0,1,1
432,7,36,1,1
432,8,3,1,1
432,9,0,1,1
432,10,5,1,1
432,11,28,1,1
432,12,0,1,1
432,13,0,1,1
432,14,0,1,1
432,15,0,1,1
432,16,1,1,1
432,17,35,1,1
432,18,46,1,1
432,19,19,1,1
432,20,12,1,1
432,21,18,1,1
432,22,4,1,1
432,23,5,1,1
432,24,1,1,1
432,25,2,1,1
432,26,6,1,1
432,27,0,1,1
432,28,6,1,1
432,29,3,1,1
432,30,7,1,1
432,31,3,1,1
432,32,8,1,1
432,33,4,1,1
433,0,47,1,1
433,1,27,1,1
433,2,33,1,1
433,3,5,1,1
433,4,10,1,1
433,5,27,1,1
433,6,0,1,1
433,7,24,1,1
433,8,2,1,1
433,9,0,1,1
433,10,0,1,1
433,11,15,1,1
433,12,0,1,1
433,13,0,1,1
433,14,0,1,1
433,15,0,1,1
433,16,0,1,1
433,17,20,1,1
433,18,32,1,1
433,19,5,1,1
433,20,4,1,1
433,21,14,1,1
433,22,2,1,1
433,23,10,1,1
433,24,2,1,1
433,25,2,1,1
433,26,3,1,1
433,27,0,1,1
433,28,4,1,1
433,29,3,1,1
433,30,5,1,1
433,31,4,1,1
433,32,4,1,1
433,33,2,1,1
434,0,40,1,1
434,1,32,1,1
434,2,21,1,1
434,3,10,1,1
434,4,8,1,1
434,5,18,1,1
434,6,0,1,1
434,7,35,1,1
434,8,5,1,1
434,9,0,1,1
434,10,3,1,1
434,11,17,1,1
434,12,0,1,1
434,13,0,1,1
434,14,0,1,1
434,15,0,1,1
434,16,0,1,1
434,17,22,1,1
434,18,25,1,1
434,19,14,1,1
434,20,10,1,1
434,21,14,1,1
434,22,2,1,1
434,23,14,1,1
434,24,0,1,1
434,25,5,1,1
434,26,4,1,1
434,27,0,1,1
434,28,4,1,1
434,29,4,1,1
434,30,3,1,1
434,31,1,1,1
434,32,6,1,1
434,33,2,1,1
435,0,32,1,1
435,1,26,1,1
435,2,17,1,1
435,3,2,1,1
435,4,9,1,1
435,5,19,1,1
435,6,0,1,1
435,7,19,1,1
435,8,6,1,1
435,9,0,1,1
435,10,3,1,1
435,11,8,1,1
435,12,0,1,1
435,13,0,1,1
435,14,0,1,1
435,15,0,1,1
435,16,0,1,1
435,17,28,1,1
435,18,22,1,1
435,19,5,1,1
435,20,8,1,1
435,21,4,1,1
435,22,2,1,1
435,23,12,1,1
435,24,0,1,1
435,25,1,1,1
435,26,9,1,1
435,27,0,1,1
435,28,6,1,1
435,29,4,1,1
435,30,3,1,1
435,31,1,1,1
435,32,5,1,1
435,33,1,1,1
436,0,25,1,1
436,1,28,1,1
436,2,16,1,1
436,3,5,1,1
436,4,7,1,1
436,5,20,1,1
436,6,0,1,1
436,7,22,1,1
436,8,6,1,1
436,9,0,1,1
436,10,1,1,1
436,11,12,1,1
436,12,0,1,1
436,13,0,1,1
436,14,0,1,1
436,15,0,1,1
436,16,0,1,1
436,17,20,1,1
436,18,26,1,1
436,19,4,1,1
436,20,6,1,1
436,21,6,1,1
436,22,5,1,1
436,23,10,1,1
436,24,0,1,1
436,25,0,1,1
436,26,4,1,1
436,27,0,1,1
436,28,7,1,1
436,29,2,1,1
436,30,4,1,1
436,31,2,1,1
436,32,4,1,1
436,33,0,1,1
437,0,20,1,1
437,1,28,1,1
437,2,23,1,1
437,3,5,1,1
437,4,5,1,1
437,5,24,1,1
437,6,0,1,1
437,7,25,1,1
437,8,7,1,1
437,9,0,1,1
437,10,0,1,1
437,11,18,1,1
437,12,0,1,1
437,13,0,1,1
437,14,0,1,1
437,15,0,1,1
437,16,0,1,1
437,17,28,1,1
437,18,27,1,1
437,19,6,1,1
437,20,0,1,1
437,21,9,1,1
437,22,2,1,1
437,23,5,1,1
437,24,0,1,1
437,25,3,1,1
437,26,4,1,1
437,27,0,1,1
437,28,4,1,1
437,29,5,1,1
437,30,2,1,1
437,31,1,1,1
437,32,4,1,1
437,33,2,1,1
438,0,15,1,1
438,1,27,1,1
438,2,15,1,1
438,3,2,1,1
438,4,0,1,1
438,5,12,1,1
438,6,0,1,1
438,7,15,1,1
438,8,3,1,1
438,9,0,1,1
438,10,2,1,1
438,11,10,1,1
438,12,0,1,1
438,13,0,1,1
438,14,0,1,1
438,15,0,1,1
438,16,0,1,1
438,17,16,1,1
438,18,17,1,1
438,19,3,1,1
438,20,3,1,1
438,21,9,1,1
438,22,1,1,1
438,23,7,1,1
438,24,1,1,1
438,25,2,1,1
438,26,3,1,1
438,27,0,1,1
438,28,6,1,1
438,29,2,1,1
438,30,2,1,1
438,31,2,1,1
438,32,3,1,1
438,33,3,1,1
439,0,12,1,1
439,1,10,1,1
439,2,13,1,1
439,3,2,1,1
439,4,4,1,1
439,5,27,1,1
439,6,0,1,1
439,7,7,1,1
439,8,3,1,1
439,9,0,1,1
439,10,0,1,1
439,11,6,1,1
439,12,0,1,1
439,13,0,1,1
439,14,0,1,1
439,15,0,1,1
439,16,1,1,1
439,17,19,1,1
439,18,12,1,1
439,19,5,1,1
439,20,4,1,1
439,21,9,1,1
439,22,0,1,1
439,23,5,1,1
439,24,0,1,1
439,25,1,1,1
439,26,1,1,1
439,27,0,1,1
439,28,6,1,1
439,29,3,1,1
439,30,1,1,1
439,31,0,1,1
439,32,0,1,1
439,33,1,1,1
440,0,22,1,1
440,1,12,1,1
440,2,11,1,1
440,3,91,1,1
440,4,2,1,1
440,5,10,1,1
440,6,0,1,1
440,7,18,1,1
440,8,1,1,1
440,9,0,1,1
440,10,0,1,1
440,11,9,1,1
440,12,0,1,1
440,13,0,1,1
440,14,0,1,1
440,15,0,1,1
440,16,0,1,1
440,17,15,1,1
440,18,15,1,1
440,19,6,1,1
440,20,3,1,1
440,21,7,1,1
440,22,1,1,1
440,23,6,1,1
440,24,0,1,1
440,25,2,1,1
440,26,3,1,1
440,27,0,1,1
440,28,1,1,1
440,29,0,1,1
440,30,3,1,1
440,31,0,1,1
440,32,2,1,1
440,33,1,1,1
441,0,11,1,1
441,1,8,1,1
441,2,13,1,1
441,3,3,1,1
441,4,3,1,1
441,5,5,1,1
441,6,0,1,1
441,7,14,1,1
441,8,2,1,1
441,9,0,1,1
441,10,2,1,1
441,11,13,1,1
441,12,0,1,1
441,13,0,1,1
441,14,0,1,1
441,15,0,1,1
441,16,0,1,1
441,17,8,1,1
441,18,20,1,1
441,19,1,1,1
441,20,3,1,1
441,21,11,1,1
441,22,0,1,1
441,23,4,1,1
441,24,0,1,1
441,25,2,1,1
441,26,0,1,1
441,27,0,1,1
441,28,5,1,1
441,29,1,1,1
441,30,0,1,1
441,31,0,1,1
441,32,2,1,1
441,33,1,1,1
442,0,13,1,1
442,1,8,1,1
442,2,14,1,1
442,3,0,1,1
442,4,3,1,1
442,5,5,1,1
442,6,0,1,1
442,7,13,1,1
442,8,3,1,1
442,9,0,1,1
442,10,0,1,1
442,11,7,1,1
442,12,0,1,1
442,13,0,1,1
442,14,0,1,1
442,15,0,1,1
442,16,0,1,1
442,17,10,1,1
442,18,10,1,1
442,19,1,1,1
442,20,2,1,1
442,21,14,1,1
442,22,0,1,1
442,23,4,1,1
442,24,1,1,1
442,25,0,1,1
442,26,2,1,1
442,27,0,1,1
442,28,1,1,1
442,29,0,1,1
442,30,0,1,1
442,31,0,1,1
442,32,2,1,1
442,33,1,1,1
443,0,9,1,1
443,1,7,1,1
443,2,4,1,1
443,3,2,1,1
443,4,5,1,1
443,5,7,1,1
443,6,0,1,1
443,7,14,1,1
443,8,2,1,1
443,9,0,1,1
443,10,1,1,1
443,11,10,1,1
443,12,0,1,1
443,13,0,1,1
443,14,0,1,1
443,15,0,1,1
443,16,1,1,1
443,17,6,1,1
443,18,13,1,1
443,19,2,1,1
443,20,1,1,1
443,21,6,1,1
443,22,2,1,1
443,23,4,1,1
443,24,0,1,1
443,25,1,1,1
443,26,1,1,1
443,27,0,1,1
443,28,3,1,1
443,29,1,1,1
443,30,0,1,1
443,31,0,1,1
443,32,2,1,1
443,33,1,1,1
444,0,11,1,1
444,1,9,1,1
444,2,11,1,1
444,3,1,1,1
444,4,0,1,1
444,5,7,1,1
444,6,0,1,1
444,7,10,1,1
444,8,0,1,1
444,9,0,1,1
444,10,0,1,1
444,11,7,1,1
444,12,0,1,1
444,13,0,1,1
444,14,0,1,1
444,15,0,1,1
444,16,0,1,1
444,17,7,1,1
444,18,11,1,1
444,19,1,1,1
444,20,1,1,1
444,21,7,1,1
444,22,1,1,1
444,23,1,1,1
444,24,0,1,1
444,25,0,1,1
444,26,0,1,1
444,27,0,1,1
444,28,2,1,1
444,29,1,1,1
444,30,1,1,1
444,31,0,1,1
444,32,2,1,1
444,33,0,1,1
445,0,6,1,1
445,1,16,1,1
445,2,4,1,1
445,3,0,1,1
445,4,2,1,1
445,5,15,1,1
445,6,0,1,1
445,7,11,1,1
445,8,3,1,1
445,9,0,1,1
445,10,2,1,1
445,11,6,1,1
445,12,0,1,1
445,13,0,1,1
445,14,0,1,1
445,15,0,1,1
445,16,0,1,1
445,17,11,1,1
445,18,9,1,1
445,19,5,1,1
445,20,1,1,1
445,21,5,1,1
445,22,0,1,1
445,23,3,1,1
445,24,0,1,1
445,25,2,1,1
445,26,2,1,1
445,27,0,1,1
445,28,0,1,1
445,29,2,1,1
445,30,2,1,1
445,31,2,1,1
445,32,1,1,1
445,33,1,1,1
446,0,8,1,1
446,1,7,1,1
446,2,6,1,1
446,3,0,1,1
446,4,1,1,1
446,5,5,1,1
446,6,0,1,1
446,7,4,1,1
446,8,1,1,1
446,9,0,1,1
446,10,1,1,1
446,11,3,1,1
446,12,0,1,1
446,13,0,1,1
446,14,0,1,1
446,15,0,1,1
446,16,0,1,1
446,17,3,1,1
446,18,5,1,1
446,19,2,1,1
446,20,2,1,1
446,21,3,1,1
446,22,1,1,1
446,23,4,1,1
446,24,0,1,1
446,25,0,1,1
446,26,0,1,1
446,27,0,1,1
446,28,1,1,1
446,29,2,1,1
446,30,0,1,1
446,31,0,1,1
446,32,2,1,1
446,33,0,1,1
447,0,5,1,1
447,1,3,1,1
447,2,2,1,1
447,3,1,1,1
447,4,1,1,1
447,5,3,1,1
447,6,0,1,1
447,7,5,1,1
447,8,6,1,1
447,9,0,1,1
447,10,1,1,1
447,11,5,1,1
447,12,0,1,1
447,13,0,1,1
447,14,0,1,1
447,15,0,1,1
447,16,0,1,1
447,17,2,1,1
447,18,6,1,1
447,19,4,1,1
447,20,0,1,1
447,21,1,1,1
447,22,0,1,1
447,23,0,1,1
447,24,0,1,1
447,25,0,1,1
447,26,0,1,1
447,27,0,1,1
447,28,1,1,1
447,29,1,1,1
447,30,0,1,1
447,31,0,1,1
447,32,1,1,1
447,33,0,1,1
448,0,10,1,1
448,1,7,1,1
448,2,2,1,1
448,3,1,1,1
448,4,1,1,1
448,5,7,1,1
448,6,0,1,1
448,7,9,1,1
448,8,2,1,1
448,9,0,1,1
448,10,5,1,1
448,11,6,1,1
448,12,0,1,1
448,13,0,1,1
448,14,0,1,1
448,15,0,1,1
448,16,0,1,1
448,17,3,1,1
448,18,6,1,1
448,19,1,1,1
448,20,1,1,1
448,21,1,1,1
448,22,4,1,1
448,23,1,1,1
448,24,0,1,1
448,25,2,1,1
448,26,0,1,1
448,27,0,1,1
448,28,1,1,1
448,29,3,1,1
448,30,2,1,1
448,31,0,1,1
448,32,3,1,1
448,33,3,1,1
449,0,7,1,1
449,1,12,1,1
449,2,4,1,1
449,3,1,1,1
449,4,1,1,1
449,5,10,1,1
449,6,0,1,1
449,7,6,1,1
449,8,2,1,1
449,9,0,1,1
449,10,1,1,1
449,11,4,1,1
449,12,0,1,1
449,13,0,1,1
449,14,0,1,1
449,15,0,1,1
449,16,0,1,1
449,17,8,1,1
449,18,9,1,1
449,19,1,1,1
449,20,0,1,1
449,21,3,1,1
449,22,0,1,1
449,23,3,1,1
449,24,0,1,1
449,25,0,1,1
449,26,0,1,1
449,27,0,1,1
449,28,2,1,1
449,29,0,1,1
449,30,2,1,1
449,31,0,1,1
449,32,5,1,1
449,33,0,1,1
450,0,6,1,1
450,1,6,1,1
450,2,3,1,1
450,3,0,1,1
450,4,0,1,1
450,5,0,1,1
450,6,0,1,1
450,7,9,1,1
450,8,1,1,1
450,9,0,1,1
450,10,1,1,1
450,11,6,1,1
450,12,0,1,1
450,13,0,1,1
450,14,0,1,1
450,15,0,1,1
450,16,0,1,1
450,17,5,1,1
450,18,7,1,1
450,19,2,1,1
450,20,3,1,1
450,21,2,1,1
450,22,0,1,1
450,23,4,1,1
450,24,0,1,1
450,25,0,1,1
450,26,0,1,1
450,27,0,1,1
450,28,2,1,1
450,29,1,1,1
450,30,1,1,1
450,31,0,1,1
450,32,2,1,1
450,33,2,1,1
451,0,5,1,1
451,1,11,1,1
451,2,3,1,1
451,3,0,1,1
451,4,0,1,1
451,5,7,1,1
451,6,0,1,1
451,7,5,1,1
451,8,1,1,1
451,9,0,1,1
451,10,1,1,1
451,11,6,1,1
451,12,0,1,1
451,13,0,1,1
451,14,0,1,1
451,15,0,1,1
451,16,0,1,1
451,17,4,1,1
451,18,6,1,1
451,19,1,1,1
451,20,0,1,1
451,21,3,1,1
451,22,0,1,1
451,23,1,1,1
451,24,0,1,1
451,25,0,1,1
451,26,0,1,1
451,27,0,1,1
451,28,1,1,1
451,29,1,1,1
451,30,1,1,1
451,31,0,1,1
451,32,2,1,1
451,33,0,1,1
452,0,7,1,1
452,1,6,1,1
452,2,2,1,1
452,3,0,1,1
452,4,0,1,1
452,5,3,1,1
452,6,0,1,1
452,7,6,1,1
452,8,0,1,1
452,9,0,1,1
452,10,1,1,1
452,11,3,1,1
452,12,0,1,1
452,13,0,1,1
452,14,0,1,1
452,15,0,1,1
452,16,0,1,1
452,17,5,1,1
452,18,4,1,1
452,19,1,1,1
452,20,1,1,1
452,21,3,1,1
452,22,0,1,1
452,23,1,1,1
452,24,0,1,1
452,25,0,1,1
452,26,1,1,1
452,27,0,1,1
452,28,1,1,1
452,29,0,1,1
452,30,0,1,1
452,31,0,1,1
452,32,1,1,1
452,33,0,1,1
453,0,5,1,1
453,1,10,1,1
453,2,3,1,1
453,3,0,1,1
453,4,0,1,1
453,5,7,1,1
453,6,0,1,1
453,7,1,1,1
453,8,2,1,1
453,9,0,1,1
453,10,1,1,1
453,11,0,1,1
453,12,0,1,1
453,13,0,1,1
453,14,0,1,1
453,15,0,1,1
453,16,0,1,1
453,17,4,1,1
453,18,2,1,1
453,19,3,1,1
453,20,2,1,1
453,21,3,1,1
453,22,0,1,1
453,23,1,1,1
453,24,0,1,1
453,25,0,1,1
453,26,1,1,1
453,27,0,1,1
453,28,0,1,1
453,29,0,1,1
453,30,0,1,1
453,31,0,1,1
453,32,0,1,1
453,33,0,1,1
454,0,6,1,1
454,1,4,1,1
454,2,3,1,1
454,3,0,1,1
454,4,1,1,1
454,5,1,1,1
454,6,0,1,1
454,7,8,1,1
454,8,0,1,1
454,9,0,1,1
454,10,0,1,1
454,11,5,1,1
454,12,0,1,1
454,13,0,1,1
454,14,0,1,1
454,15,0,1,1
454,16,0,1,1
454,17,2,1,1
454,18,4,1,1
454,19,0,1,1
454,20,1,1,1
454,21,4,1,1
454,22,1,1,1
454,23,1,1,1
454,24,0,1,1
454,25,0,1,1
454,26,1,1,1
454,27,0,1,1
454,28,0,1,1
454,29,0,1,1
454,30,0,1,1
454,31,0,1,1
454,32,0,1,1
454,33,0,1,1
455,0,8,1,1
455,1,4,1,1
455,2,1,1,1
455,3,0,1,1
455,4,3,1,1
455,5,2,1,1
455,6,0,1,1
455,7,5,1,1
455,8,0,1,1
455,9,0,1,1
455,10,0,1,1
455,11,4,1,1
455,12,0,1,1
455,13,0,1,1
455,14,0,1,1
455,15,0,1,1
455,16,0,1,1
455,17,0,1,1
455,18,5,1,1
455,19,1,1,1
455,20,4,1,1
455,21,2,1,1
455,22,0,1,1
455,23,0,1,1
455,24,0,1,1
455,25,1,1,1
455,26,1,1,1
455,27,0,1,1
455,28,0,1,1
455,29,0,1,1
455,30,0,1,1
455,31,0,1,1
455,32,1,1,1
455,33,0,1,1
456,0,6,1,1
456,1,7,1,1
456,2,0,1,1
456,3,0,1,1
456,4,0,1,1
456,5,4,1,1
456,6,0,1,1
456,7,2,1,1
456,8,0,1,1
456,9,0,1,1
456,10,1,1,1
456,11,0,1,1
456,12,0,1,1
456,13,0,1,1
456,14,0,1,1
456,15,0,1,1
456,16,1,1,1
456,17,6,1,1
456,18,6,1,1
456,19,1,1,1
456,20,0,1,1
456,21,4,1,1
456,22,0,1,1
456,23,0,1,1
456,24,0,1,1
456,25,0,1,1
456,26,1,1,1
456,27,0,1,1
456,28,0,1,1
456,29,0,1,1
456,30,1,1,1
456,31,0,1,1
456,32,0,1,1
456,33,1,1,1
457,0,5,1,1
457,1,8,1,1
457,2,4,1,1
457,3,0,1,1
457,4,0,1,1
457,5,6,1,1
457,6,0,1,1
457,7,3,1,1
457,8,1,1,1
457,9,0,1,1
457,10,1,1,1
457,11,1,1,1
457,12,0,1,1
457,13,0,1,1
457,14,0,1,1
457,15,0,1,1
457,16,1,1,1
457,17,4,1,1
457,18,3,1,1
457,19,1,1,1
457,20,0,1,1
457,21,1,1,1
457,22,1,1,1
457,23,1,1,1
457,24,0,1,1
457,25,0,1,1
457,26,0,1,1
457,27,0,1,1
457,28,0,1,1
457,29,0,1,1
457,30,0,1,1
457,31,0,1,1
457,32,2,1,1
457,33,0,1,1
458,0,6,1,1
458,1,1,1,1
458,2,2,1,1
458,3,0,1,1
458,4,0,1,1
458,5,1,1,1
458,6,0,1,1
458,7,2,1,1
458,8,0,1,1
458,9,0,1,1
458,10,1,1,1
458,11,1,1,1
458,12,0,1,1
458,13,0,1,1
458,14,0,1,1
458,15,0,1,1
458,16,0,1,1
458,17,2,1,1
458,18,0,1,1
458,19,2,1,1
458,20,1,1,1
458,21,0,1,1
458,22,1,1,1
458,23,0,1,1
458,24,0,1,1
458,25,0,1,1
458,26,3,1,1
458,27,0,1,1
458,28,1,1,1
458,29,0,1,1
458,30,0,1,1
458,31,0,1,1
458,32,0,1,1
458,33,0,1,1
459,0,5,1,1
459,1,5,1,1
459,2,2,1,1
459,3,2,1,1
459,4,1,1,1
459,5,1,1,1
459,6,0,1,1
459,7,6,1,1
459,8,0,1,1
459,9,0,1,1
459,10,0,1,1
459,11,3,1,1
459,12,0,1,1
459,13,0,1,1
459,14,0,1,1
459,15,0,1,1
459,16,0,1,1
459,17,0,1,1
459,18,4,1,1
459,19,1,1,1
459,20,1,1,1
459,21,0,1,1
459,22,0,1,1
459,23,0,1,1
459,24,0,1,1
459,25,0,1,1
459,26,0,1,1
459,27,0,1,1
459,28,1,1,1
459,29,1,1,1
459,30,1,1,1
459,31,0,1,1
459,32,1,1,1
459,33,0,1,1
460,0,3,1,1
460,1,5,1,1
460,2,5,1,1
460,3,1,1,1
460,4,0,1,1
460,5,1,1,1
460,6,0,1,1
460,7,1,1,1
460,8,1,1,1
460,9,0,1,1
460,10,0,1,1
460,11,3,1,1
460,12,0,1,1
460,13,0,1,1
460,14,0,1,1
460,15,0,1,1
460,16,0,1,1
460,17,7,1,1
460,18,4,1,1
460,19,0,1,1
460,20,0,1,1
460,21,2,1,1
460,22,2,1,1
460,23,2,1,1
460,24,0,1,1
460,25,1,1,1
460,26,1,1,1
460,27,0,1,1
460,28,0,1,1
460,29,1,1,1
460,30,1,1,1
460,31,0,1,1
460,32,0,1,1
460,33,3,1,1
461,0,3,1,1
461,1,4,1,1
461,2,2,1,1
461,3,2,1,1
461,4,1,1,1
461,5,2,1,1
461,6,0,1,1
461,7,3,1,1
461,8,2,1,1
461,9,0,1,1
461,10,0,1,1
461,11,2,1,1
461,12,0,1,1
461,13,0,1,1
461,14,0,1,1
461,15,0,1,1
461,16,1,1,1
461,17,9,1,1
461,18,2,1,1
461,19,1,1,1
461,20,2,1,1
461,21,2,1,1
461,22,2,1,1
461,23,1,1,1
461,24,0,1,1
461,25,0,1,1
461,26,1,1,1
461,27,0,1,1
461,28,0,1,1
461,29,2,1,1
461,30,1,1,1
461,31,0,1,1
461,32,1,1,1
461,33,0,1,1
462,0,12,1,1
462,1,7,1,1
462,2,4,1,1
462,3,1,1,1
462,4,0,1,1
462,5,1,1,1
462,6,0,1,1
462,7,1,1,1
462,8,1,1,1
462,9,0,1,1
462,10,0,1,1
462,11,0,1,1
462,12,0,1,1
462,13,0,1,1
462,14,0,1,1
462,15,0,1,1
462,16,0,1,1
462,17,6,1,1
462,18,3,1,1
462,19,2,1,1
462,20,1,1,1
462,21,1,1,1
462,22,2,1,1
462,23,1,1,1
462,24,0,1,1
462,25,2,1,1
462,26,0,1,1
462,27,0,1,1
462,28,1,1,1
462,29,0,1,1
462,30,0,1,1
462,31,0,1,1
462,32,2,1,1
462,33,0,1,1
463,0,6,1,1
463,1,8,1,1
463,2,3,1,1
463,3,1,1,1
463,4,1,1,1
463,5,5,1,1
463,6,0,1,1
463,7,3,1,1
463,8,1,1,1
463,9,0,1,1
463,10,0,1,1
463,11,0,1,1
463,12,0,1,1
463,13,0,1,1
463,14,0,1,1
463,15,0,1,1
463,16,0,1,1
463,17,5,1,1
463,18,3,1,1
463,19,0,1,1
463,20,1,1,1
463,21,0,1,1
463,22,1,1,1
463,23,3,1,1
463,24,0,1,1
463,25,2,1,1
463,26,0,1,1
463,27,0,1,1
463,28,0,1,1
463,29,0,1,1
463,30,1,1,1
463,31,0,1,1
463,32,3,1,1
463,33,0,1,1
464,0,7,1,1
464,1,10,1,1
464,2,8,1,1
464,3,0,1,1
464,4,3,1,1
464,5,5,1,1
464,6,0,1,1
464,7,9,1,1
464,8,0,1,1
464,9,0,1,1
464,10,1,1,1
464,11,2,1,1
464,12,0,1,1
464,13,0,1,1
464,14,0,1,1
464,15,0,1,1
464,16,0,1,1
464,17,6,1,1
464,18,3,1,1
464,19,3,1,1
464,20,3,1,1
464,21,0,1,1
464,22,1,1,1
464,23,1,1,1
464,24,0,1,1
464,25,0,1,1
464,26,3,1,1
464,27,0,1,1
464,28,1,1,1
464,29,0,1,1
464,30,3,1,1
464,31,2,1,1
464,32,4,1,1
464,33,0,1,1
465,0,13,1,1
465,1,16,1,1
465,2,12,1,1
465,3,0,1,1
465,4,0,1,1
465,5,5,1,1
465,6,0,1,1
465,7,7,1,1
465,8,1,1,1
465,9,0,1,1
465,10,1,1,1
465,11,3,1,1
465,12,0,1,1
465,13,0,1,1
465,14,0,1,1
465,15,0,1,1
465,16,1,1,1
465,17,9,1,1
465,18,7,1,1
465,19,2,1,1
465,20,4,1,1
465,21,2,1,1
465,22,1,1,1
465,23,0,1,1
465,24,0,1,1
465,25,0,1,1
465,26,0,1,1
465,27,0,1,1
465,28,1,1,1
465,29,0,1,1
465,30,2,1,1
465,31,0,1,1
465,32,2,1,1
465,33,1,1,1
466,0,15,1,1
466,1,17,1,1
466,2,8,1,1
466,3,2,1,1
466,4,0,1,1
466,5,14,1,1
466,6,0,1,1
466,7,11,1,1
466,8,2,1,1
466,9,0,1,1
466,10,3,1,1
466,11,6,1,1
466,12,0,1,1
466,13,0,1,1
466,14,0,1,1
466,15,0,1,1
466,16,0,1,1
466,17,21,1,1
466,18,9,1,1
466,19,3,1,1
466,20,3,1,1
466,21,4,1,1
466,22,3,1,1
466,23,3,1,1
466,24,0,1,1
466,25,4,1,1
466,26,1,1,1
466,27,0,1,1
466,28,0,1,1
466,29,4,1,1
466,30,2,1,1
466,31,0,1,1
466,32,3,1,1
466,33,1,1,1
467,0,21,1,1
467,1,17,1,1
467,2,16,1,1
467,3,3,1,1
467,4,3,1,1
467,5,12,1,1
467,6,0,1,1
467,7,11,1,1
467,8,3,1,1
467,9,0,1,1
467,10,0,1,1
467,11,9,1,1
467,12,0,1,1
467,13,0,1,1
467,14,0,1,1
467,15,0,1,1
467,16,0,1,1
467,17,15,1,1
467,18,17,1,1
467,19,3,1,1
467,20,6,1,1
467,21,2,1,1
467,22,1,1,1
467,23,3,1,1
467,24,0,1,1
467,25,1,1,1
467,26,4,1,1
467,27,0,1,1
467,28,5,1,1
467,29,0,1,1
467,30,5,1,1
467,31,1,1,1
467,32,4,1,1
467,33,3,1,1
468,0,20,1,1
468,1,24,1,1
468,2,11,1,1
468,3,18,1,1
468,4,5,1,1
468,5,15,1,1
468,6,0,1,1
468,7,15,1,1
468,8,4,1,1
468,9,0,1,1
468,10,3,1,1
468,11,13,1,1
468,12,0,1,1
468,13,0,1,1
468,14,0,1,1
468,15,0,1,1
468,16,2,1,1
468,17,25,1,1
468,18,17,1,1
468,19,4,1,1
468,20,8,1,1
468,21,8,1,1
468,22,3,1,1
468,23,6,1,1
468,24,1,1,1
468,25,1,1,1
468,26,3,1,1
468,27,0,1,1
468,28,4,1,1
468,29,1,1,1
468,30,4,1,1
468,31,0,1,1
468,32,6,1,1
468,33,4,1,1
469,0,28,1,1
469,1,41,1,1
469,2,11,1,1
469,3,6,1,1
469,4,6,1,1
469,5,28,1,1
469,6,0,1,1
469,7,5,1,1
469,8,7,1,1
469,9,0,1,1
469,10,2,1,1
469,11,2,1,1
469,12,0,1,1
469,13,0,1,1
469,14,0,1,1
469,15,0,1,1
469,16,1,1,1
469,17,44,1,1
469,18,17,1,1
469,19,6,1,1
469,20,19,1,1
469,21,8,1,1
469,22,1,1,1
469,23,17,1,1
469,24,1,1,1
469,25,3,1,1
469,26,8,1,1
469,27,0,1,1
469,28,6,1,1
469,29,6,1,1
469,30,7,1,1
469,31,1,1,1
469,32,5,1,1
469,33,4,1,1
470,0,47,1,1
470,1,48,1,1
470,2,20,1,1
470,3,2,1,1
470,4,10,1,1
470,5,24,1,1
470,6,0,1,1
470,7,9,1,1
470,8,3,1,1
470,9,0,1,1
470,10,4,1,1
470,11,11,1,1
470,12,0,1,1
470,13,0,1,1
470,14,0,1,1
470,15,0,1,1
470,16,0,1,1
470,17,56,1,1
470,18,30,1,1
470,19,7,1,1
470,20,17,1,1
470,21,13,1,1
470,22,5,1,1
470,23,14,1,1
470,24,1,1,1
470,25,6,1,1
470,26,9,1,1
470,27,0,1,1
470,28,6,1,1
470,29,2,1,1
470,30,6,1,1
470,31,5,1,1
470,32,8,1,1
470,33,1,1,1
471,0,70,1,1
471,1,58,1,1
471,2,28,1,1
471,3,6,1,1
471,4,13,1,1
471,5,41,1,1
471,6,0,1,1
471,7,12,1,1
471,8,8,1,1
471,9,0,1,1
471,10,3,1,1
471,11,9,1,1
471,12,0,1,1
471,13,0,1,1
471,14,0,1,1
471,15,0,1,1
471,16,0,1,1
471,17,52,1,1
471,18,39,1,1
471,19,16,1,1
471,20,17,1,1
471,21,14,1,1
471,22,3,1,1
471,23,15,1,1
471,24,1,1,1
471,25,6,1,1
471,26,12,1,1
471,27,0,1,1
471,28,8,1,1
471,29,6,1,1
471,30,19,1,1
471,31,2,1,1
471,32,14,1,1
471,33,5,1,1
472,0,79,1,1
472,1,86,1,1
472,2,20,1,1
472,3,11,1,1
472,4,11,1,1
472,5,50,1,1
472,6,0,1,1
472,7,19,1,1
472,8,7,1,1
472,9,0,1,1
472,10,8,1,1
472,11,8,1,1
472,12,0,1,1
472,13,0,1,1
472,14,0,1,1
472,15,0,1,1
472,16,1,1,1
472,17,66,1,1
472,18,48,1,1
472,19,9,1,1
472,20,25,1,1
472,21,10,1,1
472,22,8,1,1
472,23,17,1,1
472,24,0,1,1
472,25,9,1,1
472,26,17,1,1
472,27,0,1,1
472,28,17,1,1
472,29,4,1,1
472,30,17,1,1
472,31,7,1,1
472,32,7,1,1
472,33,3,1,1
473,0,74,1,1
473,1,109,1,1
473,2,20,1,1
473,3,10,1,1
473,4,26,1,1
473,5,66,1,1
473,6,0,1,1
473,7,24,1,1
473,8,10,1,1
473,9,0,1,1
473,10,6,1,1
473,11,15,1,1
473,12,0,1,1
473,13,0,1,1
473,14,0,1,1
473,15,0,1,1
473,16,0,1,1
473,17,94,1,1
473,18,65,1,1
473,19,16,1,1
473,20,29,1,1
473,21,17,1,1
473,22,11,1,1
473,23,15,1,1
473,24,4,1,1
473,25,10,1,1
473,26,19,1,1
473,27,0,1,1
473,28,16,1,1
473,29,7,1,1
473,30,8,1,1
473,31,1,1,1
473,32,18,1,1
473,33,3,1,1
474,0,130,1,1
474,1,113,1,1
474,2,36,1,1
474,3,10,1,1
474,4,16,1,1
474,5,68,1,1
474,6,0,1,1
474,7,32,1,1
474,8,6,1,1
474,9,0,1,1
474,10,9,1,1
474,11,19,1,1
474,12,0,1,1
474,13,0,1,1
474,14,0,1,1
474,15,0,1,1
474,16,1,1,1
474,17,92,1,1
474,18,64,1,1
474,19,18,1,1
474,20,34,1,1
474,21,26,1,1
474,22,8,1,1
474,23,18,1,1
474,24,3,1,1
474,25,8,1,1
474,26,23,1,1
474,27,0,1,1
474,28,19,1,1
474,29,8,1,1
474,30,13,1,1
474,31,6,1,1
474,32,15,1,1
474,33,7,1,1
475,0,125,1,1
475,1,163,1,1
475,2,47,1,1
475,3,21,1,1
475,4,28,1,1
475,5,93,1,1
475,6,0,1,1
475,7,43,1,1
475,8,13,1,1
475,9,0,1,1
475,10,10,1,1
475,11,29,1,1
475,12,0,1,1
475,13,0,1,1
475,14,0,1,1
475,15,0,1,1
475,16,1,1,1
475,17,111,1,1
475,18,78,1,1
475,19,24,1,1
475,20,37,1,1
475,21,24,1,1
475,22,16,1,1
475,23,25,1,1
475,24,2,1,1
475,25,6,1,1
475,26,25,1,1
475,27,0,1,1
475,28,17,1,1
475,29,9,1,1
475,30,16,1,1
475,31,6,1,1
475,32,17,1,1
475,33,7,1,1
476,0,173,1,1
476,1,173,1,1
476,2,57,1,1
476,3,14,1,1
476,4,30,1,1
476,5,96,1,1
476,6,0,1,1
476,7,53,1,1
476,8,10,1,1
476,9,0,1,1
476,10,14,1,1
476,11,30,1,1
476,12,0,1,1
476,13,0,1,1
476,14,0,1,1
476,15,0,1,1
476,16,2,1,1
476,17,161,1,1
476,18,78,1,1
476,19,34,1,1
476,20,45,1,1
476,21,42,1,1
476,22,8,1,1
476,23,28,1,1
476,24,2,1,1
476,25,12,1,1
476,26,23,1,1
476,27,0,1,1
476,28,17,1,1
476,29,8,1,1
476,30,16,1,1
476,31,5,1,1
476,32,10,1,1
476,33,7,1,1
477,0,197,1,1
477,1,232,1,1
477,2,60,1,1
477,3,21,1,1
477,4,26,1,1
477,5,129,1,1
477,6,0,1,1
477,7,50,1,1
477,8,9,1,1
477,9,0,1,1
477,10,7,1,1
477,11,34,1,1
477,12,0,1,1
477,13,0,1,1
477,14,0,1,1
477,15,0,1,1
477,16,4,1,1
477,17,157,1,1
477,18,97,1,1
477,19,20,1,1
477,20,45,1,1
477,21,36,1,1
477,22,6,1,1
477,23,30,1,1
477,24,4,1,1
477,25,9,1,1
477,26,25,1,1
477,27,0,1,1
477,28,10,1,1
477,29,15,1,1
477,30,18,1,1
477,31,6,1,1
477,32,8,1,1
477,33,11,1,1
478,0,223,1,1
478,1,199,1,1
478,2,75,1,1
478,3,19,1,1
478,4,32,1,1
478,5,122,1,1
478,6,0,1,1
478,7,69,1,1
478,8,16,1,1
478,9,0,1,1
478,10,9,1,1
478,11,41,1,1
478,12,0,1,1
478,13,0,1,1
478,14,0,1,1
478,15,0,1,1
478,16,5,1,1
478,17,146,1,1
478,18,85,1,1
478,19,30,1,1
478,20,49,1,1
478,21,29,1,1
478,22,6,1,1
478,23,28,1,1
478,24,2,1,1
478,25,4,1,1
478,26,23,1,1
478,27,0,1,1
478,28,17,1,1
478,29,13,1,1
478,30,22,1,1
478,31,8,1,1
478,32,22,1,1
478,33,15,1,1
479,0,223,1,1
479,1,239,1,1
479,2,66,1,1
479,3,23,1,1
479,4,36,1,1
479,5,113,1,1
479,6,0,1,1
479,7,80,1,1
479,8,14,1,1
479,9,0,1,1
479,10,12,1,1
479,11,41,1,1
479,12,0,1,1
479,13,0,1,1
479,14,0,1,1
479,15,0,1,1
479,16,6,1,1
479,17,162,1,1
479,18,105,1,1
479,19,38,1,1
479,20,43,1,1
479,21,48,1,1
479,22,11,1,1
479,23,34,1,1
479,24,1,1,1
479,25,9,1,1
479,26,31,1,1
479,27,0,1,1
479,28,16,1,1
479,29,11,1,1
479,30,42,1,1
479,31,5,1,1
479,32,13,1,1
479,33,10,1,1
480,0,239,1,1
480,1,228,1,1
480,2,106,1,1
480,3,39,1,1
480,4,33,1,1
480,5,129,1,1
480,6,0,1,1
480,7,62,1,1
480,8,14,1,1
480,9,0,1,1
480,10,14,1,1
480,11,36,1,1
480,12,0,1,1
480,13,0,1,1
480,14,0,1,1
480,15,0,1,1
480,16,4,1,1
480,17,197,1,1
480,18,110,1,1
480,19,30,1,1
480,20,60,1,1
480,21,50,1,1
480,22,13,1,1
480,23,27,1,1
480,24,1,1,1
480,25,18,1,1
480,26,24,1,1
480,27,0,1,1
480,28,17,1,1
480,29,14,1,1
480,30,30,1,1
480,31,5,1,1
480,32,15,1,1
480,33,13,1,1
481,0,243,1,1
481,1,252,1,1
481,2,110,1,1
481,3,20,1,1
481,4,31,1,1
481,5,135,1,1
481,6,0,1,1
481,7,75,1,1
481,8,14,1,1
481,9,0,1,1
481,10,13,1,1
481,11,40,1,1
481,12,0,1,1
481,13,0,1,1
481,14,0,1,1
481,15,0,1,1
481,16,3,1,1
481,17,160,1,1
481,18,130,1,1
481,19,41,1,1
481,20,55,1,1
481,21,87,1,1
481,22,13,1,1
481,23,45,1,1
481,24,3,1,1
481,25,12,1,1
481,26,27,1,1
481,27,0,1,1
481,28,18,1,1
481,29,16,1,1
481,30,31,1,1
481,31,4,1,1
481,32,26,1,1
481,33,13,1,1
482,0,203,1,1
482,1,199,1,1
482,2,93,1,1
482,3,29,1,1
482,4,29,1,1
482,5,126,1,1
482,6,0,1,1
482,7,75,1,1
482,8,13,1,1
482,9,0,1,1
482,10,13,1,1
482,11,44,1,1
482,12,0,1,1
482,13,0,1,1
482,14,0,1,1
482,15,0,1,1
482,16,9,1,1
482,17,180,1,1
482,18,93,1,1
482,19,42,1,1
482,20,55,1,1
482,21,62,1,1
482,22,17,1,1
482,23,42,1,1
482,24,2,1,1
482,25,21,1,1
482,26,18,1,1
482,27,0,1,1
482,28,18,1,1
482,29,21,1,1
482,30,24,1,1
482,31,11,1,1
482,32,14,1,1
482,33,14,1,1
483,0,180,1,1
483,1,230,1,1
483,2,62,1,1
483,3,15,1,1
483,4,9,1,1
483,5,128,1,1
483,6,0,1,1
483,7,91,1,1
483,8,14,1,1
483,9,0,1,1
483,10,9,1,1
483,11,57,1,1
483,12,0,1,1
483,13,0,1,1
483,14,0,1,1
483,15,0,1,1
483,16,4,1,1
483,17,157,1,1
483,18,104,1,1
483,19,32,1,1
483,20,59,1,1
483,21,54,1,1
483,22,22,1,1
483,23,42,1,1
483,24,4,1,1
483,25,29,1,1
483,26,27,1,1
483,27,0,1,1
483,28,14,1,1
483,29,23,1,1
483,30,22,1,1
483,31,10,1,1
483,32,10,1,1
483,33,17,1,1
484,0,178,1,1
484,1,197,1,1
484,2,72,1,1
484,3,22,1,1
484,4,21,1,1
484,5,141,1,1
484,6,0,1,1
484,7,86,1,1
484,8,17,1,1
484,9,0,1,1
484,10,11,1,1
484,11,41,1,1
484,12,0,1,1
484,13,0,1,1
484,14,0,1,1
484,15,0,1,1
484,16,8,1,1
484,17,165,1,1
484,18,97,1,1
484,19,53,1,1
484,20,52,1,1
484,21,47,1,1
484,22,22,1,1
484,23,33,1,1
484,24,5,1,1
484,25,17,1,1
484,26,32,1,1
484,27,0,1,1
484,28,11,1,1
484,29,42,1,1
484,30,11,1,1
484,31,13,1,1
484,32,11,1,1
484,33,27,1,1
485,0,160,1,1
485,1,166,1,1
485,2,83,1,1
485,3,24,1,1
485,4,11,1,1
485,5,130,1,1
485,6,0,1,1
485,7,94,1,1
485,8,12,1,1
485,9,0,1,1
485,10,11,1,1
485,11,46,1,1
485,12,0,1,1
485,13,0,1,1
485,14,0,1,1
485,15,0,1,1
485,16,4,1,1
485,17,139,1,1
485,18,112,1,1
485,19,34,1,1
485,20,49,1,1
485,21,44,1,1
485,22,14,1,1
485,23,35,1,1
485,24,3,1,1
485,25,15,1,1
485,26,34,1,1
485,27,0,1,1
485,28,17,1,1
485,29,48,1,1
485,30,21,1,1
485,31,6,1,1
485,32,12,1,1
485,33,18,1,1
486,0,119,1,1
486,1,195,1,1
486,2,69,1,1
486,3,22,1,1
486,4,15,1,1
486,5,126,1,1
486,6,0,1,1
486,7,62,1,1
486,8,17,1,1
486,9,0,1,1
486,10,10,1,1
486,11,48,1,1
486,12,0,1,1
486,13,0,1,1
486,14,0,1,1
486,15,0,1,1
486,16,3,1,1
486,17,119,1,1
486,18,76,1,1
486,19,23,1,1
486,20,33,1,1
486,21,46,1,1
486,22,12,1,1
486,23,28,1,1
486,24,4,1,1
486,25,11,1,1
486,26,21,1,1
486,27,0,1,1
486,28,19,1,1
486,29,35,1,1
486,30,17,1,1
486,31,6,1,1
486,32,7,1,1
486,33,23,1,1
487,0,144,1,1
487,1,121,1,1
487,2,84,1,1
487,3,18,1,1
487,4,10,1,1
487,5,75,1,1
487,6,0,1,1
487,7,59,1,1
487,8,14,1,1
487,9,0,1,1
487,10,10,1,1
487,11,38,1,1
487,12,0,1,1
487,13,0,1,1
487,14,0,1,1
487,15,0,1,1
487,16,2,1,1
487,17,86,1,1
487,18,80,1,1
487,19,20,1,1
487,20,26,1,1
487,21,32,1,1
487,22,3,1,1
487,23,21,1,1
487,24,1,1,1
487,25,12,1,1
487,26,12,1,1
487,27,0,1,1
487,28,14,1,1
487,29,13,1,1
487,30,11,1,1
487,31,6,1,1
487,32,5,1,1
487,33,11,1,1
488,0,148,1,1
488,1,118,1,1
488,2,73,1,1
488,3,20,1,1
488,4,15,1,1
488,5,70,1,1
488,6,0,1,1
488,7,66,1,1
488,8,14,1,1
488,9,0,1,1
488,10,13,1,1
488,11,38,1,1
488,12,0,1,1
488,13,0,1,1
488,14,0,1,1
488,15,0,1,1
488,16,1,1,1
488,17,76,1,1
488,18,81,1,1
488,19,13,1,1
488,20,14,1,1
488,21,25,1,1
488,22,3,1,1
488,23,17,1,1
488,24,1,1,1
488,25,4,1,1
488,26,22,1,1
488,27,0,1,1
488,28,21,1,1
488,29,9,1,1
488,30,16,1,1
488,31,5,1,1
488,32,8,1,1
488,33,21,1,1
489,0,123,1,1
489,1,92,1,1
489,2,87,1,1
489,3,65,1,1
489,4,12,1,1
489,5,69,1,1
489,6,0,1,1
489,7,65,1,1
489,8,13,1,1
489,9,0,1,1
489,10,12,1,1
489,11,40,1,1
489,12,0,1,1
489,13,0,1,1
489,14,0,1,1
489,15,0,1,1
489,16,2,1,1
489,17,82,1,1
489,18,74,1,1
489,19,10,1,1
489,20,20,1,1
489,21,36,1,1
489,22,9,1,1
489,23,27,1,1
489,24,1,1,1
489,25,6,1,1
489,26,23,1,1
489,27,0,1,1
489,28,12,1,1
489,29,9,1,1
489,30,22,1,1
489,31,5,1,1
489,32,6,1,1
489,33,9,1,1
490,0,127,1,1
490,1,121,1,1
490,2,57,1,1
490,3,15,1,1
490,4,15,1,1
490,5,72,1,1
490,6,0,1,1
490,7,73,1,1
490,8,12,1,1
490,9,0,1,1
490,10,14,1,1
490,11,42,1,1
490,12,0,1,1
490,13,0,1,1
490,14,0,1,1
490,15,0,1,1
490,16,6,1,1
490,17,95,1,1
490,18,87,1,1
490,19,13,1,1
490,20,27,1,1
490,21,48,1,1
490,22,9,1,1
490,23,14,1,1
490,24,3,1,1
490,25,5,1,1
490,26,16,1,1
490,27,0,1,1
490,28,7,1,1
490,29,12,1,1
490,30,12,1,1
490,31,3,1,1
490,32,6,1,1
490,33,16,1,1
491,0,116,1,1
491,1,107,1,1
491,2,75,1,1
491,3,22,1,1
491,4,6,1,1
491,5,80,1,1
491,6,0,1,1
491,7,80,1,1
491,8,11,1,1
491,9,0,1,1
491,10,13,1,1
491,11,44,1,1
491,12,0,1,1
491,13,0,1,1
491,14,0,1,1
491,15,0,1,1
491,16,1,1,1
491,17,74,1,1
491,18,73,1,1
491,19,13,1,1
491,20,25,1,1
491,21,23,1,1
491,22,2,1,1
491,23,21,1,1
491,24,1,1,1
491,25,6,1,1
491,26,16,1,1
491,27,0,1,1
491,28,21,1,1
491,29,12,1,1
491,30,13,1,1
491,31,5,1,1
491,32,5,1,1
491,33,14,1,1
492,0,103,1,1
492,1,74,1,1
492,2,58,1,1
492,3,28,1,1
492,4,13,1,1
492,5,53,1,1
492,6,0,1,1
492,7,70,1,1
492,8,6,1,1
492,9,0,1,1
492,10,13,1,1
492,11,47,1,1
492,12,0,1,1
492,13,0,1,1
492,14,0,1,1
492,15,0,1,1
492,16,6,1,1
492,17,79,1,1
492,18,86,1,1
492,19,14,1,1
492,20,20,1,1
492,21,43,1,1
492,22,3,1,1
492,23,23,1,1
492,24,1,1,1
492,25,5,1,1
492,26,17,1,1
492,27,0,1,1
492,28,30,1,1
492,29,18,1,1
492,30,14,1,1
492,31,4,1,1
492,32,15,1,1
492,33,11,1,1
493,0,111,1,1
493,1,97,1,1
493,2,85,1,1
493,3,18,1,1
493,4,13,1,1
493,5,73,1,1
493,6,0,1,1
493,7,81,1,1
493,8,11,1,1
493,9,0,1,1
493,10,8,1,1
493,11,50,1,1
493,12,0,1,1
493,13,0,1,1
493,14,0,1,1
493,15,0,1,1
493,16,3,1,1
493,17,82,1,1
493,18,88,1,1
493,19,25,1,1
493,20,24,1,1
493,21,30,1,1
493,22,9,1,1
493,23,20,1,1
493,24,3,1,1
493,25,7,1,1
493,26,16,1,1
493,27,0,1,1
493,28,19,1,1
493,29,7,1,1
493,30,25,1,1
493,31,5,1,1
493,32,12,1,1
493,33,12,1,1
494,0,118,1,1
494,1,112,1,1
494,2,58,1,1
494,3,22,1,1
494,4,14,1,1
494,5,66,1,1
494,6,0,1,1
494,7,64,1,1
494,8,9,1,1
494,9,0,1,1
494,10,13,1,1
494,11,41,1,1
494,12,0,1,1
494,13,0,1,1
494,14,0,1,1
494,15,0,1,1
494,16,4,1,1
494,17,81,1,1
494,18,71,1,1
494,19,16,1,1
494,20,24,1,1
494,21,34,1,1
494,22,8,1,1
494,23,24,1,1
494,24,1,1,1
494,25,8,1,1
494,26,23,1,1
494,27,0,1,1
494,28,18,1,1
494,29,13,1,1
494,30,18,1,1
494,31,3,1,1
494,32,8,1,1
494,33,11,1,1
495,0,99,1,1
495,1,98,1,1
495,2,61,1,1
495,3,28,1,1
495,4,13,1,1
495,5,58,1,1
495,6,0,1,1
495,7,88,1,1
495,8,12,1,1
495,9,0,1,1
495,10,10,1,1
495,11,54,1,1
495,12,0,1,1
495,13,0,1,1
495,14,0,1,1
495,15,0,1,1
495,16,3,1,1
495,17,72,1,1
495,18,84,1,1
495,19,18,1,1
495,20,24,1,1
495,21,29,1,1
495,22,6,1,1
495,23,17,1,1
495,24,0,1,1
495,25,8,1,1
495,26,29,1,1
495,27,0,1,1
495,28,18,1,1
495,29,11,1,1
495,30,14,1,1
495,31,6,1,1
495,32,9,1,1
495,33,12,1,1
496,0,90,1,1
496,1,98,1,1
496,2,75,1,1
496,3,23,1,1
496,4,12,1,1
496,5,85,1,1
496,6,0,1,1
496,7,68,1,1
496,8,12,1,1
496,9,0,1,1
496,10,7,1,1
496,11,44,1,1
496,12,0,1,1
496,13,0,1,1
496,14,0,1,1
496,15,0,1,1
496,16,1,1,1
496,17,100,1,1
496,18,103,1,1
496,19,17,1,1
496,20,16,1,1
496,21,47,1,1
496,22,7,1,1
496,23,18,1,1
496,24,1,1,1
496,25,15,1,1
496,26,19,1,1
496,27,0,1,1
496,28,12,1,1
496,29,7,1,1
496,30,21,1,1
496,31,2,1,1
496,32,11,1,1
496,33,9,1,1
497,0,97,1,1
497,1,92,1,1
497,2,53,1,1
497,3,79,1,1
497,4,18,1,1
497,5,59,1,1
497,6,0,1,1
497,7,58,1,1
497,8,10,1,1
497,9,0,1,1
497,10,12,1,1
497,11,38,1,1
497,12,0,1,1
497,13,0,1,1
497,14,0,1,1
497,15,0,1,1
497,16,2,1,1
497,17,64,1,1
497,18,61,1,1
497,19,20,1,1
497,20,35,1,1
497,21,34,1,1
497,22,8,1,1
497,23,21,1,1
497,24,2,1,1
497,25,12,1,1
497,26,20,1,1
497,27,0,1,1
497,28,22,1,1
497,29,10,1,1
497,30,15,1,1
497,31,4,1,1
497,32,10,1,1
497,33,9,1,1
498,0,99,1,1
498,1,95,1,1
498,2,60,1,1
498,3,15,1,1
498,4,20,1,1
498,5,81,1,1
498,6,0,1,1
498,7,69,1,1
498,8,14,1,1
498,9,0,1,1
498,10,9,1,1
498,11,48,1,1
498,12,0,1,1
498,13,0,1,1
498,14,0,1,1
498,15,0,1,1
498,16,5,1,1
498,17,87,1,1
498,18,78,1,1
498,19,18,1,1
498,20,29,1,1
498,21,32,1,1
498,22,6,1,1
498,23,27,1,1
498,24,2,1,1
498,25,12,1,1
498,26,14,1,1
498,27,0,1,1
498,28,19,1,1
498,29,15,1,1
498,30,13,1,1
498,31,6,1,1
498,32,10,1,1
498,33,10,1,1
499,0,100,1,1
499,1,93,1,1
499,2,62,1,1
499,3,19,1,1
499,4,9,1,1
499,5,52,1,1
499,6,0,1,1
499,7,67,1,1
499,8,6,1,1
499,9,0,1,1
499,10,9,1,1
499,11,41,1,1
499,12,0,1,1
499,13,0,1,1
499,14,0,1,1
499,15,0,1,1
499,16,1,1,1
499,17,89,1,1
499,18,85,1,1
499,19,23,1,1
499,20,19,1,1
499,21,30,1,1
499,22,6,1,1
499,23,21,1,1
499,24,1,1,1
499,25,14,1,1
499,26,15,1,1
499,27,0,1,1
499,28,10,1,1
499,29,5,1,1
499,30,13,1,1
499,31,4,1,1
499,32,9,1,1
499,33,9,1,1
500,0,104,1,1
500,1,100,1,1
500,2,51,1,1
500,3,25,1,1
500,4,15,1,1
500,5,74,1,1
500,6,0,1,1
500,7,73,1,1
500,8,10,1,1
500,9,0,1,1
500,10,14,1,1
500,11,42,1,1
500,12,0,1,1
500,13,0,1,1
500,14,0,1,1
500,15,0,1,1
500,16,2,1,1
500,17,81,1,1
500,18,68,1,1
500,19,27,1,1
500,20,26,1,1
500,21,47,1,1
500,22,6,1,1
500,23,28,1,1
500,24,1,1,1
500,25,12,1,1
500,26,20,1,1
500,27,0,1,1
500,28,14,1,1
500,29,6,1,1
500,30,7,1,1
500,31,3,1,1
500,32,9,1,1
500,33,8,1,1
501,0,106,1,1
501,1,108,1,1
501,2,59,1,1
501,3,24,1,1
501,4,12,1,1
501,5,80,1,1
501,6,0,1,1
501,7,61,1,1
501,8,7,1,1
501,9,0,1,1
501,10,17,1,1
501,11,38,1,1
501,12,0,1,1
501,13,0,1,1
501,14,0,1,1
501,15,0,1,1
501,16,7,1,1
501,17,76,1,1
501,18,90,1,1
501,19,17,1,1
501,20,22,1,1
501,21,85,1,1
501,22,9,1,1
501,23,22,1,1
501,24,1,1,1
501,25,7,1,1
501,26,20,1,1
501,27,0,1,1
501,28,16,1,1
501,29,13,1,1
501,30,16,1,1
501,31,5,1,1
501,32,12,1,1
501,33,10,1,1
502,0,119,1,1
502,1,101,1,1
502,2,83,1,1
502,3,24,1,1
502,4,18,1,1
502,5,79,1,1
502,6,0,1,1
502,7,72,1,1
502,8,13,1,1
502,9,0,1,1
502,10,8,1,1
502,11,50,1,1
502,12,0,1,1
502,13,0,1,1
502,14,0,1,1
502,15,0,1,1
502,16,2,1,1
502,17,97,1,1
502,18,108,1,1
502,19,24,1,1
502,20,20,1,1
502,21,47,1,1
502,22,9,1,1
502,23,14,1,1
502,24,5,1,1
502,25,6,1,1
502,26,21,1,1
502,27,0,1,1
502,28,22,1,1
502,29,20,1,1
502,30,21,1,1
502,31,3,1,1
502,32,15,1,1
502,33,20,1,1
503,0,104,1,1
503,1,80,1,1
503,2,58,1,1
503,3,22,1,1
503,4,11,1,1
503,5,58,1,1
503,6,0,1,1
503,7,72,1,1
503,8,17,1,1
503,9,0,1,1
503,10,10,1,1
503,11,42,1,1
503,12,0,1,1
503,13,0,1,1
503,14,0,1,1
503,15,0,1,1
503,16,4,1,1
503,17,89,1,1
503,18,103,1,1
503,19,21,1,1
503,20,28,1,1
503,21,41,1,1
503,22,13,1,1
503,23,35,1,1
503,24,3,1,1
503,25,11,1,1
503,26,18,1,1
503,27,0,1,1
503,28,15,1,1
503,29,18,1,1
503,30,21,1,1
503,31,7,1,1
503,32,14,1,1
503,33,14,1,1
504,0,113,1,1
504,1,104,1,1
504,2,55,1,1
504,3,26,1,1
504,4,17,1,1
504,5,70,1,1
504,6,0,1,1
504,7,71,1,1
504,8,11,1,1
504,9,0,1,1
504,10,11,1,1
504,11,41,1,1
504,12,0,1,1
504,13,0,1,1
504,14,0,1,1
504,15,0,1,1
504,16,3,1,1
504,17,84,1,1
504,18,93,1,1
504,19,30,1,1
504,20,17,1,1
504,21,42,1,1
504,22,7,1,1
504,23,23,1,1
504,24,1,1,1
504,25,23,1,1
504,26,18,1,1
504,27,0,1,1
504,28,18,1,1
504,29,25,1,1
504,30,11,1,1
504,31,10,1,1
504,32,16,1,1
504,33,19,1,1
505,0,104,1,1
505,1,95,1,1
505,2,52,1,1
505,3,18,1,1
505,4,15,1,1
505,5,79,1,1
505,6,0,1,1
505,7,88,1,1
505,8,10,1,1
505,9,0,1,1
505,10,16,1,1
505,11,58,1,1
505,12,0,1,1
505,13,0,1,1
505,14,0,1,1
505,15,0,1,1
505,16,8,1,1
505,17,76,1,1
505,18,102,1,1
505,19,25,1,1
505,20,30,1,1
505,21,76,1,1
505,22,11,1,1
505,23,26,1,1
505,24,5,1,1
505,25,18,1,1
505,26,17,1,1
505,27,0,1,1
505,28,17,1,1
505,29,12,1,1
505,30,20,1,1
505,31,9,1,1
505,32,15,1,1
505,33,19,1,1
506,0,115,1,1
506,1,85,1,1
506,2,77,1,1
506,3,13,1,1
506,4,14,1,1
506,5,61,1,1
506,6,0,1,1
506,7,87,1,1
506,8,15,1,1
506,9,0,1,1
506,10,11,1,1
506,11,53,1,1
506,12,0,1,1
506,13,0,1,1
506,14,0,1,1
506,15,0,1,1
506,16,2,1,1
506,17,79,1,1
506,18,81,1,1
506,19,29,1,1
506,20,31,1,1
506,21,34,1,1
506,22,15,1,1
506,23,22,1,1
506,24,4,1,1
506,25,15,1,1
506,26,33,1,1
506,27,0,1,1
506,28,13,1,1
506,29,18,1,1
506,30,25,1,1
506,31,7,1,1
506,32,8,1,1
506,33,14,1,1
507,0,120,1,1
507,1,113,1,1
507,2,59,1,1
507,3,24,1,1
507,4,17,1,1
507,5,78,1,1
507,6,0,1,1
507,7,67,1,1
507,8,11,1,1
507,9,0,1,1
507,10,9,1,1
507,11,47,1,1
507,12,0,1,1
507,13,0,1,1
507,14,0,1,1
507,15,0,1,1
507,16,5,1,1
507,17,136,1,1
507,18,101,1,1
507,19,26,1,1
507,20,26,1,1
507,21,59,1,1
507,22,7,1,1
507,23,35,1,1
507,24,4,1,1
507,25,13,1,1
507,26,18,1,1
507,27,0,1,1
507,28,20,1,1
507,29,24,1,1
507,30,23,1,1
507,31,6,1,1
507,32,12,1,1
507,33,19,1,1
508,0,96,1,1
508,1,101,1,1
508,2,57,1,1
508,3,26,1,1
508,4,14,1,1
508,5,51,1,1
508,6,0,1,1
508,7,86,1,1
508,8,12,1,1
508,9,0,1,1
508,10,15,1,1
508,11,57,1,1
508,12,0,1,1
508,13,0,1,1
508,14,0,1,1
508,15,0,1,1
508,16,2,1,1
508,17,91,1,1
508,18,90,1,1
508,19,20,1,1
508,20,29,1,1
508,21,43,1,1
508,22,5,1,1
508,23,29,1,1
508,24,3,1,1
508,25,13,1,1
508,26,27,1,1
508,27,0,1,1
508,28,10,1,1
508,29,19,1,1
508,30,24,1,1
508,31,13,1,1
508,32,9,1,1
508,33,16,1,1
509,0,105,1,1
509,1,100,1,1
509,2,62,1,1
509,3,36,1,1
509,4,5,1,1
509,5,74,1,1
509,6,0,1,1
509,7,78,1,1
509,8,13,1,1
509,9,0,1,1
509,10,13,1,1
509,11,50,1,1
509,12,0,1,1
509,13,0,1,1
509,14,0,1,1
509,15,0,1,1
509,16,4,1,1
509,17,71,1,1
509,18,96,1,1
509,19,26,1,1
509,20,35,1,1
509,21,71,1,1
509,22,13,1,1
509,23,19,1,1
509,24,1,1,1
509,25,14,1,1
509,26,18,1,1
509,27,0,1,1
509,28,21,1,1
509,29,14,1,1
509,30,25,1,1
509,31,10,1,1
509,32,9,1,1
509,33,12,1,1
510,0,128,1,1
510,1,96,1,1
510,2,45,1,1
510,3,21,1,1
510,4,14,1,1
510,5,62,1,1
510,6,0,1,1
510,7,68,1,1
510,8,16,1,1
510,9,0,1,1
510,10,13,1,1
510,11,37,1,1
510,12,0,1,1
510,13,0,1,1
510,14,0,1,1
510,15,0,1,1
510,16,3,1,1
510,17,93,1,1
510,18,90,1,1
510,19,26,1,1
510,20,33,1,1
510,21,40,1,1
510,22,9,1,1
510,23,16,1,1
510,24,1,1,1
510,25,14,1,1
510,26,21,1,1
510,27,0,1,1
510,28,12,1,1
510,29,16,1,1
510,30,28,1,1
510,31,10,1,1
510,32,12,1,1
510,33,10,1,1
511,0,109,1,1
511,1,104,1,1
511,2,64,1,1
511,3,70,1,1
511,4,33,1,1
511,5,75,1,1
511,6,0,1,1
511,7,80,1,1
511,8,23,1,1
511,9,0,1,1
511,10,8,1,1
511,11,55,1,1
511,12,0,1,1
511,13,0,1,1
511,14,0,1,1
511,15,0,1,1
511,16,10,1,1
511,17,103,1,1
511,18,99,1,1
511,19,35,1,1
511,20,37,1,1
511,21,53,1,1
511,22,12,1,1
511,23,28,1,1
511,24,2,1,1
511,25,15,1,1
511,26,25,1,1
511,27,0,1,1
511,28,13,1,1
511,29,12,1,1
511,30,20,1,1
511,31,5,1,1
511,32,10,1,1
511,33,12,1,1
512,0,109,1,1
512,1,104,1,1
512,2,71,1,1
512,3,30,1,1
512,4,13,1,1
512,5,69,1,1
512,6,0,1,1
512,7,68,1,1
512,8,20,1,1
512,9,0,1,1
512,10,12,1,1
512,11,38,1,1
512,12,0,1,1
512,13,0,1,1
512,14,0,1,1
512,15,0,1,1
512,16,5,1,1
512,17,67,1,1
512,18,115,1,1
512,19,26,1,1
512,20,23,1,1
512,21,54,1,1
512,22,10,1,1
512,23,24,1,1
512,24,4,1,1
512,25,15,1,1
512,26,14,1,1
512,27,0,1,1
512,28,21,1,1
512,29,16,1,1
512,30,18,1,1
512,31,5,1,1
512,32,13,1,1
512,33,10,1,1
513,0,109,1,1
513,1,106,1,1
513,2,73,1,1
513,3,58,1,1
513,4,21,1,1
513,5,84,1,1
513,6,0,1,1
513,7,71,1,1
513,8,15,1,1
513,9,0,1,1
513,10,9,1,1
513,11,52,1,1
513,12,0,1,1
513,13,0,1,1
513,14,0,1,1
513,15,0,1,1
513,16,4,1,1
513,17,99,1,1
513,18,103,1,1
513,19,29,1,1
513,20,31,1,1
513,21,37,1,1
513,22,16,1,1
513,23,22,1,1
513,24,3,1,1
513,25,12,1,1
513,26,18,1,1
513,27,0,1,1
513,28,12,1,1
513,29,14,1,1
513,30,19,1,1
513,31,7,1,1
513,32,15,1,1
513,33,15,1,1
514,0,97,1,1
514,1,113,1,1
514,2,57,1,1
514,3,25,1,1
514,4,23,1,1
514,5,68,1,1
514,6,0,1,1
514,7,82,1,1
514,8,8,1,1
514,9,0,1,1
514,10,16,1,1
514,11,58,1,1
514,12,0,1,1
514,13,0,1,1
514,14,0,1,1
514,15,0,1,1
514,16,4,1,1
514,17,92,1,1
514,18,97,1,1
514,19,25,1,1
514,20,40,1,1
514,21,55,1,1
514,22,5,1,1
514,23,24,1,1
514,24,1,1,1
514,25,11,1,1
514,26,20,1,1
514,27,0,1,1
514,28,25,1,1
514,29,14,1,1
514,30,15,1,1
514,31,6,1,1
514,32,20,1,1
514,33,11,1,1
515,0,100,1,1
515,1,122,1,1
515,2,66,1,1
515,3,27,1,1
515,4,21,1,1
515,5,84,1,1
515,6,0,1,1
515,7,74,1,1
515,8,10,1,1
515,9,0,1,1
515,10,8,1,1
515,11,50,1,1
515,12,0,1,1
515,13,0,1,1
515,14,0,1,1
515,15,0,1,1
515,16,5,1,1
515,17,94,1,1
515,18,110,1,1
515,19,26,1,1
515,20,28,1,1
515,21,126,1,1
515,22,8,1,1
515,23,29,1,1
515,24,3,1,1
515,25,16,1,1
515,26,26,1,1
515,27,0,1,1
515,28,10,1,1
515,29,22,1,1
515,30,20,1,1
515,31,10,1,1
515,32,16,1,1
515,33,10,1,1
516,0,115,1,1
516,1,83,1,1
516,2,73,1,1
516,3,21,1,1
516,4,11,1,1
516,5,71,1,1
516,6,0,1,1
516,7,58,1,1
516,8,17,1,1
516,9,0,1,1
516,10,13,1,1
516,11,46,1,1
516,12,0,1,1
516,13,0,1,1
516,14,0,1,1
516,15,0,1,1
516,16,2,1,1
516,17,80,1,1
516,18,93,1,1
516,19,17,1,1
516,20,23,1,1
516,21,64,1,1
516,22,11,1,1
516,23,31,1,1
516,24,3,1,1
516,25,13,1,1
516,26,27,1,1
516,27,0,1,1
516,28,14,1,1
516,29,13,1,1
516,30,21,1,1
516,31,4,1,1
516,32,11,1,1
516,33,12,1,1
517,0,102,1,1
517,1,113,1,1
517,2,68,1,1
517,3,28,1,1
517,4,12,1,1
517,5,66,1,1
517,6,0,1,1
517,7,83,1,1
517,8,16,1,1
517,9,0,1,1
517,10,9,1,1
517,11,68,1,1
517,12,0,1,1
517,13,0,1,1
517,14,0,1,1
517,15,0,1,1
517,16,3,1,1
517,17,89,1,1
517,18,96,1,1
517,19,19,1,1
517,20,24,1,1
517,21,38,1,1
517,22,14,1,1
517,23,24,1,1
517,24,2,1,1
517,25,9,1,1
517,26,27,1,1
517,27,0,1,1
517,28,15,1,1
517,29,11,1,1
517,30,27,1,1
517,31,2,1,1
517,32,8,1,1
517,33,11,1,1
518,0,99,1,1
518,1,112,1,1
518,2,85,1,1
518,3,28,1,1
518,4,14,1,1
518,5,83,1,1
518,6,0,1,1
518,7,76,1,1
518,8,13,1,1
518,9,0,1,1
518,10,10,1,1
518,11,52,1,1
518,12,0,1,1
518,13,0,1,1
518,14,0,1,1
518,15,0,1,1
518,16,4,1,1
518,17,99,1,1
518,18,104,1,1
518,19,20,1,1
518,20,30,1,1
518,21,45,1,1
518,22,17,1,1
518,23,26,1,1
518,24,5,1,1
518,25,11,1,1
518,26,28,1,1
518,27,0,1,1
518,28,22,1,1
518,29,15,1,1
518,30,20,1,1
518,31,7,1,1
518,32,12,1,1
518,33,7,1,1
519,0,94,1,1
519,1,100,1,1
519,2,75,1,1
519,3,28,1,1
519,4,23,1,1
519,5,73,1,1
519,6,0,1,1
519,7,75,1,1
519,8,10,1,1
519,9,0,1,1
519,10,6,1,1
519,11,50,1,1
519,12,0,1,1
519,13,0,1,1
519,14,0,1,1
519,15,0,1,1
519,16,6,1,1
519,17,96,1,1
519,18,98,1,1
519,19,36,1,1
519,20,28,1,1
519,21,46,1,1
519,22,16,1,1
519,23,28,1,1
519,24,3,1,1
519,25,14,1,1
519,26,25,1,1
519,27,0,1,1
519,28,15,1,1
519,29,38,1,1
519,30,19,1,1
519,31,4,1,1
519,32,8,1,1
519,33,18,1,1
520,0,127,1,1
520,1,109,1,1
520,2,95,1,1
520,3,33,1,1
520,4,20,1,1
520,5,86,1,1
520,6,0,1,1
520,7,89,1,1
520,8,22,1,1
520,9,0,1,1
520,10,9,1,1
520,11,55,1,1
520,12,0,1,1
520,13,0,1,1
520,14,0,1,1
520,15,0,1,1
520,16,5,1,1
520,17,99,1,1
520,18,105,1,1
520,19,44,1,1
520,20,35,1,1
520,21,49,1,1
520,22,17,1,1
520,23,38,1,1
520,24,5,1,1
520,25,11,1,1
520,26,20,1,1
520,27,0,1,1
520,28,24,1,1
520,29,72,1,1
520,30,12,1,1
520,31,8,1,1
520,32,16,1,1
520,33,35,1,1
521,0,130,1,1
521,1,133,1,1
521,2,67,1,1
521,3,30,1,1
521,4,16,1,1
521,5,85,1,1
521,6,0,1,1
521,7,85,1,1
521,8,15,1,1
521,9,0,1,1
521,10,13,1,1
521,11,52,1,1
521,12,0,1,1
521,13,0,1,1
521,14,0,1,1
521,15,0,1,1
521,16,4,1,1
521,17,96,1,1
521,18,124,1,1
521,19,26,1,1
521,20,43,1,1
521,21,58,1,1
521,22,9,1,1
521,23,37,1,1
521,24,4,1,1
521,25,21,1,1
521,26,29,1,1
521,27,0,1,1
521,28,25,1,1
521,29,20,1,1
521,30,28,1,1
521,31,14,1,1
521,32,11,1,1
521,33,21,1,1
522,0,112,1,1
522,1,87,1,1
522,2,58,1,1
522,3,93,1,1
522,4,18,1,1
522,5,66,1,1
522,6,0,1,1
522,7,71,1,1
522,8,15,1,1
522,9,0,1,1
522,10,11,1,1
522,11,51,1,1
522,12,0,1,1
522,13,0,1,1
522,14,0,1,1
522,15,0,1,1
522,16,6,1,1
522,17,101,1,1
522,18,89,1,1
522,19,28,1,1
522,20,42,1,1
522,21,38,1,1
522,22,13,1,1
522,23,19,1,1
522,24,2,1,1
522,25,20,1,1
522,26,21,1,1
522,27,0,1,1
522,28,24,1,1
522,29,14,1,1
522,30,18,1,1
522,31,10,1,1
522,32,19,1,1
522,33,14,1,1
523,0,88,1,1
523,1,113,1,1
523,2,73,1,1
523,3,23,1,1
523,4,26,1,1
523,5,95,1,1
523,6,0,1,1
523,7,77,1,1
523,8,13,1,1
523,9,0,1,1
523,10,9,1,1
523,11,56,1,1
523,12,0,1,1
523,13,0,1,1
523,14,0,1,1
523,15,0,1,1
523,16,5,1,1
523,17,86,1,1
523,18,103,1,1
523,19,32,1,1
523,20,37,1,1
523,21,37,1,1
523,22,10,1,1
523,23,34,1,1
523,24,2,1,1
523,25,25,1,1
523,26,19,1,1
523,27,0,1,1
523,28,21,1,1
523,29,25,1,1
523,30,18,1,1
523,31,16,1,1
523,32,11,1,1
523,33,11,1,1
524,0,118,1,1
524,1,103,1,1
524,2,97,1,1
524,3,21,1,1
524,4,25,1,1
524,5,60,1,1
524,6,0,1,1
524,7,103,1,1
524,8,15,1,1
524,9,0,1,1
524,10,18,1,1
524,11,69,1,1
524,12,0,1,1
524,13,0,1,1
524,14,0,1,1
524,15,0,1,1
524,16,8,1,1
524,17,114,1,1
524,18,108,1,1
524,19,56,1,1
524,20,26,1,1
524,21,112,1,1
524,22,27,1,1
524,23,28,1,1
524,24,3,1,1
524,25,28,1,1
524,26,28,1,1
524,27,0,1,1
524,28,18,1,1
524,29,28,1,1
524,30,22,1,1
524,31,6,1,1
524,32,20,1,1
524,33,17,1,1
525,0,88,1,1
525,1,103,1,1
525,2,81,1,1
525,3,96,1,1
525,4,26,1,1
525,5,78,1,1
525,6,0,1,1
525,7,87,1,1
525,8,16,1,1
525,9,0,1,1
525,10,12,1,1
525,11,47,1,1
525,12,0,1,1
525,13,0,1,1
525,14,0,1,1
525,15,0,1,1
525,16,2,1,1
525,17,115,1,1
525,18,125,1,1
525,19,29,1,1
525,20,21,1,1
525,21,48,1,1
525,22,13,1,1
525,23,26,1,1
525,24,4,1,1
525,25,15,1,1
525,26,24,1,1
525,27,0,1,1
525,28,26,1,1
525,29,18,1,1
525,30,25,1,1
525,31,9,1,1
525,32,22,1,1
525,33,14,1,1
526,0,123,1,1
526,1,98,1,1
526,2,72,1,1
526,3,26,1,1
526,4,19,1,1
526,5,71,1,1
526,6,0,1,1
526,7,82,1,1
526,8,13,1,1
526,9,0,1,1
526,10,9,1,1
526,11,60,1,1
526,12,0,1,1
526,13,0,1,1
526,14,0,1,1
526,15,0,1,1
526,16,3,1,1
526,17,99,1,1
526,18,139,1,1
526,19,48,1,1
526,20,35,1,1
526,21,53,1,1
526,22,13,1,1
526,23,30,1,1
526,24,4,1,1
526,25,19,1,1
526,26,16,1,1
526,27,0,1,1
526,28,27,1,1
526,29,14,1,1
526,30,12,1,1
526,31,9,1,1
526,32,18,1,1
526,33,16,1,1
527,0,138,1,1
527,1,111,1,1
527,2,92,1,1
527,3,33,1,1
527,4,22,1,1
527,5,87,1,1
527,6,0,1,1
527,7,101,1,1
527,8,14,1,1
527,9,0,1,1
527,10,12,1,1
527,11,63,1,1
527,12,0,1,1
527,13,0,1,1
527,14,0,1,1
527,15,0,1,1
527,16,6,1,1
527,17,153,1,1
527,18,123,1,1
527,19,29,1,1
527,20,26,1,1
527,21,54,1,1
527,22,15,1,1
527,23,30,1,1
527,24,2,1,1
527,25,14,1,1
527,26,21,1,1
527,27,0,1,1
527,28,36,1,1
527,29,20,1,1
527,30,25,1,1
527,31,5,1,1
527,32,10,1,1
527,33,29,1,1
528,0,149,1,1
528,1,116,1,1
528,2,74,1,1
528,3,25,1,1
528,4,19,1,1
528,5,75,1,1
528,6,0,1,1
528,7,99,1,1
528,8,11,1,1
528,9,0,1,1
528,10,15,1,1
528,11,68,1,1
528,12,0,1,1
528,13,0,1,1
528,14,0,1,1
528,15,0,1,1
528,16,12,1,1
528,17,107,1,1
528,18,131,1,1
528,19,29,1,1
528,20,25,1,1
528,21,76,1,1
528,22,18,1,1
528,23,33,1,1
528,24,3,1,1
528,25,7,1,1
528,26,23,1,1
528,27,0,1,1
528,28,49,1,1
528,29,21,1,1
528,30,26,1,1
528,31,16,1,1
528,32,15,1,1
528,33,26,1,1
529,0,131,1,1
529,1,104,1,1
529,2,73,1,1
529,3,31,1,1
529,4,23,1,1
529,5,83,1,1
529,6,0,1,1
529,7,113,1,1
529,8,15,1,1
529,9,0,1,1
529,10,16,1,1
529,11,62,1,1
529,12,0,1,1
529,13,0,1,1
529,14,0,1,1
529,15,0,1,1
529,16,8,1,1
529,17,125,1,1
529,18,122,1,1
529,19,38,1,1
529,20,41,1,1
529,21,103,1,1
529,22,14,1,1
529,23,31,1,1
529,24,5,1,1
529,25,21,1,1
529,26,25,1,1
529,27,0,1,1
529,28,50,1,1
529,29,22,1,1
529,30,24,1,1
529,31,8,1,1
529,32,12,1,1
529,33,30,1,1
530,0,139,1,1
530,1,114,1,1
530,2,85,1,1
530,3,33,1,1
530,4,16,1,1
530,5,83,1,1
530,6,0,1,1
530,7,106,1,1
530,8,16,1,1
530,9,0,1,1
530,10,17,1,1
530,11,65,1,1
530,12,0,1,1
530,13,0,1,1
530,14,0,1,1
530,15,0,1,1
530,16,5,1,1
530,17,114,1,1
530,18,146,1,1
530,19,45,1,1
530,20,43,1,1
530,21,61,1,1
530,22,10,1,1
530,23,20,1,1
530,24,1,1,1
530,25,20,1,1
530,26,25,1,1
530,27,0,1,1
530,28,51,1,1
530,29,24,1,1
530,30,33,1,1
530,31,9,1,1
530,32,9,1,1
530,33,30,1,1
531,0,163,1,1
531,1,96,1,1
531,2,79,1,1
531,3,29,1,1
531,4,24,1,1
531,5,84,1,1
531,6,0,1,1
531,7,105,1,1
531,8,12,1,1
531,9,0,1,1
531,10,12,1,1
531,11,65,1,1
531,12,0,1,1
531,13,0,1,1
531,14,0,1,1
531,15,0,1,1
531,16,6,1,1
531,17,106,1,1
531,18,148,1,1
531,19,27,1,1
531,20,30,1,1
531,21,48,1,1
531,22,14,1,1
531,23,40,1,1
531,24,4,1,1
531,25,9,1,1
531,26,29,1,1
531,27,0,1,1
531,28,45,1,1
531,29,21,1,1
531,30,12,1,1
531,31,4,1,1
531,32,18,1,1
531,33,27,1,1
532,0,119,1,1
532,1,104,1,1
532,2,88,1,1
532,3,41,1,1
532,4,25,1,1
532,5,79,1,1
532,6,0,1,1
532,7,128,1,1
532,8,19,1,1
532,9,0,1,1
532,10,9,1,1
532,11,83,1,1
532,12,0,1,1
532,13,0,1,1
532,14,0,1,1
532,15,0,1,1
532,16,6,1,1
532,17,109,1,1
532,18,139,1,1
532,19,48,1,1
532,20,32,1,1
532,21,59,1,1
532,22,13,1,1
532,23,40,1,1
532,24,5,1,1
532,25,17,1,1
532,26,27,1,1
532,27,0,1,1
532,28,27,1,1
532,29,23,1,1
532,30,26,1,1
532,31,7,1,1
532,32,26,1,1
532,33,19,1,1
533,0,133,1,1
533,1,106,1,1
533,2,66,1,1
533,3,57,1,1
533,4,23,1,1
533,5,78,1,1
533,6,0,1,1
533,7,108,1,1
533,8,17,1,1
533,9,0,1,1
533,10,16,1,1
533,11,66,1,1
533,12,0,1,1
533,13,0,1,1
533,14,0,1,1
533,15,0,1,1
533,16,5,1,1
533,17,123,1,1
533,18,147,1,1
533,19,36,1,1
533,20,37,1,1
533,21,61,1,1
533,22,23,1,1
533,23,41,1,1
533,24,2,1,1
533,25,24,1,1
533,26,29,1,1
533,27,0,1,1
533,28,28,1,1
533,29,32,1,1
533,30,25,1,1
533,31,15,1,1
533,32,28,1,1
533,33,18,1,1
534,0,134,1,1
534,1,124,1,1
534,2,79,1,1
534,3,31,1,1
534,4,31,1,1
534,5,95,1,1
534,6,0,1,1
534,7,90,1,1
534,8,10,1,1
534,9,0,1,1
534,10,10,1,1
534,11,62,1,1
534,12,0,1,1
534,13,0,1,1
534,14,0,1,1
534,15,0,1,1
534,16,8,1,1
534,17,128,1,1
534,18,148,1,1
534,19,29,1,1
534,20,27,1,1
534,21,56,1,1
534,22,20,1,1
534,23,33,1,1
534,24,4,1,1
534,25,14,1,1
534,26,22,1,1
534,27,0,1,1
534,28,35,1,1
534,29,20,1,1
534,30,16,1,1
534,31,5,1,1
534,32,25,1,1
534,33,14,1,1
535,0,134,1,1
535,1,134,1,1
535,2,107,1,1
535,3,56,1,1
535,4,34,1,1
535,5,86,1,1
535,6,0,1,1
535,7,117,1,1
535,8,19,1,1
535,9,0,1,1
535,10,14,1,1
535,11,81,1,1
535,12,0,1,1
535,13,0,1,1
535,14,0,1,1
535,15,0,1,1
535,16,6,1,1
535,17,140,1,1
535,18,140,1,1
535,19,43,1,1
535,20,34,1,1
535,21,53,1,1
535,22,14,1,1
535,23,37,1,1
535,24,1,1,1
535,25,18,1,1
535,26,27,1,1
535,27,0,1,1
535,28,27,1,1
535,29,19,1,1
535,30,24,1,1
535,31,10,1,1
535,32,25,1,1
535,33,8,1,1
536,0,108,1,1
536,1,109,1,1
536,2,124,1,1
536,3,129,1,1
536,4,24,1,1
536,5,80,1,1
536,6,0,1,1
536,7,127,1,1
536,8,25,1,1
536,9,0,1,1
536,10,11,1,1
536,11,80,1,1
536,12,0,1,1
536,13,0,1,1
536,14,0,1,1
536,15,0,1,1
536,16,4,1,1
536,17,127,1,1
536,18,160,1,1
536,19,38,1,1
536,20,36,1,1
536,21,57,1,1
536,22,19,1,1
536,23,30,1,1
536,24,4,1,1
536,25,16,1,1
536,26,21,1,1
536,27,0,1,1
536,28,29,1,1
536,29,20,1,1
536,30,25,1,1
536,31,8,1,1
536,32,20,1,1
536,33,15,1,1
537,0,167,1,1
537,1,124,1,1
537,2,120,1,1
537,3,36,1,1
537,4,19,1,1
537,5,83,1,1
537,6,0,1,1
537,7,146,1,1
537,8,12,1,1
537,9,0,1,1
537,10,12,1,1
537,11,92,1,1
537,12,0,1,1
537,13,0,1,1
537,14,0,1,1
537,15,0,1,1
537,16,11,1,1
537,17,119,1,1
537,18,188,1,1
537,19,38,1,1
537,20,50,1,1
537,21,47,1,1
537,22,19,1,1
537,23,40,1,1
537,24,4,1,1
537,25,21,1,1
537,26,18,1,1
537,27,0,1,1
537,28,31,1,1
537,29,15,1,1
537,30,23,1,1
537,31,4,1,1
537,32,23,1,1
537,33,20,1,1
538,0,139,1,1
538,1,113,1,1
538,2,138,1,1
538,3,48,1,1
538,4,26,1,1
538,5,102,1,1
538,6,0,1,1
538,7,153,1,1
538,8,17,1,1
538,9,0,1,1
538,10,16,1,1
538,11,78,1,1
538,12,0,1,1
538,13,0,1,1
538,14,0,1,1
538,15,0,1,1
538,16,3,1,1
538,17,125,1,1
538,18,172,1,1
538,19,39,1,1
538,20,46,1,1
538,21,75,1,1
538,22,20,1,1
538,23,35,1,1
538,24,4,1,1
538,25,13,1,1
538,26,22,1,1
538,27,0,1,1
538,28,35,1,1
538,29,31,1,1
538,30,29,1,1
538,31,9,1,1
538,32,19,1,1
538,33,10,1,1
539,0,150,1,1
539,1,120,1,1
539,2,130,1,1
539,3,51,1,1
539,4,45,1,1
539,5,70,1,1
539,6,0,1,1
539,7,131,1,1
539,8,17,1,1
539,9,0,1,1
539,10,14,1,1
539,11,92,1,1
539,12,0,1,1
539,13,0,1,1
539,14,0,1,1
539,15,0,1,1
539,16,10,1,1
539,17,138,1,1
539,18,218,1,1
539,19,52,1,1
539,20,32,1,1
539,21,90,1,1
539,22,19,1,1
539,23,38,1,1
539,24,0,1,1
539,25,14,1,1
539,26,30,1,1
539,27,0,1,1
539,28,28,1,1
539,29,24,1,1
539,30,28,1,1
539,31,5,1,1
539,32,20,1,1
539,33,12,1,1
540,0,121,1,1
540,1,101,1,1
540,2,112,1,1
540,3,183,1,1
540,4,24,1,1
540,5,91,1,1
540,6,0,1,1
540,7,155,1,1
540,8,25,1,1
540,9,0,1,1
540,10,15,1,1
540,11,115,1,1
540,12,0,1,1
540,13,0,1,1
540,14,0,1,1
540,15,0,1,1
540,16,12,1,1
540,17,145,1,1
540,18,203,1,1
540,19,47,1,1
540,20,31,1,1
540,21,67,1,1
540,22,20,1,1
540,23,35,1,1
540,24,3,1,1
540,25,19,1,1
540,26,25,1,1
540,27,0,1,1
540,28,33,1,1
540,29,17,1,1
540,30,26,1,1
540,31,3,1,1
540,32,24,1,1
540,33,13,1,1
541,0,171,1,1
541,1,136,1,1
541,2,109,1,1
541,3,52,1,1
541,4,31,1,1
541,5,102,1,1
541,6,0,1,1
541,7,165,1,1
541,8,21,1,1
541,9,0,1,1
541,10,10,1,1
541,11,102,1,1
541,12,0,1,1
541,13,0,1,1
541,14,0,1,1
541,15,0,1,1
541,16,7,1,1
541,17,135,1,1
541,18,204,1,1
541,19,47,1,1
541,20,49,1,1
541,21,63,1,1
541,22,20,1,1
541,23,37,1,1
541,24,4,1,1
541,25,15,1,1
541,26,26,1,1
541,27,0,1,1
541,28,27,1,1
541,29,28,1,1
541,30,37,1,1
541,31,6,1,1
541,32,19,1,1
541,33,19,1,1
542,0,135,1,1
542,1,110,1,1
542,2,116,1,1
542,3,53,1,1
542,4,43,1,1
542,5,85,1,1
542,6,0,1,1
542,7,145,1,1
542,8,25,1,1
542,9,0,1,1
542,10,18,1,1
542,11,91,1,1
542,12,0,1,1
542,13,0,1,1
542,14,0,1,1
542,15,0,1,1
542,16,12,1,1
542,17,150,1,1
542,18,235,1,1
542,19,42,1,1
542,20,37,1,1
542,21,67,1,1
542,22,17,1,1
542,23,43,1,1
542,24,6,1,1
542,25,23,1,1
542,26,33,1,1
542,27,0,1,1
542,28,48,1,1
542,29,15,1,1
542,30,31,1,1
542,31,9,1,1
542,32,21,1,1
542,33,20,1,1
543,0,136,1,1
543,1,126,1,1
543,2,94,1,1
543,3,73,1,1
543,4,37,1,1
543,5,71,1,1
543,6,0,1,1
543,7,113,1,1
543,8,18,1,1
543,9,0,1,1
543,10,12,1,1
543,11,80,1,1
543,12,0,1,1
543,13,0,1,1
543,14,0,1,1
543,15,0,1,1
543,16,10,1,1
543,17,138,1,1
543,18,223,1,1
543,19,44,1,1
543,20,51,1,1
543,21,78,1,1
543,22,16,1,1
543,23,41,1,1
543,24,5,1,1
543,25,17,1,1
543,26,28,1,1
543,27,0,1,1
543,28,40,1,1
543,29,21,1,1
543,30,23,1,1
543,31,4,1,1
543,32,29,1,1
543,33,16,1,1
544,0,123,1,1
544,1,129,1,1
544,2,105,1,1
544,3,74,1,1
544,4,26,1,1
544,5,83,1,1
544,6,0,1,1
544,7,144,1,1
544,8,21,1,1
544,9,0,1,1
544,10,18,1,1
544,11,86,1,1
544,12,0,1,1
544,13,0,1,1
544,14,0,1,1
544,15,0,1,1
544,16,8,1,1
544,17,130,1,1
544,18,200,1,1
544,19,48,1,1
544,20,45,1,1
544,21,74,1,1
544,22,11,1,1
544,23,40,1,1
544,24,3,1,1
544,25,13,1,1
544,26,29,1,1
544,27,0,1,1
544,28,39,1,1
544,29,17,1,1
544,30,30,1,1
544,31,4,1,1
544,32,29,1,1
544,33,18,1,1
545,0,134,1,1
545,1,114,1,1
545,2,133,1,1
545,3,49,1,1
545,4,45,1,1
545,5,86,1,1
545,6,0,1,1
545,7,149,1,1
545,8,26,1,1
545,9,0,1,1
545,10,9,1,1
545,11,112,1,1
545,12,0,1,1
545,13,0,1,1
545,14,0,1,1
545,15,0,1,1
545,16,7,1,1
545,17,128,1,1
545,18,192,1,1
545,19,52,1,1
545,20,39,1,1
545,21,81,1,1
545,22,15,1,1
545,23,41,1,1
545,24,7,1,1
545,25,15,1,1
545,26,31,1,1
545,27,0,1,1
545,28,30,1,1
545,29,26,1,1
545,30,36,1,1
545,31,7,1,1
545,32,21,1,1
545,33,13,1,1
546,0,118,1,1
546,1,93,1,1
546,2,82,1,1
546,3,66,1,1
546,4,28,1,1
546,5,64,1,1
546,6,0,1,1
546,7,130,1,1
546,8,17,1,1
546,9,0,1,1
546,10,13,1,1
546,11,101,1,1
546,12,0,1,1
546,13,0,1,1
546,14,0,1,1
546,15,0,1,1
546,16,7,1,1
546,17,151,1,1
546,18,237,1,1
546,19,49,1,1
546,20,38,1,1
546,21,71,1,1
546,22,24,1,1
546,23,44,1,1
546,24,3,1,1
546,25,14,1,1
546,26,42,1,1
546,27,0,1,1
546,28,28,1,1
546,29,21,1,1
546,30,23,1,1
546,31,7,1,1
546,32,26,1,1
546,33,10,1,1
547,0,116,1,1
547,1,129,1,1
547,2,99,1,1
547,3,51,1,1
547,4,25,1,1
547,5,87,1,1
547,6,0,1,1
547,7,112,1,1
547,8,16,1,1
547,9,0,1,1
547,10,15,1,1
547,11,68,1,1
547,12,0,1,1
547,13,0,1,1
547,14,0,1,1
547,15,0,1,1
547,16,4,1,1
547,17,132,1,1
547,18,155,1,1
547,19,44,1,1
547,20,29,1,1
547,21,60,1,1
547,22,21,1,1
547,23,42,1,1
547,24,3,1,1
547,25,18,1,1
547,26,31,1,1
547,27,0,1,1
547,28,32,1,1
547,29,12,1,1
547,30,26,1,1
547,31,8,1,1
547,32,34,1,1
547,33,5,1,1
548,0,107,1,1
548,1,111,1,1
548,2,107,1,1
548,3,51,1,1
548,4,21,1,1
548,5,72,1,1
548,6,0,1,1
548,7,121,1,1
548,8,18,1,1
548,9,0,1,1
548,10,13,1,1
548,11,76,1,1
548,12,0,1,1
548,13,0,1,1
548,14,0,1,1
548,15,0,1,1
548,16,6,1,1
548,17,112,1,1
548,18,163,1,1
548,19,41,1,1
548,20,34,1,1
548,21,81,1,1
548,22,23,1,1
548,23,36,1,1
548,24,6,1,1
548,25,16,1,1
548,26,22,1,1
548,27,0,1,1
548,28,29,1,1
548,29,18,1,1
548,30,20,1,1
548,31,6,1,1
548,32,19,1,1
548,33,14,1,1
549,0,123,1,1
549,1,100,1,1
549,2,88,1,1
549,3,57,1,1
549,4,29,1,1
549,5,69,1,1
549,6,0,1,1
549,7,130,1,1
549,8,19,1,1
549,9,0,1,1
549,10,14,1,1
549,11,94,1,1
549,12,0,1,1
549,13,0,1,1
549,14,0,1,1
549,15,0,1,1
549,16,3,1,1
549,17,136,1,1
549,18,184,1,1
549,19,47,1,1
549,20,37,1,1
549,21,77,1,1
549,22,15,1,1
549,23,30,1,1
549,24,4,1,1
549,25,18,1,1
549,26,35,1,1
549,27,0,1,1
549,28,22,1,1
549,29,12,1,1
549,30,22,1,1
549,31,4,1,1
549,32,24,1,1
549,33,14,1,1
550,0,124,1,1
550,1,113,1,1
550,2,102,1,1
550,3,59,1,1
550,4,28,1,1
550,5,73,1,1
550,6,0,1,1
550,7,116,1,1
550,8,23,1,1
550,9,0,1,1
550,10,17,1,1
550,11,78,1,1
550,12,0,1,1
550,13,0,1,1
550,14,0,1,1
550,15,0,1,1
550,16,4,1,1
550,17,108,1,1
550,18,146,1,1
550,19,36,1,1
550,20,50,1,1
550,21,128,1,1
550,22,18,1,1
550,23,30,1,1
550,24,1,1,1
550,25,18,1,1
550,26,16,1,1
550,27,0,1,1
550,28,28,1,1
550,29,26,1,1
550,30,25,1,1
550,31,6,1,1
550,32,21,1,1
550,33,13,1,1
551,0,113,1,1
551,1,110,1,1
551,2,75,1,1
551,3,39,1,1
551,4,24,1,1
551,5,74,1,1
551,6,0,1,1
551,7,121,1,1
551,8,20,1,1
551,9,0,1,1
551,10,11,1,1
551,11,66,1,1
551,12,0,1,1
551,13,0,1,1
551,14,0,1,1
551,15,0,1,1
551,16,3,1,1
551,17,99,1,1
551,18,134,1,1
551,19,37,1,1
551,20,44,1,1
551,21,59,1,1
551,22,15,1,1
551,23,37,1,1
551,24,1,1,1
551,25,17,1,1
551,26,30,1,1
551,27,0,1,1
551,28,26,1,1
551,29,20,1,1
551,30,23,1,1
551,31,4,1,1
551,32,19,1,1
551,33,14,1,1
552,0,143,1,1
552,1,113,1,1
552,2,60,1,1
552,3,32,1,1
552,4,29,1,1
552,5,74,1,1
552,6,0,1,1
552,7,98,1,1
552,8,22,1,1
552,9,0,1,1
552,10,18,1,1
552,11,63,1,1
552,12,0,1,1
552,13,0,1,1
552,14,0,1,1
552,15,0,1,1
552,16,1,1,1
552,17,130,1,1
552,18,151,1,1
552,19,38,1,1
552,20,50,1,1
552,21,90,1,1
552,22,22,1,1
552,23,36,1,1
552,24,2,1,1
552,25,18,1,1
552,26,27,1,1
552,27,0,1,1
552,28,28,1,1
552,29,9,1,1
552,30,17,1,1
552,31,9,1,1
552,32,23,1,1
552,33,8,1,1
553,0,118,1,1
553,1,97,1,1
553,2,91,1,1
553,3,38,1,1
553,4,40,1,1
553,5,77,1,1
553,6,0,1,1
553,7,122,1,1
553,8,20,1,1
553,9,0,1,1
553,10,8,1,1
553,11,71,1,1
553,12,0,1,1
553,13,0,1,1
553,14,0,1,1
553,15,0,1,1
553,16,2,1,1
553,17,118,1,1
553,18,134,1,1
553,19,44,1,1
553,20,40,1,1
553,21,72,1,1
553,22,14,1,1
553,23,24,1,1
553,24,3,1,1
553,25,10,1,1
553,26,21,1,1
553,27,0,1,1
553,28,19,1,1
553,29,15,1,1
553,30,20,1,1
553,31,5,1,1
553,32,17,1,1
553,33,11,1,1
554,0,112,1,1
554,1,102,1,1
554,2,67,1,1
554,3,82,1,1
554,4,25,1,1
554,5,73,1,1
554,6,0,1,1
554,7,102,1,1
554,8,12,1,1
554,9,0,1,1
554,10,25,1,1
554,11,65,1,1
554,12,0,1,1
554,13,0,1,1
554,14,0,1,1
554,15,0,1,1
554,16,3,1,1
554,17,93,1,1
554,18,128,1,1
554,19,28,1,1
554,20,44,1,1
554,21,88,1,1
554,22,17,1,1
554,23,27,1,1
554,24,3,1,1
554,25,16,1,1
554,26,19,1,1
554,27,0,1,1
554,28,17,1,1
554,29,13,1,1
554,30,17,1,1
554,31,6,1,1
554,32,17,1,1
554,33,7,1,1
555,0,96,1,1
555,1,102,1,1
555,2,76,1,1
555,3,25,1,1
555,4,23,1,1
555,5,71,1,1
555,6,0,1,1
555,7,101,1,1
555,8,13,1,1
555,9,0,1,1
555,10,16,1,1
555,11,64,1,1
555,12,0,1,1
555,13,0,1,1
555,14,0,1,1
555,15,0,1,1
555,16,3,1,1
555,17,90,1,1
555,18,146,1,1
555,19,28,1,1
555,20,31,1,1
555,21,45,1,1
555,22,10,1,1
555,23,36,1,1
555,24,2,1,1
555,25,10,1,1
555,26,14,1,1
555,27,0,1,1
555,28,28,1,1
555,29,20,1,1
555,30,22,1,1
555,31,8,1,1
555,32,19,1,1
555,33,17,1,1
556,0,94,1,1
556,1,79,1,1
556,2,70,1,1
556,3,25,1,1
556,4,17,1,1
556,5,77,1,1
556,6,0,1,1
556,7,123,1,1
556,8,15,1,1
556,9,0,1,1
556,10,14,1,1
556,11,67,1,1
556,12,0,1,1
556,13,0,1,1
556,14,0,1,1
556,15,0,1,1
556,16,4,1,1
556,17,95,1,1
556,18,115,1,1
556,19,34,1,1
556,20,31,1,1
556,21,53,1,1
556,22,19,1,1
556,23,31,1,1
556,24,3,1,1
556,25,14,1,1
556,26,18,1,1
556,27,0,1,1
556,28,25,1,1
556,29,18,1,1
556,30,17,1,1
556,31,12,1,1
556,32,25,1,1
556,33,13,1,1
557,0,90,1,1
557,1,82,1,1
557,2,70,1,1
557,3,27,1,1
557,4,16,1,1
557,5,56,1,1
557,6,0,1,1
557,7,91,1,1
557,8,12,1,1
557,9,0,1,1
557,10,20,1,1
557,11,63,1,1
557,12,0,1,1
557,13,0,1,1
557,14,0,1,1
557,15,0,1,1
557,16,2,1,1
557,17,75,1,1
557,18,123,1,1
557,19,29,1,1
557,20,40,1,1
557,21,49,1,1
557,22,16,1,1
557,23,27,1,1
557,24,2,1,1
557,25,13,1,1
557,26,18,1,1
557,27,0,1,1
557,28,19,1,1
557,29,10,1,1
557,30,20,1,1
557,31,6,1,1
557,32,17,1,1
557,33,10,1,1
558,0,76,1,1
558,1,75,1,1
558,2,47,1,1
558,3,29,1,1
558,4,22,1,1
558,5,56,1,1
558,6,0,1,1
558,7,85,1,1
558,8,10,1,1
558,9,0,1,1
558,10,18,1,1
558,11,52,1,1
558,12,0,1,1
558,13,0,1,1
558,14,0,1,1
558,15,0,1,1
558,16,0,1,1
558,17,61,1,1
558,18,117,1,1
558,19,22,1,1
558,20,34,1,1
558,21,51,1,1
558,22,18,1,1
558,23,34,1,1
558,24,2,1,1
558,25,18,1,1
558,26,15,1,1
558,27,0,1,1
558,28,12,1,1
558,29,11,1,1
558,30,20,1,1
558,31,4,1,1
558,32,18,1,1
558,33,6,1,1
559,0,72,1,1
559,1,83,1,1
559,2,57,1,1
559,3,19,1,1
559,4,23,1,1
559,5,52,1,1
559,6,0,1,1
559,7,78,1,1
559,8,12,1,1
559,9,0,1,1
559,10,17,1,1
559,11,59,1,1
559,12,0,1,1
559,13,0,1,1
559,14,0,1,1
559,15,0,1,1
559,16,4,1,1
559,17,100,1,1
559,18,111,1,1
559,19,46,1,1
559,20,31,1,1
559,21,45,1,1
559,22,11,1,1
559,23,27,1,1
559,24,4,1,1
559,25,10,1,1
559,26,15,1,1
559,27,0,1,1
559,28,27,1,1
559,29,15,1,1
559,30,23,1,1
559,31,3,1,1
559,32,13,1,1
559,33,11,1,1
560,0,83,1,1
560,1,82,1,1
560,2,46,1,1
560,3,14,1,1
560,4,19,1,1
560,5,56,1,1
560,6,0,1,1
560,7,94,1,1
560,8,13,1,1
560,9,0,1,1
560,10,8,1,1
560,11,54,1,1
560,12,0,1,1
560,13,0,1,1
560,14,0,1,1
560,15,0,1,1
560,16,2,1,1
560,17,80,1,1
560,18,116,1,1
560,19,18,1,1
560,20,20,1,1
560,21,49,1,1
560,22,6,1,1
560,23,24,1,1
560,24,1,1,1
560,25,11,1,1
560,26,12,1,1
560,27,0,1,1
560,28,19,1,1
560,29,9,1,1
560,30,14,1,1
560,31,10,1,1
560,32,14,1,1
560,33,5,1,1
561,0,62,1,1
561,1,65,1,1
561,2,46,1,1
561,3,52,1,1
561,4,13,1,1
561,5,51,1,1
561,6,0,1,1
561,7,64,1,1
561,8,7,1,1
561,9,0,1,1
561,10,9,1,1
561,11,38,1,1
561,12,0,1,1
561,13,0,1,1
561,14,0,1,1
561,15,0,1,1
561,16,2,1,1
561,17,91,1,1
561,18,87,1,1
561,19,35,1,1
561,20,30,1,1
561,21,46,1,1
561,22,9,1,1
561,23,23,1,1
561,24,1,1,1
561,25,12,1,1
561,26,12,1,1
561,27,0,1,1
561,28,17,1,1
561,29,20,1,1
561,30,19,1,1
561,31,4,1,1
561,32,10,1,1
561,33,11,1,1
562,0,70,1,1
562,1,90,1,1
562,2,69,1,1
562,3,25,1,1
562,4,16,1,1
562,5,61,1,1
562,6,0,1,1
562,7,59,1,1
562,8,5,1,1
562,9,0,1,1
562,10,8,1,1
562,11,46,1,1
562,12,0,1,1
562,13,0,1,1
562,14,0,1,1
562,15,0,1,1
562,16,2,1,1
562,17,75,1,1
562,18,104,1,1
562,19,23,1,1
562,20,18,1,1
562,21,49,1,1
562,22,5,1,1
562,23,25,1,1
562,24,1,1,1
562,25,7,1,1
562,26,17,1,1
562,27,0,1,1
562,28,15,1,1
562,29,9,1,1
562,30,10,1,1
562,31,5,1,1
562,32,11,1,1
562,33,7,1,1
563,0,85,1,1
563,1,87,1,1
563,2,59,1,1
563,3,14,1,1
563,4,22,1,1
563,5,64,1,1
563,6,0,1,1
563,7,67,1,1
563,8,13,1,1
563,9,0,1,1
563,10,9,1,1
563,11,46,1,1
563,12,0,1,1
563,13,0,1,1
563,14,0,1,1
563,15,0,1,1
563,16,5,1,1
563,17,73,1,1
563,18,98,1,1
563,19,41,1,1
563,20,40,1,1
563,21,35,1,1
563,22,7,1,1
563,23,15,1,1
563,24,1,1,1
563,25,8,1,1
563,26,13,1,1
563,27,0,1,1
563,28,14,1,1
563,29,10,1,1
563,30,11,1,1
563,31,1,1,1
563,32,14,1,1
563,33,4,1,1
564,0,76,1,1
564,1,79,1,1
564,2,65,1,1
564,3,22,1,1
564,4,23,1,1
564,5,89,1,1
564,6,0,1,1
564,7,73,1,1
564,8,16,1,1
564,9,0,1,1
564,10,10,1,1
564,11,59,1,1
564,12,0,1,1
564,13,0,1,1
564,14,0,1,1
564,15,0,1,1
564,16,5,1,1
564,17,76,1,1
564,18,83,1,1
564,19,25,1,1
564,20,39,1,1
564,21,38,1,1
564,22,12,1,1
564,23,31,1,1
564,24,2,1,1
564,25,17,1,1
564,26,14,1,1
564,27,0,1,1
564,28,16,1,1
564,29,16,1,1
564,30,12,1,1
564,31,5,1,1
564,32,8,1,1
564,33,9,1,1
565,0,78,1,1
565,1,89,1,1
565,2,44,1,1
565,3,18,1,1
565,4,20,1,1
565,5,63,1,1
565,6,0,1,1
565,7,79,1,1
565,8,14,1,1
565,9,0,1,1
565,10,10,1,1
565,11,50,1,1
565,12,0,1,1
565,13,0,1,1
565,14,0,1,1
565,15,0,1,1
565,16,1,1,1
565,17,69,1,1
565,18,91,1,1
565,19,26,1,1
565,20,30,1,1
565,21,32,1,1
565,22,9,1,1
565,23,27,1,1
565,24,1,1,1
565,25,4,1,1
565,26,20,1,1
565,27,0,1,1
565,28,18,1,1
565,29,13,1,1
565,30,18,1,1
565,31,5,1,1
565,32,12,1,1
565,33,6,1,1
566,0,51,1,1
566,1,75,1,1
566,2,49,1,1
566,3,14,1,1
566,4,22,1,1
566,5,50,1,1
566,6,0,1,1
566,7,84,1,1
566,8,7,1,1
566,9,0,1,1
566,10,10,1,1
566,11,50,1,1
566,12,0,1,1
566,13,0,1,1
566,14,0,1,1
566,15,0,1,1
566,16,0,1,1
566,17,68,1,1
566,18,89,1,1
566,19,20,1,1
566,20,19,1,1
566,21,33,1,1
566,22,9,1,1
566,23,27,1,1
566,24,0,1,1
566,25,12,1,1
566,26,18,1,1
566,27,0,1,1
566,28,21,1,1
566,29,17,1,1
566,30,19,1,1
566,31,1,1,1
566,32,12,1,1
566,33,8,1,1
567,0,85,1,1
567,1,89,1,1
567,2,65,1,1
567,3,15,1,1
567,4,19,1,1
567,5,69,1,1
567,6,0,1,1
567,7,73,1,1
567,8,11,1,1
567,9,0,1,1
567,10,11,1,1
567,11,45,1,1
567,12,0,1,1
567,13,0,1,1
567,14,0,1,1
567,15,0,1,1
567,16,3,1,1
567,17,57,1,1
567,18,93,1,1
567,19,28,1,1
567,20,28,1,1
567,21,28,1,1
567,22,6,1,1
567,23,24,1,1
567,24,0,1,1
567,25,13,1,1
567,26,16,1,1
567,27,0,1,1
567,28,18,1,1
567,29,8,1,1
567,30,10,1,1
567,31,6,1,1
567,32,9,1,1
567,33,8,1,1
568,0,64,1,1
568,1,96,1,1
568,2,59,1,1
568,3,23,1,1
568,4,15,1,1
568,5,72,1,1
568,6,0,1,1
568,7,62,1,1
568,8,15,1,1
568,9,0,1,1
568,10,9,1,1
568,11,47,1,1
568,12,0,1,1
568,13,0,1,1
568,14,0,1,1
568,15,0,1,1
568,16,2,1,1
568,17,82,1,1
568,18,84,1,1
568,19,13,1,1
568,20,17,1,1
568,21,32,1,1
568,22,12,1,1
568,23,24,1,1
568,24,1,1,1
568,25,6,1,1
568,26,16,1,1
568,27,0,1,1
568,28,15,1,1
568,29,6,1,1
568,30,10,1,1
568,31,5,1,1
568,32,13,1,1
568,33,4,1,1
569,0,35,1,1
569,1,97,1,1
569,2,48,1,1
569,3,19,1,1
569,4,12,1,1
569,5,64,1,1
569,6,0,1,1
569,7,58,1,1
569,8,11,1,1
569,9,0,1,1
569,10,6,1,1
569,11,48,1,1
569,12,0,1,1
569,13,0,1,1
569,14,0,1,1
569,15,0,1,1
569,16,0,1,1
569,17,47,1,1
569,18,80,1,1
569,19,30,1,1
569,20,24,1,1
569,21,25,1,1
569,22,8,1,1
569,23,21,1,1
569,24,1,1,1
569,25,9,1,1
569,26,15,1,1
569,27,0,1,1
569,28,18,1,1
569,29,10,1,1
569,30,12,1,1
569,31,1,1,1
569,32,10,1,1
569,33,5,1,1
570,0,52,1,1
570,1,86,1,1
570,2,51,1,1
570,3,13,1,1
570,4,24,1,1
570,5,64,1,1
570,6,0,1,1
570,7,64,1,1
570,8,6,1,1
570,9,0,1,1
570,10,3,1,1
570,11,40,1,1
570,12,0,1,1
570,13,0,1,1
570,14,0,1,1
570,15,0,1,1
570,16,2,1,1
570,17,84,1,1
570,18,66,1,1
570,19,14,1,1
570,20,13,1,1
570,21,26,1,1
570,22,7,1,1
570,23,16,1,1
570,24,6,1,1
570,25,7,1,1
570,26,12,1,1
570,27,0,1,1
570,28,18,1,1
570,29,8,1,1
570,30,7,1,1
570,31,3,1,1
570,32,10,1,1
570,33,6,1,1
571,0,46,1,1
571,1,59,1,1
571,2,53,1,1
571,3,10,1,1
571,4,14,1,1
571,5,45,1,1
571,6,0,1,1
571,7,73,1,1
571,8,11,1,1
571,9,0,1,1
571,10,3,1,1
571,11,49,1,1
571,12,0,1,1
571,13,0,1,1
571,14,0,1,1
571,15,0,1,1
571,16,0,1,1
571,17,48,1,1
571,18,68,1,1
571,19,18,1,1
571,20,16,1,1
571,21,25,1,1
571,22,9,1,1
571,23,11,1,1
571,24,2,1,1
571,25,6,1,1
571,26,4,1,1
571,27,0,1,1
571,28,14,1,1
571,29,8,1,1
571,30,7,1,1
571,31,3,1,1
571,32,9,1,1
571,33,5,1,1
572,0,52,1,1
572,1,44,1,1
572,2,50,1,1
572,3,7,1,1
572,4,15,1,1
572,5,32,1,1
572,6,0,1,1
572,7,53,1,1
572,8,9,1,1
572,9,0,1,1
572,10,5,1,1
572,11,32,1,1
572,12,0,1,1
572,13,0,1,1
572,14,0,1,1
572,15,0,1,1
572,16,1,1,1
572,17,46,1,1
572,18,61,1,1
572,19,12,1,1
572,20,18,1,1
572,21,62,1,1
572,22,7,1,1
572,23,12,1,1
572,24,1,1,1
572,25,3,1,1
572,26,13,1,1
572,27,0,1,1
572,28,10,1,1
572,29,7,1,1
572,30,9,1,1
572,31,5,1,1
572,32,8,1,1
572,33,5,1,1
573,0,42,1,1
573,1,55,1,1
573,2,43,1,1
573,3,14,1,1
573,4,8,1,1
573,5,37,1,1
573,6,0,1,1
573,7,47,1,1
573,8,1,1,1
573,9,0,1,1
573,10,2,1,1
573,11,33,1,1
573,12,0,1,1
573,13,0,1,1
573,14,0,1,1
573,15,0,1,1
573,16,1,1,1
573,17,48,1,1
573,18,51,1,1
573,19,14,1,1
573,20,21,1,1
573,21,22,1,1
573,22,5,1,1
573,23,11,1,1
573,24,1,1,1
573,25,6,1,1
573,26,12,1,1
573,27,0,1,1
573,28,13,1,1
573,29,3,1,1
573,30,7,1,1
573,31,4,1,1
573,32,13,1,1
573,33,3,1,1
574,0,53,1,1
574,1,40,1,1
574,2,42,1,1
574,3,14,1,1
574,4,18,1,1
574,5,26,1,1
574,6,0,1,1
574,7,50,1,1
574,8,2,1,1
574,9,0,1,1
574,10,3,1,1
574,11,28,1,1
574,12,0,1,1
574,13,0,1,1
574,14,0,1,1
574,15,0,1,1
574,16,1,1,1
574,17,55,1,1
574,18,51,1,1
574,19,11,1,1
574,20,11,1,1
574,21,16,1,1
574,22,2,1,1
574,23,13,1,1
574,24,0,1,1
574,25,0,1,1
574,26,9,1,1
574,27,0,1,1
574,28,8,1,1
574,29,4,1,1
574,30,7,1,1
574,31,3,1,1
574,32,9,1,1
574,33,1,1,1
575,0,33,1,1
575,1,29,1,1
575,2,20,1,1
575,3,11,1,1
575,4,16,1,1
575,5,27,1,1
575,6,0,1,1
575,7,47,1,1
575,8,6,1,1
575,9,0,1,1
575,10,1,1,1
575,11,31,1,1
575,12,0,1,1
575,13,0,1,1
575,14,0,1,1
575,15,0,1,1
575,16,0,1,1
575,17,37,1,1
575,18,38,1,1
575,19,14,1,1
575,20,12,1,1
575,21,53,1,1
575,22,4,1,1
575,23,14,1,1
575,24,1,1,1
575,25,3,1,1
575,26,9,1,1
575,27,0,1,1
575,28,10,1,1
575,29,4,1,1
575,30,9,1,1
575,31,3,1,1
575,32,8,1,1
575,33,5,1,1
576,0,42,1,1
576,1,46,1,1
576,2,31,1,1
576,3,3,1,1
576,4,18,1,1
576,5,32,1,1
576,6,0,1,1
576,7,44,1,1
576,8,5,1,1
576,9,0,1,1
576,10,1,1,1
576,11,27,1,1
576,12,0,1,1
576,13,0,1,1
576,14,0,1,1
576,15,0,1,1
576,16,2,1,1
576,17,44,1,1
576,18,42,1,1
576,19,13,1,1
576,20,9,1,1
576,21,30,1,1
576,22,10,1,1
576,23,17,1,1
576,24,1,1,1
576,25,6,1,1
576,26,7,1,1
576,27,0,1,1
576,28,8,1,1
576,29,6,1,1
576,30,8,1,1
576,31,1,1,1
576,32,14,1,1
576,33,2,1,1
577,0,36,1,1
577,1,26,1,1
577,2,30,1,1
577,3,11,1,1
577,4,6,1,1
577,5,25,1,1
577,6,0,1,1
577,7,39,1,1
577,8,4,1,1
577,9,0,1,1
577,10,6,1,1
577,11,22,1,1
577,12,0,1,1
577,13,0,1,1
577,14,0,1,1
577,15,0,1,1
577,16,3,1,1
577,17,35,1,1
577,18,52,1,1
577,19,10,1,1
577,20,11,1,1
577,21,33,1,1
577,22,5,1,1
577,23,9,1,1
577,24,1,1,1
577,25,6,1,1
577,26,11,1,1
577,27,0,1,1
577,28,4,1,1
577,29,6,1,1
577,30,5,1,1
577,31,2,1,1
577,32,7,1,1
577,33,3,1,1
578,0,38,1,1
578,1,40,1,1
578,2,29,1,1
578,3,5,1,1
578,4,8,1,1
578,5,28,1,1
578,6,0,1,1
578,7,31,1,1
578,8,7,1,1
578,9,0,1,1
578,10,1,1,1
578,11,18,1,1
578,12,0,1,1
578,13,0,1,1
578,14,0,1,1
578,15,0,1,1
578,16,0,1,1
578,17,36,1,1
578,18,35,1,1
578,19,11,1,1
578,20,10,1,1
578,21,22,1,1
578,22,2,1,1
578,23,8,1,1
578,24,2,1,1
578,25,4,1,1
578,26,4,1,1
578,27,0,1,1
578,28,7,1,1
578,29,2,1,1
578,30,4,1,1
578,31,2,1,1
578,32,3,1,1
578,33,2,1,1
579,0,22,1,1
579,1,34,1,1
579,2,24,1,1
579,3,17,1,1
579,4,4,1,1
579,5,21,1,1
579,6,0,1,1
579,7,25,1,1
579,8,5,1,1
579,9,0,1,1
579,10,3,1,1
579,11,12,1,1
579,12,0,1,1
579,13,0,1,1
579,14,0,1,1
579,15,0,1,1
579,16,1,1,1
579,17,27,1,1
579,18,31,1,1
579,19,12,1,1
579,20,13,1,1
579,21,11,1,1
579,22,3,1,1
579,23,7,1,1
579,24,1,1,1
579,25,5,1,1
579,26,9,1,1
579,27,0,1,1
579,28,6,1,1
579,29,2,1,1
579,30,6,1,1
579,31,1,1,1
579,32,6,1,1
579,33,3,1,1
580,0,25,1,1
580,1,26,1,1
580,2,26,1,1
580,3,4,1,1
580,4,8,1,1
580,5,19,1,1
580,6,0,1,1
580,7,29,1,1
580,8,4,1,1
580,9,0,1,1
580,10,1,1,1
580,11,21,1,1
580,12,0,1,1
580,13,0,1,1
580,14,0,1,1
580,15,0,1,1
580,16,0,1,1
580,17,26,1,1
580,18,31,1,1
580,19,12,1,1
580,20,2,1,1
580,21,19,1,1
580,22,0,1,1
580,23,9,1,1
580,24,3,1,1
580,25,3,1,1
580,26,4,1,1
580,27,0,1,1
580,28,8,1,1
580,29,3,1,1
580,30,6,1,1
580,31,0,1,1
580,32,3,1,1
580,33,4,1,1
581,0,13,1,1
581,1,24,1,1
581,2,16,1,1
581,3,5,1,1
581,4,10,1,1
581,5,21,1,1
581,6,0,1,1
581,7,22,1,1
581,8,4,1,1
581,9,0,1,1
581,10,1,1,1
581,11,13,1,1
581,12,0,1,1
581,13,0,1,1
581,14,0,1,1
581,15,0,1,1
581,16,0,1,1
581,17,29,1,1
581,18,30,1,1
581,19,6,1,1
581,20,4,1,1
581,21,10,1,1
581,22,3,1,1
581,23,11,1,1
581,24,0,1,1
581,25,1,1,1
581,26,3,1,1
581,27,0,1,1
581,28,3,1,1
581,29,2,1,1
581,30,3,1,1
581,31,2,1,1
581,32,8,1,1
581,33,2,1,1
582,0,15,1,1
582,1,20,1,1
582,2,20,1,1
582,3,4,1,1
582,4,5,1,1
582,5,15,1,1
582,6,0,1,1
582,7,26,1,1
582,8,1,1,1
582,9,0,1,1
582,10,0,1,1
582,11,17,1,1
582,12,0,1,1
582,13,0,1,1
582,14,0,1,1
582,15,0,1,1
582,16,1,1,1
582,17,24,1,1
582,18,21,1,1
582,19,5,1,1
582,20,4,1,1
582,21,9,1,1
582,22,0,1,1
582,23,4,1,1
582,24,0,1,1
582,25,1,1,1
582,26,3,1,1
582,27,0,1,1
582,28,4,1,1
582,29,0,1,1
582,30,1,1,1
582,31,0,1,1
582,32,2,1,1
582,33,1,1,1
583,0,16,1,1
583,1,13,1,1
583,2,8,1,1
583,3,3,1,1
583,4,2,1,1
583,5,9,1,1
583,6,0,1,1
583,7,20,1,1
583,8,1,1,1
583,9,0,1,1
583,10,0,1,1
583,11,10,1,1
583,12,0,1,1
583,13,0,1,1
583,14,0,1,1
583,15,0,1,1
583,16,0,1,1
583,17,10,1,1
583,18,18,1,1
583,19,2,1,1
583,20,1,1,1
583,21,4,1,1
583,22,1,1,1
583,23,3,1,1
583,24,0,1,1
583,25,3,1,1
583,26,3,1,1
583,27,0,1,1
583,28,1,1,1
583,29,1,1,1
583,30,2,1,1
583,31,1,1,1
583,32,8,1,1
583,33,1,1,1
584,0,14,1,1
584,1,15,1,1
584,2,12,1,1
584,3,4,1,1
584,4,2,1,1
584,5,11,1,1
584,6,0,1,1
584,7,23,1,1
584,8,1,1,1
584,9,0,1,1
584,10,0,1,1
584,11,16,1,1
584,12,0,1,1
584,13,0,1,1
584,14,0,1,1
584,15,0,1,1
584,16,0,1,1
584,17,13,1,1
584,18,17,1,1
584,19,3,1,1
584,20,4,1,1
584,21,4,1,1
584,22,4,1,1
584,23,4,1,1
584,24,1,1,1
584,25,1,1,1
584,26,2,1,1
584,27,0,1,1
584,28,5,1,1
584,29,1,1,1
584,30,1,1,1
584,31,3,1,1
584,32,2,1,1
584,33,1,1,1
585,0,11,1,1
585,1,14,1,1
585,2,9,1,1
585,3,2,1,1
585,4,3,1,1
585,5,12,1,1
585,6,0,1,1
585,7,10,1,1
585,8,2,1,1
585,9,0,1,1
585,10,1,1,1
585,11,9,1,1
585,12,0,1,1
585,13,0,1,1
585,14,0,1,1
585,15,0,1,1
585,16,1,1,1
585,17,10,1,1
585,18,13,1,1
585,19,3,1,1
585,20,5,1,1
585,21,6,1,1
585,22,1,1,1
585,23,3,1,1
585,24,0,1,1
585,25,0,1,1
585,26,3,1,1
585,27,0,1,1
585,28,0,1,1
585,29,1,1,1
585,30,5,1,1
585,31,2,1,1
585,32,2,1,1
585,33,0,1,1
586,0,17,1,1
586,1,16,1,1
586,2,6,1,1
586,3,0,1,1
586,4,2,1,1
586,5,16,1,1
586,6,0,1,1
586,7,19,1,1
586,8,3,1,1
586,9,0,1,1
586,10,0,1,1
586,11,10,1,1
586,12,0,1,1
586,13,0,1,1
586,14,0,1,1
586,15,0,1,1
586,16,0,1,1
586,17,15,1,1
586,18,10,1,1
586,19,4,1,1
586,20,2,1,1
586,21,8,1,1
586,22,2,1,1
586,23,4,1,1
586,24,0,1,1
586,25,2,1,1
586,26,2,1,1
586,27,0,1,1
586,28,0,1,1
586,29,3,1,1
586,30,1,1,1
586,31,0,1,1
586,32,0,1,1
586,33,2,1,1
587,0,6,1,1
587,1,7,1,1
587,2,3,1,1
587,3,0,1,1
587,4,2,1,1
587,5,10,1,1
587,6,0,1,1
587,7,8,1,1
587,8,1,1,1
587,9,0,1,1
587,10,2,1,1
587,11,8,1,1
587,12,0,1,1
587,13,0,1,1
587,14,0,1,1
587,15,0,1,1
587,16,0,1,1
587,17,9,1,1
587,18,12,1,1
587,19,2,1,1
587,20,3,1,1
587,21,8,1,1
587,22,0,1,1
587,23,0,1,1
587,24,0,1,1
587,25,0,1,1
587,26,3,1,1
587,27,0,1,1
587,28,2,1,1
587,29,2,1,1
587,30,0,1,1
587,31,0,1,1
587,32,1,1,1
587,33,3,1,1
588,0,10,1,1
588,1,9,1,1
588,2,10,1,1
588,3,2,1,1
588,4,0,1,1
588,5,6,1,1
588,6,0,1,1
588,7,10,1,1
588,8,1,1,1
588,9,0,1,1
588,10,0,1,1
588,11,7,1,1
588,12,0,1,1
588,13,0,1,1
588,14,0,1,1
588,15,0,1,1
588,16,0,1,1
588,17,11,1,1
588,18,6,1,1
588,19,0,1,1
588,20,0,1,1
588,21,5,1,1
588,22,0,1,1
588,23,2,1,1
588,24,0,1,1
588,25,0,1,1
588,26,2,1,1
588,27,0,1,1
588,28,6,1,1
588,29,0,1,1
588,30,1,1,1
588,31,1,1,1
588,32,3,1,1
588,33,0,1,1
589,0,8,1,1
589,1,12,1,1
589,2,1,1,1
589,3,0,1,1
589,4,1,1,1
589,5,9,1,1
589,6,0,1,1
589,7,5,1,1
589,8,3,1,1
589,9,0,1,1
589,10,0,1,1
589,11,7,1,1
589,12,0,1,1
589,13,0,1,1
589,14,0,1,1
589,15,0,1,1
589,16,2,1,1
589,17,10,1,1
589,18,8,1,1
589,19,3,1,1
589,20,2,1,1
589,21,5,1,1
589,22,1,1,1
589,23,1,1,1
589,24,0,1,1
589,25,2,1,1
589,26,1,1,1
589,27,0,1,1
589,28,2,1,1
589,29,1,1,1
589,30,1,1,1
589,31,0,1,1
589,32,1,1,1
589,33,1,1,1
590,0,4,1,1
590,1,9,1,1
590,2,3,1,1
590,3,1,1,1
590,4,1,1,1
590,5,7,1,1
590,6,0,1,1
590,7,6,1,1
590,8,0,1,1
590,9,0,1,1
590,10,1,1,1
590,11,4,1,1
590,12,0,1,1
590,13,0,1,1
590,14,0,1,1
590,15,0,1,1
590,16,2,1,1
590,17,3,1,1
590,18,4,1,1
590,19,5,1,1
590,20,2,1,1
590,21,1,1,1
590,22,2,1,1
590,23,4,1,1
590,24,0,1,1
590,25,1,1,1
590,26,2,1,1
590,27,0,1,1
590,28,3,1,1
590,29,1,1,1
590,30,1,1,1
590,31,1,1,1
590,32,2,1,1
590,33,1,1,1
591,0,4,1,1
591,1,9,1,1
591,2,3,1,1
591,3,1,1,1
591,4,0,1,1
591,5,8,1,1
591,6,0,1,1
591,7,11,1,1
591,8,4,1,1
591,9,0,1,1
591,10,0,1,1
591,11,4,1,1
591,12,0,1,1
591,13,0,1,1
591,14,0,1,1
591,15,0,1,1
591,16,0,1,1
591,17,5,1,1
591,18,10,1,1
591,19,1,1,1
591,20,2,1,1
591,21,5,1,1
591,22,0,1,1
591,23,1,1,1
591,24,0,1,1
591,25,0,1,1
591,26,0,1,1
591,27,0,1,1
591,28,2,1,1
591,29,2,1,1
591,30,0,1,1
591,31,0,1,1
591,32,1,1,1
591,33,0,1,1
592,0,2,1,1
592,1,7,1,1
592,2,3,1,1
592,3,2,1,1
592,4,0,1,1
592,5,2,1,1
592,6,0,1,1
592,7,9,1,1
592,8,2,1,1
592,9,0,1,1
592,10,0,1,1
592,11,6,1,1
592,12,0,1,1
592,13,0,1,1
592,14,0,1,1
592,15,0,1,1
592,16,0,1,1
592,17,8,1,1
592,18,9,1,1
592,19,2,1,1
592,20,3,1,1
592,21,7,1,1
592,22,4,1,1
592,23,4,1,1
592,24,0,1,1
592,25,2,1,1
592,26,0,1,1
592,27,0,1,1
592,28,2,1,1
592,29,2,1,1
592,30,2,1,1
592,31,0,1,1
592,32,1,1,1
592,33,1,1,1
593,0,7,1,1
593,1,5,1,1
593,2,5,1,1
593,3,0,1,1
593,4,0,1,1
593,5,6,1,1
593,6,0,1,1
593,7,3,1,1
593,8,4,1,1
593,9,0,1,1
593,10,0,1,1
593,11,3,1,1
593,12,0,1,1
593,13,0,1,1
593,14,0,1,1
593,15,0,1,1
593,16,1,1,1
593,17,8,1,1
593,18,6,1,1
593,19,1,1,1
593,20,0,1,1
593,21,5,1,1
593,22,0,1,1
593,23,0,1,1
593,24,0,1,1
593,25,2,1,1
593,26,0,1,1
593,27,0,1,1
593,28,2,1,1
593,29,1,1,1
593,30,3,1,1
593,31,0,1,1
593,32,2,1,1
593,33,0,1,1
594,0,2,1,1
594,1,11,1,1
594,2,2,1,1
594,3,2,1,1
594,4,1,1,1
594,5,5,1,1
594,6,0,1,1
594,7,6,1,1
594,8,1,1,1
594,9,0,1,1
594,10,0,1,1
594,11,4,1,1
594,12,0,1,1
594,13,0,1,1
594,14,0,1,1
594,15,0,1,1
594,16,0,1,1
594,17,5,1,1
594,18,1,1,1
594,19,1,1,1
594,20,1,1,1
594,21,0,1,1
594,22,1,1,1
594,23,1,1,1
594,24,0,1,1
594,25,0,1,1
594,26,1,1,1
594,27,0,1,1
594,28,1,1,1
594,29,1,1,1
594,30,0,1,1
594,31,1,1,1
594,32,0,1,1
594,33,0,1,1
595,0,5,1,1
595,1,8,1,1
595,2,1,1,1
595,3,2,1,1
595,4,1,1,1
595,5,5,1,1
595,6,0,1,1
595,7,5,1,1
595,8,0,1,1
595,9,0,1,1
595,10,1,1,1
595,11,3,1,1
595,12,0,1,1
595,13,0,1,1
595,14,0,1,1
595,15,0,1,1
595,16,0,1,1
595,17,2,1,1
595,18,5,1,1
595,19,1,1,1
595,20,2,1,1
595,21,1,1,1
595,22,0,1,1
595,23,2,1,1
595,24,0,1,1
595,25,0,1,1
595,26,1,1,1
595,27,0,1,1
595,28,1,1,1
595,29,1,1,1
595,30,0,1,1
595,31,0,1,1
595,32,1,1,1
595,33,2,1,1
596,0,5,1,1
596,1,4,1,1
596,2,0,1,1
596,3,1,1,1
596,4,0,1,1
596,5,4,1,1
596,6,0,1,1
596,7,6,1,1
596,8,0,1,1
596,9,0,1,1
596,10,0,1,1
596,11,2,1,1
596,12,0,1,1
596,13,0,1,1
596,14,0,1,1
596,15,0,1,1
596,16,0,1,1
596,17,3,1,1
596,18,3,1,1
596,19,3,1,1
596,20,1,1,1
596,21,1,1,1
596,22,1,1,1
596,23,2,1,1
596,24,0,1,1
596,25,1,1,1
596,26,0,1,1
596,27,0,1,1
596,28,0,1,1
596,29,0,1,1
596,30,0,1,1
596,31,0,1,1
596,32,1,1,1
596,33,0,1,1
597,0,3,1,1
597,1,6,1,1
597,2,1,1,1
597,3,0,1,1
597,4,1,1,1
597,5,5,1,1
597,6,0,1,1
597,7,2,1,1
597,8,1,1,1
597,9,0,1,1
597,10,0,1,1
597,11,1,1,1
597,12,0,1,1
597,13,0,1,1
597,14,0,1,1
597,15,0,1,1
597,16,0,1,1
597,17,5,1,1
597,18,1,1,1
597,19,0,1,1
597,20,0,1,1
597,21,2,1,1
597,22,0,1,1
597,23,0,1,1
597,24,0,1,1
597,25,0,1,1
597,26,0,1,1
597,27,0,1,1
597,28,0,1,1
597,29,0,1,1
597,30,1,1,1
597,31,0,1,1
597,32,0,1,1
597,33,0,1,1
598,0,7,1,1
598,1,5,1,1
598,2,4,1,1
598,3,3,1,1
598,4,0,1,1
598,5,4,1,1
598,6,0,1,1
598,7,4,1,1
598,8,0,1,1
598,9,0,1,1
598,10,0,1,1
598,11,3,1,1
598,12,0,1,1
598,13,0,1,1
598,14,0,1,1
598,15,0,1,1
598,16,0,1,1
598,17,2,1,1
598,18,4,1,1
598,19,0,1,1
598,20,0,1,1
598,21,1,1,1
598,22,1,1,1
598,23,0,1,1
598,24,0,1,1
598,25,1,1,1
598,26,1,1,1
598,27,0,1,1
598,28,2,1,1
598,29,2,1,1
598,30,0,1,1
598,31,0,1,1
598,32,1,1,1
598,33,1,1,1
599,0,5,1,1
599,1,9,1,1
599,2,1,1,1
599,3,0,1,1
599,4,4,1,1
599,5,5,1,1
599,6,0,1,1
599,7,5,1,1
599,8,1,1,1
599,9,0,1,1
599,10,1,1,1
599,11,2,1,1
599,12,0,1,1
599,13,0,1,1
599,14,0,1,1
599,15,0,1,1
599,16,0,1,1
599,17,4,1,1
599,18,2,1,1
599,19,3,1,1
599,20,1,1,1
599,21,2,1,1
599,22,0,1,1
599,23,1,1,1
599,24,0,1,1
599,25,0,1,1
599,26,0,1,1
599,27,0,1,1
599,28,1,1,1
599,29,1,1,1
599,30,1,1,1
599,31,0,1,1
599,32,1,1,1
599,33,0,1,1
600,0,2,1,1
600,1,3,1,1
600,2,1,1,1
600,3,1,1,1
600,4,0,1,1
600,5,1,1,1
600,6,0,1,1
600,7,0,1,1
600,8,2,1,1
600,9,0,1,1
600,10,0,1,1
600,11,0,1,1
600,12,0,1,1
600,13,0,1,1
600,14,0,1,1
600,15,0,1,1
600,16,0,1,1
600,17,2,1,1
600,18,3,1,1
600,19,0,1,1
600,20,1,1,1
600,21,3,1,1
600,22,0,1,1
600,23,0,1,1
600,24,0,1,1
600,25,0,1,1
600,26,0,1,1
600,27,0,1,1
600,28,0,1,1
600,29,0,1,1
600,30,0,1,1
600,31,0,1,1
600,32,0,1,1
600,33,0,1,1
601,0,5,1,1
601,1,3,1,1
601,2,4,1,1
601,3,1,1,1
601,4,0,1,1
601,5,4,1,1
601,6,0,1,1
601,7,4,1,1
601,8,0,1,1
601,9,0,1,1
601,10,1,1,1
601,11,1,1,1
601,12,0,1,1
601,13,0,1,1
601,14,0,1,1
601,15,0,1,1
601,16,0,1,1
601,17,3,1,1
601,18,1,1,1
601,19,0,1,1
601,20,0,1,1
601,21,1,1,1
601,22,0,1,1
601,23,1,1,1
601,24,0,1,1
601,25,0,1,1
601,26,1,1,1
601,27,0,1,1
601,28,2,1,1
601,29,0,1,1
601,30,2,1,1
601,31,0,1,1
601,32,0,1,1
601,33,0,1,1
602,0,4,1,1
602,1,6,1,1
602,2,2,1,1
602,3,1,1,1
602,4,0,1,1
602,5,4,1,1
602,6,0,1,1
602,7,2,1,1
602,8,0,1,1
602,9,0,1,1
602,10,1,1,1
602,11,1,1,1
602,12,0,1,1
602,13,0,1,1
602,14,0,1,1
602,15,0,1,1
602,16,0,1,1
602,17,1,1,1
602,18,2,1,1
602,19,1,1,1
602,20,3,1,1
602,21,2,1,1
602,22,0,1,1
602,23,3,1,1
602,24,0,1,1
602,25,0,1,1
602,26,2,1,1
602,27,0,1,1
602,28,0,1,1
602,29,0,1,1
602,30,0,1,1
602,31,0,1,1
602,32,0,1,1
602,33,0,1,1
603,0,2,1,1
603,1,2,1,1
603,2,1,1,1
603,3,2,1,1
603,4,0,1,1
603,5,1,1,1
603,6,0,1,1
603,7,6,1,1
603,8,0,1,1
603,9,0,1,1
603,10,0,1,1
603,11,5,1,1
603,12,0,1,1
603,13,0,1,1
603,14,0,1,1
603,15,0,1,1
603,16,0,1,1
603,17,4,1,1
603,18,4,1,1
603,19,1,1,1
603,20,0,1,1
603,21,2,1,1
603,22,0,1,1
603,23,1,1,1
603,24,0,1,1
603,25,0,1,1
603,26,0,1,1
603,27,0,1,1
603,28,1,1,1
603,29,0,1,1
603,30,1,1,1
603,31,0,1,1
603,32,1,1,1
603,33,0,1,1
604,0,4,1,1
604,1,5,1,1
604,2,1,1,1
604,3,0,1,1
604,4,0,1,1
604,5,2,1,1
604,6,0,1,1
604,7,2,1,1
604,8,1,1,1
604,9,0,1,1
604,10,0,1,1
604,11,4,1,1
604,12,0,1,1
604,13,0,1,1
604,14,0,1,1
604,15,0,1,1
604,16,0,1,1
604,17,1,1,1
604,18,4,1,1
604,19,0,1,1
604,20,0,1,1
604,21,1,1,1
604,22,2,1,1
604,23,4,1,1
604,24,0,1,1
604,25,0,1,1
604,26,0,1,1
604,27,0,1,1
604,28,1,1,1
604,29,0,1,1
604,30,0,1,1
604,31,0,1,1
604,32,0,1,1
604,33,0,1,1
605,0,7,1,1
605,1,4,1,1
605,2,2,1,1
605,3,0,1,1
605,4,0,1,1
605,5,4,1,1
605,6,0,1,1
605,7,3,1,1
605,8,1,1,1
605,9,0,1,1
605,10,1,1,1
605,11,3,1,1
605,12,0,1,1
605,13,0,1,1
605,14,0,1,1
605,15,0,1,1
605,16,0,1,1
605,17,5,1,1
605,18,3,1,1
605,19,0,1,1
605,20,2,1,1
605,21,0,1,1
605,22,1,1,1
605,23,3,1,1
605,24,0,1,1
605,25,2,1,1
605,26,1,1,1
605,27,0,1,1
605,28,0,1,1
605,29,1,1,1
605,30,0,1,1
605,31,1,1,1
605,32,1,1,1
605,33,0,1,1
606,0,5,1,1
606,1,7,1,1
606,2,4,1,1
606,3,0,1,1
606,4,1,1,1
606,5,4,1,1
606,6,0,1,1
606,7,3,1,1
606,8,4,1,1
606,9,0,1,1
606,10,2,1,1
606,11,3,1,1
606,12,0,1,1
606,13,0,1,1
606,14,0,1,1
606,15,0,1,1
606,16,1,1,1
606,17,4,1,1
606,18,2,1,1
606,19,2,1,1
606,20,0,1,1
606,21,4,1,1
606,22,5,1,1
606,23,0,1,1
606,24,0,1,1
606,25,2,1,1
606,26,2,1,1
606,27,0,1,1
606,28,0,1,1
606,29,1,1,1
606,30,2,1,1
606,31,0,1,1
606,32,0,1,1
606,33,0,1,1
607,0,6,1,1
607,1,7,1,1
607,2,2,1,1
607,3,0,1,1
607,4,2,1,1
607,5,4,1,1
607,6,0,1,1
607,7,4,1,1
607,8,1,1,1
607,9,0,1,1
607,10,0,1,1
607,11,2,1,1
607,12,0,1,1
607,13,0,1,1
607,14,0,1,1
607,15,0,1,1
607,16,0,1,1
607,17,5,1,1
607,18,5,1,1
607,19,0,1,1
607,20,0,1,1
607,21,2,1,1
607,22,0,1,1
607,23,1,1,1
607,24,0,1,1
607,25,2,1,1
607,26,0,1,1
607,27,0,1,1
607,28,1,1,1
607,29,1,1,1
607,30,0,1,1
607,31,0,1,1
607,32,4,1,1
607,33,1,1,1
608,0,6,1,1
608,1,4,1,1
608,2,4,1,1
608,3,2,1,1
608,4,6,1,1
608,5,4,1,1
608,6,0,1,1
608,7,3,1,1
608,8,1,1,1
608,9,0,1,1
608,10,1,1,1
608,11,1,1,1
608,12,0,1,1
608,13,0,1,1
608,14,0,1,1
608,15,0,1,1
608,16,0,1,1
608,17,1,1,1
608,18,3,1,1
608,19,3,1,1
608,20,1,1,1
608,21,1,1,1
608,22,4,1,1
608,23,0,1,1
608,24,0,1,1
608,25,1,1,1
608,26,2,1,1
608,27,0,1,1
608,28,1,1,1
608,29,1,1,1
608,30,3,1,1
608,31,1,1,1
608,32,7,1,1
608,33,0,1,1
609,0,12,1,1
609,1,20,1,1
609,2,1,1,1
609,3,2,1,1
609,4,1,1,1
609,5,8,1,1
609,6,0,1,1
609,7,5,1,1
609,8,2,1,1
609,9,0,1,1
609,10,0,1,1
609,11,3,1,1
609,12,0,1,1
609,13,0,1,1
609,14,0,1,1
609,15,0,1,1
609,16,0,1,1
609,17,15,1,1
609,18,11,1,1
609,19,2,1,1
609,20,6,1,1
609,21,1,1,1
609,22,1,1,1
609,23,7,1,1
609,24,0,1,1
609,25,1,1,1
609,26,2,1,1
609,27,0,1,1
609,28,2,1,1
609,29,1,1,1
609,30,3,1,1
609,31,0,1,1
609,32,2,1,1
609,33,0,1,1
610,0,22,1,1
610,1,18,1,1
610,2,4,1,1
610,3,6,1,1
610,4,4,1,1
610,5,13,1,1
610,6,0,1,1
610,7,8,1,1
610,8,0,1,1
610,9,0,1,1
610,10,1,1,1
610,11,9,1,1
610,12,0,1,1
610,13,0,1,1
610,14,0,1,1
610,15,0,1,1
610,16,0,1,1
610,17,18,1,1
610,18,8,1,1
610,19,8,1,1
610,20,2,1,1
610,21,5,1,1
610,22,4,1,1
610,23,2,1,1
610,24,0,1,1
610,25,2,1,1
610,26,2,1,1
610,27,0,1,1
610,28,2,1,1
610,29,1,1,1
610,30,4,1,1
610,31,0,1,1
610,32,1,1,1
610,33,1,1,1
611,0,19,1,1
611,1,22,1,1
611,2,6,1,1
611,3,1,1,1
611,4,2,1,1
611,5,14,1,1
611,6,0,1,1
611,7,8,1,1
611,8,2,1,1
611,9,0,1,1
611,10,3,1,1
611,11,7,1,1
611,12,0,1,1
611,13,0,1,1
611,14,0,1,1
611,15,0,1,1
611,16,0,1,1
611,17,24,1,1
611,18,17,1,1
611,19,1,1,1
611,20,4,1,1
611,21,2,1,1
611,22,1,1,1
611,23,3,1,1
611,24,0,1,1
611,25,1,1,1
611,26,4,1,1
611,27,0,1,1
611,28,3,1,1
611,29,1,1,1
611,30,6,1,1
611,31,0,1,1
611,32,3,1,1
611,33,3,1,1
612,0,17,1,1
612,1,29,1,1
612,2,8,1,1
612,3,1,1,1
612,4,7,1,1
612,5,22,1,1
612,6,0,1,1
612,7,12,1,1
612,8,0,1,1
612,9,0,1,1
612,10,4,1,1
612,11,6,1,1
612,12,0,1,1
612,13,0,1,1
612,14,0,1,1
612,15,0,1,1
612,16,1,1,1
612,17,26,1,1
612,18,12,1,1
612,19,4,1,1
612,20,9,1,1
612,21,10,1,1
612,22,1,1,1
612,23,8,1,1
612,24,0,1,1
612,25,1,1,1
612,26,3,1,1
612,27,0,1,1
612,28,2,1,1
612,29,3,1,1
612,30,8,1,1
612,31,1,1,1
612,32,7,1,1
612,33,2,1,1
613,0,31,1,1
613,1,35,1,1
613,2,11,1,1
613,3,0,1,1
613,4,6,1,1
613,5,19,1,1
613,6,0,1,1
613,7,16,1,1
613,8,5,1,1
613,9,0,1,1
613,10,1,1,1
613,11,9,1,1
613,12,0,1,1
613,13,0,1,1
613,14,0,1,1
613,15,0,1,1
613,16,0,1,1
613,17,36,1,1
613,18,19,1,1
613,19,7,1,1
613,20,12,1,1
613,21,11,1,1
613,22,2,1,1
613,23,14,1,1
613,24,1,1,1
613,25,4,1,1
613,26,8,1,1
613,27,0,1,1
613,28,5,1,1
613,29,1,1,1
613,30,6,1,1
613,31,1,1,1
613,32,8,1,1
613,33,0,1,1
614,0,46,1,1
614,1,42,1,1
614,2,22,1,1
614,3,7,1,1
614,4,10,1,1
614,5,16,1,1
614,6,0,1,1
614,7,9,1,1
614,8,6,1,1
614,9,0,1,1
614,10,5,1,1
614,11,11,1,1
614,12,0,1,1
614,13,0,1,1
614,14,0,1,1
614,15,0,1,1
614,16,0,1,1
614,17,45,1,1
614,18,33,1,1
614,19,7,1,1
614,20,19,1,1
614,21,12,1,1
614,22,5,1,1
614,23,15,1,1
614,24,0,1,1
614,25,6,1,1
614,26,10,1,1
614,27,0,1,1
614,28,5,1,1
614,29,5,1,1
614,30,9,1,1
614,31,4,1,1
614,32,8,1,1
614,33,6,1,1
615,0,54,1,1
615,1,71,1,1
615,2,15,1,1
615,3,10,1,1
615,4,13,1,1
615,5,35,1,1
615,6,0,1,1
615,7,11,1,1
615,8,7,1,1
615,9,0,1,1
615,10,10,1,1
615,11,10,1,1
615,12,0,1,1
615,13,0,1,1
615,14,0,1,1
615,15,0,1,1
615,16,1,1,1
615,17,49,1,1
615,18,34,1,1
615,19,10,1,1
615,20,15,1,1
615,21,12,1,1
615,22,2,1,1
615,23,17,1,1
615,24,2,1,1
615,25,6,1,1
615,26,13,1,1
615,27,0,1,1
615,28,5,1,1
615,29,7,1,1
615,30,7,1,1
615,31,1,1,1
615,32,12,1,1
615,33,4,1,1
616,0,68,1,1
616,1,73,1,1
616,2,24,1,1
616,3,8,1,1
616,4,15,1,1
616,5,45,1,1
616,6,0,1,1
616,7,17,1,1
616,8,6,1,1
616,9,0,1,1
616,10,5,1,1
616,11,15,1,1
616,12,0,1,1
616,13,0,1,1
616,14,0,1,1
616,15,0,1,1
616,16,0,1,1
616,17,72,1,1
616,18,56,1,1
616,19,13,1,1
616,20,26,1,1
616,21,17,1,1
616,22,11,1,1
616,23,22,1,1
616,24,0,1,1
616,25,9,1,1
616,26,16,1,1
616,27,0,1,1
616,28,7,1,1
616,29,4,1,1
616,30,19,1,1
616,31,5,1,1
616,32,11,1,1
616,33,2,1,1
617,0,95,1,1
617,1,104,1,1
617,2,28,1,1
617,3,11,1,1
617,4,27,1,1
617,5,55,1,1
617,6,0,1,1
617,7,29,1,1
617,8,11,1,1
617,9,0,1,1
617,10,5,1,1
617,11,23,1,1
617,12,0,1,1
617,13,0,1,1
617,14,0,1,1
617,15,0,1,1
617,16,0,1,1
617,17,86,1,1
617,18,77,1,1
617,19,20,1,1
617,20,26,1,1
617,21,33,1,1
617,22,11,1,1
617,23,20,1,1
617,24,1,1,1
617,25,5,1,1
617,26,25,1,1
617,27,0,1,1
617,28,20,1,1
617,29,8,1,1
617,30,16,1,1
617,31,7,1,1
617,32,16,1,1
617,33,8,1,1
618,0,114,1,1
618,1,131,1,1
618,2,36,1,1
618,3,15,1,1
618,4,27,1,1
618,5,79,1,1
618,6,0,1,1
618,7,29,1,1
618,8,9,1,1
618,9,0,1,1
618,10,6,1,1
618,11,20,1,1
618,12,0,1,1
618,13,0,1,1
618,14,0,1,1
618,15,0,1,1
618,16,0,1,1
618,17,104,1,1
618,18,63,1,1
618,19,14,1,1
618,20,29,1,1
618,21,22,1,1
618,22,3,1,1
618,23,13,1,1
618,24,2,1,1
618,25,12,1,1
618,26,22,1,1
618,27,0,1,1
618,28,16,1,1
618,29,6,1,1
618,30,17,1,1
618,31,13,1,1
618,32,13,1,1
618,33,7,1,1
619,0,146,1,1
619,1,132,1,1
619,2,38,1,1
619,3,14,1,1
619,4,26,1,1
619,5,78,1,1
619,6,0,1,1
619,7,40,1,1
619,8,12,1,1
619,9,0,1,1
619,10,13,1,1
619,11,23,1,1
619,12,0,1,1
619,13,0,1,1
619,14,0,1,1
619,15,0,1,1
619,16,2,1,1
619,17,109,1,1
619,18,71,1,1
619,19,25,1,1
619,20,37,1,1
619,21,28,1,1
619,22,12,1,1
619,23,27,1,1
619,24,3,1,1
619,25,5,1,1
619,26,27,1,1
619,27,0,1,1
619,28,14,1,1
619,29,6,1,1
619,30,10,1,1
619,31,5,1,1
619,32,13,1,1
619,33,4,1,1
620,0,150,1,1
620,1,183,1,1
620,2,55,1,1
620,3,16,1,1
620,4,27,1,1
620,5,78,1,1
620,6,0,1,1
620,7,51,1,1
620,8,8,1,1
620,9,0,1,1
620,10,8,1,1
620,11,26,1,1
620,12,0,1,1
620,13,0,1,1
620,14,0,1,1
620,15,0,1,1
620,16,1,1,1
620,17,134,1,1
620,18,70,1,1
620,19,28,1,1
620,20,51,1,1
620,21,22,1,1
620,22,10,1,1
620,23,38,1,1
620,24,2,1,1
620,25,4,1,1
620,26,26,1,1
620,27,0,1,1
620,28,16,1,1
620,29,8,1,1
620,30,14,1,1
620,31,8,1,1
620,32,8,1,1
620,33,6,1,1
621,0,194,1,1
621,1,213,1,1
621,2,61,1,1
621,3,22,1,1
621,4,29,1,1
621,5,126,1,1
621,6,0,1,1
621,7,59,1,1
621,8,10,1,1
621,9,0,1,1
621,10,15,1,1
621,11,29,1,1
621,12,0,1,1
621,13,0,1,1
621,14,0,1,1
621,15,0,1,1
621,16,4,1,1
621,17,182,1,1
621,18,84,1,1
621,19,27,1,1
621,20,36,1,1
621,21,45,1,1
621,22,13,1,1
621,23,27,1,1
621,24,1,1,1
621,25,9,1,1
621,26,23,1,1
621,27,0,1,1
621,28,13,1,1
621,29,11,1,1
621,30,16,1,1
621,31,12,1,1
621,32,10,1,1
621,33,10,1,1
622,0,205,1,1
622,1,204,1,1
622,2,89,1,1
622,3,24,1,1
622,4,33,1,1
622,5,133,1,1
622,6,0,1,1
622,7,63,1,1
622,8,18,1,1
622,9,0,1,1
622,10,14,1,1
622,11,41,1,1
622,12,0,1,1
622,13,0,1,1
622,14,0,1,1
622,15,0,1,1
622,16,4,1,1
622,17,130,1,1
622,18,80,1,1
622,19,36,1,1
622,20,42,1,1
622,21,35,1,1
622,22,6,1,1
622,23,29,1,1
622,24,1,1,1
622,25,7,1,1
622,26,23,1,1
622,27,0,1,1
622,28,13,1,1
622,29,11,1,1
622,30,22,1,1
622,31,6,1,1
622,32,14,1,1
622,33,8,1,1
623,0,215,1,1
623,1,226,1,1
623,2,76,1,1
623,3,14,1,1
623,4,26,1,1
623,5,108,1,1
623,6,0,1,1
623,7,62,1,1
623,8,10,1,1
623,9,0,1,1
623,10,10,1,1
623,11,31,1,1
623,12,0,1,1
623,13,0,1,1
623,14,0,1,1
623,15,0,1,1
623,16,4,1,1
623,17,169,1,1
623,18,95,1,1
623,19,45,1,1
623,20,51,1,1
623,21,35,1,1
623,22,12,1,1
623,23,30,1,1
623,24,1,1,1
623,25,10,1,1
623,26,21,1,1
623,27,0,1,1
623,28,11,1,1
623,29,11,1,1
623,30,31,1,1
623,31,7,1,1
623,32,9,1,1
623,33,7,1,1
624,0,239,1,1
624,1,253,1,1
624,2,83,1,1
624,3,26,1,1
624,4,21,1,1
624,5,136,1,1
624,6,0,1,1
624,7,73,1,1
624,8,10,1,1
624,9,0,1,1
624,10,16,1,1
624,11,37,1,1
624,12,0,1,1
624,13,0,1,1
624,14,0,1,1
624,15,0,1,1
624,16,2,1,1
624,17,156,1,1
624,18,93,1,1
624,19,24,1,1
624,20,70,1,1
624,21,39,1,1
624,22,14,1,1
624,23,36,1,1
624,24,1,1,1
624,25,8,1,1
624,26,22,1,1
624,27,0,1,1
624,28,30,1,1
624,29,12,1,1
624,30,26,1,1
624,31,9,1,1
624,32,15,1,1
624,33,6,1,1
625,0,220,1,1
625,1,213,1,1
625,2,82,1,1
625,3,24,1,1
625,4,29,1,1
625,5,134,1,1
625,6,0,1,1
625,7,78,1,1
625,8,16,1,1
625,9,0,1,1
625,10,15,1,1
625,11,47,1,1
625,12,0,1,1
625,13,0,1,1
625,14,0,1,1
625,15,0,1,1
625,16,3,1,1
625,17,169,1,1
625,18,119,1,1
625,19,34,1,1
625,20,60,1,1
625,21,61,1,1
625,22,20,1,1
625,23,30,1,1
625,24,1,1,1
625,25,18,1,1
625,26,16,1,1
625,27,0,1,1
625,28,20,1,1
625,29,18,1,1
625,30,35,1,1
625,31,2,1,1
625,32,25,1,1
625,33,16,1,1
626,0,183,1,1
626,1,205,1,1
626,2,88,1,1
626,3,18,1,1
626,4,21,1,1
626,5,141,1,1
626,6,0,1,1
626,7,60,1,1
626,8,9,1,1
626,9,0,1,1
626,10,9,1,1
626,11,43,1,1
626,12,0,1,1
626,13,0,1,1
626,14,0,1,1
626,15,0,1,1
626,16,5,1,1
626,17,166,1,1
626,18,108,1,1
626,19,39,1,1
626,20,58,1,1
626,21,171,1,1
626,22,21,1,1
626,23,37,1,1
626,24,3,1,1
626,25,24,1,1
626,26,34,1,1
626,27,0,1,1
626,28,15,1,1
626,29,26,1,1
626,30,23,1,1
626,31,10,1,1
626,32,20,1,1
626,33,19,1,1
627,0,185,1,1
627,1,201,1,1
627,2,105,1,1
627,3,12,1,1
627,4,24,1,1
627,5,121,1,1
627,6,0,1,1
627,7,87,1,1
627,8,18,1,1
627,9,0,1,1
627,10,12,1,1
627,11,55,1,1
627,12,0,1,1
627,13,0,1,1
627,14,0,1,1
627,15,0,1,1
627,16,7,1,1
627,17,131,1,1
627,18,93,1,1
627,19,30,1,1
627,20,62,1,1
627,21,56,1,1
627,22,23,1,1
627,23,34,1,1
627,24,2,1,1
627,25,22,1,1
627,26,30,1,1
627,27,0,1,1
627,28,12,1,1
627,29,24,1,1
627,30,15,1,1
627,31,15,1,1
627,32,9,1,1
627,33,24,1,1
628,0,178,1,1
628,1,186,1,1
628,2,63,1,1
628,3,28,1,1
628,4,15,1,1
628,5,110,1,1
628,6,0,1,1
628,7,79,1,1
628,8,15,1,1
628,9,0,1,1
628,10,9,1,1
628,11,43,1,1
628,12,0,1,1
628,13,0,1,1
628,14,0,1,1
628,15,0,1,1
628,16,7,1,1
628,17,167,1,1
628,18,124,1,1
628,19,53,1,1
628,20,40,1,1
628,21,43,1,1
628,22,16,1,1
628,23,35,1,1
628,24,4,1,1
628,25,18,1,1
628,26,34,1,1
628,27,0,1,1
628,28,19,1,1
628,29,46,1,1
628,30,24,1,1
628,31,13,1,1
628,32,8,1,1
628,33,35,1,1
629,0,146,1,1
629,1,148,1,1
629,2,77,1,1
629,3,16,1,1
629,4,21,1,1
629,5,99,1,1
629,6,0,1,1
629,7,73,1,1
629,8,16,1,1
629,9,0,1,1
629,10,6,1,1
629,11,43,1,1
629,12,0,1,1
629,13,0,1,1
629,14,0,1,1
629,15,0,1,1
629,16,2,1,1
629,17,138,1,1
629,18,97,1,1
629,19,42,1,1
629,20,47,1,1
629,21,46,1,1
629,22,17,1,1
629,23,34,1,1
629,24,2,1,1
629,25,10,1,1
629,26,32,1,1
629,27,0,1,1
629,28,15,1,1
629,29,39,1,1
629,30,21,1,1
629,31,4,1,1
629,32,6,1,1
629,33,22,1,1
630,0,142,1,1
630,1,148,1,1
630,2,68,1,1
630,3,14,1,1
630,4,15,1,1
630,5,101,1,1
630,6,0,1,1
630,7,80,1,1
630,8,16,1,1
630,9,0,1,1
630,10,16,1,1
630,11,52,1,1
630,12,0,1,1
630,13,0,1,1
630,14,0,1,1
630,15,0,1,1
630,16,2,1,1
630,17,131,1,1
630,18,94,1,1
630,19,17,1,1
630,20,22,1,1
630,21,47,1,1
630,22,6,1,1
630,23,26,1,1
630,24,2,1,1
630,25,5,1,1
630,26,17,1,1
630,27,0,1,1
630,28,11,1,1
630,29,23,1,1
630,30,20,1,1
630,31,7,1,1
630,32,15,1,1
630,33,14,1,1
631,0,137,1,1
631,1,104,1,1
631,2,65,1,1
631,3,21,1,1
631,4,13,1,1
631,5,72,1,1
631,6,0,1,1
631,7,97,1,1
631,8,8,1,1
631,9,0,1,1
631,10,13,1,1
631,11,54,1,1
631,12,0,1,1
631,13,0,1,1
631,14,0,1,1
631,15,0,1,1
631,16,5,1,1
631,17,105,1,1
631,18,90,1,1
631,19,12,1,1
631,20,30,1,1
631,21,25,1,1
631,22,8,1,1
631,23,26,1,1
631,24,1,1,1
631,25,7,1,1
631,26,13,1,1
631,27,0,1,1
631,28,15,1,1
631,29,12,1,1
631,30,21,1,1
631,31,2,1,1
631,32,8,1,1
631,33,9,1,1
632,0,123,1,1
632,1,133,1,1
632,2,67,1,1
632,3,17,1,1
632,4,11,1,1
632,5,79,1,1
632,6,0,1,1
632,7,84,1,1
632,8,9,1,1
632,9,0,1,1
632,10,18,1,1
632,11,55,1,1
632,12,0,1,1
632,13,0,1,1
632,14,0,1,1
632,15,0,1,1
632,16,2,1,1
632,17,95,1,1
632,18,93,1,1
632,19,16,1,1
632,20,22,1,1
632,21,126,1,1
632,22,5,1,1
632,23,13,1,1
632,24,3,1,1
632,25,5,1,1
632,26,22,1,1
632,27,0,1,1
632,28,14,1,1
632,29,11,1,1
632,30,16,1,1
632,31,5,1,1
632,32,12,1,1
632,33,5,1,1
633,0,117,1,1
633,1,106,1,1
633,2,74,1,1
633,3,17,1,1
633,4,6,1,1
633,5,72,1,1
633,6,0,1,1
633,7,75,1,1
633,8,10,1,1
633,9,0,1,1
633,10,9,1,1
633,11,43,1,1
633,12,0,1,1
633,13,0,1,1
633,14,0,1,1
633,15,0,1,1
633,16,2,1,1
633,17,70,1,1
633,18,85,1,1
633,19,11,1,1
633,20,17,1,1
633,21,26,1,1
633,22,7,1,1
633,23,25,1,1
633,24,3,1,1
633,25,11,1,1
633,26,15,1,1
633,27,0,1,1
633,28,14,1,1
633,29,8,1,1
633,30,10,1,1
633,31,13,1,1
633,32,13,1,1
633,33,10,1,1
634,0,102,1,1
634,1,114,1,1
634,2,68,1,1
634,3,10,1,1
634,4,5,1,1
634,5,82,1,1
634,6,0,1,1
634,7,74,1,1
634,8,9,1,1
634,9,0,1,1
634,10,13,1,1
634,11,51,1,1
634,12,0,1,1
634,13,0,1,1
634,14,0,1,1
634,15,0,1,1
634,16,2,1,1
634,17,97,1,1
634,18,98,1,1
634,19,17,1,1
634,20,24,1,1
634,21,30,1,1
634,22,4,1,1
634,23,23,1,1
634,24,0,1,1
634,25,8,1,1
634,26,10,1,1
634,27,0,1,1
634,28,23,1,1
634,29,8,1,1
634,30,19,1,1
634,31,12,1,1
634,32,15,1,1
634,33,11,1,1
635,0,143,1,1
635,1,105,1,1
635,2,75,1,1
635,3,31,1,1
635,4,9,1,1
635,5,83,1,1
635,6,0,1,1
635,7,73,1,1
635,8,15,1,1
635,9,0,1,1
635,10,14,1,1
635,11,34,1,1
635,12,0,1,1
635,13,0,1,1
635,14,0,1,1
635,15,0,1,1
635,16,2,1,1
635,17,72,1,1
635,18,82,1,1
635,19,26,1,1
635,20,22,1,1
635,21,29,1,1
635,22,7,1,1
635,23,18,1,1
635,24,2,1,1
635,25,4,1,1
635,26,22,1,1
635,27,0,1,1
635,28,19,1,1
635,29,10,1,1
635,30,15,1,1
635,31,8,1,1
635,32,16,1,1
635,33,8,1,1
636,0,119,1,1
636,1,91,1,1
636,2,49,1,1
636,3,21,1,1
636,4,9,1,1
636,5,76,1,1
636,6,0,1,1
636,7,70,1,1
636,8,11,1,1
636,9,0,1,1
636,10,9,1,1
636,11,42,1,1
636,12,0,1,1
636,13,0,1,1
636,14,0,1,1
636,15,0,1,1
636,16,3,1,1
636,17,88,1,1
636,18,94,1,1
636,19,17,1,1
636,20,23,1,1
636,21,68,1,1
636,22,4,1,1
636,23,23,1,1
636,24,2,1,1
636,25,4,1,1
636,26,18,1,1
636,27,0,1,1
636,28,17,1,1
636,29,7,1,1
636,30,17,1,1
636,31,8,1,1
636,32,8,1,1
636,33,7,1,1
637,0,92,1,1
637,1,87,1,1
637,2,83,1,1
637,3,9,1,1
637,4,8,1,1
637,5,59,1,1
637,6,0,1,1
637,7,69,1,1
637,8,12,1,1
637,9,0,1,1
637,10,10,1,1
637,11,39,1,1
637,12,0,1,1
637,13,0,1,1
637,14,0,1,1
637,15,0,1,1
637,16,1,1,1
637,17,66,1,1
637,18,66,1,1
637,19,21,1,1
637,20,21,1,1
637,21,32,1,1
637,22,7,1,1
637,23,16,1,1
637,24,3,1,1
637,25,9,1,1
637,26,19,1,1
637,27,0,1,1
637,28,17,1,1
637,29,7,1,1
637,30,18,1,1
637,31,10,1,1
637,32,11,1,1
637,33,12,1,1
638,0,95,1,1
638,1,95,1,1
638,2,69,1,1
638,3,15,1,1
638,4,12,1,1
638,5,67,1,1
638,6,0,1,1
638,7,47,1,1
638,8,5,1,1
638,9,0,1,1
638,10,14,1,1
638,11,29,1,1
638,12,0,1,1
638,13,0,1,1
638,14,0,1,1
638,15,0,1,1
638,16,5,1,1
638,17,92,1,1
638,18,81,1,1
638,19,14,1,1
638,20,17,1,1
638,21,27,1,1
638,22,9,1,1
638,23,15,1,1
638,24,1,1,1
638,25,10,1,1
638,26,17,1,1
638,27,0,1,1
638,28,16,1,1
638,29,7,1,1
638,30,13,1,1
638,31,10,1,1
638,32,12,1,1
638,33,10,1,1
639,0,96,1,1
639,1,96,1,1
639,2,54,1,1
639,3,19,1,1
639,4,7,1,1
639,5,70,1,1
639,6,0,1,1
639,7,79,1,1
639,8,13,1,1
639,9,0,1,1
639,10,11,1,1
639,11,51,1,1
639,12,0,1,1
639,13,0,1,1
639,14,0,1,1
639,15,0,1,1
639,16,3,1,1
639,17,65,1,1
639,18,87,1,1
639,19,19,1,1
639,20,22,1,1
639,21,33,1,1
639,22,3,1,1
639,23,16,1,1
639,24,0,1,1
639,25,9,1,1
639,26,16,1,1
639,27,0,1,1
639,28,13,1,1
639,29,15,1,1
639,30,11,1,1
639,31,13,1,1
639,32,20,1,1
639,33,18,1,1
640,0,90,1,1
640,1,98,1,1
640,2,54,1,1
640,3,13,1,1
640,4,15,1,1
640,5,67,1,1
640,6,0,1,1
640,7,93,1,1
640,8,14,1,1
640,9,0,1,1
640,10,12,1,1
640,11,58,1,1
640,12,0,1,1
640,13,0,1,1
640,14,0,1,1
640,15,0,1,1
640,16,7,1,1
640,17,77,1,1
640,18,88,1,1
640,19,23,1,1
640,20,16,1,1
640,21,23,1,1
640,22,7,1,1
640,23,25,1,1
640,24,0,1,1
640,25,11,1,1
640,26,15,1,1
640,27,0,1,1
640,28,15,1,1
640,29,13,1,1
640,30,13,1,1
640,31,16,1,1
640,32,12,1,1
640,33,8,1,1
641,0,95,1,1
641,1,93,1,1
641,2,52,1,1
641,3,19,1,1
641,4,8,1,1
641,5,82,1,1
641,6,0,1,1
641,7,62,1,1
641,8,15,1,1
641,9,0,1,1
641,10,12,1,1
641,11,43,1,1
641,12,0,1,1
641,13,0,1,1
641,14,0,1,1
641,15,0,1,1
641,16,8,1,1
641,17,68,1,1
641,18,95,1,1
641,19,22,1,1
641,20,15,1,1
641,21,47,1,1
641,22,10,1,1
641,23,26,1,1
641,24,1,1,1
641,25,7,1,1
641,26,17,1,1
641,27,0,1,1
641,28,11,1,1
641,29,9,1,1
641,30,16,1,1
641,31,23,1,1
641,32,21,1,1
641,33,6,1,1
642,0,108,1,1
642,1,117,1,1
642,2,52,1,1
642,3,35,1,1
642,4,11,1,1
642,5,80,1,1
642,6,0,1,1
642,7,78,1,1
642,8,15,1,1
642,9,0,1,1
642,10,10,1,1
642,11,54,1,1
642,12,0,1,1
642,13,0,1,1
642,14,0,1,1
642,15,0,1,1
642,16,5,1,1
642,17,94,1,1
642,18,92,1,1
642,19,17,1,1
642,20,23,1,1
642,21,32,1,1
642,22,6,1,1
642,23,24,1,1
642,24,0,1,1
642,25,9,1,1
642,26,19,1,1
642,27,0,1,1
642,28,19,1,1
642,29,10,1,1
642,30,19,1,1
642,31,21,1,1
642,32,20,1,1
642,33,13,1,1
643,0,102,1,1
643,1,84,1,1
643,2,61,1,1
643,3,16,1,1
643,4,14,1,1
643,5,72,1,1
643,6,0,1,1
643,7,78,1,1
643,8,7,1,1
643,9,0,1,1
643,10,12,1,1
643,11,44,1,1
643,12,0,1,1
643,13,0,1,1
643,14,0,1,1
643,15,0,1,1
643,16,2,1,1
643,17,94,1,1
643,18,90,1,1
643,19,15,1,1
643,20,22,1,1
643,21,38,1,1
643,22,9,1,1
643,23,20,1,1
643,24,1,1,1
643,25,10,1,1
643,26,26,1,1
643,27,0,1,1
643,28,18,1,1
643,29,9,1,1
643,30,18,1,1
643,31,12,1,1
643,32,22,1,1
643,33,10,1,1
644,0,105,1,1
644,1,115,1,1
644,2,56,1,1
644,3,15,1,1
644,4,17,1,1
644,5,78,1,1
644,6,0,1,1
644,7,52,1,1
644,8,19,1,1
644,9,0,1,1
644,10,13,1,1
644,11,42,1,1
644,12,0,1,1
644,13,0,1,1
644,14,0,1,1
644,15,0,1,1
644,16,0,1,1
644,17,83,1,1
644,18,86,1,1
644,19,25,1,1
644,20,21,1,1
644,21,55,1,1
644,22,10,1,1
644,23,21,1,1
644,24,0,1,1
644,25,9,1,1
644,26,18,1,1
644,27,0,1,1
644,28,17,1,1
644,29,13,1,1
644,30,14,1,1
644,31,17,1,1
644,32,19,1,1
644,33,15,1,1
645,0,113,1,1
645,1,105,1,1
645,2,65,1,1
645,3,13,1,1
645,4,13,1,1
645,5,75,1,1
645,6,0,1,1
645,7,60,1,1
645,8,12,1,1
645,9,0,1,1
645,10,10,1,1
645,11,44,1,1
645,12,0,1,1
645,13,0,1,1
645,14,0,1,1
645,15,0,1,1
645,16,4,1,1
645,17,98,1,1
645,18,89,1,1
645,19,27,1,1
645,20,26,1,1
645,21,38,1,1
645,22,11,1,1
645,23,24,1,1
645,24,3,1,1
645,25,12,1,1
645,26,28,1,1
645,27,0,1,1
645,28,7,1,1
645,29,13,1,1
645,30,19,1,1
645,31,21,1,1
645,32,21,1,1
645,33,15,1,1
646,0,117,1,1
646,1,107,1,1
646,2,56,1,1
646,3,26,1,1
646,4,18,1,1
646,5,78,1,1
646,6,0,1,1
646,7,71,1,1
646,8,12,1,1
646,9,0,1,1
646,10,8,1,1
646,11,39,1,1
646,12,0,1,1
646,13,0,1,1
646,14,0,1,1
646,15,0,1,1
646,16,3,1,1
646,17,83,1,1
646,18,85,1,1
646,19,19,1,1
646,20,20,1,1
646,21,33,1,1
646,22,11,1,1
646,23,25,1,1
646,24,1,1,1
646,25,8,1,1
646,26,25,1,1
646,27,0,1,1
646,28,14,1,1
646,29,10,1,1
646,30,17,1,1
646,31,16,1,1
646,32,27,1,1
646,33,9,1,1
647,0,97,1,1
647,1,77,1,1
647,2,54,1,1
647,3,34,1,1
647,4,17,1,1
647,5,51,1,1
647,6,0,1,1
647,7,77,1,1
647,8,12,1,1
647,9,0,1,1
647,10,16,1,1
647,11,47,1,1
647,12,0,1,1
647,13,0,1,1
647,14,0,1,1
647,15,0,1,1
647,16,5,1,1
647,17,62,1,1
647,18,97,1,1
647,19,25,1,1
647,20,32,1,1
647,21,18,1,1
647,22,15,1,1
647,23,27,1,1
647,24,1,1,1
647,25,14,1,1
647,26,19,1,1
647,27,0,1,1
647,28,28,1,1
647,29,21,1,1
647,30,23,1,1
647,31,21,1,1
647,32,30,1,1
647,33,10,1,1
648,0,126,1,1
648,1,81,1,1
648,2,79,1,1
648,3,23,1,1
648,4,14,1,1
648,5,61,1,1
648,6,0,1,1
648,7,80,1,1
648,8,14,1,1
648,9,0,1,1
648,10,14,1,1
648,11,53,1,1
648,12,0,1,1
648,13,0,1,1
648,14,0,1,1
648,15,0,1,1
648,16,4,1,1
648,17,76,1,1
648,18,98,1,1
648,19,19,1,1
648,20,28,1,1
648,21,44,1,1
648,22,16,1,1
648,23,21,1,1
648,24,3,1,1
648,25,19,1,1
648,26,19,1,1
648,27,0,1,1
648,28,23,1,1
648,29,26,1,1
648,30,18,1,1
648,31,28,1,1
648,32,21,1,1
648,33,19,1,1
649,0,110,1,1
649,1,95,1,1
649,2,62,1,1
649,3,12,1,1
649,4,17,1,1
649,5,66,1,1
649,6,0,1,1
649,7,55,1,1
649,8,6,1,1
649,9,0,1,1
649,10,14,1,1
649,11,41,1,1
649,12,0,1,1
649,13,0,1,1
649,14,0,1,1
649,15,0,1,1
649,16,7,1,1
649,17,72,1,1
649,18,105,1,1
649,19,31,1,1
649,20,39,1,1
649,21,47,1,1
649,22,12,1,1
649,23,26,1,1
649,24,0,1,1
649,25,9,1,1
649,26,26,1,1
649,27,0,1,1
649,28,18,1,1
649,29,10,1,1
649,30,25,1,1
649,31,25,1,1
649,32,20,1,1
649,33,8,1,1
650,0,97,1,1
650,1,104,1,1
650,2,61,1,1
650,3,24,1,1
650,4,17,1,1
650,5,70,1,1
650,6,0,1,1
650,7,82,1,1
650,8,10,1,1
650,9,0,1,1
650,10,13,1,1
650,11,54,1,1
650,12,0,1,1
650,13,0,1,1
650,14,0,1,1
650,15,0,1,1
650,16,2,1,1
650,17,103,1,1
650,18,76,1,1
650,19,25,1,1
650,20,27,1,1
650,21,33,1,1
650,22,12,1,1
650,23,24,1,1
650,24,2,1,1
650,25,13,1,1
650,26,32,1,1
650,27,0,1,1
650,28,22,1,1
650,29,17,1,1
650,30,18,1,1
650,31,18,1,1
650,32,15,1,1
650,33,18,1,1
651,0,101,1,1
651,1,127,1,1
651,2,65,1,1
651,3,22,1,1
651,4,11,1,1
651,5,78,1,1
651,6,0,1,1
651,7,83,1,1
651,8,10,1,1
651,9,0,1,1
651,10,13,1,1
651,11,47,1,1
651,12,0,1,1
651,13,0,1,1
651,14,0,1,1
651,15,0,1,1
651,16,6,1,1
651,17,99,1,1
651,18,115,1,1
651,19,33,1,1
651,20,32,1,1
651,21,46,1,1
651,22,10,1,1
651,23,31,1,1
651,24,3,1,1
651,25,21,1,1
651,26,22,1,1
651,27,0,1,1
651,28,21,1,1
651,29,29,1,1
651,30,22,1,1
651,31,24,1,1
651,32,31,1,1
651,33,19,1,1
652,0,116,1,1
652,1,94,1,1
652,2,68,1,1
652,3,20,1,1
652,4,24,1,1
652,5,73,1,1
652,6,0,1,1
652,7,71,1,1
652,8,12,1,1
652,9,0,1,1
652,10,12,1,1
652,11,54,1,1
652,12,0,1,1
652,13,0,1,1
652,14,0,1,1
652,15,0,1,1
652,16,5,1,1
652,17,96,1,1
652,18,89,1,1
652,19,26,1,1
652,20,38,1,1
652,21,26,1,1
652,22,7,1,1
652,23,37,1,1
652,24,0,1,1
652,25,18,1,1
652,26,28,1,1
652,27,0,1,1
652,28,22,1,1
652,29,24,1,1
652,30,32,1,1
652,31,30,1,1
652,32,19,1,1
652,33,20,1,1
653,0,123,1,1
653,1,101,1,1
653,2,51,1,1
653,3,21,1,1
653,4,15,1,1
653,5,73,1,1
653,6,0,1,1
653,7,69,1,1
653,8,11,1,1
653,9,0,1,1
653,10,13,1,1
653,11,39,1,1
653,12,0,1,1
653,13,0,1,1
653,14,0,1,1
653,15,0,1,1
653,16,3,1,1
653,17,102,1,1
653,18,78,1,1
653,19,29,1,1
653,20,25,1,1
653,21,28,1,1
653,22,12,1,1
653,23,22,1,1
653,24,1,1,1
653,25,8,1,1
653,26,21,1,1
653,27,0,1,1
653,28,23,1,1
653,29,16,1,1
653,30,27,1,1
653,31,10,1,1
653,32,28,1,1
653,33,16,1,1
654,0,115,1,1
654,1,109,1,1
654,2,60,1,1
654,3,28,1,1
654,4,18,1,1
654,5,77,1,1
654,6,0,1,1
654,7,54,1,1
654,8,12,1,1
654,9,0,1,1
654,10,8,1,1
654,11,35,1,1
654,12,0,1,1
654,13,0,1,1
654,14,0,1,1
654,15,0,1,1
654,16,4,1,1
654,17,93,1,1
654,18,82,1,1
654,19,28,1,1
654,20,42,1,1
654,21,32,1,1
654,22,11,1,1
654,23,19,1,1
654,24,1,1,1
654,25,12,1,1
654,26,15,1,1
654,27,0,1,1
654,28,12,1,1
654,29,27,1,1
654,30,25,1,1
654,31,24,1,1
654,32,18,1,1
654,33,15,1,1
655,0,123,1,1
655,1,116,1,1
655,2,62,1,1
655,3,19,1,1
655,4,20,1,1
655,5,79,1,1
655,6,0,1,1
655,7,78,1,1
655,8,28,1,1
655,9,0,1,1
655,10,7,1,1
655,11,44,1,1
655,12,0,1,1
655,13,0,1,1
655,14,0,1,1
655,15,0,1,1
655,16,2,1,1
655,17,117,1,1
655,18,89,1,1
655,19,20,1,1
655,20,30,1,1
655,21,39,1,1
655,22,10,1,1
655,23,40,1,1
655,24,6,1,1
655,25,7,1,1
655,26,22,1,1
655,27,0,1,1
655,28,16,1,1
655,29,14,1,1
655,30,26,1,1
655,31,15,1,1
655,32,29,1,1
655,33,15,1,1
656,0,122,1,1
656,1,127,1,1
656,2,58,1,1
656,3,26,1,1
656,4,18,1,1
656,5,76,1,1
656,6,0,1,1
656,7,63,1,1
656,8,13,1,1
656,9,0,1,1
656,10,13,1,1
656,11,46,1,1
656,12,0,1,1
656,13,0,1,1
656,14,0,1,1
656,15,0,1,1
656,16,7,1,1
656,17,113,1,1
656,18,104,1,1
656,19,39,1,1
656,20,33,1,1
656,21,52,1,1
656,22,12,1,1
656,23,24,1,1
656,24,4,1,1
656,25,8,1,1
656,26,24,1,1
656,27,0,1,1
656,28,20,1,1
656,29,14,1,1
656,30,18,1,1
656,31,22,1,1
656,32,23,1,1
656,33,7,1,1
657,0,111,1,1
657,1,127,1,1
657,2,55,1,1
657,3,23,1,1
657,4,19,1,1
657,5,95,1,1
657,6,0,1,1
657,7,67,1,1
657,8,14,1,1
657,9,0,1,1
657,10,14,1,1
657,11,52,1,1
657,12,0,1,1
657,13,0,1,1
657,14,0,1,1
657,15,0,1,1
657,16,2,1,1
657,17,94,1,1
657,18,82,1,1
657,19,30,1,1
657,20,28,1,1
657,21,51,1,1
657,22,6,1,1
657,23,26,1,1
657,24,4,1,1
657,25,17,1,1
657,26,28,1,1
657,27,0,1,1
657,28,15,1,1
657,29,16,1,1
657,30,26,1,1
657,31,14,1,1
657,32,18,1,1
657,33,17,1,1
658,0,114,1,1
658,1,94,1,1
658,2,60,1,1
658,3,138,1,1
658,4,21,1,1
658,5,66,1,1
658,6,0,1,1
658,7,72,1,1
658,8,12,1,1
658,9,0,1,1
658,10,14,1,1
658,11,55,1,1
658,12,0,1,1
658,13,0,1,1
658,14,0,1,1
658,15,0,1,1
658,16,16,1,1
658,17,84,1,1
658,18,111,1,1
658,19,31,1,1
658,20,33,1,1
658,21,44,1,1
658,22,8,1,1
658,23,28,1,1
658,24,4,1,1
658,25,14,1,1
658,26,27,1,1
658,27,0,1,1
658,28,28,1,1
658,29,11,1,1
658,30,16,1,1
658,31,11,1,1
658,32,17,1,1
658,33,17,1,1
659,0,131,1,1
659,1,94,1,1
659,2,60,1,1
659,3,24,1,1
659,4,14,1,1
659,5,77,1,1
659,6,0,1,1
659,7,87,1,1
659,8,9,1,1
659,9,0,1,1
659,10,12,1,1
659,11,45,1,1
659,12,0,1,1
659,13,0,1,1
659,14,0,1,1
659,15,0,1,1
659,16,4,1,1
659,17,69,1,1
659,18,109,1,1
659,19,23,1,1
659,20,49,1,1
659,21,85,1,1
659,22,11,1,1
659,23,38,1,1
659,24,6,1,1
659,25,14,1,1
659,26,23,1,1
659,27,0,1,1
659,28,55,1,1
659,29,14,1,1
659,30,19,1,1
659,31,9,1,1
659,32,15,1,1
659,33,9,1,1
660,0,107,1,1
660,1,99,1,1
660,2,72,1,1
660,3,22,1,1
660,4,16,1,1
660,5,67,1,1
660,6,0,1,1
660,7,80,1,1
660,8,7,1,1
660,9,0,1,1
660,10,11,1,1
660,11,59,1,1
660,12,0,1,1
660,13,0,1,1
660,14,0,1,1
660,15,0,1,1
660,16,3,1,1
660,17,88,1,1
660,18,102,1,1
660,19,21,1,1
660,20,27,1,1
660,21,51,1,1
660,22,8,1,1
660,23,19,1,1
660,24,2,1,1
660,25,11,1,1
660,26,30,1,1
660,27,0,1,1
660,28,9,1,1
660,29,13,1,1
660,30,15,1,1
660,31,6,1,1
660,32,26,1,1
660,33,9,1,1
661,0,122,1,1
661,1,90,1,1
661,2,63,1,1
661,3,23,1,1
661,4,16,1,1
661,5,75,1,1
661,6,0,1,1
661,7,70,1,1
661,8,12,1,1
661,9,0,1,1
661,10,12,1,1
661,11,34,1,1
661,12,0,1,1
661,13,0,1,1
661,14,0,1,1
661,15,0,1,1
661,16,8,1,1
661,17,96,1,1
661,18,96,1,1
661,19,20,1,1
661,20,30,1,1
661,21,43,1,1
661,22,11,1,1
661,23,21,1,1
661,24,2,1,1
661,25,8,1,1
661,26,16,1,1
661,27,0,1,1
661,28,11,1,1
661,29,13,1,1
661,30,24,1,1
661,31,7,1,1
661,32,26,1,1
661,33,7,1,1
662,0,117,1,1
662,1,87,1,1
662,2,57,1,1
662,3,11,1,1
662,4,16,1,1
662,5,70,1,1
662,6,0,1,1
662,7,73,1,1
662,8,10,1,1
662,9,0,1,1
662,10,12,1,1
662,11,64,1,1
662,12,0,1,1
662,13,0,1,1
662,14,0,1,1
662,15,0,1,1
662,16,6,1,1
662,17,84,1,1
662,18,100,1,1
662,19,31,1,1
662,20,24,1,1
662,21,50,1,1
662,22,7,1,1
662,23,29,1,1
662,24,4,1,1
662,25,12,1,1
662,26,27,1,1
662,27,0,1,1
662,28,18,1,1
662,29,9,1,1
662,30,21,1,1
662,31,4,1,1
662,32,12,1,1
662,33,11,1,1
663,0,113,1,1
663,1,103,1,1
663,2,77,1,1
663,3,26,1,1
663,4,12,1,1
663,5,71,1,1
663,6,0,1,1
663,7,79,1,1
663,8,15,1,1
663,9,0,1,1
663,10,12,1,1
663,11,45,1,1
663,12,0,1,1
663,13,0,1,1
663,14,0,1,1
663,15,0,1,1
663,16,2,1,1
663,17,82,1,1
663,18,100,1,1
663,19,26,1,1
663,20,31,1,1
663,21,88,1,1
663,22,19,1,1
663,23,24,1,1
663,24,6,1,1
663,25,11,1,1
663,26,24,1,1
663,27,0,1,1
663,28,22,1,1
663,29,37,1,1
663,30,14,1,1
663,31,6,1,1
663,32,19,1,1
663,33,12,1,1
664,0,117,1,1
664,1,98,1,1
664,2,51,1,1
664,3,27,1,1
664,4,13,1,1
664,5,76,1,1
664,6,0,1,1
664,7,91,1,1
664,8,10,1,1
664,9,0,1,1
664,10,10,1,1
664,11,52,1,1
664,12,0,1,1
664,13,0,1,1
664,14,0,1,1
664,15,0,1,1
664,16,3,1,1
664,17,90,1,1
664,18,105,1,1
664,19,34,1,1
664,20,36,1,1
664,21,38,1,1
664,22,11,1,1
664,23,24,1,1
664,24,2,1,1
664,25,13,1,1
664,26,24,1,1
664,27,0,1,1
664,28,19,1,1
664,29,63,1,1
664,30,21,1,1
664,31,4,1,1
664,32,23,1,1
664,33,42,1,1
665,0,134,1,1
665,1,100,1,1
665,2,58,1,1
665,3,15,1,1
665,4,18,1,1
665,5,61,1,1
665,6,0,1,1
665,7,73,1,1
665,8,13,1,1
665,9,0,1,1
665,10,10,1,1
665,11,51,1,1
665,12,0,1,1
665,13,0,1,1
665,14,0,1,1
665,15,0,1,1
665,16,2,1,1
665,17,98,1,1
665,18,108,1,1
665,19,27,1,1
665,20,37,1,1
665,21,58,1,1
665,22,11,1,1
665,23,38,1,1
665,24,5,1,1
665,25,13,1,1
665,26,22,1,1
665,27,0,1,1
665,28,28,1,1
665,29,17,1,1
665,30,12,1,1
665,31,7,1,1
665,32,15,1,1
665,33,8,1,1
666,0,121,1,1
666,1,108,1,1
666,2,81,1,1
666,3,29,1,1
666,4,18,1,1
666,5,96,1,1
666,6,0,1,1
666,7,96,1,1
666,8,7,1,1
666,9,0,1,1
666,10,12,1,1
666,11,51,1,1
666,12,0,1,1
666,13,0,1,1
666,14,0,1,1
666,15,0,1,1
666,16,7,1,1
666,17,103,1,1
666,18,114,1,1
666,19,33,1,1
666,20,34,1,1
666,21,55,1,1
666,22,17,1,1
666,23,29,1,1
666,24,3,1,1
666,25,18,1,1
666,26,29,1,1
666,27,0,1,1
666,28,13,1,1
666,29,13,1,1
666,30,24,1,1
666,31,10,1,1
666,32,14,1,1
666,33,22,1,1
667,0,157,1,1
667,1,166,1,1
667,2,83,1,1
667,3,25,1,1
667,4,20,1,1
667,5,119,1,1
667,6,0,1,1
667,7,87,1,1
667,8,9,1,1
667,9,0,1,1
667,10,16,1,1
667,11,63,1,1
667,12,0,1,1
667,13,0,1,1
667,14,0,1,1
667,15,0,1,1
667,16,12,1,1
667,17,200,1,1
667,18,168,1,1
667,19,50,1,1
667,20,40,1,1
667,21,94,1,1
667,22,23,1,1
667,23,33,1,1
667,24,0,1,1
667,25,35,1,1
667,26,20,1,1
667,27,0,1,1
667,28,27,1,1
667,29,30,1,1
667,30,19,1,1
667,31,15,1,1
667,32,26,1,1
667,33,20,1,1
668,0,124,1,1
668,1,127,1,1
668,2,81,1,1
668,3,42,1,1
668,4,31,1,1
668,5,105,1,1
668,6,0,1,1
668,7,86,1,1
668,8,4,1,1
668,9,0,1,1
668,10,11,1,1
668,11,54,1,1
668,12,0,1,1
668,13,0,1,1
668,14,0,1,1
668,15,0,1,1
668,16,4,1,1
668,17,124,1,1
668,18,132,1,1
668,19,55,1,1
668,20,40,1,1
668,21,67,1,1
668,22,21,1,1
668,23,30,1,1
668,24,7,1,1
668,25,32,1,1
668,26,24,1,1
668,27,0,1,1
668,28,16,1,1
668,29,31,1,1
668,30,26,1,1
668,31,12,1,1
668,32,18,1,1
668,33,18,1,1
669,0,98,1,1
669,1,102,1,1
669,2,93,1,1
669,3,29,1,1
669,4,21,1,1
669,5,73,1,1
669,6,0,1,1
669,7,93,1,1
669,8,14,1,1
669,9,0,1,1
669,10,11,1,1
669,11,52,1,1
669,12,0,1,1
669,13,0,1,1
669,14,0,1,1
669,15,0,1,1
669,16,10,1,1
669,17,87,1,1
669,18,107,1,1
669,19,39,1,1
669,20,28,1,1
669,21,58,1,1
669,22,17,1,1
669,23,19,1,1
669,24,2,1,1
669,25,17,1,1
669,26,19,1,1
669,27,0,1,1
669,28,23,1,1
669,29,16,1,1
669,30,19,1,1
669,31,9,1,1
669,32,23,1,1
669,33,11,1,1
670,0,113,1,1
670,1,98,1,1
670,2,94,1,1
670,3,24,1,1
670,4,24,1,1
670,5,70,1,1
670,6,0,1,1
670,7,87,1,1
670,8,19,1,1
670,9,0,1,1
670,10,10,1,1
670,11,70,1,1
670,12,0,1,1
670,13,0,1,1
670,14,0,1,1
670,15,0,1,1
670,16,9,1,1
670,17,90,1,1
670,18,147,1,1
670,19,38,1,1
670,20,40,1,1
670,21,55,1,1
670,22,23,1,1
670,23,35,1,1
670,24,2,1,1
670,25,10,1,1
670,26,20,1,1
670,27,0,1,1
670,28,31,1,1
670,29,12,1,1
670,30,15,1,1
670,31,12,1,1
670,32,18,1,1
670,33,13,1,1
671,0,133,1,1
671,1,116,1,1
671,2,78,1,1
671,3,30,1,1
671,4,15,1,1
671,5,86,1,1
671,6,0,1,1
671,7,95,1,1
671,8,15,1,1
671,9,0,1,1
671,10,17,1,1
671,11,53,1,1
671,12,0,1,1
671,13,0,1,1
671,14,0,1,1
671,15,0,1,1
671,16,6,1,1
671,17,94,1,1
671,18,143,1,1
671,19,17,1,1
671,20,46,1,1
671,21,79,1,1
671,22,14,1,1
671,23,27,1,1
671,24,5,1,1
671,25,14,1,1
671,26,22,1,1
671,27,0,1,1
671,28,32,1,1
671,29,15,1,1
671,30,20,1,1
671,31,9,1,1
671,32,9,1,1
671,33,20,1,1
672,0,149,1,1
672,1,123,1,1
672,2,77,1,1
672,3,28,1,1
672,4,24,1,1
672,5,93,1,1
672,6,0,1,1
672,7,83,1,1
672,8,18,1,1
672,9,0,1,1
672,10,17,1,1
672,11,54,1,1
672,12,0,1,1
672,13,0,1,1
672,14,0,1,1
672,15,0,1,1
672,16,6,1,1
672,17,122,1,1
672,18,114,1,1
672,19,41,1,1
672,20,44,1,1
672,21,45,1,1
672,22,13,1,1
672,23,36,1,1
672,24,3,1,1
672,25,12,1,1
672,26,27,1,1
672,27,0,1,1
672,28,24,1,1
672,29,23,1,1
672,30,14,1,1
672,31,11,1,1
672,32,14,1,1
672,33,19,1,1
673,0,123,1,1
673,1,97,1,1
673,2,74,1,1
673,3,31,1,1
673,4,18,1,1
673,5,71,1,1
673,6,0,1,1
673,7,103,1,1
673,8,17,1,1
673,9,0,1,1
673,10,13,1,1
673,11,52,1,1
673,12,0,1,1
673,13,0,1,1
673,14,0,1,1
673,15,0,1,1
673,16,4,1,1
673,17,105,1,1
673,18,152,1,1
673,19,36,1,1
673,20,27,1,1
673,21,42,1,1
673,22,13,1,1
673,23,22,1,1
673,24,4,1,1
673,25,19,1,1
673,26,27,1,1
673,27,0,1,1
673,28,21,1,1
673,29,19,1,1
673,30,16,1,1
673,31,15,1,1
673,32,15,1,1
673,33,9,1,1
674,0,153,1,1
674,1,108,1,1
674,2,81,1,1
674,3,32,1,1
674,4,28,1,1
674,5,85,1,1
674,6,0,1,1
674,7,90,1,1
674,8,14,1,1
674,9,0,1,1
674,10,18,1,1
674,11,73,1,1
674,12,0,1,1
674,13,0,1,1
674,14,0,1,1
674,15,0,1,1
674,16,8,1,1
674,17,121,1,1
674,18,154,1,1
674,19,32,1,1
674,20,40,1,1
674,21,61,1,1
674,22,16,1,1
674,23,34,1,1
674,24,4,1,1
674,25,20,1,1
674,26,19,1,1
674,27,0,1,1
674,28,33,1,1
674,29,24,1,1
674,30,26,1,1
674,31,7,1,1
674,32,17,1,1
674,33,15,1,1
675,0,162,1,1
675,1,113,1,1
675,2,81,1,1
675,3,31,1,1
675,4,22,1,1
675,5,89,1,1
675,6,0,1,1
675,7,111,1,1
675,8,25,1,1
675,9,0,1,1
675,10,13,1,1
675,11,72,1,1
675,12,0,1,1
675,13,0,1,1
675,14,0,1,1
675,15,0,1,1
675,16,6,1,1
675,17,120,1,1
675,18,133,1,1
675,19,26,1,1
675,20,32,1,1
675,21,43,1,1
675,22,13,1,1
675,23,41,1,1
675,24,2,1,1
675,25,20,1,1
675,26,23,1,1
675,27,0,1,1
675,28,24,1,1
675,29,20,1,1
675,30,13,1,1
675,31,11,1,1
675,32,19,1,1
675,33,14,1,1
676,0,71,1,1
676,1,62,1,1
676,2,42,1,1
676,3,18,1,1
676,4,14,1,1
676,5,53,1,1
676,6,0,1,1
676,7,92,1,1
676,8,12,1,1
676,9,0,1,1
676,10,7,1,1
676,11,58,1,1
676,12,0,1,1
676,13,0,1,1
676,14,0,1,1
676,15,0,1,1
676,16,3,1,1
676,17,58,1,1
676,18,73,1,1
676,19,36,1,1
676,20,26,1,1
676,21,117,1,1
676,22,11,1,1
676,23,42,1,1
676,24,2,1,1
676,25,13,1,1
676,26,19,1,1
676,27,0,1,1
676,28,12,1,1
676,29,13,1,1
676,30,16,1,1
676,31,7,1,1
676,32,8,1,1
676,33,7,1,1
677,0,144,1,1
677,1,90,1,1
677,2,76,1,1
677,3,22,1,1
677,4,23,1,1
677,5,67,1,1
677,6,0,1,1
677,7,94,1,1
677,8,19,1,1
677,9,0,1,1
677,10,8,1,1
677,11,82,1,1
677,12,0,1,1
677,13,0,1,1
677,14,0,1,1
677,15,0,1,1
677,16,8,1,1
677,17,130,1,1
677,18,145,1,1
677,19,46,1,1
677,20,32,1,1
677,21,55,1,1
677,22,25,1,1
677,23,43,1,1
677,24,5,1,1
677,25,23,1,1
677,26,24,1,1
677,27,0,1,1
677,28,24,1,1
677,29,17,1,1
677,30,19,1,1
677,31,11,1,1
677,32,25,1,1
677,33,11,1,1
678,0,122,1,1
678,1,112,1,1
678,2,67,1,1
678,3,35,1,1
678,4,29,1,1
678,5,93,1,1
678,6,0,1,1
678,7,107,1,1
678,8,18,1,1
678,9,0,1,1
678,10,11,1,1
678,11,71,1,1
678,12,0,1,1
678,13,0,1,1
678,14,0,1,1
678,15,0,1,1
678,16,3,1,1
678,17,130,1,1
678,18,132,1,1
678,19,47,1,1
678,20,32,1,1
678,21,74,1,1
678,22,16,1,1
678,23,28,1,1
678,24,9,1,1
678,25,13,1,1
678,26,26,1,1
678,27,0,1,1
678,28,30,1,1
678,29,31,1,1
678,30,21,1,1
678,31,7,1,1
678,32,19,1,1
678,33,16,1,1
679,0,153,1,1
679,1,112,1,1
679,2,99,1,1
679,3,38,1,1
679,4,40,1,1
679,5,101,1,1
679,6,0,1,1
679,7,110,1,1
679,8,17,1,1
679,9,0,1,1
679,10,17,1,1
679,11,64,1,1
679,12,0,1,1
679,13,0,1,1
679,14,0,1,1
679,15,0,1,1
679,16,9,1,1
679,17,127,1,1
679,18,145,1,1
679,19,43,1,1
679,20,40,1,1
679,21,57,1,1
679,22,11,1,1
679,23,25,1,1
679,24,4,1,1
679,25,18,1,1
679,26,22,1,1
679,27,0,1,1
679,28,24,1,1
679,29,10,1,1
679,30,16,1,1
679,31,7,1,1
679,32,20,1,1
679,33,18,1,1
680,0,123,1,1
680,1,130,1,1
680,2,107,1,1
680,3,53,1,1
680,4,31,1,1
680,5,74,1,1
680,6,0,1,1
680,7,120,1,1
680,8,26,1,1
680,9,0,1,1
680,10,9,1,1
680,11,74,1,1
680,12,0,1,1
680,13,0,1,1
680,14,0,1,1
680,15,0,1,1
680,16,9,1,1
680,17,111,1,1
680,18,131,1,1
680,19,44,1,1
680,20,38,1,1
680,21,58,1,1
680,22,21,1,1
680,23,40,1,1
680,24,2,1,1
680,25,23,1,1
680,26,24,1,1
680,27,0,1,1
680,28,31,1,1
680,29,27,1,1
680,30,30,1,1
680,31,6,1,1
680,32,17,1,1
680,33,22,1,1
681,0,129,1,1
681,1,109,1,1
681,2,121,1,1
681,3,149,1,1
681,4,25,1,1
681,5,85,1,1
681,6,0,1,1
681,7,143,1,1
681,8,13,1,1
681,9,0,1,1
681,10,18,1,1
681,11,101,1,1
681,12,0,1,1
681,13,0,1,1
681,14,0,1,1
681,15,0,1,1
681,16,8,1,1
681,17,100,1,1
681,18,161,1,1
681,19,42,1,1
681,20,40,1,1
681,21,48,1,1
681,22,15,1,1
681,23,32,1,1
681,24,4,1,1
681,25,15,1,1
681,26,19,1,1
681,27,0,1,1
681,28,36,1,1
681,29,21,1,1
681,30,19,1,1
681,31,7,1,1
681,32,24,1,1
681,33,15,1,1
682,0,136,1,1
682,1,111,1,1
682,2,113,1,1
682,3,46,1,1
682,4,31,1,1
682,5,84,1,1
682,6,0,1,1
682,7,163,1,1
682,8,13,1,1
682,9,0,1,1
682,10,11,1,1
682,11,126,1,1
682,12,0,1,1
682,13,0,1,1
682,14,0,1,1
682,15,0,1,1
682,16,6,1,1
682,17,120,1,1
682,18,214,1,1
682,19,41,1,1
682,20,35,1,1
682,21,55,1,1
682,22,16,1,1
682,23,37,1,1
682,24,5,1,1
682,25,21,1,1
682,26,23,1,1
682,27,0,1,1
682,28,11,1,1
682,29,31,1,1
682,30,24,1,1
682,31,7,1,1
682,32,19,1,1
682,33,22,1,1
683,0,154,1,1
683,1,129,1,1
683,2,135,1,1
683,3,64,1,1
683,4,39,1,1
683,5,89,1,1
683,6,0,1,1
683,7,160,1,1
683,8,29,1,1
683,9,0,1,1
683,10,16,1,1
683,11,110,1,1
683,12,0,1,1
683,13,0,1,1
683,14,0,1,1
683,15,0,1,1
683,16,7,1,1
683,17,124,1,1
683,18,220,1,1
683,19,52,1,1
683,20,34,1,1
683,21,71,1,1
683,22,15,1,1
683,23,32,1,1
683,24,4,1,1
683,25,18,1,1
683,26,23,1,1
683,27,0,1,1
683,28,46,1,1
683,29,26,1,1
683,30,27,1,1
683,31,4,1,1
683,32,24,1,1
683,33,20,1,1
684,0,126,1,1
684,1,113,1,1
684,2,133,1,1
684,3,44,1,1
684,4,32,1,1
684,5,65,1,1
684,6,0,1,1
684,7,135,1,1
684,8,19,1,1
684,9,0,1,1
684,10,15,1,1
684,11,86,1,1
684,12,0,1,1
684,13,0,1,1
684,14,0,1,1
684,15,0,1,1
684,16,5,1,1
684,17,124,1,1
684,18,209,1,1
684,19,39,1,1
684,20,41,1,1
684,21,57,1,1
684,22,20,1,1
684,23,30,1,1
684,24,5,1,1
684,25,10,1,1
684,26,23,1,1
684,27,0,1,1
684,28,38,1,1
684,29,14,1,1
684,30,22,1,1
684,31,4,1,1
684,32,19,1,1
684,33,9,1,1
685,0,156,1,1
685,1,94,1,1
685,2,103,1,1
685,3,102,1,1
685,4,25,1,1
685,5,64,1,1
685,6,0,1,1
685,7,151,1,1
685,8,9,1,1
685,9,0,1,1
685,10,19,1,1
685,11,105,1,1
685,12,0,1,1
685,13,0,1,1
685,14,0,1,1
685,15,0,1,1
685,16,9,1,1
685,17,105,1,1
685,18,181,1,1
685,19,40,1,1
685,20,43,1,1
685,21,70,1,1
685,22,12,1,1
685,23,36,1,1
685,24,6,1,1
685,25,22,1,1
685,26,25,1,1
685,27,0,1,1
685,28,31,1,1
685,29,24,1,1
685,30,35,1,1
685,31,10,1,1
685,32,22,1,1
685,33,16,1,1
686,0,123,1,1
686,1,114,1,1
686,2,113,1,1
686,3,55,1,1
686,4,37,1,1
686,5,76,1,1
686,6,0,1,1
686,7,138,1,1
686,8,21,1,1
686,9,0,1,1
686,10,18,1,1
686,11,87,1,1
686,12,0,1,1
686,13,0,1,1
686,14,0,1,1
686,15,0,1,1
686,16,8,1,1
686,17,139,1,1
686,18,240,1,1
686,19,42,1,1
686,20,49,1,1
686,21,68,1,1
686,22,13,1,1
686,23,48,1,1
686,24,6,1,1
686,25,25,1,1
686,26,34,1,1
686,27,0,1,1
686,28,39,1,1
686,29,20,1,1
686,30,27,1,1
686,31,5,1,1
686,32,23,1,1
686,33,26,1,1
687,0,125,1,1
687,1,110,1,1
687,2,114,1,1
687,3,54,1,1
687,4,33,1,1
687,5,69,1,1
687,6,0,1,1
687,7,129,1,1
687,8,17,1,1
687,9,0,1,1
687,10,10,1,1
687,11,83,1,1
687,12,0,1,1
687,13,0,1,1
687,14,0,1,1
687,15,0,1,1
687,16,10,1,1
687,17,118,1,1
687,18,225,1,1
687,19,39,1,1
687,20,46,1,1
687,21,72,1,1
687,22,15,1,1
687,23,30,1,1
687,24,7,1,1
687,25,16,1,1
687,26,28,1,1
687,27,0,1,1
687,28,42,1,1
687,29,18,1,1
687,30,19,1,1
687,31,6,1,1
687,32,29,1,1
687,33,12,1,1
688,0,138,1,1
688,1,99,1,1
688,2,109,1,1
688,3,57,1,1
688,4,32,1,1
688,5,78,1,1
688,6,0,1,1
688,7,149,1,1
688,8,26,1,1
688,9,0,1,1
688,10,15,1,1
688,11,94,1,1
688,12,0,1,1
688,13,0,1,1
688,14,0,1,1
688,15,0,1,1
688,16,5,1,1
688,17,152,1,1
688,18,174,1,1
688,19,53,1,1
688,20,47,1,1
688,21,68,1,1
688,22,16,1,1
688,23,50,1,1
688,24,5,1,1
688,25,24,1,1
688,26,30,1,1
688,27,0,1,1
688,28,38,1,1
688,29,29,1,1
688,30,22,1,1
688,31,9,1,1
688,32,24,1,1
688,33,24,1,1
689,0,138,1,1
689,1,106,1,1
689,2,105,1,1
689,3,52,1,1
689,4,30,1,1
689,5,54,1,1
689,6,0,1,1
689,7,135,1,1
689,8,16,1,1
689,9,0,1,1
689,10,5,1,1
689,11,108,1,1
689,12,0,1,1
689,13,0,1,1
689,14,0,1,1
689,15,0,1,1
689,16,8,1,1
689,17,112,1,1
689,18,185,1,1
689,19,41,1,1
689,20,46,1,1
689,21,63,1,1
689,22,15,1,1
689,23,42,1,1
689,24,8,1,1
689,25,24,1,1
689,26,31,1,1
689,27,0,1,1
689,28,57,1,1
689,29,26,1,1
689,30,33,1,1
689,31,7,1,1
689,32,30,1,1
689,33,13,1,1
690,0,139,1,1
690,1,91,1,1
690,2,93,1,1
690,3,63,1,1
690,4,32,1,1
690,5,69,1,1
690,6,0,1,1
690,7,104,1,1
690,8,18,1,1
690,9,0,1,1
690,10,19,1,1
690,11,76,1,1
690,12,0,1,1
690,13,0,1,1
690,14,0,1,1
690,15,0,1,1
690,16,3,1,1
690,17,159,1,1
690,18,229,1,1
690,19,41,1,1
690,20,38,1,1
690,21,76,1,1
690,22,19,1,1
690,23,37,1,1
690,24,3,1,1
690,25,21,1,1
690,26,39,1,1
690,27,0,1,1
690,28,32,1,1
690,29,19,1,1
690,30,28,1,1
690,31,3,1,1
690,32,28,1,1
690,33,20,1,1
691,0,125,1,1
691,1,119,1,1
691,2,107,1,1
691,3,87,1,1
691,4,20,1,1
691,5,86,1,1
691,6,0,1,1
691,7,110,1,1
691,8,15,1,1
691,9,0,1,1
691,10,13,1,1
691,11,64,1,1
691,12,0,1,1
691,13,0,1,1
691,14,0,1,1
691,15,0,1,1
691,16,4,1,1
691,17,134,1,1
691,18,159,1,1
691,19,34,1,1
691,20,39,1,1
691,21,68,1,1
691,22,17,1,1
691,23,35,1,1
691,24,3,1,1
691,25,23,1,1
691,26,30,1,1
691,27,0,1,1
691,28,39,1,1
691,29,26,1,1
691,30,27,1,1
691,31,8,1,1
691,32,18,1,1
691,33,19,1,1
692,0,100,1,1
692,1,89,1,1
692,2,93,1,1
692,3,48,1,1
692,4,27,1,1
692,5,68,1,1
692,6,0,1,1
692,7,111,1,1
692,8,17,1,1
692,9,0,1,1
692,10,12,1,1
692,11,73,1,1
692,12,0,1,1
692,13,0,1,1
692,14,0,1,1
692,15,0,1,1
692,16,7,1,1
692,17,121,1,1
692,18,135,1,1
692,19,38,1,1
692,20,41,1,1
692,21,42,1,1
692,22,8,1,1
692,23,35,1,1
692,24,5,1,1
692,25,16,1,1
692,26,33,1,1
692,27,0,1,1
692,28,31,1,1
692,29,18,1,1
692,30,21,1,1
692,31,5,1,1
692,32,25,1,1
692,33,15,1,1
693,0,134,1,1
693,1,117,1,1
693,2,90,1,1
693,3,52,1,1
693,4,28,1,1
693,5,71,1,1
693,6,0,1,1
693,7,93,1,1
693,8,17,1,1
693,9,0,1,1
693,10,15,1,1
693,11,65,1,1
693,12,0,1,1
693,13,0,1,1
693,14,0,1,1
693,15,0,1,1
693,16,4,1,1
693,17,116,1,1
693,18,146,1,1
693,19,34,1,1
693,20,28,1,1
693,21,55,1,1
693,22,9,1,1
693,23,32,1,1
693,24,4,1,1
693,25,10,1,1
693,26,28,1,1
693,27,0,1,1
693,28,22,1,1
693,29,9,1,1
693,30,26,1,1
693,31,4,1,1
693,32,20,1,1
693,33,10,1,1
694,0,126,1,1
694,1,102,1,1
694,2,75,1,1
694,3,42,1,1
694,4,29,1,1
694,5,78,1,1
694,6,0,1,1
694,7,119,1,1
694,8,16,1,1
694,9,0,1,1
694,10,19,1,1
694,11,75,1,1
694,12,0,1,1
694,13,0,1,1
694,14,0,1,1
694,15,0,1,1
694,16,3,1,1
694,17,106,1,1
694,18,146,1,1
694,19,36,1,1
694,20,35,1,1
694,21,51,1,1
694,22,15,1,1
694,23,33,1,1
694,24,2,1,1
694,25,18,1,1
694,26,26,1,1
694,27,0,1,1
694,28,23,1,1
694,29,12,1,1
694,30,28,1,1
694,31,3,1,1
694,32,30,1,1
694,33,10,1,1
695,0,127,1,1
695,1,90,1,1
695,2,83,1,1
695,3,35,1,1
695,4,19,1,1
695,5,66,1,1
695,6,0,1,1
695,7,104,1,1
695,8,16,1,1
695,9,0,1,1
695,10,12,1,1
695,11,73,1,1
695,12,0,1,1
695,13,0,1,1
695,14,0,1,1
695,15,0,1,1
695,16,5,1,1
695,17,117,1,1
695,18,134,1,1
695,19,40,1,1
695,20,29,1,1
695,21,54,1,1
695,22,12,1,1
695,23,38,1,1
695,24,1,1,1
695,25,14,1,1
695,26,26,1,1
695,27,0,1,1
695,28,31,1,1
695,29,17,1,1
695,30,23,1,1
695,31,14,1,1
695,32,15,1,1
695,33,11,1,1
696,0,90,1,1
696,1,109,1,1
696,2,77,1,1
696,3,30,1,1
696,4,19,1,1
696,5,71,1,1
696,6,0,1,1
696,7,91,1,1
696,8,16,1,1
696,9,0,1,1
696,10,17,1,1
696,11,58,1,1
696,12,0,1,1
696,13,0,1,1
696,14,0,1,1
696,15,0,1,1
696,16,0,1,1
696,17,144,1,1
696,18,134,1,1
696,19,28,1,1
696,20,34,1,1
696,21,54,1,1
696,22,14,1,1
696,23,28,1,1
696,24,4,1,1
696,25,12,1,1
696,26,28,1,1
696,27,0,1,1
696,28,25,1,1
696,29,24,1,1
696,30,19,1,1
696,31,5,1,1
696,32,18,1,1
696,33,20,1,1
697,0,117,1,1
697,1,112,1,1
697,2,66,1,1
697,3,87,1,1
697,4,19,1,1
697,5,72,1,1
697,6,0,1,1
697,7,119,1,1
697,8,14,1,1
697,9,0,1,1
697,10,15,1,1
697,11,85,1,1
697,12,0,1,1
697,13,0,1,1
697,14,0,1,1
697,15,0,1,1
697,16,4,1,1
697,17,108,1,1
697,18,140,1,1
697,19,32,1,1
697,20,34,1,1
697,21,54,1,1
697,22,16,1,1
697,23,31,1,1
697,24,0,1,1
697,25,12,1,1
697,26,31,1,1
697,27,0,1,1
697,28,26,1,1
697,29,13,1,1
697,30,20,1,1
697,31,10,1,1
697,32,22,1,1
697,33,15,1,1
698,0,98,1,1
698,1,99,1,1
698,2,74,1,1
698,3,25,1,1
698,4,25,1,1
698,5,59,1,1
698,6,0,1,1
698,7,93,1,1
698,8,14,1,1
698,9,0,1,1
698,10,9,1,1
698,11,46,1,1
698,12,0,1,1
698,13,0,1,1
698,14,0,1,1
698,15,0,1,1
698,16,3,1,1
698,17,96,1,1
698,18,158,1,1
698,19,36,1,1
698,20,39,1,1
698,21,56,1,1
698,22,17,1,1
698,23,34,1,1
698,24,1,1,1
698,25,19,1,1
698,26,22,1,1
698,27,0,1,1
698,28,26,1,1
698,29,21,1,1
698,30,22,1,1
698,31,5,1,1
698,32,20,1,1
698,33,17,1,1
699,0,114,1,1
699,1,98,1,1
699,2,75,1,1
699,3,26,1,1
699,4,29,1,1
699,5,73,1,1
699,6,0,1,1
699,7,84,1,1
699,8,20,1,1
699,9,0,1,1
699,10,16,1,1
699,11,63,1,1
699,12,0,1,1
699,13,0,1,1
699,14,0,1,1
699,15,0,1,1
699,16,0,1,1
699,17,100,1,1
699,18,145,1,1
699,19,42,1,1
699,20,34,1,1
699,21,57,1,1
699,22,18,1,1
699,23,30,1,1
699,24,3,1,1
699,25,19,1,1
699,26,19,1,1
699,27,0,1,1
699,28,29,1,1
699,29,19,1,1
699,30,21,1,1
699,31,6,1,1
699,32,19,1,1
699,33,12,1,1
700,0,115,1,1
700,1,76,1,1
700,2,68,1,1
700,3,16,1,1
700,4,32,1,1
700,5,62,1,1
700,6,0,1,1
700,7,79,1,1
700,8,16,1,1
700,9,0,1,1
700,10,15,1,1
700,11,57,1,1
700,12,0,1,1
700,13,0,1,1
700,14,0,1,1
700,15,0,1,1
700,16,2,1,1
700,17,112,1,1
700,18,113,1,1
700,19,29,1,1
700,20,36,1,1
700,21,46,1,1
700,22,15,1,1
700,23,24,1,1
700,24,4,1,1
700,25,12,1,1
700,26,31,1,1
700,27,0,1,1
700,28,23,1,1
700,29,19,1,1
700,30,17,1,1
700,31,7,1,1
700,32,12,1,1
700,33,12,1,1
701,0,109,1,1
701,1,89,1,1
701,2,73,1,1
701,3,19,1,1
701,4,23,1,1
701,5,55,1,1
701,6,0,1,1
701,7,75,1,1
701,8,8,1,1
701,9,0,1,1
701,10,11,1,1
701,11,49,1,1
701,12,0,1,1
701,13,0,1,1
701,14,0,1,1
701,15,0,1,1
701,16,2,1,1
701,17,82,1,1
701,18,111,1,1
701,19,31,1,1
701,20,33,1,1
701,21,52,1,1
701,22,13,1,1
701,23,33,1,1
701,24,2,1,1
701,25,13,1,1
701,26,11,1,1
701,27,0,1,1
701,28,19,1,1
701,29,12,1,1
701,30,24,1,1
701,31,5,1,1
701,32,22,1,1
701,33,10,1,1
702,0,78,1,1
702,1,66,1,1
702,2,54,1,1
702,3,23,1,1
702,4,21,1,1
702,5,50,1,1
702,6,0,1,1
702,7,80,1,1
702,8,16,1,1
702,9,0,1,1
702,10,14,1,1
702,11,56,1,1
702,12,0,1,1
702,13,0,1,1
702,14,0,1,1
702,15,0,1,1
702,16,3,1,1
702,17,93,1,1
702,18,108,1,1
702,19,23,1,1
702,20,30,1,1
702,21,49,1,1
702,22,8,1,1
702,23,21,1,1
702,24,1,1,1
702,25,11,1,1
702,26,26,1,1
702,27,0,1,1
702,28,16,1,1
702,29,6,1,1
702,30,16,1,1
702,31,10,1,1
702,32,20,1,1
702,33,7,1,1
703,0,61,1,1
703,1,93,1,1
703,2,50,1,1
703,3,12,1,1
703,4,10,1,1
703,5,50,1,1
703,6,0,1,1
703,7,65,1,1
703,8,11,1,1
703,9,0,1,1
703,10,11,1,1
703,11,43,1,1
703,12,0,1,1
703,13,0,1,1
703,14,0,1,1
703,15,0,1,1
703,16,0,1,1
703,17,73,1,1
703,18,76,1,1
703,19,28,1,1
703,20,23,1,1
703,21,36,1,1
703,22,10,1,1
703,23,29,1,1
703,24,2,1,1
703,25,13,1,1
703,26,19,1,1
703,27,0,1,1
703,28,15,1,1
703,29,18,1,1
703,30,14,1,1
703,31,8,1,1
703,32,23,1,1
703,33,7,1,1
704,0,68,1,1
704,1,62,1,1
704,2,47,1,1
704,3,24,1,1
704,4,28,1,1
704,5,43,1,1
704,6,0,1,1
704,7,67,1,1
704,8,12,1,1
704,9,0,1,1
704,10,10,1,1
704,11,46,1,1
704,12,0,1,1
704,13,0,1,1
704,14,0,1,1
704,15,0,1,1
704,16,3,1,1
704,17,66,1,1
704,18,90,1,1
704,19,29,1,1
704,20,27,1,1
704,21,40,1,1
704,22,8,1,1
704,23,26,1,1
704,24,1,1,1
704,25,13,1,1
704,26,17,1,1
704,27,0,1,1
704,28,17,1,1
704,29,9,1,1
704,30,19,1,1
704,31,5,1,1
704,32,14,1,1
704,33,11,1,1
705,0,84,1,1
705,1,81,1,1
705,2,58,1,1
705,3,69,1,1
705,4,16,1,1
705,5,62,1,1
705,6,0,1,1
705,7,81,1,1
705,8,9,1,1
705,9,0,1,1
705,10,10,1,1
705,11,50,1,1
705,12,0,1,1
705,13,0,1,1
705,14,0,1,1
705,15,0,1,1
705,16,2,1,1
705,17,85,1,1
705,18,97,1,1
705,19,21,1,1
705,20,30,1,1
705,21,36,1,1
705,22,10,1,1
705,23,29,1,1
705,24,0,1,1
705,25,14,1,1
705,26,21,1,1
705,27,0,1,1
705,28,12,1,1
705,29,16,1,1
705,30,13,1,1
705,31,3,1,1
705,32,17,1,1
705,33,7,1,1
706,0,100,1,1
706,1,63,1,1
706,2,66,1,1
706,3,24,1,1
706,4,24,1,1
706,5,45,1,1
706,6,0,1,1
706,7,66,1,1
706,8,9,1,1
706,9,0,1,1
706,10,16,1,1
706,11,45,1,1
706,12,0,1,1
706,13,0,1,1
706,14,0,1,1
706,15,0,1,1
706,16,3,1,1
706,17,72,1,1
706,18,100,1,1
706,19,23,1,1
706,20,30,1,1
706,21,42,1,1
706,22,12,1,1
706,23,42,1,1
706,24,2,1,1
706,25,9,1,1
706,26,22,1,1
706,27,0,1,1
706,28,11,1,1
706,29,13,1,1
706,30,12,1,1
706,31,4,1,1
706,32,13,1,1
706,33,8,1,1
707,0,69,1,1
707,1,76,1,1
707,2,43,1,1
707,3,42,1,1
707,4,19,1,1
707,5,51,1,1
707,6,0,1,1
707,7,62,1,1
707,8,11,1,1
707,9,0,1,1
707,10,12,1,1
707,11,37,1,1
707,12,0,1,1
707,13,0,1,1
707,14,0,1,1
707,15,0,1,1
707,16,3,1,1
707,17,79,1,1
707,18,81,1,1
707,19,29,1,1
707,20,28,1,1
707,21,28,1,1
707,22,10,1,1
707,23,20,1,1
707,24,2,1,1
707,25,10,1,1
707,26,21,1,1
707,27,0,1,1
707,28,17,1,1
707,29,16,1,1
707,30,14,1,1
707,31,9,1,1
707,32,17,1,1
707,33,9,1,1
708,0,84,1,1
708,1,72,1,1
708,2,56,1,1
708,3,20,1,1
708,4,20,1,1
708,5,53,1,1
708,6,0,1,1
708,7,62,1,1
708,8,15,1,1
708,9,0,1,1
708,10,7,1,1
708,11,42,1,1
708,12,0,1,1
708,13,0,1,1
708,14,0,1,1
708,15,0,1,1
708,16,5,1,1
708,17,69,1,1
708,18,84,1,1
708,19,35,1,1
708,20,29,1,1
708,21,64,1,1
708,22,5,1,1
708,23,27,1,1
708,24,2,1,1
708,25,8,1,1
708,26,8,1,1
708,27,0,1,1
708,28,14,1,1
708,29,10,1,1
708,30,13,1,1
708,31,4,1,1
708,32,12,1,1
708,33,9,1,1
709,0,71,1,1
709,1,70,1,1
709,2,48,1,1
709,3,14,1,1
709,4,21,1,1
709,5,40,1,1
709,6,0,1,1
709,7,80,1,1
709,8,9,1,1
709,9,0,1,1
709,10,6,1,1
709,11,57,1,1
709,12,0,1,1
709,13,0,1,1
709,14,0,1,1
709,15,0,1,1
709,16,3,1,1
709,17,68,1,1
709,18,72,1,1
709,19,24,1,1
709,20,23,1,1
709,21,28,1,1
709,22,12,1,1
709,23,22,1,1
709,24,4,1,1
709,25,15,1,1
709,26,17,1,1
709,27,0,1,1
709,28,18,1,1
709,29,16,1,1
709,30,12,1,1
709,31,5,1,1
709,32,10,1,1
709,33,9,1,1
710,0,45,1,1
710,1,77,1,1
710,2,71,1,1
710,3,21,1,1
710,4,18,1,1
710,5,57,1,1
710,6,0,1,1
710,7,103,1,1
710,8,11,1,1
710,9,0,1,1
710,10,6,1,1
710,11,65,1,1
710,12,0,1,1
710,13,0,1,1
710,14,0,1,1
710,15,0,1,1
710,16,1,1,1
710,17,84,1,1
710,18,116,1,1
710,19,16,1,1
710,20,36,1,1
710,21,51,1,1
710,22,7,1,1
710,23,23,1,1
710,24,0,1,1
710,25,8,1,1
710,26,22,1,1
710,27,0,1,1
710,28,21,1,1
710,29,19,1,1
710,30,15,1,1
710,31,4,1,1
710,32,18,1,1
710,33,11,1,1
711,0,66,1,1
711,1,70,1,1
711,2,46,1,1
711,3,19,1,1
711,4,11,1,1
711,5,56,1,1
711,6,0,1,1
711,7,56,1,1
711,8,10,1,1
711,9,0,1,1
711,10,7,1,1
711,11,39,1,1
711,12,0,1,1
711,13,0,1,1
711,14,0,1,1
711,15,0,1,1
711,16,0,1,1
711,17,60,1,1
711,18,73,1,1
711,19,19,1,1
711,20,23,1,1
711,21,27,1,1
711,22,8,1,1
711,23,24,1,1
711,24,3,1,1
711,25,6,1,1
711,26,9,1,1
711,27,0,1,1
711,28,17,1,1
711,29,5,1,1
711,30,10,1,1
711,31,2,1,1
711,32,18,1,1
711,33,9,1,1
712,0,60,1,1
712,1,82,1,1
712,2,50,1,1
712,3,16,1,1
712,4,14,1,1
712,5,66,1,1
712,6,0,1,1
712,7,53,1,1
712,8,11,1,1
712,9,0,1,1
712,10,1,1,1
712,11,37,1,1
712,12,0,1,1
712,13,0,1,1
712,14,0,1,1
712,15,0,1,1
712,16,3,1,1
712,17,72,1,1
712,18,71,1,1
712,19,14,1,1
712,20,13,1,1
712,21,34,1,1
712,22,11,1,1
712,23,19,1,1
712,24,1,1,1
712,25,7,1,1
712,26,16,1,1
712,27,0,1,1
712,28,19,1,1
712,29,12,1,1
712,30,8,1,1
712,31,3,1,1
712,32,9,1,1
712,33,11,1,1
713,0,65,1,1
713,1,68,1,1
713,2,49,1,1
713,3,13,1,1
713,4,17,1,1
713,5,48,1,1
713,6,0,1,1
713,7,58,1,1
713,8,6,1,1
713,9,0,1,1
713,10,6,1,1
713,11,36,1,1
713,12,0,1,1
713,13,0,1,1
713,14,0,1,1
713,15,0,1,1
713,16,2,1,1
713,17,67,1,1
713,18,77,1,1
713,19,16,1,1
713,20,20,1,1
713,21,26,1,1
713,22,7,1,1
713,23,18,1,1
713,24,0,1,1
713,25,12,1,1
713,26,14,1,1
713,27,0,1,1
713,28,24,1,1
713,29,9,1,1
713,30,17,1,1
713,31,3,1,1
713,32,13,1,1
713,33,5,1,1
714,0,58,1,1
714,1,68,1,1
714,2,48,1,1
714,3,8,1,1
714,4,23,1,1
714,5,49,1,1
714,6,0,1,1
714,7,54,1,1
714,8,11,1,1
714,9,0,1,1
714,10,3,1,1
714,11,35,1,1
714,12,0,1,1
714,13,0,1,1
714,14,0,1,1
714,15,0,1,1
714,16,1,1,1
714,17,58,1,1
714,18,74,1,1
714,19,11,1,1
714,20,27,1,1
714,21,28,1,1
714,22,5,1,1
714,23,22,1,1
714,24,1,1,1
714,25,5,1,1
714,26,12,1,1
714,27,0,1,1
714,28,14,1,1
714,29,8,1,1
714,30,15,1,1
714,31,1,1,1
714,32,10,1,1
714,33,5,1,1
715,0,59,1,1
715,1,55,1,1
715,2,41,1,1
715,3,16,1,1
715,4,14,1,1
715,5,34,1,1
715,6,0,1,1
715,7,66,1,1
715,8,9,1,1
715,9,0,1,1
715,10,7,1,1
715,11,42,1,1
715,12,0,1,1
715,13,0,1,1
715,14,0,1,1
715,15,0,1,1
715,16,1,1,1
715,17,45,1,1
715,18,58,1,1
715,19,16,1,1
715,20,21,1,1
715,21,21,1,1
715,22,9,1,1
715,23,20,1,1
715,24,2,1,1
715,25,8,1,1
715,26,5,1,1
715,27,0,1,1
715,28,10,1,1
715,29,8,1,1
715,30,13,1,1
715,31,1,1,1
715,32,8,1,1
715,33,6,1,1
716,0,59,1,1
716,1,44,1,1
716,2,56,1,1
716,3,11,1,1
716,4,2,1,1
716,5,33,1,1
716,6,0,1,1
716,7,48,1,1
716,8,4,1,1
716,9,0,1,1
716,10,6,1,1
716,11,34,1,1
716,12,0,1,1
716,13,0,1,1
716,14,0,1,1
716,15,0,1,1
716,16,3,1,1
716,17,53,1,1
716,18,75,1,1
716,19,16,1,1
716,20,13,1,1
716,21,23,1,1
716,22,7,1,1
716,23,16,1,1
716,24,1,1,1
716,25,9,1,1
716,26,9,1,1
716,27,0,1,1
716,28,15,1,1
716,29,7,1,1
716,30,15,1,1
716,31,3,1,1
716,32,12,1,1
716,33,5,1,1
717,0,37,1,1
717,1,47,1,1
717,2,43,1,1
717,3,11,1,1
717,4,7,1,1
717,5,34,1,1
717,6,0,1,1
717,7,46,1,1
717,8,6,1,1
717,9,0,1,1
717,10,4,1,1
717,11,31,1,1
717,12,0,1,1
717,13,0,1,1
717,14,0,1,1
717,15,0,1,1
717,16,2,1,1
717,17,52,1,1
717,18,43,1,1
717,19,16,1,1
717,20,16,1,1
717,21,14,1,1
717,22,12,1,1
717,23,22,1,1
717,24,0,1,1
717,25,10,1,1
717,26,12,1,1
717,27,0,1,1
717,28,15,1,1
717,29,9,1,1
717,30,6,1,1
717,31,1,1,1
717,32,7,1,1
717,33,3,1,1
718,0,31,1,1
718,1,46,1,1
718,2,41,1,1
718,3,21,1,1
718,4,8,1,1
718,5,31,1,1
718,6,0,1,1
718,7,53,1,1
718,8,7,1,1
718,9,0,1,1
718,10,6,1,1
718,11,35,1,1
718,12,0,1,1
718,13,0,1,1
718,14,0,1,1
718,15,0,1,1
718,16,2,1,1
718,17,45,1,1
718,18,72,1,1
718,19,15,1,1
718,20,11,1,1
718,21,23,1,1
718,22,7,1,1
718,23,15,1,1
718,24,1,1,1
718,25,9,1,1
718,26,17,1,1
718,27,0,1,1
718,28,13,1,1
718,29,8,1,1
718,30,7,1,1
718,31,2,1,1
718,32,10,1,1
718,33,3,1,1
719,0,33,1,1
719,1,50,1,1
719,2,29,1,1
719,3,21,1,1
719,4,12,1,1
719,5,31,1,1
719,6,0,1,1
719,7,52,1,1
719,8,4,1,1
719,9,0,1,1
719,10,6,1,1
719,11,25,1,1
719,12,0,1,1
719,13,0,1,1
719,14,0,1,1
719,15,0,1,1
719,16,2,1,1
719,17,46,1,1
719,18,50,1,1
719,19,17,1,1
719,20,9,1,1
719,21,37,1,1
719,22,8,1,1
719,23,15,1,1
719,24,0,1,1
719,25,6,1,1
719,26,9,1,1
719,27,0,1,1
719,28,3,1,1
719,29,5,1,1
719,30,4,1,1
719,31,2,1,1
719,32,4,1,1
719,33,1,1,1
720,0,31,1,1
720,1,43,1,1
720,2,43,1,1
720,3,6,1,1
720,4,12,1,1
720,5,31,1,1
720,6,0,1,1
720,7,40,1,1
720,8,4,1,1
720,9,0,1,1
720,10,5,1,1
720,11,32,1,1
720,12,0,1,1
720,13,0,1,1
720,14,0,1,1
720,15,0,1,1
720,16,2,1,1
720,17,40,1,1
720,18,55,1,1
720,19,12,1,1
720,20,13,1,1
720,21,33,1,1
720,22,4,1,1
720,23,8,1,1
720,24,0,1,1
720,25,11,1,1
720,26,6,1,1
720,27,0,1,1
720,28,8,1,1
720,29,11,1,1
720,30,10,1,1
720,31,2,1,1
720,32,3,1,1
720,33,5,1,1
721,0,27,1,1
721,1,39,1,1
721,2,24,1,1
721,3,7,1,1
721,4,9,1,1
721,5,31,1,1
721,6,0,1,1
721,7,35,1,1
721,8,5,1,1
721,9,0,1,1
721,10,0,1,1
721,11,24,1,1
721,12,0,1,1
721,13,0,1,1
721,14,0,1,1
721,15,0,1,1
721,16,1,1,1
721,17,42,1,1
721,18,41,1,1
721,19,11,1,1
721,20,7,1,1
721,21,13,1,1
721,22,2,1,1
721,23,7,1,1
721,24,0,1,1
721,25,3,1,1
721,26,5,1,1
721,27,0,1,1
721,28,13,1,1
721,29,1,1,1
721,30,8,1,1
721,31,2,1,1
721,32,5,1,1
721,33,0,1,1
722,0,23,1,1
722,1,41,1,1
722,2,20,1,1
722,3,6,1,1
722,4,12,1,1
722,5,32,1,1
722,6,0,1,1
722,7,26,1,1
722,8,3,1,1
722,9,0,1,1
722,10,1,1,1
722,11,17,1,1
722,12,0,1,1
722,13,0,1,1
722,14,0,1,1
722,15,0,1,1
722,16,1,1,1
722,17,41,1,1
722,18,27,1,1
722,19,11,1,1
722,20,9,1,1
722,21,14,1,1
722,22,0,1,1
722,23,14,1,1
722,24,0,1,1
722,25,4,1,1
722,26,7,1,1
722,27,0,1,1
722,28,9,1,1
722,29,3,1,1
722,30,5,1,1
722,31,1,1,1
722,32,6,1,1
722,33,2,1,1
723,0,22,1,1
723,1,24,1,1
723,2,44,1,1
723,3,6,1,1
723,4,11,1,1
723,5,13,1,1
723,6,0,1,1
723,7,35,1,1
723,8,2,1,1
723,9,0,1,1
723,10,0,1,1
723,11,21,1,1
723,12,0,1,1
723,13,0,1,1
723,14,0,1,1
723,15,0,1,1
723,16,1,1,1
723,17,20,1,1
723,18,30,1,1
723,19,6,1,1
723,20,7,1,1
723,21,11,1,1
723,22,2,1,1
723,23,12,1,1
723,24,0,1,1
723,25,3,1,1
723,26,4,1,1
723,27,0,1,1
723,28,4,1,1
723,29,2,1,1
723,30,2,1,1
723,31,2,1,1
723,32,5,1,1
723,33,4,1,1
724,0,22,1,1
724,1,16,1,1
724,2,21,1,1
724,3,4,1,1
724,4,6,1,1
724,5,8,1,1
724,6,0,1,1
724,7,19,1,1
724,8,1,1,1
724,9,0,1,1
724,10,2,1,1
724,11,12,1,1
724,12,0,1,1
724,13,0,1,1
724,14,0,1,1
724,15,0,1,1
724,16,1,1,1
724,17,25,1,1
724,18,23,1,1
724,19,9,1,1
724,20,3,1,1
724,21,6,1,1
724,22,2,1,1
724,23,8,1,1
724,24,0,1,1
724,25,3,1,1
724,26,11,1,1
724,27,0,1,1
724,28,6,1,1
724,29,6,1,1
724,30,5,1,1
724,31,2,1,1
724,32,6,1,1
724,33,2,1,1
725,0,27,1,1
725,1,23,1,1
725,2,31,1,1
725,3,6,1,1
725,4,6,1,1
725,5,14,1,1
725,6,0,1,1
725,7,25,1,1
725,8,5,1,1
725,9,0,1,1
725,10,0,1,1
725,11,10,1,1
725,12,0,1,1
725,13,0,1,1
725,14,0,1,1
725,15,0,1,1
725,16,1,1,1
725,17,13,1,1
725,18,23,1,1
725,19,8,1,1
725,20,7,1,1
725,21,9,1,1
725,22,3,1,1
725,23,5,1,1
725,24,0,1,1
725,25,4,1,1
725,26,3,1,1
725,27,0,1,1
725,28,4,1,1
725,29,1,1,1
725,30,6,1,1
725,31,2,1,1
725,32,4,1,1
725,33,0,1,1
726,0,7,1,1
726,1,16,1,1
726,2,11,1,1
726,3,2,1,1
726,4,5,1,1
726,5,14,1,1
726,6,0,1,1
726,7,12,1,1
726,8,4,1,1
726,9,0,1,1
726,10,1,1,1
726,11,8,1,1
726,12,0,1,1
726,13,0,1,1
726,14,0,1,1
726,15,0,1,1
726,16,0,1,1
726,17,20,1,1
726,18,13,1,1
726,19,4,1,1
726,20,6,1,1
726,21,4,1,1
726,22,2,1,1
726,23,4,1,1
726,24,0,1,1
726,25,4,1,1
726,26,5,1,1
726,27,0,1,1
726,28,1,1,1
726,29,3,1,1
726,30,2,1,1
726,31,1,1,1
726,32,6,1,1
726,33,2,1,1
727,0,11,1,1
727,1,17,1,1
727,2,14,1,1
727,3,6,1,1
727,4,3,1,1
727,5,11,1,1
727,6,0,1,1
727,7,21,1,1
727,8,4,1,1
727,9,0,1,1
727,10,0,1,1
727,11,10,1,1
727,12,0,1,1
727,13,0,1,1
727,14,0,1,1
727,15,0,1,1
727,16,0,1,1
727,17,12,1,1
727,18,19,1,1
727,19,6,1,1
727,20,0,1,1
727,21,5,1,1
727,22,6,1,1
727,23,4,1,1
727,24,0,1,1
727,25,4,1,1
727,26,4,1,1
727,27,0,1,1
727,28,7,1,1
727,29,1,1,1
727,30,1,1,1
727,31,2,1,1
727,32,4,1,1
727,33,1,1,1
728,0,20,1,1
728,1,14,1,1
728,2,8,1,1
728,3,2,1,1
728,4,6,1,1
728,5,8,1,1
728,6,0,1,1
728,7,17,1,1
728,8,5,1,1
728,9,0,1,1
728,10,1,1,1
728,11,10,1,1
728,12,0,1,1
728,13,0,1,1
728,14,0,1,1
728,15,0,1,1
728,16,0,1,1
728,17,7,1,1
728,18,22,1,1
728,19,5,1,1
728,20,4,1,1
728,21,9,1,1
728,22,2,1,1
728,23,5,1,1
728,24,1,1,1
728,25,2,1,1
728,26,0,1,1
728,27,0,1,1
728,28,1,1,1
728,29,3,1,1
728,30,1,1,1
728,31,0,1,1
728,32,3,1,1
728,33,1,1,1
729,0,9,1,1
729,1,12,1,1
729,2,9,1,1
729,3,1,1,1
729,4,3,1,1
729,5,14,1,1
729,6,0,1,1
729,7,10,1,1
729,8,1,1,1
729,9,0,1,1
729,10,2,1,1
729,11,6,1,1
729,12,0,1,1
729,13,0,1,1
729,14,0,1,1
729,15,0,1,1
729,16,1,1,1
729,17,14,1,1
729,18,15,1,1
729,19,5,1,1
729,20,0,1,1
729,21,4,1,1
729,22,2,1,1
729,23,3,1,1
729,24,0,1,1
729,25,1,1,1
729,26,4,1,1
729,27,0,1,1
729,28,3,1,1
729,29,5,1,1
729,30,3,1,1
729,31,0,1,1
729,32,2,1,1
729,33,1,1,1
730,0,17,1,1
730,1,14,1,1
730,2,9,1,1
730,3,2,1,1
730,4,2,1,1
730,5,8,1,1
730,6,0,1,1
730,7,8,1,1
730,8,1,1,1
730,9,0,1,1
730,10,1,1,1
730,11,6,1,1
730,12,0,1,1
730,13,0,1,1
730,14,0,1,1
730,15,0,1,1
730,16,0,1,1
730,17,8,1,1
730,18,12,1,1
730,19,2,1,1
730,20,2,1,1
730,21,6,1,1
730,22,0,1,1
730,23,1,1,1
730,24,0,1,1
730,25,0,1,1
730,26,1,1,1
730,27,0,1,1
730,28,1,1,1
730,29,1,1,1
730,30,0,1,1
730,31,1,1,1
730,32,3,1,1
730,33,2,1,1
731,0,9,1,1
731,1,11,1,1
731,2,6,1,1
731,3,1,1,1
731,4,3,1,1
731,5,7,1,1
731,6,0,1,1
731,7,8,1,1
731,8,0,1,1
731,9,0,1,1
731,10,2,1,1
731,11,6,1,1
731,12,0,1,1
731,13,0,1,1
731,14,0,1,1
731,15,0,1,1
731,16,0,1,1
731,17,6,1,1
731,18,11,1,1
731,19,6,1,1
731,20,1,1,1
731,21,4,1,1
731,22,1,1,1
731,23,3,1,1
731,24,0,1,1
731,25,1,1,1
731,26,3,1,1
731,27,0,1,1
731,28,3,1,1
731,29,0,1,1
731,30,1,1,1
731,31,1,1,1
731,32,4,1,1
731,33,0,1,1
732,0,6,1,1
732,1,6,1,1
732,2,1,1,1
732,3,1,1,1
732,4,2,1,1
732,5,5,1,1
732,6,0,1,1
732,7,9,1,1
732,8,0,1,1
732,9,0,1,1
732,10,0,1,1
732,11,9,1,1
732,12,0,1,1
732,13,0,1,1
732,14,0,1,1
732,15,0,1,1
732,16,1,1,1
732,17,12,1,1
732,18,13,1,1
732,19,2,1,1
732,20,1,1,1
732,21,6,1,1
732,22,1,1,1
732,23,4,1,1
732,24,0,1,1
732,25,1,1,1
732,26,0,1,1
732,27,0,1,1
732,28,4,1,1
732,29,1,1,1
732,30,0,1,1
732,31,0,1,1
732,32,2,1,1
732,33,0,1,1
733,0,11,1,1
733,1,6,1,1
733,2,2,1,1
733,3,3,1,1
733,4,5,1,1
733,5,5,1,1
733,6,0,1,1
733,7,12,1,1
733,8,0,1,1
733,9,0,1,1
733,10,2,1,1
733,11,8,1,1
733,12,0,1,1
733,13,0,1,1
733,14,0,1,1
733,15,0,1,1
733,16,1,1,1
733,17,5,1,1
733,18,13,1,1
733,19,3,1,1
733,20,1,1,1
733,21,2,1,1
733,22,0,1,1
733,23,1,1,1
733,24,0,1,1
733,25,0,1,1
733,26,0,1,1
733,27,0,1,1
733,28,1,1,1
733,29,0,1,1
733,30,1,1,1
733,31,0,1,1
733,32,1,1,1
733,33,1,1,1
734,0,10,1,1
734,1,11,1,1
734,2,2,1,1
734,3,1,1,1
734,4,0,1,1
734,5,4,1,1
734,6,0,1,1
734,7,10,1,1
734,8,0,1,1
734,9,0,1,1
734,10,1,1,1
734,11,3,1,1
734,12,0,1,1
734,13,0,1,1
734,14,0,1,1
734,15,0,1,1
734,16,0,1,1
734,17,6,1,1
734,18,9,1,1
734,19,0,1,1
734,20,5,1,1
734,21,2,1,1
734,22,1,1,1
734,23,2,1,1
734,24,0,1,1
734,25,2,1,1
734,26,3,1,1
734,27,0,1,1
734,28,0,1,1
734,29,0,1,1
734,30,0,1,1
734,31,1,1,1
734,32,1,1,1
734,33,0,1,1
735,0,10,1,1
735,1,7,1,1
735,2,3,1,1
735,3,1,1,1
735,4,4,1,1
735,5,6,1,1
735,6,0,1,1
735,7,9,1,1
735,8,1,1,1
735,9,0,1,1
735,10,1,1,1
735,11,7,1,1
735,12,0,1,1
735,13,0,1,1
735,14,0,1,1
735,15,0,1,1
735,16,0,1,1
735,17,5,1,1
735,18,9,1,1
735,19,1,1,1
735,20,2,1,1
735,21,4,1,1
735,22,1,1,1
735,23,5,1,1
735,24,0,1,1
735,25,1,1,1
735,26,0,1,1
735,27,0,1,1
735,28,2,1,1
735,29,1,1,1
735,30,0,1,1
735,31,0,1,1
735,32,2,1,1
735,33,1,1,1
736,0,5,1,1
736,1,8,1,1
736,2,2,1,1
736,3,3,1,1
736,4,0,1,1
736,5,8,1,1
736,6,0,1,1
736,7,8,1,1
736,8,1,1,1
736,9,0,1,1
736,10,3,1,1
736,11,6,1,1
736,12,0,1,1
736,13,0,1,1
736,14,0,1,1
736,15,0,1,1
736,16,1,1,1
736,17,7,1,1
736,18,11,1,1
736,19,1,1,1
736,20,2,1,1
736,21,6,1,1
736,22,1,1,1
736,23,3,1,1
736,24,0,1,1
736,25,1,1,1
736,26,3,1,1
736,27,0,1,1
736,28,3,1,1
736,29,2,1,1
736,30,2,1,1
736,31,0,1,1
736,32,1,1,1
736,33,0,1,1
737,0,3,1,1
737,1,11,1,1
737,2,2,1,1
737,3,0,1,1
737,4,4,1,1
737,5,4,1,1
737,6,0,1,1
737,7,6,1,1
737,8,1,1,1
737,9,0,1,1
737,10,0,1,1
737,11,5,1,1
737,12,0,1,1
737,13,0,1,1
737,14,0,1,1
737,15,0,1,1
737,16,1,1,1
737,17,6,1,1
737,18,4,1,1
737,19,1,1,1
737,20,1,1,1
737,21,4,1,1
737,22,1,1,1
737,23,0,1,1
737,24,0,1,1
737,25,1,1,1
737,26,1,1,1
737,27,0,1,1
737,28,1,1,1
737,29,1,1,1
737,30,3,1,1
737,31,0,1,1
737,32,0,1,1
737,33,1,1,1
738,0,5,1,1
738,1,9,1,1
738,2,3,1,1
738,3,0,1,1
738,4,4,1,1
738,5,6,1,1
738,6,0,1,1
738,7,9,1,1
738,8,0,1,1
738,9,0,1,1
738,10,1,1,1
738,11,5,1,1
738,12,0,1,1
738,13,0,1,1
738,14,0,1,1
738,15,0,1,1
738,16,0,1,1
738,17,3,1,1
738,18,5,1,1
738,19,2,1,1
738,20,1,1,1
738,21,2,1,1
738,22,1,1,1
738,23,2,1,1
738,24,0,1,1
738,25,0,1,1
738,26,0,1,1
738,27,0,1,1
738,28,1,1,1
738,29,1,1,1
738,30,0,1,1
738,31,1,1,1
738,32,0,1,1
738,33,1,1,1
739,0,8,1,1
739,1,6,1,1
739,2,3,1,1
739,3,2,1,1
739,4,0,1,1
739,5,5,1,1
739,6,0,1,1
739,7,6,1,1
739,8,2,1,1
739,9,0,1,1
739,10,1,1,1
739,11,3,1,1
739,12,0,1,1
739,13,0,1,1
739,14,0,1,1
739,15,0,1,1
739,16,0,1,1
739,17,4,1,1
739,18,6,1,1
739,19,1,1,1
739,20,1,1,1
739,21,2,1,1
739,22,0,1,1
739,23,1,1,1
739,24,0,1,1
739,25,1,1,1
739,26,0,1,1
739,27,0,1,1
739,28,1,1,1
739,29,0,1,1
739,30,1,1,1
739,31,0,1,1
739,32,0,1,1
739,33,0,1,1
740,0,5,1,1
740,1,7,1,1
740,2,1,1,1
740,3,1,1,1
740,4,1,1,1
740,5,6,1,1
740,6,0,1,1
740,7,3,1,1
740,8,3,1,1
740,9,0,1,1
740,10,0,1,1
740,11,1,1,1
740,12,0,1,1
740,13,0,1,1
740,14,0,1,1
740,15,0,1,1
740,16,0,1,1
740,17,7,1,1
740,18,5,1,1
740,19,1,1,1
740,20,1,1,1
740,21,3,1,1
740,22,1,1,1
740,23,1,1,1
740,24,0,1,1
740,25,3,1,1
740,26,3,1,1
740,27,0,1,1
740,28,3,1,1
740,29,2,1,1
740,30,2,1,1
740,31,0,1,1
740,32,2,1,1
740,33,0,1,1
741,0,5,1,1
741,1,7,1,1
741,2,6,1,1
741,3,1,1,1
741,4,0,1,1
741,5,6,1,1
741,6,0,1,1
741,7,2,1,1
741,8,0,1,1
741,9,0,1,1
741,10,0,1,1
741,11,3,1,1
741,12,0,1,1
741,13,0,1,1
741,14,0,1,1
741,15,0,1,1
741,16,0,1,1
741,17,4,1,1
741,18,2,1,1
741,19,4,1,1
741,20,1,1,1
741,21,0,1,1
741,22,0,1,1
741,23,1,1,1
741,24,0,1,1
741,25,1,1,1
741,26,0,1,1
741,27,0,1,1
741,28,0,1,1
741,29,4,1,1
741,30,2,1,1
741,31,0,1,1
741,32,1,1,1
741,33,2,1,1
742,0,9,1,1
742,1,4,1,1
742,2,0,1,1
742,3,0,1,1
742,4,0,1,1
742,5,2,1,1
742,6,0,1,1
742,7,7,1,1
742,8,2,1,1
742,9,0,1,1
742,10,0,1,1
742,11,4,1,1
742,12,0,1,1
742,13,0,1,1
742,14,0,1,1
742,15,0,1,1
742,16,0,1,1
742,17,1,1,1
742,18,4,1,1
742,19,3,1,1
742,20,0,1,1
742,21,1,1,1
742,22,1,1,1
742,23,0,1,1
742,24,0,1,1
742,25,0,1,1
742,26,0,1,1
742,27,0,1,1
742,28,1,1,1
742,29,0,1,1
742,30,1,1,1
742,31,0,1,1
742,32,1,1,1
742,33,0,1,1
743,0,7,1,1
743,1,8,1,1
743,2,1,1,1
743,3,1,1,1
743,4,0,1,1
743,5,3,1,1
743,6,0,1,1
743,7,3,1,1
743,8,2,1,1
743,9,0,1,1
743,10,0,1,1
743,11,4,1,1
743,12,0,1,1
743,13,0,1,1
743,14,0,1,1
743,15,0,1,1
743,16,0,1,1
743,17,2,1,1
743,18,4,1,1
743,19,1,1,1
743,20,1,1,1
743,21,3,1,1
743,22,0,1,1
743,23,3,1,1
743,24,0,1,1
743,25,2,1,1
743,26,1,1,1
743,27,0,1,1
743,28,1,1,1
743,29,0,1,1
743,30,0,1,1
743,31,1,1,1
743,32,0,1,1
743,33,2,1,1
744,0,8,1,1
744,1,13,1,1
744,2,1,1,1
744,3,0,1,1
744,4,0,1,1
744,5,5,1,1
744,6,0,1,1
744,7,2,1,1
744,8,1,1,1
744,9,0,1,1
744,10,0,1,1
744,11,1,1,1
744,12,0,1,1
744,13,0,1,1
744,14,0,1,1
744,15,0,1,1
744,16,0,1,1
744,17,7,1,1
744,18,2,1,1
744,19,0,1,1
744,20,1,1,1
744,21,2,1,1
744,22,0,1,1
744,23,0,1,1
744,24,0,1,1
744,25,0,1,1
744,26,2,1,1
744,27,0,1,1
744,28,2,1,1
744,29,0,1,1
744,30,1,1,1
744,31,0,1,1
744,32,0,1,1
744,33,0,1,1
745,0,14,1,1
745,1,10,1,1
745,2,0,1,1
745,3,0,1,1
745,4,2,1,1
745,5,5,1,1
745,6,0,1,1
745,7,1,1,1
745,8,0,1,1
745,9,0,1,1
745,10,1,1,1
745,11,2,1,1
745,12,0,1,1
745,13,0,1,1
745,14,0,1,1
745,15,0,1,1
745,16,0,1,1
745,17,3,1,1
745,18,2,1,1
745,19,2,1,1
745,20,2,1,1
745,21,1,1,1
745,22,0,1,1
745,23,2,1,1
745,24,0,1,1
745,25,0,1,1
745,26,0,1,1
745,27,0,1,1
745,28,0,1,1
745,29,0,1,1
745,30,0,1,1
745,31,0,1,1
745,32,1,1,1
745,33,0,1,1
746,0,5,1,1
746,1,10,1,1
746,2,1,1,1
746,3,1,1,1
746,4,0,1,1
746,5,8,1,1
746,6,0,1,1
746,7,6,1,1
746,8,1,1,1
746,9,0,1,1
746,10,2,1,1
746,11,3,1,1
746,12,0,1,1
746,13,0,1,1
746,14,0,1,1
746,15,0,1,1
746,16,1,1,1
746,17,1,1,1
746,18,3,1,1
746,19,1,1,1
746,20,3,1,1
746,21,0,1,1
746,22,1,1,1
746,23,1,1,1
746,24,0,1,1
746,25,0,1,1
746,26,1,1,1
746,27,0,1,1
746,28,1,1,1
746,29,0,1,1
746,30,0,1,1
746,31,0,1,1
746,32,0,1,1
746,33,1,1,1
747,0,5,1,1
747,1,8,1,1
747,2,0,1,1
747,3,0,1,1
747,4,1,1,1
747,5,5,1,1
747,6,0,1,1
747,7,1,1,1
747,8,0,1,1
747,9,0,1,1
747,10,0,1,1
747,11,1,1,1
747,12,0,1,1
747,13,0,1,1
747,14,0,1,1
747,15,0,1,1
747,16,0,1,1
747,17,4,1,1
747,18,1,1,1
747,19,4,1,1
747,20,0,1,1
747,21,0,1,1
747,22,1,1,1
747,23,0,1,1
747,24,0,1,1
747,25,0,1,1
747,26,2,1,1
747,27,0,1,1
747,28,3,1,1
747,29,0,1,1
747,30,0,1,1
747,31,0,1,1
747,32,1,1,1
747,33,1,1,1
748,0,3,1,1
748,1,7,1,1
748,2,2,1,1
748,3,0,1,1
748,4,2,1,1
748,5,3,1,1
748,6,0,1,1
748,7,3,1,1
748,8,0,1,1
748,9,0,1,1
748,10,1,1,1
748,11,2,1,1
748,12,0,1,1
748,13,0,1,1
748,14,0,1,1
748,15,0,1,1
748,16,0,1,1
748,17,3,1,1
748,18,6,1,1
748,19,0,1,1
748,20,1,1,1
748,21,2,1,1
748,22,1,1,1
748,23,1,1,1
748,24,0,1,1
748,25,0,1,1
748,26,2,1,1
748,27,0,1,1
748,28,1,1,1
748,29,1,1,1
748,30,1,1,1
748,31,0,1,1
748,32,0,1,1
748,33,1,1,1
749,0,10,1,1
749,1,4,1,1
749,2,0,1,1
749,3,3,1,1
749,4,2,1,1
749,5,5,1,1
749,6,0,1,1
749,7,1,1,1
749,8,0,1,1
749,9,0,1,1
749,10,0,1,1
749,11,0,1,1
749,12,0,1,1
749,13,0,1,1
749,14,0,1,1
749,15,0,1,1
749,16,0,1,1
749,17,3,1,1
749,18,1,1,1
749,19,1,1,1
749,20,2,1,1
749,21,1,1,1
749,22,0,1,1
749,23,2,1,1
749,24,0,1,1
749,25,0,1,1
749,26,0,1,1
749,27,0,1,1
749,28,1,1,1
749,29,1,1,1
749,30,2,1,1
749,31,0,1,1
749,32,2,1,1
749,33,0,1,1
750,0,7,1,1
750,1,2,1,1
750,2,3,1,1
750,3,2,1,1
750,4,0,1,1
750,5,0,1,1
750,6,0,1,1
750,7,3,1,1
750,8,1,1,1
750,9,0,1,1
750,10,0,1,1
750,11,1,1,1
750,12,0,1,1
750,13,0,1,1
750,14,0,1,1
750,15,0,1,1
750,16,1,1,1
750,17,1,1,1
750,18,2,1,1
750,19,2,1,1
750,20,1,1,1
750,21,0,1,1
750,22,3,1,1
750,23,0,1,1
750,24,0,1,1
750,25,2,1,1
750,26,1,1,1
750,27,0,1,1
750,28,0,1,1
750,29,0,1,1
750,30,0,1,1
750,31,0,1,1
750,32,1,1,1
750,33,0,1,1
751,0,5,1,1
751,1,8,1,1
751,2,4,1,1
751,3,0,1,1
751,4,0,1,1
751,5,5,1,1
751,6,0,1,1
751,7,3,1,1
751,8,1,1,1
751,9,0,1,1
751,10,2,1,1
751,11,2,1,1
751,12,0,1,1
751,13,0,1,1
751,14,0,1,1
751,15,0,1,1
751,16,0,1,1
751,17,8,1,1
751,18,2,1,1
751,19,1,1,1
751,20,2,1,1
751,21,6,1,1
751,22,0,1,1
751,23,2,1,1
751,24,0,1,1
751,25,0,1,1
751,26,0,1,1
751,27,0,1,1
751,28,1,1,1
751,29,2,1,1
751,30,2,1,1
751,31,0,1,1
751,32,2,1,1
751,33,1,1,1
752,0,12,1,1
752,1,11,1,1
752,2,1,1,1
752,3,1,1,1
752,4,1,1,1
752,5,6,1,1
752,6,0,1,1
752,7,3,1,1
752,8,0,1,1
752,9,0,1,1
752,10,3,1,1
752,11,1,1,1
752,12,0,1,1
752,13,0,1,1
752,14,0,1,1
752,15,0,1,1
752,16,1,1,1
752,17,11,1,1
752,18,5,1,1
752,19,3,1,1
752,20,4,1,1
752,21,0,1,1
752,22,1,1,1
752,23,4,1,1
752,24,0,1,1
752,25,1,1,1
752,26,1,1,1
752,27,0,1,1
752,28,3,1,1
752,29,0,1,1
752,30,3,1,1
752,31,0,1,1
752,32,4,1,1
752,33,0,1,1
753,0,12,1,1
753,1,23,1,1
753,2,4,1,1
753,3,0,1,1
753,4,1,1,1
753,5,6,1,1
753,6,0,1,1
753,7,7,1,1
753,8,3,1,1
753,9,0,1,1
753,10,2,1,1
753,11,5,1,1
753,12,0,1,1
753,13,0,1,1
753,14,0,1,1
753,15,0,1,1
753,16,0,1,1
753,17,17,1,1
753,18,7,1,1
753,19,1,1,1
753,20,1,1,1
753,21,4,1,1
753,22,0,1,1
753,23,3,1,1
753,24,0,1,1
753,25,0,1,1
753,26,7,1,1
753,27,0,1,1
753,28,0,1,1
753,29,0,1,1
753,30,2,1,1
753,31,1,1,1
753,32,1,1,1
753,33,0,1,1
754,0,20,1,1
754,1,11,1,1
754,2,10,1,1
754,3,2,1,1
754,4,4,1,1
754,5,10,1,1
754,6,0,1,1
754,7,5,1,1
754,8,3,1,1
754,9,0,1,1
754,10,4,1,1
754,11,4,1,1
754,12,0,1,1
754,13,0,1,1
754,14,0,1,1
754,15,0,1,1
754,16,0,1,1
754,17,19,1,1
754,18,10,1,1
754,19,4,1,1
754,20,3,1,1
754,21,6,1,1
754,22,3,1,1
754,23,6,1,1
754,24,0,1,1
754,25,3,1,1
754,26,3,1,1
754,27,0,1,1
754,28,5,1,1
754,29,4,1,1
754,30,3,1,1
754,31,0,1,1
754,32,1,1,1
754,33,2,1,1
755,0,13,1,1
755,1,24,1,1
755,2,6,1,1
755,3,4,1,1
755,4,2,1,1
755,5,13,1,1
755,6,0,1,1
755,7,14,1,1
755,8,2,1,1
755,9,0,1,1
755,10,4,1,1
755,11,8,1,1
755,12,0,1,1
755,13,0,1,1
755,14,0,1,1
755,15,0,1,1
755,16,0,1,1
755,17,27,1,1
755,18,17,1,1
755,19,3,1,1
755,20,7,1,1
755,21,3,1,1
755,22,4,1,1
755,23,5,1,1
755,24,0,1,1
755,25,0,1,1
755,26,4,1,1
755,27,0,1,1
755,28,3,1,1
755,29,2,1,1
755,30,4,1,1
755,31,0,1,1
755,32,3,1,1
755,33,2,1,1
756,0,14,1,1
756,1,27,1,1
756,2,10,1,1
756,3,1,1,1
756,4,7,1,1
756,5,25,1,1
756,6,0,1,1
756,7,13,1,1
756,8,1,1,1
756,9,0,1,1
756,10,4,1,1
756,11,8,1,1
756,12,0,1,1
756,13,0,1,1
756,14,0,1,1
756,15,0,1,1
756,16,0,1,1
756,17,35,1,1
756,18,12,1,1
756,19,6,1,1
756,20,10,1,1
756,21,11,1,1
756,22,0,1,1
756,23,10,1,1
756,24,1,1,1
756,25,1,1,1
756,26,3,1,1
756,27,0,1,1
756,28,2,1,1
756,29,1,1,1
756,30,8,1,1
756,31,1,1,1
756,32,5,1,1
756,33,3,1,1
757,0,24,1,1
757,1,48,1,1
757,2,17,1,1
757,3,11,1,1
757,4,9,1,1
757,5,28,1,1
757,6,0,1,1
757,7,18,1,1
757,8,4,1,1
757,9,0,1,1
757,10,4,1,1
757,11,12,1,1
757,12,0,1,1
757,13,0,1,1
757,14,0,1,1
757,15,0,1,1
757,16,0,1,1
757,17,39,1,1
757,18,23,1,1
757,19,11,1,1
757,20,15,1,1
757,21,8,1,1
757,22,1,1,1
757,23,15,1,1
757,24,0,1,1
757,25,4,1,1
757,26,10,1,1
757,27,0,1,1
757,28,5,1,1
757,29,5,1,1
757,30,6,1,1
757,31,1,1,1
757,32,5,1,1
757,33,3,1,1
758,0,42,1,1
758,1,47,1,1
758,2,13,1,1
758,3,7,1,1
758,4,13,1,1
758,5,19,1,1
758,6,0,1,1
758,7,15,1,1
758,8,4,1,1
758,9,0,1,1
758,10,7,1,1
758,11,8,1,1
758,12,0,1,1
758,13,0,1,1
758,14,0,1,1
758,15,0,1,1
758,16,1,1,1
758,17,36,1,1
758,18,29,1,1
758,19,6,1,1
758,20,16,1,1
758,21,12,1,1
758,22,5,1,1
758,23,18,1,1
758,24,0,1,1
758,25,6,1,1
758,26,6,1,1
758,27,0,1,1
758,28,6,1,1
758,29,4,1,1
758,30,8,1,1
758,31,3,1,1
758,32,6,1,1
758,33,2,1,1
759,0,63,1,1
759,1,63,1,1
759,2,16,1,1
759,3,9,1,1
759,4,14,1,1
759,5,33,1,1
759,6,0,1,1
759,7,13,1,1
759,8,6,1,1
759,9,0,1,1
759,10,7,1,1
759,11,11,1,1
759,12,0,1,1
759,13,0,1,1
759,14,0,1,1
759,15,0,1,1
759,16,0,1,1
759,17,65,1,1
759,18,45,1,1
759,19,14,1,1
759,20,17,1,1
759,21,7,1,1
759,22,1,1,1
759,23,19,1,1
759,24,1,1,1
759,25,10,1,1
759,26,14,1,1
759,27,0,1,1
759,28,6,1,1
759,29,7,1,1
759,30,15,1,1
759,31,7,1,1
759,32,13,1,1
759,33,4,1,1
760,0,76,1,1
760,1,69,1,1
760,2,17,1,1
760,3,7,1,1
760,4,12,1,1
760,5,37,1,1
760,6,0,1,1
760,7,20,1,1
760,8,9,1,1
760,9,0,1,1
760,10,7,1,1
760,11,16,1,1
760,12,0,1,1
760,13,0,1,1
760,14,0,1,1
760,15,0,1,1
760,16,0,1,1
760,17,67,1,1
760,18,47,1,1
760,19,10,1,1
760,20,25,1,1
760,21,12,1,1
760,22,9,1,1
760,23,13,1,1
760,24,0,1,1
760,25,9,1,1
760,26,15,1,1
760,27,0,1,1
760,28,12,1,1
760,29,4,1,1
760,30,16,1,1
760,31,3,1,1
760,32,10,1,1
760,33,2,1,1
761,0,84,1,1
761,1,128,1,1
761,2,30,1,1
761,3,12,1,1
761,4,23,1,1
761,5,71,1,1
761,6,0,1,1
761,7,26,1,1
761,8,10,1,1
761,9,0,1,1
761,10,6,1,1
761,11,14,1,1
761,12,0,1,1
761,13,0,1,1
761,14,0,1,1
761,15,0,1,1
761,16,2,1,1
761,17,103,1,1
761,18,57,1,1
761,19,16,1,1
761,20,20,1,1
761,21,22,1,1
761,22,9,1,1
761,23,17,1,1
761,24,0,1,1
761,25,6,1,1
761,26,21,1,1
761,27,0,1,1
761,28,16,1,1
761,29,5,1,1
761,30,19,1,1
761,31,5,1,1
761,32,17,1,1
761,33,3,1,1
762,0,102,1,1
762,1,127,1,1
762,2,42,1,1
762,3,9,1,1
762,4,30,1,1
762,5,61,1,1
762,6,0,1,1
762,7,32,1,1
762,8,6,1,1
762,9,0,1,1
762,10,6,1,1
762,11,18,1,1
762,12,0,1,1
762,13,0,1,1
762,14,0,1,1
762,15,0,1,1
762,16,2,1,1
762,17,148,1,1
762,18,83,1,1
762,19,18,1,1
762,20,30,1,1
762,21,20,1,1
762,22,11,1,1
762,23,26,1,1
762,24,2,1,1
762,25,9,1,1
762,26,22,1,1
762,27,0,1,1
762,28,13,1,1
762,29,6,1,1
762,30,11,1,1
762,31,7,1,1
762,32,14,1,1
762,33,12,1,1
763,0,119,1,1
763,1,152,1,1
763,2,45,1,1
763,3,11,1,1
763,4,29,1,1
763,5,86,1,1
763,6,0,1,1
763,7,40,1,1
763,8,9,1,1
763,9,0,1,1
763,10,7,1,1
763,11,22,1,1
763,12,0,1,1
763,13,0,1,1
763,14,0,1,1
763,15,0,1,1
763,16,3,1,1
763,17,146,1,1
763,18,66,1,1
763,19,23,1,1
763,20,47,1,1
763,21,72,1,1
763,22,15,1,1
763,23,22,1,1
763,24,1,1,1
763,25,9,1,1
763,26,31,1,1
763,27,0,1,1
763,28,18,1,1
763,29,4,1,1
763,30,11,1,1
763,31,4,1,1
763,32,13,1,1
763,33,3,1,1
764,0,187,1,1
764,1,191,1,1
764,2,70,1,1
764,3,12,1,1
764,4,25,1,1
764,5,116,1,1
764,6,0,1,1
764,7,44,1,1
764,8,8,1,1
764,9,0,1,1
764,10,12,1,1
764,11,24,1,1
764,12,0,1,1
764,13,0,1,1
764,14,0,1,1
764,15,0,1,1
764,16,4,1,1
764,17,154,1,1
764,18,51,1,1
764,19,34,1,1
764,20,49,1,1
764,21,29,1,1
764,22,9,1,1
764,23,35,1,1
764,24,2,1,1
764,25,12,1,1
764,26,30,1,1
764,27,0,1,1
764,28,17,1,1
764,29,11,1,1
764,30,11,1,1
764,31,5,1,1
764,32,13,1,1
764,33,9,1,1
765,0,193,1,1
765,1,193,1,1
765,2,57,1,1
765,3,16,1,1
765,4,25,1,1
765,5,100,1,1
765,6,0,1,1
765,7,54,1,1
765,8,9,1,1
765,9,0,1,1
765,10,11,1,1
765,11,35,1,1
765,12,0,1,1
765,13,0,1,1
765,14,0,1,1
765,15,0,1,1
765,16,4,1,1
765,17,155,1,1
765,18,98,1,1
765,19,20,1,1
765,20,54,1,1
765,21,42,1,1
765,22,10,1,1
765,23,34,1,1
765,24,2,1,1
765,25,6,1,1
765,26,19,1,1
765,27,0,1,1
765,28,11,1,1
765,29,13,1,1
765,30,25,1,1
765,31,6,1,1
765,32,12,1,1
765,33,7,1,1
766,0,213,1,1
766,1,207,1,1
766,2,93,1,1
766,3,19,1,1
766,4,34,1,1
766,5,142,1,1
766,6,0,1,1
766,7,59,1,1
766,8,16,1,1
766,9,0,1,1
766,10,8,1,1
766,11,31,1,1
766,12,0,1,1
766,13,0,1,1
766,14,0,1,1
766,15,0,1,1
766,16,5,1,1
766,17,148,1,1
766,18,83,1,1
766,19,27,1,1
766,20,43,1,1
766,21,37,1,1
766,22,7,1,1
766,23,28,1,1
766,24,1,1,1
766,25,6,1,1
766,26,30,1,1
766,27,0,1,1
766,28,15,1,1
766,29,13,1,1
766,30,16,1,1
766,31,5,1,1
766,32,18,1,1
766,33,12,1,1
767,0,254,1,1
767,1,242,1,1
767,2,93,1,1
767,3,20,1,1
767,4,32,1,1
767,5,142,1,1
767,6,0,1,1
767,7,67,1,1
767,8,17,1,1
767,9,0,1,1
767,10,11,1,1
767,11,33,1,1
767,12,0,1,1
767,13,0,1,1
767,14,0,1,1
767,15,0,1,1
767,16,6,1,1
767,17,151,1,1
767,18,83,1,1
767,19,33,1,1
767,20,42,1,1
767,21,31,1,1
767,22,11,1,1
767,23,33,1,1
767,24,1,1,1
767,25,11,1,1
767,26,22,1,1
767,27,0,1,1
767,28,13,1,1
767,29,8,1,1
767,30,23,1,1
767,31,7,1,1
767,32,11,1,1
767,33,13,1,1
768,0,224,1,1
768,1,237,1,1
768,2,69,1,1
768,3,23,1,1
768,4,25,1,1
768,5,121,1,1
768,6,0,1,1
768,7,63,1,1
768,8,19,1,1
768,9,0,1,1
768,10,11,1,1
768,11,39,1,1
768,12,0,1,1
768,13,0,1,1
768,14,0,1,1
768,15,0,1,1
768,16,5,1,1
768,17,176,1,1
768,18,97,1,1
768,19,34,1,1
768,20,60,1,1
768,21,90,1,1
768,22,19,1,1
768,23,36,1,1
768,24,2,1,1
768,25,9,1,1
768,26,24,1,1
768,27,0,1,1
768,28,23,1,1
768,29,11,1,1
768,30,22,1,1
768,31,2,1,1
768,32,11,1,1
768,33,7,1,1
769,0,228,1,1
769,1,216,1,1
769,2,80,1,1
769,3,26,1,1
769,4,33,1,1
769,5,120,1,1
769,6,0,1,1
769,7,68,1,1
769,8,14,1,1
769,9,0,1,1
769,10,9,1,1
769,11,33,1,1
769,12,0,1,1
769,13,0,1,1
769,14,0,1,1
769,15,0,1,1
769,16,6,1,1
769,17,189,1,1
769,18,119,1,1
769,19,39,1,1
769,20,60,1,1
769,21,50,1,1
769,22,16,1,1
769,23,42,1,1
769,24,4,1,1
769,25,12,1,1
769,26,23,1,1
769,27,0,1,1
769,28,15,1,1
769,29,18,1,1
769,30,42,1,1
769,31,5,1,1
769,32,20,1,1
769,33,18,1,1
770,0,202,1,1
770,1,250,1,1
770,2,111,1,1
770,3,23,1,1
770,4,27,1,1
770,5,130,1,1
770,6,0,1,1
770,7,78,1,1
770,8,8,1,1
770,9,0,1,1
770,10,14,1,1
770,11,50,1,1
770,12,0,1,1
770,13,0,1,1
770,14,0,1,1
770,15,0,1,1
770,16,4,1,1
770,17,161,1,1
770,18,112,1,1
770,19,40,1,1
770,20,62,1,1
770,21,48,1,1
770,22,17,1,1
770,23,49,1,1
770,24,5,1,1
770,25,25,1,1
770,26,31,1,1
770,27,0,1,1
770,28,15,1,1
770,29,26,1,1
770,30,13,1,1
770,31,13,1,1
770,32,13,1,1
770,33,15,1,1
771,0,179,1,1
771,1,195,1,1
771,2,81,1,1
771,3,29,1,1
771,4,20,1,1
771,5,119,1,1
771,6,0,1,1
771,7,71,1,1
771,8,9,1,1
771,9,0,1,1
771,10,12,1,1
771,11,61,1,1
771,12,0,1,1
771,13,0,1,1
771,14,0,1,1
771,15,0,1,1
771,16,6,1,1
771,17,150,1,1
771,18,95,1,1
771,19,34,1,1
771,20,62,1,1
771,21,58,1,1
771,22,19,1,1
771,23,42,1,1
771,24,3,1,1
771,25,17,1,1
771,26,21,1,1
771,27,0,1,1
771,28,12,1,1
771,29,28,1,1
771,30,13,1,1
771,31,12,1,1
771,32,5,1,1
771,33,17,1,1
772,0,189,1,1
772,1,199,1,1
772,2,77,1,1
772,3,19,1,1
772,4,16,1,1
772,5,136,1,1
772,6,0,1,1
772,7,100,1,1
772,8,15,1,1
772,9,0,1,1
772,10,10,1,1
772,11,57,1,1
772,12,0,1,1
772,13,0,1,1
772,14,0,1,1
772,15,0,1,1
772,16,15,1,1
772,17,174,1,1
772,18,116,1,1
772,19,54,1,1
772,20,51,1,1
772,21,54,1,1
772,22,29,1,1
772,23,44,1,1
772,24,3,1,1
772,25,19,1,1
772,26,35,1,1
772,27,0,1,1
772,28,17,1,1
772,29,47,1,1
772,30,24,1,1
772,31,16,1,1
772,32,14,1,1
772,33,27,1,1
773,0,121,1,1
773,1,165,1,1
773,2,79,1,1
773,3,13,1,1
773,4,11,1,1
773,5,91,1,1
773,6,0,1,1
773,7,90,1,1
773,8,12,1,1
773,9,0,1,1
773,10,10,1,1
773,11,45,1,1
773,12,0,1,1
773,13,0,1,1
773,14,0,1,1
773,15,0,1,1
773,16,4,1,1
773,17,124,1,1
773,18,100,1,1
773,19,29,1,1
773,20,39,1,1
773,21,49,1,1
773,22,14,1,1
773,23,24,1,1
773,24,7,1,1
773,25,13,1,1
773,26,41,1,1
773,27,0,1,1
773,28,16,1,1
773,29,48,1,1
773,30,23,1,1
773,31,5,1,1
773,32,14,1,1
773,33,26,1,1
774,0,145,1,1
774,1,156,1,1
774,2,79,1,1
774,3,46,1,1
774,4,21,1,1
774,5,115,1,1
774,6,0,1,1
774,7,84,1,1
774,8,11,1,1
774,9,0,1,1
774,10,6,1,1
774,11,54,1,1
774,12,0,1,1
774,13,0,1,1
774,14,0,1,1
774,15,0,1,1
774,16,3,1,1
774,17,118,1,1
774,18,91,1,1
774,19,18,1,1
774,20,27,1,1
774,21,49,1,1
774,22,8,1,1
774,23,23,1,1
774,24,0,1,1
774,25,12,1,1
774,26,17,1,1
774,27,0,1,1
774,28,20,1,1
774,29,23,1,1
774,30,19,1,1
774,31,6,1,1
774,32,14,1,1
774,33,16,1,1
775,0,137,1,1
775,1,142,1,1
775,2,95,1,1
775,3,28,1,1
775,4,12,1,1
775,5,89,1,1
775,6,0,1,1
775,7,68,1,1
775,8,15,1,1
775,9,0,1,1
775,10,11,1,1
775,11,32,1,1
775,12,0,1,1
775,13,0,1,1
775,14,0,1,1
775,15,0,1,1
775,16,3,1,1
775,17,84,1,1
775,18,70,1,1
775,19,16,1,1
775,20,27,1,1
775,21,20,1,1
775,22,3,1,1
775,23,16,1,1
775,24,2,1,1
775,25,4,1,1
775,26,18,1,1
775,27,0,1,1
775,28,14,1,1
775,29,7,1,1
775,30,13,1,1
775,31,4,1,1
775,32,6,1,1
775,33,8,1,1
776,0,126,1,1
776,1,126,1,1
776,2,109,1,1
776,3,16,1,1
776,4,13,1,1
776,5,93,1,1
776,6,0,1,1
776,7,58,1,1
776,8,10,1,1
776,9,0,1,1
776,10,7,1,1
776,11,31,1,1
776,12,0,1,1
776,13,0,1,1
776,14,0,1,1
776,15,0,1,1
776,16,1,1,1
776,17,97,1,1
776,18,93,1,1
776,19,20,1,1
776,20,20,1,1
776,21,37,1,1
776,22,7,1,1
776,23,22,1,1
776,24,1,1,1
776,25,12,1,1
776,26,19,1,1
776,27,0,1,1
776,28,25,1,1
776,29,11,1,1
776,30,16,1,1
776,31,3,1,1
776,32,12,1,1
776,33,8,1,1
777,0,101,1,1
777,1,99,1,1
777,2,58,1,1
777,3,13,1,1
777,4,12,1,1
777,5,62,1,1
777,6,0,1,1
777,7,58,1,1
777,8,9,1,1
777,9,0,1,1
777,10,6,1,1
777,11,35,1,1
777,12,0,1,1
777,13,0,1,1
777,14,0,1,1
777,15,0,1,1
777,16,7,1,1
777,17,45,1,1
777,18,61,1,1
777,19,17,1,1
777,20,28,1,1
777,21,29,1,1
777,22,9,1,1
777,23,17,1,1
777,24,2,1,1
777,25,12,1,1
777,26,13,1,1
777,27,0,1,1
777,28,15,1,1
777,29,7,1,1
777,30,14,1,1
777,31,4,1,1
777,32,8,1,1
777,33,15,1,1
778,0,140,1,1
778,1,98,1,1
778,2,73,1,1
778,3,38,1,1
778,4,7,1,1
778,5,60,1,1
778,6,0,1,1
778,7,84,1,1
778,8,10,1,1
778,9,0,1,1
778,10,10,1,1
778,11,62,1,1
778,12,0,1,1
778,13,0,1,1
778,14,0,1,1
778,15,0,1,1
778,16,2,1,1
778,17,82,1,1
778,18,78,1,1
778,19,14,1,1
778,20,23,1,1
778,21,39,1,1
778,22,4,1,1
778,23,19,1,1
778,24,3,1,1
778,25,2,1,1
778,26,15,1,1
778,27,0,1,1
778,28,16,1,1
778,29,4,1,1
778,30,12,1,1
778,31,4,1,1
778,32,7,1,1
778,33,9,1,1
779,0,100,1,1
779,1,78,1,1
779,2,53,1,1
779,3,11,1,1
779,4,7,1,1
779,5,51,1,1
779,6,0,1,1
779,7,54,1,1
779,8,11,1,1
779,9,0,1,1
779,10,6,1,1
779,11,32,1,1
779,12,0,1,1
779,13,0,1,1
779,14,0,1,1
779,15,0,1,1
779,16,5,1,1
779,17,68,1,1
779,18,65,1,1
779,19,22,1,1
779,20,13,1,1
779,21,34,1,1
779,22,6,1,1
779,23,17,1,1
779,24,1,1,1
779,25,11,1,1
779,26,14,1,1
779,27,0,1,1
779,28,15,1,1
779,29,6,1,1
779,30,23,1,1
779,31,1,1,1
779,32,6,1,1
779,33,10,1,1
780,0,116,1,1
780,1,137,1,1
780,2,72,1,1
780,3,20,1,1
780,4,7,1,1
780,5,90,1,1
780,6,0,1,1
780,7,53,1,1
780,8,15,1,1
780,9,0,1,1
780,10,12,1,1
780,11,33,1,1
780,12,0,1,1
780,13,0,1,1
780,14,0,1,1
780,15,0,1,1
780,16,5,1,1
780,17,131,1,1
780,18,76,1,1
780,19,21,1,1
780,20,20,1,1
780,21,30,1,1
780,22,4,1,1
780,23,10,1,1
780,24,1,1,1
780,25,8,1,1
780,26,19,1,1
780,27,0,1,1
780,28,11,1,1
780,29,8,1,1
780,30,13,1,1
780,31,5,1,1
780,32,12,1,1
780,33,6,1,1
781,0,109,1,1
781,1,82,1,1
781,2,36,1,1
781,3,36,1,1
781,4,7,1,1
781,5,61,1,1
781,6,0,1,1
781,7,51,1,1
781,8,8,1,1
781,9,0,1,1
781,10,10,1,1
781,11,32,1,1
781,12,0,1,1
781,13,0,1,1
781,14,0,1,1
781,15,0,1,1
781,16,1,1,1
781,17,57,1,1
781,18,53,1,1
781,19,13,1,1
781,20,15,1,1
781,21,38,1,1
781,22,6,1,1
781,23,18,1,1
781,24,1,1,1
781,25,7,1,1
781,26,14,1,1
781,27,0,1,1
781,28,12,1,1
781,29,8,1,1
781,30,14,1,1
781,31,4,1,1
781,32,5,1,1
781,33,7,1,1
782,0,108,1,1
782,1,100,1,1
782,2,61,1,1
782,3,21,1,1
782,4,17,1,1
782,5,47,1,1
782,6,0,1,1
782,7,68,1,1
782,8,8,1,1
782,9,0,1,1
782,10,15,1,1
782,11,48,1,1
782,12,0,1,1
782,13,0,1,1
782,14,0,1,1
782,15,0,1,1
782,16,4,1,1
782,17,75,1,1
782,18,88,1,1
782,19,20,1,1
782,20,25,1,1
782,21,44,1,1
782,22,8,1,1
782,23,20,1,1
782,24,1,1,1
782,25,13,1,1
782,26,19,1,1
782,27,0,1,1
782,28,12,1,1
782,29,13,1,1
782,30,18,1,1
782,31,5,1,1
782,32,18,1,1
782,33,11,1,1
783,0,97,1,1
783,1,112,1,1
783,2,72,1,1
783,3,16,1,1
783,4,9,1,1
783,5,65,1,1
783,6,0,1,1
783,7,46,1,1
783,8,10,1,1
783,9,0,1,1
783,10,7,1,1
783,11,30,1,1
783,12,0,1,1
783,13,0,1,1
783,14,0,1,1
783,15,0,1,1
783,16,6,1,1
783,17,102,1,1
783,18,66,1,1
783,19,19,1,1
783,20,16,1,1
783,21,22,1,1
783,22,8,1,1
783,23,16,1,1
783,24,1,1,1
783,25,9,1,1
783,26,17,1,1
783,27,0,1,1
783,28,15,1,1
783,29,13,1,1
783,30,19,1,1
783,31,5,1,1
783,32,10,1,1
783,33,13,1,1
784,0,144,1,1
784,1,120,1,1
784,2,79,1,1
784,3,23,1,1
784,4,19,1,1
784,5,92,1,1
784,6,0,1,1
784,7,90,1,1
784,8,11,1,1
784,9,0,1,1
784,10,10,1,1
784,11,53,1,1
784,12,0,1,1
784,13,0,1,1
784,14,0,1,1
784,15,0,1,1
784,16,8,1,1
784,17,93,1,1
784,18,78,1,1
784,19,29,1,1
784,20,31,1,1
784,21,30,1,1
784,22,6,1,1
784,23,24,1,1
784,24,1,1,1
784,25,8,1,1
784,26,19,1,1
784,27,0,1,1
784,28,19,1,1
784,29,15,1,1
784,30,24,1,1
784,31,1,1,1
784,32,11,1,1
784,33,13,1,1
785,0,118,1,1
785,1,87,1,1
785,2,53,1,1
785,3,14,1,1
785,4,11,1,1
785,5,57,1,1
785,6,0,1,1
785,7,53,1,1
785,8,14,1,1
785,9,0,1,1
785,10,13,1,1
785,11,33,1,1
785,12,0,1,1
785,13,0,1,1
785,14,0,1,1
785,15,0,1,1
785,16,6,1,1
785,17,62,1,1
785,18,88,1,1
785,19,16,1,1
785,20,23,1,1
785,21,29,1,1
785,22,6,1,1
785,23,16,1,1
785,24,2,1,1
785,25,5,1,1
785,26,18,1,1
785,27,0,1,1
785,28,10,1,1
785,29,8,1,1
785,30,12,1,1
785,31,3,1,1
785,32,14,1,1
785,33,5,1,1
786,0,110,1,1
786,1,90,1,1
786,2,73,1,1
786,3,17,1,1
786,4,18,1,1
786,5,76,1,1
786,6,0,1,1
786,7,73,1,1
786,8,19,1,1
786,9,0,1,1
786,10,13,1,1
786,11,42,1,1
786,12,0,1,1
786,13,0,1,1
786,14,0,1,1
786,15,0,1,1
786,16,2,1,1
786,17,83,1,1
786,18,84,1,1
786,19,18,1,1
786,20,22,1,1
786,21,90,1,1
786,22,8,1,1
786,23,21,1,1
786,24,3,1,1
786,25,9,1,1
786,26,19,1,1
786,27,0,1,1
786,28,15,1,1
786,29,6,1,1
786,30,16,1,1
786,31,2,1,1
786,32,14,1,1
786,33,5,1,1
787,0,118,1,1
787,1,71,1,1
787,2,68,1,1
787,3,22,1,1
787,4,4,1,1
787,5,57,1,1
787,6,0,1,1
787,7,50,1,1
787,8,15,1,1
787,9,0,1,1
787,10,8,1,1
787,11,38,1,1
787,12,0,1,1
787,13,0,1,1
787,14,0,1,1
787,15,0,1,1
787,16,3,1,1
787,17,73,1,1
787,18,75,1,1
787,19,16,1,1
787,20,24,1,1
787,21,37,1,1
787,22,8,1,1
787,23,18,1,1
787,24,1,1,1
787,25,9,1,1
787,26,20,1,1
787,27,0,1,1
787,28,19,1,1
787,29,11,1,1
787,30,15,1,1
787,31,2,1,1
787,32,11,1,1
787,33,8,1,1
788,0,123,1,1
788,1,93,1,1
788,2,71,1,1
788,3,27,1,1
788,4,16,1,1
788,5,61,1,1
788,6,0,1,1
788,7,67,1,1
788,8,9,1,1
788,9,0,1,1
788,10,13,1,1
788,11,59,1,1
788,12,0,1,1
788,13,0,1,1
788,14,0,1,1
788,15,0,1,1
788,16,2,1,1
788,17,90,1,1
788,18,80,1,1
788,19,23,1,1
788,20,23,1,1
788,21,53,1,1
788,22,18,1,1
788,23,22,1,1
788,24,0,1,1
788,25,13,1,1
788,26,15,1,1
788,27,0,1,1
788,28,14,1,1
788,29,11,1,1
788,30,25,1,1
788,31,4,1,1
788,32,18,1,1
788,33,11,1,1
789,0,90,1,1
789,1,90,1,1
789,2,52,1,1
789,3,18,1,1
789,4,14,1,1
789,5,71,1,1
789,6,0,1,1
789,7,56,1,1
789,8,9,1,1
789,9,0,1,1
789,10,10,1,1
789,11,39,1,1
789,12,0,1,1
789,13,0,1,1
789,14,0,1,1
789,15,0,1,1
789,16,2,1,1
789,17,72,1,1
789,18,65,1,1
789,19,17,1,1
789,20,18,1,1
789,21,26,1,1
789,22,7,1,1
789,23,22,1,1
789,24,3,1,1
789,25,7,1,1
789,26,23,1,1
789,27,0,1,1
789,28,13,1,1
789,29,6,1,1
789,30,17,1,1
789,31,6,1,1
789,32,13,1,1
789,33,8,1,1
790,0,118,1,1
790,1,110,1,1
790,2,57,1,1
790,3,33,1,1
790,4,19,1,1
790,5,75,1,1
790,6,0,1,1
790,7,68,1,1
790,8,14,1,1
790,9,0,1,1
790,10,9,1,1
790,11,51,1,1
790,12,0,1,1
790,13,0,1,1
790,14,0,1,1
790,15,0,1,1
790,16,4,1,1
790,17,103,1,1
790,18,82,1,1
790,19,20,1,1
790,20,21,1,1
790,21,33,1,1
790,22,5,1,1
790,23,22,1,1
790,24,2,1,1
790,25,9,1,1
790,26,17,1,1
790,27,0,1,1
790,28,14,1,1
790,29,11,1,1
790,30,18,1,1
790,31,7,1,1
790,32,10,1,1
790,33,10,1,1
791,0,130,1,1
791,1,93,1,1
791,2,64,1,1
791,3,18,1,1
791,4,9,1,1
791,5,66,1,1
791,6,0,1,1
791,7,66,1,1
791,8,13,1,1
791,9,0,1,1
791,10,8,1,1
791,11,43,1,1
791,12,0,1,1
791,13,0,1,1
791,14,0,1,1
791,15,0,1,1
791,16,3,1,1
791,17,88,1,1
791,18,95,1,1
791,19,22,1,1
791,20,15,1,1
791,21,24,1,1
791,22,8,1,1
791,23,24,1,1
791,24,1,1,1
791,25,9,1,1
791,26,30,1,1
791,27,0,1,1
791,28,14,1,1
791,29,16,1,1
791,30,17,1,1
791,31,9,1,1
791,32,12,1,1
791,33,10,1,1
792,0,96,1,1
792,1,92,1,1
792,2,56,1,1
792,3,25,1,1
792,4,14,1,1
792,5,73,1,1
792,6,0,1,1
792,7,74,1,1
792,8,10,1,1
792,9,0,1,1
792,10,14,1,1
792,11,38,1,1
792,12,0,1,1
792,13,0,1,1
792,14,0,1,1
792,15,0,1,1
792,16,6,1,1
792,17,71,1,1
792,18,95,1,1
792,19,15,1,1
792,20,24,1,1
792,21,33,1,1
792,22,5,1,1
792,23,23,1,1
792,24,3,1,1
792,25,13,1,1
792,26,23,1,1
792,27,0,1,1
792,28,14,1,1
792,29,17,1,1
792,30,24,1,1
792,31,10,1,1
792,32,12,1,1
792,33,19,1,1
793,0,103,1,1
793,1,90,1,1
793,2,71,1,1
793,3,24,1,1
793,4,19,1,1
793,5,59,1,1
793,6,0,1,1
793,7,72,1,1
793,8,10,1,1
793,9,0,1,1
793,10,13,1,1
793,11,54,1,1
793,12,0,1,1
793,13,0,1,1
793,14,0,1,1
793,15,0,1,1
793,16,2,1,1
793,17,93,1,1
793,18,85,1,1
793,19,20,1,1
793,20,30,1,1
793,21,43,1,1
793,22,12,1,1
793,23,33,1,1
793,24,3,1,1
793,25,10,1,1
793,26,20,1,1
793,27,0,1,1
793,28,20,1,1
793,29,18,1,1
793,30,17,1,1
793,31,8,1,1
793,32,13,1,1
793,33,15,1,1
794,0,128,1,1
794,1,98,1,1
794,2,67,1,1
794,3,25,1,1
794,4,19,1,1
794,5,67,1,1
794,6,0,1,1
794,7,67,1,1
794,8,17,1,1
794,9,0,1,1
794,10,18,1,1
794,11,45,1,1
794,12,0,1,1
794,13,0,1,1
794,14,0,1,1
794,15,0,1,1
794,16,5,1,1
794,17,117,1,1
794,18,88,1,1
794,19,26,1,1
794,20,26,1,1
794,21,39,1,1
794,22,10,1,1
794,23,33,1,1
794,24,0,1,1
794,25,12,1,1
794,26,29,1,1
794,27,0,1,1
794,28,25,1,1
794,29,15,1,1
794,30,18,1,1
794,31,8,1,1
794,32,11,1,1
794,33,14,1,1
795,0,144,1,1
795,1,93,1,1
795,2,64,1,1
795,3,25,1,1
795,4,9,1,1
795,5,60,1,1
795,6,0,1,1
795,7,78,1,1
795,8,14,1,1
795,9,0,1,1
795,10,13,1,1
795,11,39,1,1
795,12,0,1,1
795,13,0,1,1
795,14,0,1,1
795,15,0,1,1
795,16,5,1,1
795,17,98,1,1
795,18,108,1,1
795,19,25,1,1
795,20,27,1,1
795,21,38,1,1
795,22,8,1,1
795,23,25,1,1
795,24,3,1,1
795,25,17,1,1
795,26,23,1,1
795,27,0,1,1
795,28,19,1,1
795,29,23,1,1
795,30,21,1,1
795,31,7,1,1
795,32,17,1,1
795,33,18,1,1
796,0,90,1,1
796,1,121,1,1
796,2,77,1,1
796,3,28,1,1
796,4,25,1,1
796,5,85,1,1
796,6,0,1,1
796,7,88,1,1
796,8,10,1,1
796,9,0,1,1
796,10,13,1,1
796,11,64,1,1
796,12,0,1,1
796,13,0,1,1
796,14,0,1,1
796,15,0,1,1
796,16,5,1,1
796,17,122,1,1
796,18,111,1,1
796,19,30,1,1
796,20,32,1,1
796,21,44,1,1
796,22,12,1,1
796,23,28,1,1
796,24,1,1,1
796,25,19,1,1
796,26,20,1,1
796,27,0,1,1
796,28,28,1,1
796,29,21,1,1
796,30,29,1,1
796,31,6,1,1
796,32,9,1,1
796,33,27,1,1
797,0,103,1,1
797,1,84,1,1
797,2,64,1,1
797,3,27,1,1
797,4,9,1,1
797,5,62,1,1
797,6,0,1,1
797,7,72,1,1
797,8,10,1,1
797,9,0,1,1
797,10,18,1,1
797,11,48,1,1
797,12,0,1,1
797,13,0,1,1
797,14,0,1,1
797,15,0,1,1
797,16,4,1,1
797,17,65,1,1
797,18,73,1,1
797,19,22,1,1
797,20,25,1,1
797,21,32,1,1
797,22,17,1,1
797,23,19,1,1
797,24,0,1,1
797,25,17,1,1
797,26,20,1,1
797,27,0,1,1
797,28,12,1,1
797,29,17,1,1
797,30,20,1,1
797,31,9,1,1
797,32,16,1,1
797,33,15,1,1
798,0,117,1,1
798,1,96,1,1
798,2,61,1,1
798,3,17,1,1
798,4,19,1,1
798,5,62,1,1
798,6,0,1,1
798,7,61,1,1
798,8,10,1,1
798,9,0,1,1
798,10,7,1,1
798,11,45,1,1
798,12,0,1,1
798,13,0,1,1
798,14,0,1,1
798,15,0,1,1
798,16,6,1,1
798,17,95,1,1
798,18,101,1,1
798,19,25,1,1
798,20,29,1,1
798,21,42,1,1
798,22,9,1,1
798,23,25,1,1
798,24,6,1,1
798,25,12,1,1
798,26,21,1,1
798,27,0,1,1
798,28,22,1,1
798,29,16,1,1
798,30,24,1,1
798,31,12,1,1
798,32,19,1,1
798,33,18,1,1
799,0,104,1,1
799,1,91,1,1
799,2,73,1,1
799,3,22,1,1
799,4,24,1,1
799,5,65,1,1
799,6,0,1,1
799,7,72,1,1
799,8,12,1,1
799,9,0,1,1
799,10,15,1,1
799,11,47,1,1
799,12,0,1,1
799,13,0,1,1
799,14,0,1,1
799,15,0,1,1
799,16,1,1,1
799,17,80,1,1
799,18,111,1,1
799,19,27,1,1
799,20,55,1,1
799,21,112,1,1
799,22,11,1,1
799,23,33,1,1
799,24,5,1,1
799,25,13,1,1
799,26,17,1,1
799,27,0,1,1
799,28,27,1,1
799,29,11,1,1
799,30,22,1,1
799,31,3,1,1
799,32,12,1,1
799,33,15,1,1
800,0,103,1,1
800,1,120,1,1
800,2,48,1,1
800,3,20,1,1
800,4,20,1,1
800,5,77,1,1
800,6,0,1,1
800,7,77,1,1
800,8,17,1,1
800,9,0,1,1
800,10,13,1,1
800,11,63,1,1
800,12,0,1,1
800,13,0,1,1
800,14,0,1,1
800,15,0,1,1
800,16,6,1,1
800,17,110,1,1
800,18,117,1,1
800,19,39,1,1
800,20,29,1,1
800,21,60,1,1
800,22,14,1,1
800,23,24,1,1
800,24,3,1,1
800,25,20,1,1
800,26,30,1,1
800,27,0,1,1
800,28,14,1,1
800,29,13,1,1
800,30,20,1,1
800,31,8,1,1
800,32,17,1,1
800,33,17,1,1
801,0,125,1,1
801,1,111,1,1
801,2,71,1,1
801,3,16,1,1
801,4,16,1,1
801,5,93,1,1
801,6,0,1,1
801,7,69,1,1
801,8,14,1,1
801,9,0,1,1
801,10,10,1,1
801,11,46,1,1
801,12,0,1,1
801,13,0,1,1
801,14,0,1,1
801,15,0,1,1
801,16,2,1,1
801,17,95,1,1
801,18,87,1,1
801,19,20,1,1
801,20,24,1,1
801,21,69,1,1
801,22,8,1,1
801,23,23,1,1
801,24,2,1,1
801,25,10,1,1
801,26,18,1,1
801,27,0,1,1
801,28,19,1,1
801,29,16,1,1
801,30,19,1,1
801,31,4,1,1
801,32,17,1,1
801,33,7,1,1
802,0,112,1,1
802,1,139,1,1
802,2,74,1,1
802,3,21,1,1
802,4,16,1,1
802,5,86,1,1
802,6,0,1,1
802,7,75,1,1
802,8,10,1,1
802,9,0,1,1
802,10,13,1,1
802,11,52,1,1
802,12,0,1,1
802,13,0,1,1
802,14,0,1,1
802,15,0,1,1
802,16,1,1,1
802,17,115,1,1
802,18,89,1,1
802,19,26,1,1
802,20,34,1,1
802,21,34,1,1
802,22,7,1,1
802,23,20,1,1
802,24,2,1,1
802,25,13,1,1
802,26,28,1,1
802,27,0,1,1
802,28,14,1,1
802,29,9,1,1
802,30,23,1,1
802,31,5,1,1
802,32,12,1,1
802,33,11,1,1
803,0,119,1,1
803,1,101,1,1
803,2,65,1,1
803,3,36,1,1
803,4,14,1,1
803,5,86,1,1
803,6,0,1,1
803,7,60,1,1
803,8,11,1,1
803,9,0,1,1
803,10,15,1,1
803,11,38,1,1
803,12,0,1,1
803,13,0,1,1
803,14,0,1,1
803,15,0,1,1
803,16,8,1,1
803,17,104,1,1
803,18,121,1,1
803,19,35,1,1
803,20,33,1,1
803,21,34,1,1
803,22,11,1,1
803,23,29,1,1
803,24,4,1,1
803,25,12,1,1
803,26,22,1,1
803,27,0,1,1
803,28,12,1,1
803,29,15,1,1
803,30,19,1,1
803,31,6,1,1
803,32,19,1,1
803,33,12,1,1
804,0,95,1,1
804,1,91,1,1
804,2,63,1,1
804,3,29,1,1
804,4,19,1,1
804,5,65,1,1
804,6,0,1,1
804,7,66,1,1
804,8,17,1,1
804,9,0,1,1
804,10,8,1,1
804,11,43,1,1
804,12,0,1,1
804,13,0,1,1
804,14,0,1,1
804,15,0,1,1
804,16,6,1,1
804,17,94,1,1
804,18,76,1,1
804,19,32,1,1
804,20,39,1,1
804,21,35,1,1
804,22,11,1,1
804,23,29,1,1
804,24,1,1,1
804,25,15,1,1
804,26,32,1,1
804,27,0,1,1
804,28,12,1,1
804,29,12,1,1
804,30,20,1,1
804,31,6,1,1
804,32,8,1,1
804,33,11,1,1
805,0,114,1,1
805,1,110,1,1
805,2,65,1,1
805,3,31,1,1
805,4,16,1,1
805,5,77,1,1
805,6,0,1,1
805,7,86,1,1
805,8,12,1,1
805,9,0,1,1
805,10,16,1,1
805,11,61,1,1
805,12,0,1,1
805,13,0,1,1
805,14,0,1,1
805,15,0,1,1
805,16,4,1,1
805,17,86,1,1
805,18,104,1,1
805,19,27,1,1
805,20,28,1,1
805,21,49,1,1
805,22,12,1,1
805,23,25,1,1
805,24,1,1,1
805,25,17,1,1
805,26,22,1,1
805,27,0,1,1
805,28,24,1,1
805,29,16,1,1
805,30,22,1,1
805,31,8,1,1
805,32,13,1,1
805,33,14,1,1
806,0,110,1,1
806,1,116,1,1
806,2,74,1,1
806,3,30,1,1
806,4,19,1,1
806,5,84,1,1
806,6,0,1,1
806,7,85,1,1
806,8,9,1,1
806,9,0,1,1
806,10,16,1,1
806,11,50,1,1
806,12,0,1,1
806,13,0,1,1
806,14,0,1,1
806,15,0,1,1
806,16,7,1,1
806,17,100,1,1
806,18,97,1,1
806,19,25,1,1
806,20,39,1,1
806,21,39,1,1
806,22,10,1,1
806,23,31,1,1
806,24,3,1,1
806,25,11,1,1
806,26,27,1,1
806,27,0,1,1
806,28,20,1,1
806,29,9,1,1
806,30,25,1,1
806,31,8,1,1
806,32,14,1,1
806,33,10,1,1
807,0,113,1,1
807,1,97,1,1
807,2,69,1,1
807,3,24,1,1
807,4,15,1,1
807,5,57,1,1
807,6,0,1,1
807,7,93,1,1
807,8,11,1,1
807,9,0,1,1
807,10,10,1,1
807,11,71,1,1
807,12,0,1,1
807,13,0,1,1
807,14,0,1,1
807,15,0,1,1
807,16,4,1,1
807,17,78,1,1
807,18,88,1,1
807,19,41,1,1
807,20,17,1,1
807,21,37,1,1
807,22,18,1,1
807,23,21,1,1
807,24,4,1,1
807,25,11,1,1
807,26,18,1,1
807,27,0,1,1
807,28,16,1,1
807,29,40,1,1
807,30,22,1,1
807,31,9,1,1
807,32,16,1,1
807,33,13,1,1
808,0,106,1,1
808,1,111,1,1
808,2,78,1,1
808,3,26,1,1
808,4,18,1,1
808,5,83,1,1
808,6,0,1,1
808,7,86,1,1
808,8,17,1,1
808,9,0,1,1
808,10,18,1,1
808,11,54,1,1
808,12,0,1,1
808,13,0,1,1
808,14,0,1,1
808,15,0,1,1
808,16,8,1,1
808,17,115,1,1
808,18,121,1,1
808,19,36,1,1
808,20,44,1,1
808,21,49,1,1
808,22,18,1,1
808,23,30,1,1
808,24,7,1,1
808,25,16,1,1
808,26,16,1,1
808,27,0,1,1
808,28,19,1,1
808,29,50,1,1
808,30,17,1,1
808,31,7,1,1
808,32,11,1,1
808,33,34,1,1
809,0,119,1,1
809,1,91,1,1
809,2,68,1,1
809,3,26,1,1
809,4,21,1,1
809,5,61,1,1
809,6,0,1,1
809,7,81,1,1
809,8,15,1,1
809,9,0,1,1
809,10,9,1,1
809,11,52,1,1
809,12,0,1,1
809,13,0,1,1
809,14,0,1,1
809,15,0,1,1
809,16,5,1,1
809,17,68,1,1
809,18,119,1,1
809,19,28,1,1
809,20,27,1,1
809,21,42,1,1
809,22,14,1,1
809,23,29,1,1
809,24,2,1,1
809,25,9,1,1
809,26,29,1,1
809,27,0,1,1
809,28,22,1,1
809,29,20,1,1
809,30,14,1,1
809,31,9,1,1
809,32,17,1,1
809,33,12,1,1
810,0,117,1,1
810,1,131,1,1
810,2,67,1,1
810,3,24,1,1
810,4,23,1,1
810,5,97,1,1
810,6,0,1,1
810,7,102,1,1
810,8,18,1,1
810,9,0,1,1
810,10,22,1,1
810,11,59,1,1
810,12,0,1,1
810,13,0,1,1
810,14,0,1,1
810,15,0,1,1
810,16,5,1,1
810,17,112,1,1
810,18,148,1,1
810,19,30,1,1
810,20,50,1,1
810,21,68,1,1
810,22,7,1,1
810,23,43,1,1
810,24,0,1,1
810,25,20,1,1
810,26,15,1,1
810,27,0,1,1
810,28,15,1,1
810,29,19,1,1
810,30,28,1,1
810,31,7,1,1
810,32,22,1,1
810,33,16,1,1
811,0,140,1,1
811,1,96,1,1
811,2,90,1,1
811,3,27,1,1
811,4,22,1,1
811,5,72,1,1
811,6,0,1,1
811,7,80,1,1
811,8,13,1,1
811,9,0,1,1
811,10,10,1,1
811,11,65,1,1
811,12,0,1,1
811,13,0,1,1
811,14,0,1,1
811,15,0,1,1
811,16,2,1,1
811,17,99,1,1
811,18,114,1,1
811,19,20,1,1
811,20,23,1,1
811,21,49,1,1
811,22,10,1,1
811,23,25,1,1
811,24,4,1,1
811,25,17,1,1
811,26,17,1,1
811,27,0,1,1
811,28,26,1,1
811,29,22,1,1
811,30,14,1,1
811,31,9,1,1
811,32,16,1,1
811,33,10,1,1
812,0,107,1,1
812,1,106,1,1
812,2,86,1,1
812,3,26,1,1
812,4,12,1,1
812,5,76,1,1
812,6,0,1,1
812,7,98,1,1
812,8,11,1,1
812,9,0,1,1
812,10,10,1,1
812,11,65,1,1
812,12,0,1,1
812,13,0,1,1
812,14,0,1,1
812,15,0,1,1
812,16,4,1,1
812,17,106,1,1
812,18,136,1,1
812,19,45,1,1
812,20,33,1,1
812,21,61,1,1
812,22,21,1,1
812,23,23,1,1
812,24,3,1,1
812,25,28,1,1
812,26,26,1,1
812,27,0,1,1
812,28,30,1,1
812,29,27,1,1
812,30,21,1,1
812,31,28,1,1
812,32,35,1,1
812,33,14,1,1
813,0,133,1,1
813,1,113,1,1
813,2,66,1,1
813,3,70,1,1
813,4,21,1,1
813,5,104,1,1
813,6,0,1,1
813,7,67,1,1
813,8,11,1,1
813,9,0,1,1
813,10,15,1,1
813,11,44,1,1
813,12,0,1,1
813,13,0,1,1
813,14,0,1,1
813,15,0,1,1
813,16,15,1,1
813,17,116,1,1
813,18,104,1,1
813,19,48,1,1
813,20,29,1,1
813,21,56,1,1
813,22,22,1,1
813,23,30,1,1
813,24,2,1,1
813,25,20,1,1
813,26,27,1,1
813,27,0,1,1
813,28,23,1,1
813,29,28,1,1
813,30,16,1,1
813,31,32,1,1
813,32,23,1,1
813,33,27,1,1
814,0,133,1,1
814,1,119,1,1
814,2,89,1,1
814,3,36,1,1
814,4,17,1,1
814,5,75,1,1
814,6,0,1,1
814,7,104,1,1
814,8,15,1,1
814,9,0,1,1
814,10,19,1,1
814,11,74,1,1
814,12,0,1,1
814,13,0,1,1
814,14,0,1,1
814,15,0,1,1
814,16,5,1,1
814,17,101,1,1
814,18,160,1,1
814,19,35,1,1
814,20,36,1,1
814,21,59,1,1
814,22,17,1,1
814,23,40,1,1
814,24,3,1,1
814,25,16,1,1
814,26,27,1,1
814,27,0,1,1
814,28,25,1,1
814,29,25,1,1
814,30,28,1,1
814,31,24,1,1
814,32,36,1,1
814,33,10,1,1
815,0,124,1,1
815,1,104,1,1
815,2,83,1,1
815,3,35,1,1
815,4,22,1,1
815,5,71,1,1
815,6,0,1,1
815,7,67,1,1
815,8,12,1,1
815,9,0,1,1
815,10,10,1,1
815,11,52,1,1
815,12,0,1,1
815,13,0,1,1
815,14,0,1,1
815,15,0,1,1
815,16,4,1,1
815,17,120,1,1
815,18,138,1,1
815,19,28,1,1
815,20,24,1,1
815,21,61,1,1
815,22,15,1,1
815,23,26,1,1
815,24,1,1,1
815,25,19,1,1
815,26,14,1,1
815,27,0,1,1
815,28,17,1,1
815,29,12,1,1
815,30,23,1,1
815,31,9,1,1
815,32,32,1,1
815,33,18,1,1
816,0,139,1,1
816,1,101,1,1
816,2,95,1,1
816,3,25,1,1
816,4,27,1,1
816,5,77,1,1
816,6,0,1,1
816,7,97,1,1
816,8,11,1,1
816,9,0,1,1
816,10,13,1,1
816,11,53,1,1
816,12,0,1,1
816,13,0,1,1
816,14,0,1,1
816,15,0,1,1
816,16,6,1,1
816,17,156,1,1
816,18,128,1,1
816,19,33,1,1
816,20,40,1,1
816,21,51,1,1
816,22,14,1,1
816,23,27,1,1
816,24,2,1,1
816,25,17,1,1
816,26,24,1,1
816,27,0,1,1
816,28,14,1,1
816,29,19,1,1
816,30,22,1,1
816,31,27,1,1
816,32,40,1,1
816,33,17,1,1
817,0,130,1,1
817,1,112,1,1
817,2,96,1,1
817,3,32,1,1
817,4,29,1,1
817,5,76,1,1
817,6,0,1,1
817,7,100,1,1
817,8,18,1,1
817,9,0,1,1
817,10,12,1,1
817,11,62,1,1
817,12,0,1,1
817,13,0,1,1
817,14,0,1,1
817,15,0,1,1
817,16,5,1,1
817,17,107,1,1
817,18,112,1,1
817,19,43,1,1
817,20,29,1,1
817,21,60,1,1
817,22,14,1,1
817,23,31,1,1
817,24,8,1,1
817,25,15,1,1
817,26,26,1,1
817,27,0,1,1
817,28,17,1,1
817,29,20,1,1
817,30,25,1,1
817,31,39,1,1
817,32,36,1,1
817,33,14,1,1
818,0,161,1,1
818,1,124,1,1
818,2,89,1,1
818,3,28,1,1
818,4,23,1,1
818,5,96,1,1
818,6,0,1,1
818,7,103,1,1
818,8,16,1,1
818,9,0,1,1
818,10,12,1,1
818,11,69,1,1
818,12,0,1,1
818,13,0,1,1
818,14,0,1,1
818,15,0,1,1
818,16,4,1,1
818,17,136,1,1
818,18,150,1,1
818,19,36,1,1
818,20,28,1,1
818,21,44,1,1
818,22,16,1,1
818,23,30,1,1
818,24,2,1,1
818,25,21,1,1
818,26,13,1,1
818,27,0,1,1
818,28,34,1,1
818,29,17,1,1
818,30,23,1,1
818,31,23,1,1
818,32,33,1,1
818,33,8,1,1
819,0,102,1,1
819,1,102,1,1
819,2,75,1,1
819,3,35,1,1
819,4,17,1,1
819,5,71,1,1
819,6,0,1,1
819,7,119,1,1
819,8,18,1,1
819,9,0,1,1
819,10,20,1,1
819,11,77,1,1
819,12,0,1,1
819,13,0,1,1
819,14,0,1,1
819,15,0,1,1
819,16,6,1,1
819,17,128,1,1
819,18,138,1,1
819,19,41,1,1
819,20,34,1,1
819,21,48,1,1
819,22,8,1,1
819,23,35,1,1
819,24,4,1,1
819,25,20,1,1
819,26,16,1,1
819,27,0,1,1
819,28,25,1,1
819,29,26,1,1
819,30,22,1,1
819,31,25,1,1
819,32,24,1,1
819,33,25,1,1
820,0,157,1,1
820,1,99,1,1
820,2,105,1,1
820,3,35,1,1
820,4,27,1,1
820,5,91,1,1
820,6,0,1,1
820,7,104,1,1
820,8,16,1,1
820,9,0,1,1
820,10,9,1,1
820,11,61,1,1
820,12,0,1,1
820,13,0,1,1
820,14,0,1,1
820,15,0,1,1
820,16,8,1,1
820,17,107,1,1
820,18,129,1,1
820,19,49,1,1
820,20,30,1,1
820,21,53,1,1
820,22,17,1,1
820,23,44,1,1
820,24,5,1,1
820,25,16,1,1
820,26,42,1,1
820,27,0,1,1
820,28,21,1,1
820,29,16,1,1
820,30,25,1,1
820,31,30,1,1
820,32,38,1,1
820,33,8,1,1
821,0,121,1,1
821,1,113,1,1
821,2,90,1,1
821,3,41,1,1
821,4,22,1,1
821,5,76,1,1
821,6,0,1,1
821,7,104,1,1
821,8,18,1,1
821,9,0,1,1
821,10,18,1,1
821,11,69,1,1
821,12,0,1,1
821,13,0,1,1
821,14,0,1,1
821,15,0,1,1
821,16,6,1,1
821,17,151,1,1
821,18,133,1,1
821,19,31,1,1
821,20,28,1,1
821,21,52,1,1
821,22,17,1,1
821,23,32,1,1
821,24,1,1,1
821,25,14,1,1
821,26,30,1,1
821,27,0,1,1
821,28,22,1,1
821,29,24,1,1
821,30,25,1,1
821,31,24,1,1
821,32,32,1,1
821,33,13,1,1
822,0,163,1,1
822,1,118,1,1
822,2,102,1,1
822,3,37,1,1
822,4,28,1,1
822,5,97,1,1
822,6,0,1,1
822,7,114,1,1
822,8,10,1,1
822,9,0,1,1
822,10,13,1,1
822,11,64,1,1
822,12,0,1,1
822,13,0,1,1
822,14,0,1,1
822,15,0,1,1
822,16,4,1,1
822,17,155,1,1
822,18,159,1,1
822,19,40,1,1
822,20,41,1,1
822,21,69,1,1
822,22,23,1,1
822,23,28,1,1
822,24,2,1,1
822,25,13,1,1
822,26,31,1,1
822,27,0,1,1
822,28,24,1,1
822,29,32,1,1
822,30,27,1,1
822,31,39,1,1
822,32,35,1,1
822,33,19,1,1
823,0,147,1,1
823,1,123,1,1
823,2,109,1,1
823,3,65,1,1
823,4,24,1,1
823,5,77,1,1
823,6,0,1,1
823,7,98,1,1
823,8,22,1,1
823,9,0,1,1
823,10,16,1,1
823,11,74,1,1
823,12,0,1,1
823,13,0,1,1
823,14,0,1,1
823,15,0,1,1
823,16,5,1,1
823,17,109,1,1
823,18,140,1,1
823,19,31,1,1
823,20,39,1,1
823,21,48,1,1
823,22,18,1,1
823,23,36,1,1
823,24,4,1,1
823,25,11,1,1
823,26,20,1,1
823,27,0,1,1
823,28,29,1,1
823,29,17,1,1
823,30,28,1,1
823,31,27,1,1
823,32,30,1,1
823,33,13,1,1
824,0,135,1,1
824,1,132,1,1
824,2,118,1,1
824,3,44,1,1
824,4,31,1,1
824,5,88,1,1
824,6,0,1,1
824,7,126,1,1
824,8,27,1,1
824,9,0,1,1
824,10,10,1,1
824,11,77,1,1
824,12,0,1,1
824,13,0,1,1
824,14,0,1,1
824,15,0,1,1
824,16,8,1,1
824,17,128,1,1
824,18,190,1,1
824,19,45,1,1
824,20,42,1,1
824,21,58,1,1
824,22,16,1,1
824,23,20,1,1
824,24,2,1,1
824,25,15,1,1
824,26,23,1,1
824,27,0,1,1
824,28,31,1,1
824,29,21,1,1
824,30,30,1,1
824,31,27,1,1
824,32,38,1,1
824,33,22,1,1
825,0,145,1,1
825,1,117,1,1
825,2,100,1,1
825,3,107,1,1
825,4,29,1,1
825,5,82,1,1
825,6,0,1,1
825,7,106,1,1
825,8,21,1,1
825,9,0,1,1
825,10,9,1,1
825,11,78,1,1
825,12,0,1,1
825,13,0,1,1
825,14,0,1,1
825,15,0,1,1
825,16,9,1,1
825,17,98,1,1
825,18,155,1,1
825,19,40,1,1
825,20,31,1,1
825,21,55,1,1
825,22,10,1,1
825,23,32,1,1
825,24,2,1,1
825,25,16,1,1
825,26,23,1,1
825,27,0,1,1
825,28,40,1,1
825,29,14,1,1
825,30,22,1,1
825,31,21,1,1
825,32,37,1,1
825,33,16,1,1
826,0,165,1,1
826,1,121,1,1
826,2,167,1,1
826,3,45,1,1
826,4,30,1,1
826,5,94,1,1
826,6,0,1,1
826,7,192,1,1
826,8,25,1,1
826,9,0,1,1
826,10,12,1,1
826,11,109,1,1
826,12,0,1,1
826,13,0,1,1
826,14,0,1,1
826,15,0,1,1
826,16,8,1,1
826,17,147,1,1
826,18,206,1,1
826,19,41,1,1
826,20,48,1,1
826,21,51,1,1
826,22,12,1,1
826,23,35,1,1
826,24,2,1,1
826,25,16,1,1
826,26,24,1,1
826,27,0,1,1
826,28,40,1,1
826,29,21,1,1
826,30,29,1,1
826,31,7,1,1
826,32,27,1,1
826,33,14,1,1
827,0,130,1,1
827,1,126,1,1
827,2,108,1,1
827,3,48,1,1
827,4,46,1,1
827,5,70,1,1
827,6,0,1,1
827,7,139,1,1
827,8,18,1,1
827,9,0,1,1
827,10,20,1,1
827,11,92,1,1
827,12,0,1,1
827,13,0,1,1
827,14,0,1,1
827,15,0,1,1
827,16,9,1,1
827,17,144,1,1
827,18,228,1,1
827,19,55,1,1
827,20,36,1,1
827,21,106,1,1
827,22,26,1,1
827,23,43,1,1
827,24,7,1,1
827,25,16,1,1
827,26,25,1,1
827,27,0,1,1
827,28,29,1,1
827,29,24,1,1
827,30,29,1,1
827,31,4,1,1
827,32,17,1,1
827,33,19,1,1
828,0,151,1,1
828,1,132,1,1
828,2,135,1,1
828,3,82,1,1
828,4,29,1,1
828,5,80,1,1
828,6,0,1,1
828,7,132,1,1
828,8,18,1,1
828,9,0,1,1
828,10,13,1,1
828,11,120,1,1
828,12,0,1,1
828,13,0,1,1
828,14,0,1,1
828,15,0,1,1
828,16,7,1,1
828,17,131,1,1
828,18,205,1,1
828,19,47,1,1
828,20,45,1,1
828,21,83,1,1
828,22,16,1,1
828,23,37,1,1
828,24,3,1,1
828,25,19,1,1
828,26,37,1,1
828,27,0,1,1
828,28,30,1,1
828,29,24,1,1
828,30,25,1,1
828,31,2,1,1
828,32,25,1,1
828,33,8,1,1
829,0,194,1,1
829,1,95,1,1
829,2,138,1,1
829,3,43,1,1
829,4,27,1,1
829,5,79,1,1
829,6,0,1,1
829,7,140,1,1
829,8,19,1,1
829,9,0,1,1
829,10,13,1,1
829,11,89,1,1
829,12,0,1,1
829,13,0,1,1
829,14,0,1,1
829,15,0,1,1
829,16,4,1,1
829,17,120,1,1
829,18,208,1,1
829,19,44,1,1
829,20,43,1,1
829,21,76,1,1
829,22,19,1,1
829,23,37,1,1
829,24,10,1,1
829,25,26,1,1
829,26,33,1,1
829,27,0,1,1
829,28,33,1,1
829,29,20,1,1
829,30,33,1,1
829,31,11,1,1
829,32,19,1,1
829,33,15,1,1
830,0,116,1,1
830,1,125,1,1
830,2,109,1,1
830,3,60,1,1
830,4,33,1,1
830,5,85,1,1
830,6,0,1,1
830,7,155,1,1
830,8,20,1,1
830,9,0,1,1
830,10,22,1,1
830,11,104,1,1
830,12,0,1,1
830,13,0,1,1
830,14,0,1,1
830,15,0,1,1
830,16,9,1,1
830,17,152,1,1
830,18,226,1,1
830,19,45,1,1
830,20,47,1,1
830,21,73,1,1
830,22,18,1,1
830,23,46,1,1
830,24,9,1,1
830,25,17,1,1
830,26,29,1,1
830,27,0,1,1
830,28,31,1,1
830,29,21,1,1
830,30,26,1,1
830,31,12,1,1
830,32,34,1,1
830,33,17,1,1
831,0,158,1,1
831,1,113,1,1
831,2,142,1,1
831,3,49,1,1
831,4,34,1,1
831,5,67,1,1
831,6,0,1,1
831,7,149,1,1
831,8,17,1,1
831,9,0,1,1
831,10,19,1,1
831,11,102,1,1
831,12,0,1,1
831,13,0,1,1
831,14,0,1,1
831,15,0,1,1
831,16,5,1,1
831,17,110,1,1
831,18,215,1,1
831,19,25,1,1
831,20,47,1,1
831,21,84,1,1
831,22,9,1,1
831,23,37,1,1
831,24,3,1,1
831,25,19,1,1
831,26,25,1,1
831,27,0,1,1
831,28,42,1,1
831,29,21,1,1
831,30,37,1,1
831,31,9,1,1
831,32,27,1,1
831,33,25,1,1
832,0,173,1,1
832,1,109,1,1
832,2,149,1,1
832,3,74,1,1
832,4,38,1,1
832,5,90,1,1
832,6,0,1,1
832,7,172,1,1
832,8,32,1,1
832,9,0,1,1
832,10,11,1,1
832,11,112,1,1
832,12,0,1,1
832,13,0,1,1
832,14,0,1,1
832,15,0,1,1
832,16,12,1,1
832,17,151,1,1
832,18,205,1,1
832,19,62,1,1
832,20,39,1,1
832,21,84,1,1
832,22,20,1,1
832,23,47,1,1
832,24,3,1,1
832,25,19,1,1
832,26,28,1,1
832,27,0,1,1
832,28,40,1,1
832,29,30,1,1
832,30,25,1,1
832,31,7,1,1
832,32,32,1,1
832,33,19,1,1
833,0,125,1,1
833,1,137,1,1
833,2,115,1,1
833,3,58,1,1
833,4,29,1,1
833,5,92,1,1
833,6,0,1,1
833,7,135,1,1
833,8,17,1,1
833,9,0,1,1
833,10,14,1,1
833,11,96,1,1
833,12,0,1,1
833,13,0,1,1
833,14,0,1,1
833,15,0,1,1
833,16,6,1,1
833,17,135,1,1
833,18,210,1,1
833,19,58,1,1
833,20,53,1,1
833,21,91,1,1
833,22,23,1,1
833,23,33,1,1
833,24,3,1,1
833,25,24,1,1
833,26,29,1,1
833,27,0,1,1
833,28,29,1,1
833,29,13,1,1
833,30,33,1,1
833,31,12,1,1
833,32,30,1,1
833,33,14,1,1
834,0,122,1,1
834,1,106,1,1
834,2,121,1,1
834,3,59,1,1
834,4,38,1,1
834,5,73,1,1
834,6,0,1,1
834,7,139,1,1
834,8,29,1,1
834,9,0,1,1
834,10,16,1,1
834,11,92,1,1
834,12,0,1,1
834,13,0,1,1
834,14,0,1,1
834,15,0,1,1
834,16,8,1,1
834,17,138,1,1
834,18,233,1,1
834,19,45,1,1
834,20,37,1,1
834,21,68,1,1
834,22,21,1,1
834,23,57,1,1
834,24,7,1,1
834,25,13,1,1
834,26,29,1,1
834,27,0,1,1
834,28,50,1,1
834,29,23,1,1
834,30,30,1,1
834,31,6,1,1
834,32,28,1,1
834,33,21,1,1
835,0,147,1,1
835,1,128,1,1
835,2,93,1,1
835,3,51,1,1
835,4,30,1,1
835,5,81,1,1
835,6,0,1,1
835,7,137,1,1
835,8,19,1,1
835,9,0,1,1
835,10,21,1,1
835,11,91,1,1
835,12,0,1,1
835,13,0,1,1
835,14,0,1,1
835,15,0,1,1
835,16,9,1,1
835,17,146,1,1
835,18,210,1,1
835,19,48,1,1
835,20,44,1,1
835,21,65,1,1
835,22,9,1,1
835,23,37,1,1
835,24,5,1,1
835,25,17,1,1
835,26,30,1,1
835,27,0,1,1
835,28,36,1,1
835,29,16,1,1
835,30,37,1,1
835,31,8,1,1
835,32,32,1,1
835,33,16,1,1
836,0,166,1,1
836,1,116,1,1
836,2,106,1,1
836,3,51,1,1
836,4,18,1,1
836,5,81,1,1
836,6,0,1,1
836,7,132,1,1
836,8,18,1,1
836,9,0,1,1
836,10,17,1,1
836,11,78,1,1
836,12,0,1,1
836,13,0,1,1
836,14,0,1,1
836,15,0,1,1
836,16,5,1,1
836,17,154,1,1
836,18,171,1,1
836,19,42,1,1
836,20,36,1,1
836,21,56,1,1
836,22,14,1,1
836,23,36,1,1
836,24,6,1,1
836,25,15,1,1
836,26,26,1,1
836,27,0,1,1
836,28,30,1,1
836,29,17,1,1
836,30,29,1,1
836,31,11,1,1
836,32,20,1,1
836,33,15,1,1
837,0,128,1,1
837,1,128,1,1
837,2,125,1,1
837,3,49,1,1
837,4,20,1,1
837,5,76,1,1
837,6,0,1,1
837,7,120,1,1
837,8,20,1,1
837,9,0,1,1
837,10,13,1,1
837,11,92,1,1
837,12,0,1,1
837,13,0,1,1
837,14,0,1,1
837,15,0,1,1
837,16,7,1,1
837,17,125,1,1
837,18,170,1,1
837,19,47,1,1
837,20,47,1,1
837,21,63,1,1
837,22,16,1,1
837,23,36,1,1
837,24,3,1,1
837,25,20,1,1
837,26,35,1,1
837,27,0,1,1
837,28,25,1,1
837,29,18,1,1
837,30,28,1,1
837,31,8,1,1
837,32,28,1,1
837,33,14,1,1
838,0,119,1,1
838,1,126,1,1
838,2,112,1,1
838,3,48,1,1
838,4,22,1,1
838,5,83,1,1
838,6,0,1,1
838,7,110,1,1
838,8,20,1,1
838,9,0,1,1
838,10,17,1,1
838,11,64,1,1
838,12,0,1,1
838,13,0,1,1
838,14,0,1,1
838,15,0,1,1
838,16,8,1,1
838,17,145,1,1
838,18,126,1,1
838,19,29,1,1
838,20,34,1,1
838,21,74,1,1
838,22,17,1,1
838,23,31,1,1
838,24,5,1,1
838,25,14,1,1
838,26,25,1,1
838,27,0,1,1
838,28,24,1,1
838,29,17,1,1
838,30,25,1,1
838,31,7,1,1
838,32,19,1,1
838,33,19,1,1
839,0,115,1,1
839,1,136,1,1
839,2,96,1,1
839,3,32,1,1
839,4,29,1,1
839,5,80,1,1
839,6,0,1,1
839,7,111,1,1
839,8,16,1,1
839,9,0,1,1
839,10,17,1,1
839,11,70,1,1
839,12,0,1,1
839,13,0,1,1
839,14,0,1,1
839,15,0,1,1
839,16,6,1,1
839,17,133,1,1
839,18,153,1,1
839,19,36,1,1
839,20,36,1,1
839,21,69,1,1
839,22,12,1,1
839,23,34,1,1
839,24,5,1,1
839,25,20,1,1
839,26,29,1,1
839,27,0,1,1
839,28,28,1,1
839,29,21,1,1
839,30,28,1,1
839,31,5,1,1
839,32,25,1,1
839,33,13,1,1
840,0,135,1,1
840,1,117,1,1
840,2,57,1,1
840,3,39,1,1
840,4,19,1,1
840,5,96,1,1
840,6,0,1,1
840,7,109,1,1
840,8,15,1,1
840,9,0,1,1
840,10,17,1,1
840,11,72,1,1
840,12,0,1,1
840,13,0,1,1
840,14,0,1,1
840,15,0,1,1
840,16,5,1,1
840,17,147,1,1
840,18,143,1,1
840,19,34,1,1
840,20,41,1,1
840,21,50,1,1
840,22,20,1,1
840,23,40,1,1
840,24,5,1,1
840,25,19,1,1
840,26,21,1,1
840,27,0,1,1
840,28,28,1,1
840,29,12,1,1
840,30,19,1,1
840,31,6,1,1
840,32,18,1,1
840,33,11,1,1
841,0,106,1,1
841,1,131,1,1
841,2,76,1,1
841,3,103,1,1
841,4,25,1,1
841,5,85,1,1
841,6,0,1,1
841,7,113,1,1
841,8,20,1,1
841,9,0,1,1
841,10,25,1,1
841,11,87,1,1
841,12,0,1,1
841,13,0,1,1
841,14,0,1,1
841,15,0,1,1
841,16,4,1,1
841,17,113,1,1
841,18,159,1,1
841,19,45,1,1
841,20,47,1,1
841,21,72,1,1
841,22,22,1,1
841,23,43,1,1
841,24,5,1,1
841,25,15,1,1
841,26,28,1,1
841,27,0,1,1
841,28,18,1,1
841,29,23,1,1
841,30,28,1,1
841,31,7,1,1
841,32,18,1,1
841,33,17,1,1
842,0,124,1,1
842,1,85,1,1
842,2,86,1,1
842,3,30,1,1
842,4,24,1,1
842,5,74,1,1
842,6,0,1,1
842,7,109,1,1
842,8,19,1,1
842,9,0,1,1
842,10,12,1,1
842,11,60,1,1
842,12,0,1,1
842,13,0,1,1
842,14,0,1,1
842,15,0,1,1
842,16,4,1,1
842,17,124,1,1
842,18,151,1,1
842,19,36,1,1
842,20,35,1,1
842,21,53,1,1
842,22,12,1,1
842,23,31,1,1
842,24,1,1,1
842,25,21,1,1
842,26,23,1,1
842,27,0,1,1
842,28,21,1,1
842,29,24,1,1
842,30,26,1,1
842,31,7,1,1
842,32,13,1,1
842,33,12,1,1
843,0,109,1,1
843,1,111,1,1
843,2,58,1,1
843,3,31,1,1
843,4,24,1,1
843,5,66,1,1
843,6,0,1,1
843,7,87,1,1
843,8,15,1,1
843,9,0,1,1
843,10,10,1,1
843,11,62,1,1
843,12,0,1,1
843,13,0,1,1
843,14,0,1,1
843,15,0,1,1
843,16,7,1,1
843,17,89,1,1
843,18,145,1,1
843,19,45,1,1
843,20,30,1,1
843,21,42,1,1
843,22,18,1,1
843,23,34,1,1
843,24,1,1,1
843,25,17,1,1
843,26,15,1,1
843,27,0,1,1
843,28,19,1,1
843,29,14,1,1
843,30,21,1,1
843,31,6,1,1
843,32,14,1,1
843,33,15,1,1
844,0,115,1,1
844,1,99,1,1
844,2,70,1,1
844,3,37,1,1
844,4,37,1,1
844,5,82,1,1
844,6,0,1,1
844,7,96,1,1
844,8,16,1,1
844,9,0,1,1
844,10,11,1,1
844,11,61,1,1
844,12,0,1,1
844,13,0,1,1
844,14,0,1,1
844,15,0,1,1
844,16,5,1,1
844,17,90,1,1
844,18,139,1,1
844,19,30,1,1
844,20,38,1,1
844,21,56,1,1
844,22,8,1,1
844,23,31,1,1
844,24,1,1,1
844,25,26,1,1
844,26,11,1,1
844,27,0,1,1
844,28,18,1,1
844,29,15,1,1
844,30,21,1,1
844,31,4,1,1
844,32,15,1,1
844,33,11,1,1
845,0,85,1,1
845,1,92,1,1
845,2,72,1,1
845,3,17,1,1
845,4,21,1,1
845,5,49,1,1
845,6,0,1,1
845,7,79,1,1
845,8,7,1,1
845,9,0,1,1
845,10,10,1,1
845,11,60,1,1
845,12,0,1,1
845,13,0,1,1
845,14,0,1,1
845,15,0,1,1
845,16,2,1,1
845,17,108,1,1
845,18,113,1,1
845,19,27,1,1
845,20,27,1,1
845,21,57,1,1
845,22,14,1,1
845,23,23,1,1
845,24,3,1,1
845,25,10,1,1
845,26,25,1,1
845,27,0,1,1
845,28,24,1,1
845,29,17,1,1
845,30,22,1,1
845,31,7,1,1
845,32,24,1,1
845,33,8,1,1
846,0,94,1,1
846,1,83,1,1
846,2,55,1,1
846,3,29,1,1
846,4,16,1,1
846,5,52,1,1
846,6,0,1,1
846,7,87,1,1
846,8,11,1,1
846,9,0,1,1
846,10,13,1,1
846,11,56,1,1
846,12,0,1,1
846,13,0,1,1
846,14,0,1,1
846,15,0,1,1
846,16,4,1,1
846,17,67,1,1
846,18,124,1,1
846,19,23,1,1
846,20,44,1,1
846,21,41,1,1
846,22,7,1,1
846,23,26,1,1
846,24,2,1,1
846,25,7,1,1
846,26,22,1,1
846,27,0,1,1
846,28,18,1,1
846,29,7,1,1
846,30,11,1,1
846,31,5,1,1
846,32,15,1,1
846,33,7,1,1
847,0,90,1,1
847,1,75,1,1
847,2,50,1,1
847,3,17,1,1
847,4,22,1,1
847,5,48,1,1
847,6,0,1,1
847,7,89,1,1
847,8,11,1,1
847,9,0,1,1
847,10,12,1,1
847,11,53,1,1
847,12,0,1,1
847,13,0,1,1
847,14,0,1,1
847,15,0,1,1
847,16,0,1,1
847,17,80,1,1
847,18,112,1,1
847,19,28,1,1
847,20,27,1,1
847,21,57,1,1
847,22,8,1,1
847,23,34,1,1
847,24,2,1,1
847,25,7,1,1
847,26,25,1,1
847,27,0,1,1
847,28,17,1,1
847,29,21,1,1
847,30,17,1,1
847,31,6,1,1
847,32,12,1,1
847,33,12,1,1
848,0,88,1,1
848,1,88,1,1
848,2,78,1,1
848,3,77,1,1
848,4,16,1,1
848,5,71,1,1
848,6,0,1,1
848,7,76,1,1
848,8,15,1,1
848,9,0,1,1
848,10,11,1,1
848,11,39,1,1
848,12,0,1,1
848,13,0,1,1
848,14,0,1,1
848,15,0,1,1
848,16,2,1,1
848,17,103,1,1
848,18,94,1,1
848,19,26,1,1
848,20,30,1,1
848,21,35,1,1
848,22,9,1,1
848,23,23,1,1
848,24,1,1,1
848,25,9,1,1
848,26,20,1,1
848,27,0,1,1
848,28,15,1,1
848,29,5,1,1
848,30,11,1,1
848,31,3,1,1
848,32,12,1,1
848,33,4,1,1
849,0,72,1,1
849,1,76,1,1
849,2,54,1,1
849,3,34,1,1
849,4,18,1,1
849,5,51,1,1
849,6,0,1,1
849,7,58,1,1
849,8,11,1,1
849,9,0,1,1
849,10,10,1,1
849,11,53,1,1
849,12,0,1,1
849,13,0,1,1
849,14,0,1,1
849,15,0,1,1
849,16,3,1,1
849,17,79,1,1
849,18,83,1,1
849,19,25,1,1
849,20,25,1,1
849,21,40,1,1
849,22,11,1,1
849,23,28,1,1
849,24,4,1,1
849,25,13,1,1
849,26,15,1,1
849,27,0,1,1
849,28,20,1,1
849,29,8,1,1
849,30,10,1,1
849,31,3,1,1
849,32,13,1,1
849,33,7,1,1
850,0,75,1,1
850,1,89,1,1
850,2,52,1,1
850,3,101,1,1
850,4,24,1,1
850,5,55,1,1
850,6,0,1,1
850,7,72,1,1
850,8,13,1,1
850,9,0,1,1
850,10,6,1,1
850,11,44,1,1
850,12,0,1,1
850,13,0,1,1
850,14,0,1,1
850,15,0,1,1
850,16,2,1,1
850,17,72,1,1
850,18,90,1,1
850,19,31,1,1
850,20,31,1,1
850,21,30,1,1
850,22,18,1,1
850,23,32,1,1
850,24,1,1,1
850,25,8,1,1
850,26,23,1,1
850,27,0,1,1
850,28,17,1,1
850,29,10,1,1
850,30,17,1,1
850,31,4,1,1
850,32,10,1,1
850,33,3,1,1
851,0,73,1,1
851,1,98,1,1
851,2,81,1,1
851,3,18,1,1
851,4,17,1,1
851,5,75,1,1
851,6,0,1,1
851,7,48,1,1
851,8,9,1,1
851,9,0,1,1
851,10,17,1,1
851,11,34,1,1
851,12,0,1,1
851,13,0,1,1
851,14,0,1,1
851,15,0,1,1
851,16,4,1,1
851,17,88,1,1
851,18,77,1,1
851,19,30,1,1
851,20,32,1,1
851,21,36,1,1
851,22,10,1,1
851,23,33,1,1
851,24,0,1,1
851,25,12,1,1
851,26,14,1,1
851,27,0,1,1
851,28,19,1,1
851,29,12,1,1
851,30,16,1,1
851,31,7,1,1
851,32,9,1,1
851,33,6,1,1
852,0,86,1,1
852,1,66,1,1
852,2,72,1,1
852,3,23,1,1
852,4,26,1,1
852,5,46,1,1
852,6,0,1,1
852,7,70,1,1
852,8,8,1,1
852,9,0,1,1
852,10,12,1,1
852,11,51,1,1
852,12,0,1,1
852,13,0,1,1
852,14,0,1,1
852,15,0,1,1
852,16,2,1,1
852,17,70,1,1
852,18,90,1,1
852,19,30,1,1
852,20,31,1,1
852,21,49,1,1
852,22,8,1,1
852,23,32,1,1
852,24,2,1,1
852,25,9,1,1
852,26,8,1,1
852,27,0,1,1
852,28,19,1,1
852,29,10,1,1
852,30,12,1,1
852,31,9,1,1
852,32,10,1,1
852,33,7,1,1
853,0,80,1,1
853,1,75,1,1
853,2,70,1,1
853,3,52,1,1
853,4,16,1,1
853,5,47,1,1
853,6,0,1,1
853,7,77,1,1
853,8,14,1,1
853,9,0,1,1
853,10,10,1,1
853,11,52,1,1
853,12,0,1,1
853,13,0,1,1
853,14,0,1,1
853,15,0,1,1
853,16,2,1,1
853,17,76,1,1
853,18,88,1,1
853,19,26,1,1
853,20,24,1,1
853,21,29,1,1
853,22,12,1,1
853,23,31,1,1
853,24,3,1,1
853,25,11,1,1
853,26,15,1,1
853,27,0,1,1
853,28,16,1,1
853,29,14,1,1
853,30,11,1,1
853,31,3,1,1
853,32,20,1,1
853,33,9,1,1
854,0,76,1,1
854,1,70,1,1
854,2,68,1,1
854,3,20,1,1
854,4,28,1,1
854,5,46,1,1
854,6,0,1,1
854,7,95,1,1
854,8,6,1,1
854,9,0,1,1
854,10,12,1,1
854,11,54,1,1
854,12,0,1,1
854,13,0,1,1
854,14,0,1,1
854,15,0,1,1
854,16,0,1,1
854,17,77,1,1
854,18,83,1,1
854,19,14,1,1
854,20,28,1,1
854,21,25,1,1
854,22,19,1,1
854,23,31,1,1
854,24,3,1,1
854,25,11,1,1
854,26,10,1,1
854,27,0,1,1
854,28,21,1,1
854,29,11,1,1
854,30,14,1,1
854,31,4,1,1
854,32,9,1,1
854,33,6,1,1
855,0,60,1,1
855,1,81,1,1
855,2,53,1,1
855,3,29,1,1
855,4,16,1,1
855,5,57,1,1
855,6,0,1,1
855,7,80,1,1
855,8,11,1,1
855,9,0,1,1
855,10,8,1,1
855,11,54,1,1
855,12,0,1,1
855,13,0,1,1
855,14,0,1,1
855,15,0,1,1
855,16,8,1,1
855,17,64,1,1
855,18,80,1,1
855,19,19,1,1
855,20,15,1,1
855,21,32,1,1
855,22,8,1,1
855,23,18,1,1
855,24,1,1,1
855,25,11,1,1
855,26,12,1,1
855,27,0,1,1
855,28,21,1,1
855,29,15,1,1
855,30,14,1,1
855,31,1,1,1
855,32,24,1,1
855,33,11,1,1
856,0,82,1,1
856,1,81,1,1
856,2,70,1,1
856,3,15,1,1
856,4,15,1,1
856,5,58,1,1
856,6,0,1,1
856,7,70,1,1
856,8,13,1,1
856,9,0,1,1
856,10,3,1,1
856,11,43,1,1
856,12,0,1,1
856,13,0,1,1
856,14,0,1,1
856,15,0,1,1
856,16,5,1,1
856,17,71,1,1
856,18,79,1,1
856,19,24,1,1
856,20,20,1,1
856,21,59,1,1
856,22,15,1,1
856,23,23,1,1
856,24,2,1,1
856,25,7,1,1
856,26,12,1,1
856,27,0,1,1
856,28,17,1,1
856,29,5,1,1
856,30,19,1,1
856,31,4,1,1
856,32,11,1,1
856,33,4,1,1
857,0,67,1,1
857,1,80,1,1
857,2,59,1,1
857,3,32,1,1
857,4,12,1,1
857,5,58,1,1
857,6,0,1,1
857,7,79,1,1
857,8,13,1,1
857,9,0,1,1
857,10,5,1,1
857,11,49,1,1
857,12,0,1,1
857,13,0,1,1
857,14,0,1,1
857,15,0,1,1
857,16,2,1,1
857,17,60,1,1
857,18,89,1,1
857,19,35,1,1
857,20,19,1,1
857,21,47,1,1
857,22,5,1,1
857,23,28,1,1
857,24,2,1,1
857,25,9,1,1
857,26,11,1,1
857,27,0,1,1
857,28,10,1,1
857,29,12,1,1
857,30,13,1,1
857,31,2,1,1
857,32,18,1,1
857,33,10,1,1
858,0,60,1,1
858,1,57,1,1
858,2,52,1,1
858,3,18,1,1
858,4,24,1,1
858,5,35,1,1
858,6,0,1,1
858,7,69,1,1
858,8,11,1,1
858,9,0,1,1
858,10,8,1,1
858,11,41,1,1
858,12,0,1,1
858,13,0,1,1
858,14,0,1,1
858,15,0,1,1
858,16,2,1,1
858,17,66,1,1
858,18,72,1,1
858,19,21,1,1
858,20,17,1,1
858,21,32,1,1
858,22,8,1,1
858,23,18,1,1
858,24,1,1,1
858,25,6,1,1
858,26,23,1,1
858,27,0,1,1
858,28,10,1,1
858,29,6,1,1
858,30,7,1,1
858,31,4,1,1
858,32,15,1,1
858,33,6,1,1
859,0,59,1,1
859,1,68,1,1
859,2,64,1,1
859,3,17,1,1
859,4,28,1,1
859,5,43,1,1
859,6,0,1,1
859,7,58,1,1
859,8,6,1,1
859,9,0,1,1
859,10,5,1,1
859,11,43,1,1
859,12,0,1,1
859,13,0,1,1
859,14,0,1,1
859,15,0,1,1
859,16,3,1,1
859,17,71,1,1
859,18,92,1,1
859,19,16,1,1
859,20,18,1,1
859,21,33,1,1
859,22,10,1,1
859,23,12,1,1
859,24,1,1,1
859,25,9,1,1
859,26,11,1,1
859,27,0,1,1
859,28,15,1,1
859,29,4,1,1
859,30,15,1,1
859,31,2,1,1
859,32,5,1,1
859,33,6,1,1
860,0,62,1,1
860,1,68,1,1
860,2,43,1,1
860,3,43,1,1
860,4,16,1,1
860,5,55,1,1
860,6,0,1,1
860,7,74,1,1
860,8,10,1,1
860,9,0,1,1
860,10,3,1,1
860,11,52,1,1
860,12,0,1,1
860,13,0,1,1
860,14,0,1,1
860,15,0,1,1
860,16,4,1,1
860,17,45,1,1
860,18,71,1,1
860,19,21,1,1
860,20,21,1,1
860,21,18,1,1
860,22,12,1,1
860,23,21,1,1
860,24,0,1,1
860,25,9,1,1
860,26,12,1,1
860,27,0,1,1
860,28,16,1,1
860,29,8,1,1
860,30,12,1,1
860,31,3,1,1
860,32,13,1,1
860,33,4,1,1
861,0,57,1,1
861,1,71,1,1
861,2,48,1,1
861,3,40,1,1
861,4,19,1,1
861,5,43,1,1
861,6,0,1,1
861,7,59,1,1
861,8,10,1,1
861,9,0,1,1
861,10,6,1,1
861,11,41,1,1
861,12,0,1,1
861,13,0,1,1
861,14,0,1,1
861,15,0,1,1
861,16,2,1,1
861,17,55,1,1
861,18,68,1,1
861,19,14,1,1
861,20,13,1,1
861,21,22,1,1
861,22,7,1,1
861,23,16,1,1
861,24,1,1,1
861,25,8,1,1
861,26,14,1,1
861,27,0,1,1
861,28,21,1,1
861,29,8,1,1
861,30,10,1,1
861,31,2,1,1
861,32,8,1,1
861,33,9,1,1
862,0,43,1,1
862,1,50,1,1
862,2,45,1,1
862,3,14,1,1
862,4,11,1,1
862,5,39,1,1
862,6,0,1,1
862,7,56,1,1
862,8,7,1,1
862,9,0,1,1
862,10,4,1,1
862,11,37,1,1
862,12,0,1,1
862,13,0,1,1
862,14,0,1,1
862,15,0,1,1
862,16,2,1,1
862,17,48,1,1
862,18,67,1,1
862,19,19,1,1
862,20,16,1,1
862,21,19,1,1
862,22,6,1,1
862,23,22,1,1
862,24,1,1,1
862,25,9,1,1
862,26,17,1,1
862,27,0,1,1
862,28,15,1,1
862,29,6,1,1
862,30,11,1,1
862,31,1,1,1
862,32,8,1,1
862,33,6,1,1
863,0,42,1,1
863,1,56,1,1
863,2,45,1,1
863,3,14,1,1
863,4,19,1,1
863,5,43,1,1
863,6,0,1,1
863,7,53,1,1
863,8,7,1,1
863,9,0,1,1
863,10,6,1,1
863,11,31,1,1
863,12,0,1,1
863,13,0,1,1
863,14,0,1,1
863,15,0,1,1
863,16,3,1,1
863,17,71,1,1
863,18,73,1,1
863,19,13,1,1
863,20,24,1,1
863,21,31,1,1
863,22,4,1,1
863,23,18,1,1
863,24,2,1,1
863,25,10,1,1
863,26,11,1,1
863,27,0,1,1
863,28,16,1,1
863,29,5,1,1
863,30,9,1,1
863,31,1,1,1
863,32,10,1,1
863,33,3,1,1
