timestep,location,flow,occupy,speed
1,0,17,1,1
1,1,8,1,1
1,2,15,1,1
1,3,50,1,1
1,4,123,1,1
1,5,0,1,1
1,6,0,1,1
1,7,10,1,1
1,8,41,1,1
1,9,92,1,1
1,10,149,1,1
1,11,41,1,1
1,12,104,1,1
1,13,0,1,1
1,14,52,1,1
1,15,113,1,1
2,0,73,1,1
2,1,31,1,1
2,2,24,1,1
2,3,81,1,1
2,4,164,1,1
2,5,0,1,1
2,6,0,1,1
2,7,5,1,1
2,8,38,1,1
2,9,82,1,1
2,10,210,1,1
2,11,54,1,1
2,12,63,1,1
2,13,235,1,1
2,14,189,1,1
2,15,364,1,1
3,0,91,1,1
3,1,75,1,1
3,2,32,1,1
3,3,294,1,1
3,4,245,1,1
3,5,314,1,1
3,6,0,1,1
3,7,289,1,1
3,8,149,1,1
3,9,274,1,1
3,10,251,1,1
3,11,153,1,1
3,12,683,1,1
3,13,327,1,1
3,14,192,1,1
3,15,969,1,1
4,0,160,1,1
4,1,86,1,1
4,2,58,1,1
4,3,0,1,1
4,4,539,1,1
4,5,285,1,1
4,6,301,1,1
4,7,0,1,1
4,8,123,1,1
4,9,302,1,1
4,10,381,1,1
4,11,232,1,1
4,12,207,1,1
4,13,463,1,1
4,14,445,1,1
4,15,791,1,1
5,0,227,1,1
5,1,119,1,1
5,2,48,1,1
5,3,11,1,1
5,4,9,1,1
5,5,165,1,1
5,6,140,1,1
5,7,115,1,1
5,8,37,1,1
5,9,66,1,1
5,10,0,1,1
5,11,182,1,1
5,12,188,1,1
5,13,85,1,1
5,14,187,1,1
5,15,70,1,1
6,0,347,1,1
6,1,175,1,1
6,2,87,1,1
6,3,177,1,1
6,4,217,1,1
6,5,32,1,1
6,6,166,1,1
6,7,116,1,1
6,8,62,1,1
6,9,267,1,1
6,10,378,1,1
6,11,335,1,1
6,12,277,1,1
6,13,361,1,1
6,14,365,1,1
6,15,343,1,1
7,0,418,1,1
7,1,197,1,1
7,2,94,1,1
7,3,128,1,1
7,4,280,1,1
7,5,203,1,1
7,6,362,1,1
7,7,135,1,1
7,8,85,1,1
7,9,315,1,1
7,10,389,1,1
7,11,403,1,1
7,12,456,1,1
7,13,527,1,1
7,14,438,1,1
7,15,640,1,1
8,0,607,1,1
8,1,236,1,1
8,2,138,1,1
8,3,215,1,1
8,4,277,1,1
8,5,316,1,1
8,6,155,1,1
8,7,253,1,1
8,8,183,1,1
8,9,226,1,1
8,10,367,1,1
8,11,470,1,1
8,12,423,1,1
8,13,670,1,1
8,14,642,1,1
8,15,484,1,1
9,0,643,1,1
9,1,266,1,1
9,2,200,1,1
9,3,332,1,1
9,4,283,1,1
9,5,294,1,1
9,6,379,1,1
9,7,259,1,1
9,8,188,1,1
9,9,492,1,1
9,10,460,1,1
9,11,490,1,1
9,12,667,1,1
9,13,608,1,1
9,14,606,1,1
9,15,629,1,1
10,0,675,1,1
10,1,382,1,1
10,2,119,1,1
10,3,299,1,1
10,4,252,1,1
10,5,194,1,1
10,6,183,1,1
10,7,116,1,1
10,8,158,1,1
10,9,323,1,1
10,10,408,1,1
10,11,456,1,1
10,12,506,1,1
10,13,671,1,1
10,14,681,1,1
10,15,629,1,1
11,0,1209,1,1
11,1,639,1,1
11,2,185,1,1
11,3,262,1,1
11,4,122,1,1
11,5,364,1,1
11,6,267,1,1
11,7,395,1,1
11,8,182,1,1
11,9,195,1,1
11,10,310,1,1
11,11,548,1,1
11,12,393,1,1
11,13,440,1,1
11,14,655,1,1
11,15,462,1,1
12,0,857,1,1
12,1,366,1,1
12,2,105,1,1
12,3,14,1,1
12,4,24,1,1
12,5,739,1,1
12,6,221,1,1
12,7,536,1,1
12,8,410,1,1
12,9,0,1,1
12,10,201,1,1
12,11,410,1,1
12,12,281,1,1
12,13,201,1,1
12,14,262,1,1
12,15,0,1,1
13,0,790,1,1
13,1,421,1,1
13,2,168,1,1
13,3,344,1,1
13,4,15,1,1
13,5,1147,1,1
13,6,557,1,1
13,7,278,1,1
13,8,394,1,1
13,9,42,1,1
13,10,489,1,1
13,11,490,1,1
13,12,245,1,1
13,13,273,1,1
13,14,915,1,1
13,15,14,1,1
14,0,792,1,1
14,1,259,1,1
14,2,82,1,1
14,3,0,1,1
14,4,0,1,1
14,5,311,1,1
14,6,425,1,1
14,7,417,1,1
14,8,157,1,1
14,9,100,1,1
14,10,381,1,1
14,11,398,1,1
14,12,260,1,1
14,13,76,1,1
14,14,157,1,1
14,15,0,1,1
15,0,702,1,1
15,1,289,1,1
15,2,65,1,1
15,3,255,1,1
15,4,166,1,1
15,5,333,1,1
15,6,244,1,1
15,7,190,1,1
15,8,139,1,1
15,9,247,1,1
15,10,245,1,1
15,11,573,1,1
15,12,394,1,1
15,13,548,1,1
15,14,427,1,1
15,15,398,1,1
16,0,708,1,1
16,1,435,1,1
16,2,162,1,1
16,3,326,1,1
16,4,157,1,1
16,5,501,1,1
16,6,133,1,1
16,7,173,1,1
16,8,187,1,1
16,9,16,1,1
16,10,287,1,1
16,11,838,1,1
16,12,160,1,1
16,13,762,1,1
16,14,354,1,1
16,15,517,1,1
17,0,599,1,1
17,1,425,1,1
17,2,176,1,1
17,3,156,1,1
17,4,122,1,1
17,5,777,1,1
17,6,513,1,1
17,7,578,1,1
17,8,253,1,1
17,9,71,1,1
17,10,256,1,1
17,11,507,1,1
17,12,743,1,1
17,13,749,1,1
17,14,625,1,1
17,15,432,1,1
18,0,593,1,1
18,1,368,1,1
18,2,183,1,1
18,3,152,1,1
18,4,121,1,1
18,5,558,1,1
18,6,395,1,1
18,7,376,1,1
18,8,205,1,1
18,9,153,1,1
18,10,300,1,1
18,11,622,1,1
18,12,389,1,1
18,13,679,1,1
18,14,726,1,1
18,15,609,1,1
19,0,421,1,1
19,1,249,1,1
19,2,218,1,1
19,3,195,1,1
19,4,186,1,1
19,5,309,1,1
19,6,298,1,1
19,7,161,1,1
19,8,119,1,1
19,9,72,1,1
19,10,239,1,1
19,11,495,1,1
19,12,196,1,1
19,13,374,1,1
19,14,295,1,1
19,15,401,1,1
20,0,675,1,1
20,1,362,1,1
20,2,306,1,1
20,3,115,1,1
20,4,165,1,1
20,5,222,1,1
20,6,218,1,1
20,7,62,1,1
20,8,106,1,1
20,9,123,1,1
20,10,177,1,1
20,11,360,1,1
20,12,22,1,1
20,13,466,1,1
20,14,396,1,1
20,15,63,1,1
21,0,769,1,1
21,1,421,1,1
21,2,351,1,1
21,3,113,1,1
21,4,202,1,1
21,5,306,1,1
21,6,180,1,1
21,7,118,1,1
21,8,136,1,1
21,9,22,1,1
21,10,174,1,1
21,11,228,1,1
21,12,0,1,1
21,13,349,1,1
21,14,534,1,1
21,15,132,1,1
22,0,814,1,1
22,1,451,1,1
22,2,366,1,1
22,3,63,1,1
22,4,102,1,1
22,5,215,1,1
22,6,188,1,1
22,7,0,1,1
22,8,74,1,1
22,9,0,1,1
22,10,127,1,1
22,11,131,1,1
22,12,0,1,1
22,13,365,1,1
22,14,247,1,1
22,15,274,1,1
23,0,842,1,1
23,1,464,1,1
23,2,373,1,1
23,3,47,1,1
23,4,135,1,1
23,5,255,1,1
23,6,137,1,1
23,7,0,1,1
23,8,64,1,1
23,9,76,1,1
23,10,121,1,1
23,11,134,1,1
23,12,0,1,1
23,13,105,1,1
23,14,81,1,1
23,15,0,1,1
24,0,876,1,1
24,1,476,1,1
24,2,384,1,1
24,3,0,1,1
24,4,57,1,1
24,5,240,1,1
24,6,199,1,1
24,7,36,1,1
24,8,48,1,1
24,9,0,1,1
24,10,116,1,1
24,11,44,1,1
24,12,0,1,1
24,13,328,1,1
24,14,121,1,1
24,15,82,1,1
25,0,917,1,1
25,1,485,1,1
25,2,390,1,1
25,3,42,1,1
25,4,104,1,1
25,5,107,1,1
25,6,115,1,1
25,7,0,1,1
25,8,52,1,1
25,9,8,1,1
25,10,54,1,1
25,11,41,1,1
25,12,54,1,1
25,13,0,1,1
25,14,251,1,1
25,15,0,1,1
26,0,961,1,1
26,1,510,1,1
26,2,416,1,1
26,3,112,1,1
26,4,106,1,1
26,5,194,1,1
26,6,95,1,1
26,7,14,1,1
26,8,37,1,1
26,9,0,1,1
26,10,162,1,1
26,11,113,1,1
26,12,16,1,1
26,13,405,1,1
26,14,272,1,1
26,15,140,1,1
27,0,1097,1,1
27,1,598,1,1
27,2,449,1,1
27,3,245,1,1
27,4,346,1,1
27,5,540,1,1
27,6,443,1,1
27,7,181,1,1
27,8,135,1,1
27,9,61,1,1
27,10,190,1,1
27,11,230,1,1
27,12,727,1,1
27,13,481,1,1
27,14,642,1,1
27,15,281,1,1
28,0,1282,1,1
28,1,743,1,1
28,2,489,1,1
28,3,151,1,1
28,4,402,1,1
28,5,921,1,1
28,6,619,1,1
28,7,68,1,1
28,8,361,1,1
28,9,0,1,1
28,10,311,1,1
28,11,329,1,1
28,12,551,1,1
28,13,562,1,1
28,14,1845,1,1
28,15,985,1,1
29,0,1606,1,1
29,1,882,1,1
29,2,525,1,1
29,3,146,1,1
29,4,120,1,1
29,5,230,1,1
29,6,205,1,1
29,7,271,1,1
29,8,168,1,1
29,9,0,1,1
29,10,0,1,1
29,11,352,1,1
29,12,504,1,1
29,13,412,1,1
29,14,416,1,1
29,15,122,1,1
30,0,481,1,1
30,1,279,1,1
30,2,97,1,1
30,3,105,1,1
30,4,212,1,1
30,5,274,1,1
30,6,327,1,1
30,7,59,1,1
30,8,78,1,1
30,9,46,1,1
30,10,423,1,1
30,11,436,1,1
30,12,23,1,1
30,13,323,1,1
30,14,212,1,1
30,15,0,1,1
31,0,575,1,1
31,1,365,1,1
31,2,90,1,1
31,3,159,1,1
31,4,300,1,1
31,5,466,1,1
31,6,454,1,1
31,7,227,1,1
31,8,84,1,1
31,9,55,1,1
31,10,384,1,1
31,11,486,1,1
31,12,33,1,1
31,13,193,1,1
31,14,490,1,1
31,15,248,1,1
32,0,675,1,1
32,1,407,1,1
32,2,110,1,1
32,3,260,1,1
32,4,146,1,1
32,5,323,1,1
32,6,184,1,1
32,7,169,1,1
32,8,191,1,1
32,9,143,1,1
32,10,377,1,1
32,11,540,1,1
32,12,168,1,1
32,13,513,1,1
32,14,467,1,1
32,15,220,1,1
33,0,824,1,1
33,1,433,1,1
33,2,143,1,1
33,3,286,1,1
33,4,320,1,1
33,5,339,1,1
33,6,499,1,1
33,7,183,1,1
33,8,201,1,1
33,9,104,1,1
33,10,332,1,1
33,11,554,1,1
33,12,285,1,1
33,13,529,1,1
33,14,667,1,1
33,15,363,1,1
34,0,887,1,1
34,1,493,1,1
34,2,125,1,1
34,3,200,1,1
34,4,203,1,1
34,5,378,1,1
34,6,237,1,1
34,7,88,1,1
34,8,83,1,1
34,9,131,1,1
34,10,364,1,1
34,11,626,1,1
34,12,349,1,1
34,13,217,1,1
34,14,538,1,1
34,15,236,1,1
35,0,975,1,1
35,1,511,1,1
35,2,118,1,1
35,3,211,1,1
35,4,140,1,1
35,5,132,1,1
35,6,427,1,1
35,7,308,1,1
35,8,120,1,1
35,9,308,1,1
35,10,364,1,1
35,11,587,1,1
35,12,774,1,1
35,13,353,1,1
35,14,211,1,1
35,15,320,1,1
36,0,950,1,1
36,1,483,1,1
36,2,95,1,1
36,3,290,1,1
36,4,37,1,1
36,5,276,1,1
36,6,70,1,1
36,7,665,1,1
36,8,184,1,1
36,9,484,1,1
36,10,470,1,1
36,11,358,1,1
36,12,959,1,1
36,13,681,1,1
36,14,100,1,1
36,15,1491,1,1
37,0,1095,1,1
37,1,369,1,1
37,2,38,1,1
37,3,451,1,1
37,4,155,1,1
37,5,37,1,1
37,6,262,1,1
37,7,461,1,1
37,8,279,1,1
37,9,725,1,1
37,10,220,1,1
37,11,452,1,1
37,12,719,1,1
37,13,970,1,1
37,14,181,1,1
37,15,1149,1,1
38,0,950,1,1
38,1,296,1,1
38,2,8,1,1
38,3,433,1,1
38,4,392,1,1
38,5,299,1,1
38,6,224,1,1
38,7,239,1,1
38,8,261,1,1
38,9,942,1,1
38,10,604,1,1
38,11,484,1,1
38,12,1391,1,1
38,13,610,1,1
38,14,294,1,1
38,15,1300,1,1
39,0,776,1,1
39,1,291,1,1
39,2,77,1,1
39,3,198,1,1
39,4,167,1,1
39,5,297,1,1
39,6,196,1,1
39,7,193,1,1
39,8,129,1,1
39,9,280,1,1
39,10,285,1,1
39,11,573,1,1
39,12,438,1,1
39,13,553,1,1
39,14,432,1,1
39,15,290,1,1
40,0,808,1,1
40,1,446,1,1
40,2,154,1,1
40,3,261,1,1
40,4,115,1,1
40,5,103,1,1
40,6,273,1,1
40,7,201,1,1
40,8,237,1,1
40,9,367,1,1
40,10,65,1,1
40,11,166,1,1
40,12,199,1,1
40,13,698,1,1
40,14,106,1,1
40,15,776,1,1
41,0,670,1,1
41,1,420,1,1
41,2,158,1,1
41,3,297,1,1
41,4,295,1,1
41,5,231,1,1
41,6,617,1,1
41,7,507,1,1
41,8,237,1,1
41,9,161,1,1
41,10,275,1,1
41,11,752,1,1
41,12,993,1,1
41,13,1369,1,1
41,14,411,1,1
41,15,1238,1,1
42,0,662,1,1
42,1,407,1,1
42,2,184,1,1
42,3,221,1,1
42,4,133,1,1
42,5,253,1,1
42,6,279,1,1
42,7,291,1,1
42,8,224,1,1
42,9,440,1,1
42,10,262,1,1
42,11,717,1,1
42,12,520,1,1
42,13,572,1,1
42,14,508,1,1
42,15,644,1,1
43,0,593,1,1
43,1,335,1,1
43,2,227,1,1
43,3,130,1,1
43,4,154,1,1
43,5,367,1,1
43,6,238,1,1
43,7,282,1,1
43,8,118,1,1
43,9,201,1,1
43,10,239,1,1
43,11,668,1,1
43,12,317,1,1
43,13,109,1,1
43,14,455,1,1
43,15,210,1,1
44,0,404,1,1
44,1,212,1,1
44,2,187,1,1
44,3,96,1,1
44,4,179,1,1
44,5,304,1,1
44,6,148,1,1
44,7,159,1,1
44,8,92,1,1
44,9,200,1,1
44,10,230,1,1
44,11,552,1,1
44,12,47,1,1
44,13,307,1,1
44,14,361,1,1
44,15,21,1,1
45,0,145,1,1
45,1,101,1,1
45,2,64,1,1
45,3,49,1,1
45,4,175,1,1
45,5,357,1,1
45,6,164,1,1
45,7,207,1,1
45,8,137,1,1
45,9,154,1,1
45,10,231,1,1
45,11,389,1,1
45,12,20,1,1
45,13,137,1,1
45,14,527,1,1
45,15,146,1,1
46,0,69,1,1
46,1,55,1,1
46,2,43,1,1
46,3,38,1,1
46,4,64,1,1
46,5,270,1,1
46,6,168,1,1
46,7,124,1,1
46,8,65,1,1
46,9,143,1,1
46,10,192,1,1
46,11,272,1,1
46,12,58,1,1
46,13,167,1,1
46,14,364,1,1
46,15,167,1,1
47,0,66,1,1
47,1,36,1,1
47,2,9,1,1
47,3,46,1,1
47,4,98,1,1
47,5,267,1,1
47,6,189,1,1
47,7,120,1,1
47,8,89,1,1
47,9,37,1,1
47,10,164,1,1
47,11,161,1,1
47,12,94,1,1
47,13,0,1,1
47,14,150,1,1
47,15,11,1,1
48,0,40,1,1
48,1,28,1,1
48,2,11,1,1
48,3,0,1,1
48,4,45,1,1
48,5,210,1,1
48,6,187,1,1
48,7,148,1,1
48,8,46,1,1
48,9,55,1,1
48,10,151,1,1
48,11,106,1,1
48,12,0,1,1
48,13,170,1,1
48,14,274,1,1
48,15,90,1,1
49,0,30,1,1
49,1,10,1,1
49,2,7,1,1
49,3,20,1,1
49,4,42,1,1
49,5,124,1,1
49,6,117,1,1
49,7,62,1,1
49,8,54,1,1
49,9,101,1,1
49,10,104,1,1
49,11,68,1,1
49,12,98,1,1
49,13,0,1,1
49,14,233,1,1
49,15,0,1,1
50,0,72,1,1
50,1,33,1,1
50,2,15,1,1
50,3,91,1,1
50,4,78,1,1
50,5,243,1,1
50,6,138,1,1
50,7,149,1,1
50,8,60,1,1
50,9,49,1,1
50,10,205,1,1
50,11,70,1,1
50,12,0,1,1
50,13,204,1,1
50,14,326,1,1
50,15,155,1,1
51,0,148,1,1
51,1,68,1,1
51,2,33,1,1
51,3,223,1,1
51,4,298,1,1
51,5,703,1,1
51,6,523,1,1
51,7,404,1,1
51,8,231,1,1
51,9,281,1,1
51,10,306,1,1
51,11,193,1,1
51,12,855,1,1
51,13,76,1,1
51,14,803,1,1
51,15,596,1,1
52,0,276,1,1
52,1,135,1,1
52,2,48,1,1
52,3,161,1,1
52,4,287,1,1
52,5,941,1,1
52,6,604,1,1
52,7,504,1,1
52,8,341,1,1
52,9,632,1,1
52,10,326,1,1
52,11,349,1,1
52,12,238,1,1
52,13,485,1,1
52,14,1709,1,1
52,15,458,1,1
53,0,341,1,1
53,1,167,1,1
53,2,85,1,1
53,3,182,1,1
53,4,146,1,1
53,5,271,1,1
53,6,231,1,1
53,7,249,1,1
53,8,144,1,1
53,9,242,1,1
53,10,0,1,1
53,11,384,1,1
53,12,441,1,1
53,13,386,1,1
53,14,371,1,1
53,15,54,1,1
54,0,425,1,1
54,1,239,1,1
54,2,130,1,1
54,3,106,1,1
54,4,134,1,1
54,5,436,1,1
54,6,286,1,1
54,7,193,1,1
54,8,77,1,1
54,9,163,1,1
54,10,409,1,1
54,11,419,1,1
54,12,97,1,1
54,13,162,1,1
54,14,291,1,1
54,15,3,1,1
55,0,610,1,1
55,1,287,1,1
55,2,151,1,1
55,3,176,1,1
55,4,221,1,1
55,5,556,1,1
55,6,370,1,1
55,7,240,1,1
55,8,92,1,1
55,9,178,1,1
55,10,366,1,1
55,11,521,1,1
55,12,95,1,1
55,13,71,1,1
55,14,776,1,1
55,15,141,1,1
56,0,645,1,1
56,1,328,1,1
56,2,88,1,1
56,3,203,1,1
56,4,178,1,1
56,5,425,1,1
56,6,122,1,1
56,7,234,1,1
56,8,161,1,1
56,9,176,1,1
56,10,360,1,1
56,11,503,1,1
56,12,215,1,1
56,13,564,1,1
56,14,425,1,1
56,15,239,1,1
57,0,799,1,1
57,1,408,1,1
57,2,173,1,1
57,3,312,1,1
57,4,299,1,1
57,5,402,1,1
57,6,370,1,1
57,7,249,1,1
57,8,207,1,1
57,9,278,1,1
57,10,407,1,1
57,11,586,1,1
57,12,407,1,1
57,13,355,1,1
57,14,776,1,1
57,15,246,1,1
58,0,903,1,1
58,1,438,1,1
58,2,124,1,1
58,3,197,1,1
58,4,171,1,1
58,5,489,1,1
58,6,140,1,1
58,7,123,1,1
58,8,152,1,1
58,9,225,1,1
58,10,545,1,1
58,11,605,1,1
58,12,407,1,1
58,13,232,1,1
58,14,562,1,1
58,15,302,1,1
59,0,819,1,1
59,1,399,1,1
59,2,267,1,1
59,3,178,1,1
59,4,233,1,1
59,5,89,1,1
59,6,274,1,1
59,7,134,1,1
59,8,112,1,1
59,9,166,1,1
59,10,431,1,1
59,11,549,1,1
59,12,566,1,1
59,13,509,1,1
59,14,153,1,1
59,15,745,1,1
60,0,826,1,1
60,1,343,1,1
60,2,58,1,1
60,3,385,1,1
60,4,275,1,1
60,5,74,1,1
60,6,31,1,1
60,7,410,1,1
60,8,185,1,1
60,9,436,1,1
60,10,340,1,1
60,11,434,1,1
60,12,625,1,1
60,13,1075,1,1
60,14,62,1,1
60,15,1513,1,1
61,0,853,1,1
61,1,222,1,1
61,2,37,1,1
61,3,538,1,1
61,4,160,1,1
61,5,0,1,1
61,6,155,1,1
61,7,90,1,1
61,8,149,1,1
61,9,433,1,1
61,10,300,1,1
61,11,421,1,1
61,12,92,1,1
61,13,1680,1,1
61,14,317,1,1
61,15,923,1,1
62,0,838,1,1
62,1,245,1,1
62,2,9,1,1
62,3,432,1,1
62,4,501,1,1
62,5,280,1,1
62,6,198,1,1
62,7,23,1,1
62,8,33,1,1
62,9,589,1,1
62,10,438,1,1
62,11,508,1,1
62,12,848,1,1
62,13,1201,1,1
62,14,49,1,1
62,15,1635,1,1
63,0,624,1,1
63,1,254,1,1
63,2,112,1,1
63,3,172,1,1
63,4,176,1,1
63,5,337,1,1
63,6,147,1,1
63,7,108,1,1
63,8,129,1,1
63,9,284,1,1
63,10,339,1,1
63,11,541,1,1
63,12,388,1,1
63,13,530,1,1
63,14,456,1,1
63,15,258,1,1
64,0,725,1,1
64,1,417,1,1
64,2,160,1,1
64,3,288,1,1
64,4,152,1,1
64,5,103,1,1
64,6,377,1,1
64,7,100,1,1
64,8,200,1,1
64,9,314,1,1
64,10,213,1,1
64,11,749,1,1
64,12,225,1,1
64,13,807,1,1
64,14,155,1,1
64,15,806,1,1
65,0,666,1,1
65,1,458,1,1
65,2,197,1,1
65,3,312,1,1
65,4,311,1,1
65,5,95,1,1
65,6,444,1,1
65,7,199,1,1
65,8,131,1,1
65,9,263,1,1
65,10,248,1,1
65,11,707,1,1
65,12,860,1,1
65,13,1385,1,1
65,14,475,1,1
65,15,1268,1,1
66,0,615,1,1
66,1,414,1,1
66,2,196,1,1
66,3,192,1,1
66,4,174,1,1
66,5,316,1,1
66,6,206,1,1
66,7,199,1,1
66,8,163,1,1
66,9,386,1,1
66,10,284,1,1
66,11,683,1,1
66,12,496,1,1
66,13,573,1,1
66,14,470,1,1
66,15,665,1,1
67,0,472,1,1
67,1,361,1,1
67,2,161,1,1
67,3,107,1,1
67,4,137,1,1
67,5,264,1,1
67,6,190,1,1
67,7,171,1,1
67,8,122,1,1
67,9,187,1,1
67,10,215,1,1
67,11,659,1,1
67,12,192,1,1
67,13,466,1,1
67,14,348,1,1
67,15,594,1,1
68,0,307,1,1
68,1,199,1,1
68,2,189,1,1
68,3,85,1,1
68,4,72,1,1
68,5,169,1,1
68,6,50,1,1
68,7,52,1,1
68,8,86,1,1
68,9,189,1,1
68,10,271,1,1
68,11,515,1,1
68,12,100,1,1
68,13,432,1,1
68,14,326,1,1
68,15,291,1,1
69,0,128,1,1
69,1,105,1,1
69,2,106,1,1
69,3,116,1,1
69,4,77,1,1
69,5,80,1,1
69,6,97,1,1
69,7,109,1,1
69,8,112,1,1
69,9,81,1,1
69,10,235,1,1
69,11,337,1,1
69,12,65,1,1
69,13,283,1,1
69,14,325,1,1
69,15,371,1,1
70,0,76,1,1
70,1,54,1,1
70,2,31,1,1
70,3,67,1,1
70,4,87,1,1
70,5,186,1,1
70,6,0,1,1
70,7,0,1,1
70,8,48,1,1
70,9,150,1,1
70,10,184,1,1
70,11,174,1,1
70,12,32,1,1
70,13,320,1,1
70,14,127,1,1
70,15,380,1,1
71,0,30,1,1
71,1,21,1,1
71,2,10,1,1
71,3,57,1,1
71,4,35,1,1
71,5,50,1,1
71,6,50,1,1
71,7,0,1,1
71,8,63,1,1
71,9,81,1,1
71,10,136,1,1
71,11,87,1,1
71,12,55,1,1
71,13,145,1,1
71,14,31,1,1
71,15,170,1,1
72,0,35,1,1
72,1,29,1,1
72,2,17,1,1
72,3,2,1,1
72,4,54,1,1
72,5,0,1,1
72,6,131,1,1
72,7,19,1,1
72,8,29,1,1
72,9,80,1,1
72,10,129,1,1
72,11,105,1,1
72,12,7,1,1
72,13,226,1,1
72,14,54,1,1
72,15,293,1,1
73,0,56,1,1
73,1,32,1,1
73,2,19,1,1
73,3,37,1,1
73,4,49,1,1
73,5,5,1,1
73,6,0,1,1
73,7,0,1,1
73,8,47,1,1
73,9,49,1,1
73,10,130,1,1
73,11,147,1,1
73,12,19,1,1
73,13,43,1,1
73,14,180,1,1
73,15,84,1,1
74,0,142,1,1
74,1,129,1,1
74,2,48,1,1
74,3,98,1,1
74,4,73,1,1
74,5,39,1,1
74,6,91,1,1
74,7,28,1,1
74,8,47,1,1
74,9,57,1,1
74,10,369,1,1
74,11,242,1,1
74,12,29,1,1
74,13,295,1,1
74,14,166,1,1
74,15,327,1,1
75,0,183,1,1
75,1,174,1,1
75,2,50,1,1
75,3,445,1,1
75,4,289,1,1
75,5,433,1,1
75,6,380,1,1
75,7,228,1,1
75,8,186,1,1
75,9,470,1,1
75,10,415,1,1
75,11,314,1,1
75,12,579,1,1
75,13,584,1,1
75,14,564,1,1
75,15,696,1,1
76,0,191,1,1
76,1,84,1,1
76,2,68,1,1
76,3,435,1,1
76,4,380,1,1
76,5,443,1,1
76,6,723,1,1
76,7,256,1,1
76,8,343,1,1
76,9,475,1,1
76,10,293,1,1
76,11,204,1,1
76,12,555,1,1
76,13,1078,1,1
76,14,1328,1,1
76,15,1040,1,1
77,0,370,1,1
77,1,164,1,1
77,2,157,1,1
77,3,147,1,1
77,4,83,1,1
77,5,191,1,1
77,6,302,1,1
77,7,238,1,1
77,8,146,1,1
77,9,123,1,1
77,10,0,1,1
77,11,211,1,1
77,12,384,1,1
77,13,403,1,1
77,14,280,1,1
77,15,266,1,1
78,0,219,1,1
78,1,111,1,1
78,2,68,1,1
78,3,180,1,1
78,4,114,1,1
78,5,224,1,1
78,6,174,1,1
78,7,98,1,1
78,8,98,1,1
78,9,177,1,1
78,10,441,1,1
78,11,192,1,1
78,12,114,1,1
78,13,406,1,1
78,14,176,1,1
78,15,292,1,1
79,0,294,1,1
79,1,88,1,1
79,2,78,1,1
79,3,268,1,1
79,4,106,1,1
79,5,378,1,1
79,6,280,1,1
79,7,198,1,1
79,8,112,1,1
79,9,171,1,1
79,10,412,1,1
79,11,210,1,1
79,12,134,1,1
79,13,528,1,1
79,14,442,1,1
79,15,645,1,1
80,0,373,1,1
80,1,108,1,1
80,2,85,1,1
80,3,169,1,1
80,4,198,1,1
80,5,293,1,1
80,6,138,1,1
80,7,214,1,1
80,8,164,1,1
80,9,170,1,1
80,10,413,1,1
80,11,240,1,1
80,12,265,1,1
80,13,630,1,1
80,14,480,1,1
80,15,416,1,1
81,0,414,1,1
81,1,145,1,1
81,2,125,1,1
81,3,338,1,1
81,4,237,1,1
81,5,320,1,1
81,6,203,1,1
81,7,193,1,1
81,8,168,1,1
81,9,230,1,1
81,10,446,1,1
81,11,338,1,1
81,12,330,1,1
81,13,545,1,1
81,14,443,1,1
81,15,571,1,1
82,0,525,1,1
82,1,140,1,1
82,2,125,1,1
82,3,288,1,1
82,4,146,1,1
82,5,290,1,1
82,6,103,1,1
82,7,106,1,1
82,8,77,1,1
82,9,224,1,1
82,10,452,1,1
82,11,349,1,1
82,12,331,1,1
82,13,412,1,1
82,14,490,1,1
82,15,433,1,1
83,0,551,1,1
83,1,163,1,1
83,2,132,1,1
83,3,171,1,1
83,4,292,1,1
83,5,218,1,1
83,6,159,1,1
83,7,424,1,1
83,8,142,1,1
83,9,218,1,1
83,10,504,1,1
83,11,399,1,1
83,12,666,1,1
83,13,377,1,1
83,14,357,1,1
83,15,285,1,1
84,0,626,1,1
84,1,172,1,1
84,2,72,1,1
84,3,140,1,1
84,4,532,1,1
84,5,118,1,1
84,6,193,1,1
84,7,568,1,1
84,8,303,1,1
84,9,171,1,1
84,10,533,1,1
84,11,376,1,1
84,12,781,1,1
84,13,559,1,1
84,14,528,1,1
84,15,0,1,1
85,0,704,1,1
85,1,147,1,1
85,2,27,1,1
85,3,355,1,1
85,4,116,1,1
85,5,562,1,1
85,6,507,1,1
85,7,516,1,1
85,8,330,1,1
85,9,296,1,1
85,10,301,1,1
85,11,377,1,1
85,12,742,1,1
85,13,677,1,1
85,14,505,1,1
85,15,264,1,1
86,0,686,1,1
86,1,155,1,1
86,2,2,1,1
86,3,164,1,1
86,4,316,1,1
86,5,333,1,1
86,6,712,1,1
86,7,552,1,1
86,8,393,1,1
86,9,496,1,1
86,10,474,1,1
86,11,372,1,1
86,12,1244,1,1
86,13,226,1,1
86,14,990,1,1
86,15,262,1,1
87,0,593,1,1
87,1,204,1,1
87,2,65,1,1
87,3,242,1,1
87,4,162,1,1
87,5,284,1,1
87,6,174,1,1
87,7,199,1,1
87,8,126,1,1
87,9,216,1,1
87,10,432,1,1
87,11,445,1,1
87,12,405,1,1
87,13,481,1,1
87,14,383,1,1
87,15,430,1,1
88,0,799,1,1
88,1,342,1,1
88,2,143,1,1
88,3,291,1,1
88,4,264,1,1
88,5,574,1,1
88,6,215,1,1
88,7,276,1,1
88,8,239,1,1
88,9,317,1,1
88,10,311,1,1
88,11,677,1,1
88,12,344,1,1
88,13,703,1,1
88,14,243,1,1
88,15,407,1,1
89,0,733,1,1
89,1,426,1,1
89,2,191,1,1
89,3,287,1,1
89,4,234,1,1
89,5,465,1,1
89,6,360,1,1
89,7,568,1,1
89,8,233,1,1
89,9,130,1,1
89,10,350,1,1
89,11,701,1,1
89,12,860,1,1
89,13,1096,1,1
89,14,499,1,1
89,15,653,1,1
90,0,678,1,1
90,1,382,1,1
90,2,187,1,1
90,3,154,1,1
90,4,311,1,1
90,5,575,1,1
90,6,224,1,1
90,7,398,1,1
90,8,206,1,1
90,9,303,1,1
90,10,302,1,1
90,11,655,1,1
90,12,566,1,1
90,13,579,1,1
90,14,613,1,1
90,15,612,1,1
91,0,447,1,1
91,1,281,1,1
91,2,203,1,1
91,3,18,1,1
91,4,125,1,1
91,5,235,1,1
91,6,258,1,1
91,7,221,1,1
91,8,118,1,1
91,9,301,1,1
91,10,295,1,1
91,11,545,1,1
91,12,392,1,1
91,13,257,1,1
91,14,111,1,1
91,15,462,1,1
92,0,300,1,1
92,1,154,1,1
92,2,135,1,1
92,3,144,1,1
92,4,93,1,1
92,5,148,1,1
92,6,97,1,1
92,7,96,1,1
92,8,115,1,1
92,9,303,1,1
92,10,267,1,1
92,11,514,1,1
92,12,227,1,1
92,13,461,1,1
92,14,69,1,1
92,15,129,1,1
93,0,134,1,1
93,1,73,1,1
93,2,46,1,1
93,3,0,1,1
93,4,116,1,1
93,5,270,1,1
93,6,197,1,1
93,7,144,1,1
93,8,142,1,1
93,9,228,1,1
93,10,238,1,1
93,11,461,1,1
93,12,110,1,1
93,13,95,1,1
93,14,143,1,1
93,15,311,1,1
94,0,76,1,1
94,1,37,1,1
94,2,16,1,1
94,3,0,1,1
94,4,46,1,1
94,5,185,1,1
94,6,151,1,1
94,7,91,1,1
94,8,85,1,1
94,9,166,1,1
94,10,162,1,1
94,11,115,1,1
94,12,148,1,1
94,13,186,1,1
94,14,0,1,1
94,15,338,1,1
95,0,41,1,1
95,1,38,1,1
95,2,13,1,1
95,3,0,1,1
95,4,0,1,1
95,5,150,1,1
95,6,93,1,1
95,7,39,1,1
95,8,87,1,1
95,9,23,1,1
95,10,160,1,1
95,11,44,1,1
95,12,160,1,1
95,13,0,1,1
95,14,0,1,1
95,15,105,1,1
96,0,25,1,1
96,1,17,1,1
96,2,9,1,1
96,3,0,1,1
96,4,0,1,1
96,5,129,1,1
96,6,176,1,1
96,7,105,1,1
96,8,39,1,1
96,9,106,1,1
96,10,122,1,1
96,11,53,1,1
96,12,177,1,1
96,13,0,1,1
96,14,0,1,1
96,15,175,1,1
97,0,25,1,1
97,1,8,1,1
97,2,5,1,1
97,3,0,1,1
97,4,8,1,1
97,5,0,1,1
97,6,58,1,1
97,7,56,1,1
97,8,56,1,1
97,9,85,1,1
97,10,64,1,1
97,11,28,1,1
97,12,138,1,1
97,13,0,1,1
97,14,4,1,1
97,15,144,1,1
98,0,75,1,1
98,1,31,1,1
98,2,16,1,1
98,3,27,1,1
98,4,26,1,1
98,5,40,1,1
98,6,30,1,1
98,7,58,1,1
98,8,73,1,1
98,9,108,1,1
98,10,122,1,1
98,11,40,1,1
98,12,25,1,1
98,13,185,1,1
98,14,0,1,1
98,15,282,1,1
99,0,60,1,1
99,1,40,1,1
99,2,19,1,1
99,3,13,1,1
99,4,246,1,1
99,5,309,1,1
99,6,35,1,1
99,7,199,1,1
99,8,259,1,1
99,9,325,1,1
99,10,158,1,1
99,11,77,1,1
99,12,904,1,1
99,13,0,1,1
99,14,0,1,1
99,15,784,1,1
100,0,115,1,1
100,1,40,1,1
100,2,28,1,1
100,3,0,1,1
100,4,191,1,1
100,5,622,1,1
100,6,1271,1,1
100,7,251,1,1
100,8,306,1,1
100,9,709,1,1
100,10,153,1,1
100,11,101,1,1
100,12,439,1,1
100,13,78,1,1
100,14,471,1,1
100,15,1505,1,1
101,0,199,1,1
101,1,61,1,1
101,2,46,1,1
101,3,49,1,1
101,4,188,1,1
101,5,107,1,1
101,6,336,1,1
101,7,241,1,1
101,8,116,1,1
101,9,181,1,1
101,10,0,1,1
101,11,177,1,1
101,12,392,1,1
101,13,546,1,1
101,14,408,1,1
101,15,449,1,1
102,0,260,1,1
102,1,70,1,1
102,2,52,1,1
102,3,191,1,1
102,4,105,1,1
102,5,230,1,1
102,6,138,1,1
102,7,143,1,1
102,8,109,1,1
102,9,229,1,1
102,10,282,1,1
102,11,182,1,1
102,12,273,1,1
102,13,338,1,1
102,14,22,1,1
102,15,308,1,1
103,0,338,1,1
103,1,114,1,1
103,2,35,1,1
103,3,86,1,1
103,4,63,1,1
103,5,283,1,1
103,6,277,1,1
103,7,166,1,1
103,8,172,1,1
103,9,281,1,1
103,10,279,1,1
103,11,260,1,1
103,12,384,1,1
103,13,217,1,1
103,14,67,1,1
103,15,282,1,1
104,0,495,1,1
104,1,226,1,1
104,2,42,1,1
104,3,218,1,1
104,4,178,1,1
104,5,307,1,1
104,6,173,1,1
104,7,227,1,1
104,8,159,1,1
104,9,237,1,1
104,10,300,1,1
104,11,363,1,1
104,12,292,1,1
104,13,587,1,1
104,14,538,1,1
104,15,465,1,1
105,0,583,1,1
105,1,235,1,1
105,2,72,1,1
105,3,345,1,1
105,4,117,1,1
105,5,335,1,1
105,6,376,1,1
105,7,196,1,1
105,8,236,1,1
105,9,377,1,1
105,10,338,1,1
105,11,420,1,1
105,12,484,1,1
105,13,399,1,1
105,14,355,1,1
105,15,468,1,1
106,0,712,1,1
106,1,316,1,1
106,2,122,1,1
106,3,207,1,1
106,4,85,1,1
106,5,346,1,1
106,6,121,1,1
106,7,88,1,1
106,8,181,1,1
106,9,306,1,1
106,10,483,1,1
106,11,407,1,1
106,12,531,1,1
106,13,340,1,1
106,14,167,1,1
106,15,241,1,1
107,0,709,1,1
107,1,293,1,1
107,2,215,1,1
107,3,337,1,1
107,4,222,1,1
107,5,108,1,1
107,6,153,1,1
107,7,309,1,1
107,8,144,1,1
107,9,213,1,1
107,10,416,1,1
107,11,478,1,1
107,12,445,1,1
107,13,934,1,1
107,14,807,1,1
107,15,236,1,1
108,0,787,1,1
108,1,327,1,1
108,2,110,1,1
108,3,446,1,1
108,4,583,1,1
108,5,496,1,1
108,6,231,1,1
108,7,381,1,1
108,8,93,1,1
108,9,310,1,1
108,10,350,1,1
108,11,404,1,1
108,12,738,1,1
108,13,1004,1,1
108,14,1190,1,1
108,15,352,1,1
109,0,786,1,1
109,1,285,1,1
109,2,89,1,1
109,3,683,1,1
109,4,510,1,1
109,5,346,1,1
109,6,431,1,1
109,7,486,1,1
109,8,111,1,1
109,9,274,1,1
109,10,176,1,1
109,11,485,1,1
109,12,319,1,1
109,13,890,1,1
109,14,1471,1,1
109,15,0,1,1
110,0,946,1,1
110,1,325,1,1
110,2,100,1,1
110,3,177,1,1
110,4,570,1,1
110,5,287,1,1
110,6,375,1,1
110,7,392,1,1
110,8,41,1,1
110,9,471,1,1
110,10,505,1,1
110,11,418,1,1
110,12,743,1,1
110,13,1157,1,1
110,14,1635,1,1
110,15,25,1,1
111,0,847,1,1
111,1,289,1,1
111,2,95,1,1
111,3,279,1,1
111,4,139,1,1
111,5,269,1,1
111,6,149,1,1
111,7,141,1,1
111,8,134,1,1
111,9,254,1,1
111,10,152,1,1
111,11,182,1,1
111,12,416,1,1
111,13,697,1,1
111,14,390,1,1
111,15,215,1,1
112,0,1329,1,1
112,1,559,1,1
112,2,108,1,1
112,3,432,1,1
112,4,231,1,1
112,5,70,1,1
112,6,138,1,1
112,7,145,1,1
112,8,181,1,1
112,9,212,1,1
112,10,206,1,1
112,11,215,1,1
112,12,398,1,1
112,13,1165,1,1
112,14,502,1,1
112,15,88,1,1
113,0,538,1,1
113,1,283,1,1
113,2,18,1,1
113,3,453,1,1
113,4,285,1,1
113,5,102,1,1
113,6,461,1,1
113,7,367,1,1
113,8,131,1,1
113,9,149,1,1
113,10,415,1,1
113,11,460,1,1
113,12,797,1,1
113,13,1460,1,1
113,14,1025,1,1
113,15,294,1,1
114,0,517,1,1
114,1,303,1,1
114,2,21,1,1
114,3,237,1,1
114,4,215,1,1
114,5,494,1,1
114,6,191,1,1
114,7,318,1,1
114,8,153,1,1
114,9,240,1,1
114,10,355,1,1
114,11,376,1,1
114,12,572,1,1
114,13,1001,1,1
114,14,824,1,1
114,15,411,1,1
115,0,387,1,1
115,1,250,1,1
115,2,39,1,1
115,3,159,1,1
115,4,129,1,1
115,5,82,1,1
115,6,409,1,1
115,7,280,1,1
115,8,98,1,1
115,9,304,1,1
115,10,345,1,1
115,11,273,1,1
115,12,380,1,1
115,13,178,1,1
115,14,419,1,1
115,15,203,1,1
116,0,286,1,1
116,1,137,1,1
116,2,74,1,1
116,3,125,1,1
116,4,88,1,1
116,5,60,1,1
116,6,254,1,1
116,7,126,1,1
116,8,43,1,1
116,9,280,1,1
116,10,273,1,1
116,11,196,1,1
116,12,92,1,1
116,13,277,1,1
116,14,336,1,1
116,15,64,1,1
117,0,157,1,1
117,1,64,1,1
117,2,77,1,1
117,3,36,1,1
117,4,196,1,1
117,5,247,1,1
117,6,257,1,1
117,7,233,1,1
117,8,75,1,1
117,9,248,1,1
117,10,201,1,1
117,11,147,1,1
117,12,105,1,1
117,13,146,1,1
117,14,438,1,1
117,15,134,1,1
118,0,73,1,1
118,1,55,1,1
118,2,32,1,1
118,3,12,1,1
118,4,118,1,1
118,5,119,1,1
118,6,235,1,1
118,7,161,1,1
118,8,13,1,1
118,9,278,1,1
118,10,166,1,1
118,11,129,1,1
118,12,119,1,1
118,13,167,1,1
118,14,302,1,1
118,15,166,1,1
119,0,42,1,1
119,1,32,1,1
119,2,10,1,1
119,3,0,1,1
119,4,43,1,1
119,5,84,1,1
119,6,132,1,1
119,7,127,1,1
119,8,68,1,1
119,9,46,1,1
119,10,145,1,1
119,11,80,1,1
119,12,140,1,1
119,13,0,1,1
119,14,172,1,1
119,15,41,1,1
120,0,27,1,1
120,1,31,1,1
120,2,6,1,1
120,3,0,1,1
120,4,31,1,1
120,5,163,1,1
120,6,225,1,1
120,7,132,1,1
120,8,45,1,1
120,9,141,1,1
120,10,125,1,1
120,11,43,1,1
120,12,17,1,1
120,13,101,1,1
120,14,202,1,1
120,15,71,1,1
121,0,20,1,1
121,1,9,1,1
121,2,6,1,1
121,3,37,1,1
121,4,75,1,1
121,5,0,1,1
121,6,71,1,1
121,7,43,1,1
121,8,42,1,1
121,9,101,1,1
121,10,65,1,1
121,11,53,1,1
121,12,94,1,1
121,13,1,1,1
121,14,167,1,1
121,15,0,1,1
122,0,103,1,1
122,1,36,1,1
122,2,12,1,1
122,3,127,1,1
122,4,98,1,1
122,5,53,1,1
122,6,76,1,1
122,7,133,1,1
122,8,48,1,1
122,9,140,1,1
122,10,136,1,1
122,11,60,1,1
122,12,25,1,1
122,13,112,1,1
122,14,277,1,1
122,15,88,1,1
123,0,67,1,1
123,1,44,1,1
123,2,17,1,1
123,3,123,1,1
123,4,426,1,1
123,5,355,1,1
123,6,581,1,1
123,7,517,1,1
123,8,252,1,1
123,9,609,1,1
123,10,127,1,1
123,11,61,1,1
123,12,712,1,1
123,13,212,1,1
123,14,613,1,1
123,15,533,1,1
124,0,143,1,1
124,1,50,1,1
124,2,40,1,1
124,3,0,1,1
124,4,587,1,1
124,5,656,1,1
124,6,1142,1,1
124,7,527,1,1
124,8,278,1,1
124,9,900,1,1
124,10,177,1,1
124,11,97,1,1
124,12,363,1,1
124,13,480,1,1
124,14,1468,1,1
124,15,648,1,1
125,0,169,1,1
125,1,81,1,1
125,2,43,1,1
125,3,106,1,1
125,4,165,1,1
125,5,170,1,1
125,6,422,1,1
125,7,268,1,1
125,8,131,1,1
125,9,276,1,1
125,10,0,1,1
125,11,176,1,1
125,12,409,1,1
125,13,371,1,1
125,14,370,1,1
125,15,115,1,1
126,0,306,1,1
126,1,88,1,1
126,2,27,1,1
126,3,155,1,1
126,4,190,1,1
126,5,139,1,1
126,6,240,1,1
126,7,212,1,1
126,8,81,1,1
126,9,300,1,1
126,10,256,1,1
126,11,214,1,1
126,12,171,1,1
126,13,166,1,1
126,14,229,1,1
126,15,81,1,1
127,0,341,1,1
127,1,153,1,1
127,2,65,1,1
127,3,111,1,1
127,4,237,1,1
127,5,225,1,1
127,6,564,1,1
127,7,218,1,1
127,8,55,1,1
127,9,371,1,1
127,10,0,1,1
127,11,294,1,1
127,12,166,1,1
127,13,145,1,1
127,14,674,1,1
127,15,165,1,1
128,0,491,1,1
128,1,177,1,1
128,2,70,1,1
128,3,272,1,1
128,4,104,1,1
128,5,187,1,1
128,6,334,1,1
128,7,292,1,1
128,8,119,1,1
128,9,200,1,1
128,10,550,1,1
128,11,377,1,1
128,12,264,1,1
128,13,482,1,1
128,14,441,1,1
128,15,316,1,1
129,0,639,1,1
129,1,226,1,1
129,2,60,1,1
129,3,267,1,1
129,4,188,1,1
129,5,127,1,1
129,6,591,1,1
129,7,261,1,1
129,8,116,1,1
129,9,389,1,1
129,10,375,1,1
129,11,474,1,1
129,12,449,1,1
129,13,391,1,1
129,14,711,1,1
129,15,279,1,1
130,0,796,1,1
130,1,322,1,1
130,2,76,1,1
130,3,218,1,1
130,4,102,1,1
130,5,213,1,1
130,6,291,1,1
130,7,180,1,1
130,8,67,1,1
130,9,325,1,1
130,10,347,1,1
130,11,442,1,1
130,12,419,1,1
130,13,223,1,1
130,14,522,1,1
130,15,305,1,1
131,0,844,1,1
131,1,388,1,1
131,2,107,1,1
131,3,283,1,1
131,4,28,1,1
131,5,52,1,1
131,6,266,1,1
131,7,292,1,1
131,8,148,1,1
131,9,143,1,1
131,10,388,1,1
131,11,529,1,1
131,12,513,1,1
131,13,484,1,1
131,14,247,1,1
131,15,710,1,1
132,0,936,1,1
132,1,385,1,1
132,2,115,1,1
132,3,322,1,1
132,4,40,1,1
132,5,809,1,1
132,6,0,1,1
132,7,267,1,1
132,8,326,1,1
132,9,0,1,1
132,10,451,1,1
132,11,560,1,1
132,12,480,1,1
132,13,1055,1,1
132,14,274,1,1
132,15,1223,1,1
133,0,900,1,1
133,1,332,1,1
133,2,38,1,1
133,3,518,1,1
133,4,95,1,1
133,5,611,1,1
133,6,350,1,1
133,7,91,1,1
133,8,330,1,1
133,9,22,1,1
133,10,447,1,1
133,11,432,1,1
133,12,234,1,1
133,13,1582,1,1
133,14,592,1,1
133,15,767,1,1
134,0,989,1,1
134,1,325,1,1
134,2,51,1,1
134,3,216,1,1
134,4,357,1,1
134,5,1147,1,1
134,6,0,1,1
134,7,216,1,1
134,8,455,1,1
134,9,14,1,1
134,10,508,1,1
134,11,484,1,1
134,12,730,1,1
134,13,1154,1,1
134,14,199,1,1
134,15,1444,1,1
135,0,909,1,1
135,1,346,1,1
135,2,72,1,1
135,3,216,1,1
135,4,105,1,1
135,5,201,1,1
135,6,208,1,1
135,7,115,1,1
135,8,113,1,1
135,9,265,1,1
135,10,574,1,1
135,11,492,1,1
135,12,389,1,1
135,13,512,1,1
135,14,460,1,1
135,15,321,1,1
136,0,844,1,1
136,1,427,1,1
136,2,138,1,1
136,3,367,1,1
136,4,124,1,1
136,5,52,1,1
136,6,101,1,1
136,7,126,1,1
136,8,156,1,1
136,9,172,1,1
136,10,255,1,1
136,11,662,1,1
136,12,348,1,1
136,13,772,1,1
136,14,370,1,1
136,15,707,1,1
137,0,724,1,1
137,1,414,1,1
137,2,174,1,1
137,3,323,1,1
137,4,305,1,1
137,5,140,1,1
137,6,462,1,1
137,7,256,1,1
137,8,101,1,1
137,9,101,1,1
137,10,222,1,1
137,11,633,1,1
137,12,752,1,1
137,13,1109,1,1
137,14,724,1,1
137,15,1128,1,1
138,0,608,1,1
138,1,340,1,1
138,2,142,1,1
138,3,220,1,1
138,4,123,1,1
138,5,302,1,1
138,6,233,1,1
138,7,406,1,1
138,8,164,1,1
138,9,173,1,1
138,10,288,1,1
138,11,627,1,1
138,12,494,1,1
138,13,627,1,1
138,14,474,1,1
138,15,697,1,1
139,0,517,1,1
139,1,261,1,1
139,2,129,1,1
139,3,57,1,1
139,4,110,1,1
139,5,132,1,1
139,6,293,1,1
139,7,185,1,1
139,8,77,1,1
139,9,232,1,1
139,10,319,1,1
139,11,604,1,1
139,12,177,1,1
139,13,412,1,1
139,14,251,1,1
139,15,354,1,1
140,0,216,1,1
140,1,99,1,1
140,2,64,1,1
140,3,179,1,1
140,4,153,1,1
140,5,119,1,1
140,6,295,1,1
140,7,118,1,1
140,8,86,1,1
140,9,321,1,1
140,10,268,1,1
140,11,461,1,1
140,12,189,1,1
140,13,535,1,1
140,14,350,1,1
140,15,262,1,1
141,0,139,1,1
141,1,92,1,1
141,2,58,1,1
141,3,5,1,1
141,4,143,1,1
141,5,335,1,1
141,6,144,1,1
141,7,177,1,1
141,8,105,1,1
141,9,217,1,1
141,10,255,1,1
141,11,321,1,1
141,12,144,1,1
141,13,350,1,1
141,14,359,1,1
141,15,268,1,1
142,0,107,1,1
142,1,70,1,1
142,2,40,1,1
142,3,0,1,1
142,4,103,1,1
142,5,218,1,1
142,6,231,1,1
142,7,79,1,1
142,8,48,1,1
142,9,192,1,1
142,10,206,1,1
142,11,194,1,1
142,12,56,1,1
142,13,305,1,1
142,14,202,1,1
142,15,290,1,1
143,0,50,1,1
143,1,22,1,1
143,2,12,1,1
143,3,2,1,1
143,4,0,1,1
143,5,220,1,1
143,6,61,1,1
143,7,111,1,1
143,8,52,1,1
143,9,100,1,1
143,10,168,1,1
143,11,97,1,1
143,12,33,1,1
143,13,165,1,1
143,14,117,1,1
143,15,12,1,1
144,0,34,1,1
144,1,19,1,1
144,2,12,1,1
144,3,0,1,1
144,4,0,1,1
144,5,225,1,1
144,6,210,1,1
144,7,51,1,1
144,8,10,1,1
144,9,75,1,1
144,10,118,1,1
144,11,77,1,1
144,12,0,1,1
144,13,154,1,1
144,14,55,1,1
144,15,127,1,1
145,0,20,1,1
145,1,4,1,1
145,2,7,1,1
145,3,1,1,1
145,4,89,1,1
145,5,0,1,1
145,6,49,1,1
145,7,26,1,1
145,8,35,1,1
145,9,85,1,1
145,10,87,1,1
145,11,50,1,1
145,12,0,1,1
145,13,54,1,1
145,14,72,1,1
145,15,13,1,1
146,0,71,1,1
146,1,36,1,1
146,2,22,1,1
146,3,91,1,1
146,4,47,1,1
146,5,55,1,1
146,6,0,1,1
146,7,29,1,1
146,8,29,1,1
146,9,62,1,1
146,10,311,1,1
146,11,67,1,1
146,12,2,1,1
146,13,275,1,1
146,14,45,1,1
146,15,201,1,1
147,0,118,1,1
147,1,67,1,1
147,2,41,1,1
147,3,0,1,1
147,4,194,1,1
147,5,207,1,1
147,6,0,1,1
147,7,284,1,1
147,8,123,1,1
147,9,204,1,1
147,10,294,1,1
147,11,78,1,1
147,12,257,1,1
147,13,331,1,1
147,14,219,1,1
147,15,358,1,1
148,0,162,1,1
148,1,79,1,1
148,2,44,1,1
148,3,0,1,1
148,4,325,1,1
148,5,491,1,1
148,6,798,1,1
148,7,59,1,1
148,8,145,1,1
148,9,203,1,1
148,10,206,1,1
148,11,176,1,1
148,12,55,1,1
148,13,602,1,1
148,14,688,1,1
148,15,491,1,1
149,0,208,1,1
149,1,115,1,1
149,2,54,1,1
149,3,0,1,1
149,4,114,1,1
149,5,12,1,1
149,6,192,1,1
149,7,93,1,1
149,8,50,1,1
149,9,62,1,1
149,10,0,1,1
149,11,264,1,1
149,12,124,1,1
149,13,176,1,1
149,14,141,1,1
149,15,17,1,1
150,0,316,1,1
150,1,149,1,1
150,2,54,1,1
150,3,182,1,1
150,4,155,1,1
150,5,108,1,1
150,6,225,1,1
150,7,139,1,1
150,8,50,1,1
150,9,254,1,1
150,10,332,1,1
150,11,285,1,1
150,12,118,1,1
150,13,360,1,1
150,14,229,1,1
150,15,265,1,1
151,0,436,1,1
151,1,251,1,1
151,2,74,1,1
151,3,68,1,1
151,4,186,1,1
151,5,269,1,1
151,6,461,1,1
151,7,160,1,1
151,8,65,1,1
151,9,294,1,1
151,10,380,1,1
151,11,313,1,1
151,12,171,1,1
151,13,628,1,1
151,14,408,1,1
151,15,553,1,1
152,0,517,1,1
152,1,298,1,1
152,2,69,1,1
152,3,281,1,1
152,4,152,1,1
152,5,279,1,1
152,6,261,1,1
152,7,239,1,1
152,8,173,1,1
152,9,240,1,1
152,10,307,1,1
152,11,458,1,1
152,12,266,1,1
152,13,591,1,1
152,14,440,1,1
152,15,371,1,1
153,0,629,1,1
153,1,325,1,1
153,2,107,1,1
153,3,337,1,1
153,4,220,1,1
153,5,287,1,1
153,6,610,1,1
153,7,274,1,1
153,8,178,1,1
153,9,436,1,1
153,10,443,1,1
153,11,508,1,1
153,12,484,1,1
153,13,655,1,1
153,14,708,1,1
153,15,642,1,1
154,0,750,1,1
154,1,387,1,1
154,2,99,1,1
154,3,228,1,1
154,4,111,1,1
154,5,211,1,1
154,6,234,1,1
154,7,164,1,1
154,8,132,1,1
154,9,295,1,1
154,10,333,1,1
154,11,496,1,1
154,12,423,1,1
154,13,598,1,1
154,14,558,1,1
154,15,457,1,1
155,0,807,1,1
155,1,385,1,1
155,2,89,1,1
155,3,343,1,1
155,4,35,1,1
155,5,69,1,1
155,6,460,1,1
155,7,297,1,1
155,8,143,1,1
155,9,226,1,1
155,10,265,1,1
155,11,545,1,1
155,12,824,1,1
155,13,511,1,1
155,14,580,1,1
155,15,577,1,1
156,0,783,1,1
156,1,368,1,1
156,2,66,1,1
156,3,446,1,1
156,4,176,1,1
156,5,340,1,1
156,6,198,1,1
156,7,455,1,1
156,8,411,1,1
156,9,116,1,1
156,10,326,1,1
156,11,435,1,1
156,12,741,1,1
156,13,261,1,1
156,14,661,1,1
156,15,657,1,1
157,0,940,1,1
157,1,388,1,1
157,2,76,1,1
157,3,603,1,1
157,4,472,1,1
157,5,310,1,1
157,6,497,1,1
157,7,234,1,1
157,8,324,1,1
157,9,151,1,1
157,10,265,1,1
157,11,0,1,1
157,12,885,1,1
157,13,693,1,1
157,14,755,1,1
157,15,955,1,1
158,0,928,1,1
158,1,320,1,1
158,2,35,1,1
158,3,46,1,1
158,4,504,1,1
158,5,78,1,1
158,6,0,1,1
158,7,270,1,1
158,8,168,1,1
158,9,245,1,1
158,10,12,1,1
158,11,10,1,1
158,12,649,1,1
158,13,268,1,1
158,14,539,1,1
158,15,400,1,1
159,0,763,1,1
159,1,321,1,1
159,2,81,1,1
159,3,265,1,1
159,4,175,1,1
159,5,325,1,1
159,6,233,1,1
159,7,199,1,1
159,8,133,1,1
159,9,275,1,1
159,10,349,1,1
159,11,422,1,1
159,12,496,1,1
159,13,581,1,1
159,14,505,1,1
159,15,472,1,1
160,0,767,1,1
160,1,405,1,1
160,2,130,1,1
160,3,412,1,1
160,4,210,1,1
160,5,21,1,1
160,6,203,1,1
160,7,171,1,1
160,8,162,1,1
160,9,114,1,1
160,10,372,1,1
160,11,789,1,1
160,12,513,1,1
160,13,639,1,1
160,14,411,1,1
160,15,699,1,1
161,0,751,1,1
161,1,468,1,1
161,2,138,1,1
161,3,461,1,1
161,4,375,1,1
161,5,96,1,1
161,6,788,1,1
161,7,453,1,1
161,8,217,1,1
161,9,198,1,1
161,10,292,1,1
161,11,711,1,1
161,12,1152,1,1
161,13,1011,1,1
161,14,899,1,1
161,15,867,1,1
162,0,678,1,1
162,1,391,1,1
162,2,151,1,1
162,3,273,1,1
162,4,153,1,1
162,5,265,1,1
162,6,243,1,1
162,7,309,1,1
162,8,190,1,1
162,9,225,1,1
162,10,327,1,1
162,11,665,1,1
162,12,509,1,1
162,13,591,1,1
162,14,756,1,1
162,15,768,1,1
163,0,605,1,1
163,1,290,1,1
163,2,149,1,1
163,3,176,1,1
163,4,127,1,1
163,5,237,1,1
163,6,197,1,1
163,7,295,1,1
163,8,149,1,1
163,9,194,1,1
163,10,309,1,1
163,11,597,1,1
163,12,363,1,1
163,13,209,1,1
163,14,227,1,1
163,15,154,1,1
164,0,415,1,1
164,1,196,1,1
164,2,114,1,1
164,3,207,1,1
164,4,182,1,1
164,5,322,1,1
164,6,264,1,1
164,7,167,1,1
164,8,149,1,1
164,9,333,1,1
164,10,315,1,1
164,11,453,1,1
164,12,285,1,1
164,13,486,1,1
164,14,272,1,1
164,15,172,1,1
165,0,156,1,1
165,1,83,1,1
165,2,54,1,1
165,3,149,1,1
165,4,83,1,1
165,5,310,1,1
165,6,198,1,1
165,7,179,1,1
165,8,157,1,1
165,9,231,1,1
165,10,253,1,1
165,11,290,1,1
165,12,240,1,1
165,13,146,1,1
165,14,365,1,1
165,15,275,1,1
166,0,99,1,1
166,1,59,1,1
166,2,27,1,1
166,3,88,1,1
166,4,66,1,1
166,5,253,1,1
166,6,214,1,1
166,7,88,1,1
166,8,118,1,1
166,9,139,1,1
166,10,206,1,1
166,11,232,1,1
166,12,171,1,1
166,13,178,1,1
166,14,250,1,1
166,15,227,1,1
167,0,68,1,1
167,1,46,1,1
167,2,11,1,1
167,3,103,1,1
167,4,29,1,1
167,5,234,1,1
167,6,210,1,1
167,7,121,1,1
167,8,112,1,1
167,9,22,1,1
167,10,163,1,1
167,11,93,1,1
167,12,200,1,1
167,13,0,1,1
167,14,192,1,1
167,15,80,1,1
168,0,55,1,1
168,1,22,1,1
168,2,9,1,1
168,3,13,1,1
168,4,24,1,1
168,5,162,1,1
168,6,178,1,1
168,7,135,1,1
168,8,73,1,1
168,9,55,1,1
168,10,138,1,1
168,11,95,1,1
168,12,78,1,1
168,13,0,1,1
168,14,51,1,1
168,15,77,1,1
169,0,29,1,1
169,1,18,1,1
169,2,7,1,1
169,3,63,1,1
169,4,38,1,1
169,5,76,1,1
169,6,108,1,1
169,7,40,1,1
169,8,72,1,1
169,9,42,1,1
169,10,93,1,1
169,11,55,1,1
169,12,44,1,1
169,13,0,1,1
169,14,5,1,1
169,15,46,1,1
170,0,85,1,1
170,1,47,1,1
170,2,26,1,1
170,3,134,1,1
170,4,63,1,1
170,5,172,1,1
170,6,82,1,1
170,7,53,1,1
170,8,93,1,1
170,9,24,1,1
170,10,195,1,1
170,11,62,1,1
170,12,13,1,1
170,13,115,1,1
170,14,31,1,1
170,15,159,1,1
171,0,68,1,1
171,1,68,1,1
171,2,8,1,1
171,3,330,1,1
171,4,100,1,1
171,5,523,1,1
171,6,360,1,1
171,7,127,1,1
171,8,246,1,1
171,9,90,1,1
171,10,313,1,1
171,11,93,1,1
171,12,640,1,1
171,13,15,1,1
171,14,21,1,1
171,15,599,1,1
172,0,110,1,1
172,1,74,1,1
172,2,52,1,1
172,3,252,1,1
172,4,203,1,1
172,5,765,1,1
172,6,176,1,1
172,7,0,1,1
172,8,218,1,1
172,9,285,1,1
172,10,349,1,1
172,11,109,1,1
172,12,0,1,1
172,13,26,1,1
172,14,435,1,1
172,15,560,1,1
173,0,130,1,1
173,1,102,1,1
173,2,71,1,1
173,3,57,1,1
173,4,44,1,1
173,5,101,1,1
173,6,113,1,1
173,7,138,1,1
173,8,91,1,1
173,9,93,1,1
173,10,0,1,1
173,11,212,1,1
173,12,77,1,1
173,13,99,1,1
173,14,122,1,1
173,15,10,1,1
174,0,176,1,1
174,1,135,1,1
174,2,111,1,1
174,3,207,1,1
174,4,141,1,1
174,5,330,1,1
174,6,288,1,1
174,7,207,1,1
174,8,105,1,1
174,9,211,1,1
174,10,484,1,1
174,11,249,1,1
174,12,257,1,1
174,13,209,1,1
174,14,202,1,1
174,15,218,1,1
175,0,281,1,1
175,1,166,1,1
175,2,105,1,1
175,3,345,1,1
175,4,182,1,1
175,5,425,1,1
175,6,454,1,1
175,7,128,1,1
175,8,177,1,1
175,9,201,1,1
175,10,533,1,1
175,11,328,1,1
175,12,349,1,1
175,13,305,1,1
175,14,442,1,1
175,15,219,1,1
176,0,517,1,1
176,1,267,1,1
176,2,111,1,1
176,3,259,1,1
176,4,176,1,1
176,5,379,1,1
176,6,221,1,1
176,7,290,1,1
176,8,213,1,1
176,9,242,1,1
176,10,364,1,1
176,11,405,1,1
176,12,303,1,1
176,13,533,1,1
176,14,463,1,1
176,15,336,1,1
177,0,530,1,1
177,1,330,1,1
177,2,134,1,1
177,3,409,1,1
177,4,316,1,1
177,5,427,1,1
177,6,522,1,1
177,7,294,1,1
177,8,292,1,1
177,9,384,1,1
177,10,429,1,1
177,11,515,1,1
177,12,610,1,1
177,13,489,1,1
177,14,677,1,1
177,15,407,1,1
178,0,574,1,1
178,1,323,1,1
178,2,184,1,1
178,3,269,1,1
178,4,169,1,1
178,5,372,1,1
178,6,276,1,1
178,7,121,1,1
178,8,183,1,1
178,9,314,1,1
178,10,538,1,1
178,11,527,1,1
178,12,547,1,1
178,13,466,1,1
178,14,529,1,1
178,15,399,1,1
179,0,616,1,1
179,1,325,1,1
179,2,219,1,1
179,3,180,1,1
179,4,196,1,1
179,5,216,1,1
179,6,373,1,1
179,7,359,1,1
179,8,65,1,1
179,9,297,1,1
179,10,504,1,1
179,11,515,1,1
179,12,668,1,1
179,13,665,1,1
179,14,636,1,1
179,15,751,1,1
180,0,674,1,1
180,1,310,1,1
180,2,87,1,1
180,3,73,1,1
180,4,324,1,1
180,5,49,1,1
180,6,177,1,1
180,7,323,1,1
180,8,0,1,1
180,9,344,1,1
180,10,473,1,1
180,11,414,1,1
180,12,323,1,1
180,13,421,1,1
180,14,645,1,1
180,15,823,1,1
181,0,813,1,1
181,1,285,1,1
181,2,37,1,1
181,3,262,1,1
181,4,299,1,1
181,5,92,1,1
181,6,264,1,1
181,7,174,1,1
181,8,0,1,1
181,9,174,1,1
181,10,337,1,1
181,11,404,1,1
181,12,382,1,1
181,13,1062,1,1
181,14,1190,1,1
181,15,893,1,1
182,0,833,1,1
182,1,236,1,1
182,2,12,1,1
182,3,0,1,1
182,4,387,1,1
182,5,144,1,1
182,6,171,1,1
182,7,46,1,1
182,8,0,1,1
182,9,385,1,1
182,10,324,1,1
182,11,397,1,1
182,12,0,1,1
182,13,566,1,1
182,14,274,1,1
182,15,637,1,1
183,0,726,1,1
183,1,283,1,1
183,2,89,1,1
183,3,248,1,1
183,4,165,1,1
183,5,321,1,1
183,6,226,1,1
183,7,143,1,1
183,8,131,1,1
183,9,247,1,1
183,10,457,1,1
183,11,367,1,1
183,12,457,1,1
183,13,638,1,1
183,14,497,1,1
183,15,317,1,1
184,0,767,1,1
184,1,438,1,1
184,2,131,1,1
184,3,236,1,1
184,4,262,1,1
184,5,199,1,1
184,6,153,1,1
184,7,71,1,1
184,8,62,1,1
184,9,138,1,1
184,10,301,1,1
184,11,746,1,1
184,12,431,1,1
184,13,799,1,1
184,14,521,1,1
184,15,597,1,1
185,0,737,1,1
185,1,412,1,1
185,2,184,1,1
185,3,145,1,1
185,4,333,1,1
185,5,156,1,1
185,6,547,1,1
185,7,365,1,1
185,8,64,1,1
185,9,158,1,1
185,10,328,1,1
185,11,748,1,1
185,12,989,1,1
185,13,1087,1,1
185,14,1100,1,1
185,15,809,1,1
186,0,673,1,1
186,1,385,1,1
186,2,152,1,1
186,3,165,1,1
186,4,242,1,1
186,5,324,1,1
186,6,261,1,1
186,7,263,1,1
186,8,109,1,1
186,9,225,1,1
186,10,296,1,1
186,11,603,1,1
186,12,453,1,1
186,13,783,1,1
186,14,723,1,1
186,15,694,1,1
187,0,518,1,1
187,1,250,1,1
187,2,162,1,1
187,3,88,1,1
187,4,153,1,1
187,5,302,1,1
187,6,218,1,1
187,7,281,1,1
187,8,131,1,1
187,9,140,1,1
187,10,312,1,1
187,11,612,1,1
187,12,360,1,1
187,13,313,1,1
187,14,574,1,1
187,15,449,1,1
188,0,354,1,1
188,1,115,1,1
188,2,97,1,1
188,3,95,1,1
188,4,85,1,1
188,5,195,1,1
188,6,77,1,1
188,7,162,1,1
188,8,67,1,1
188,9,219,1,1
188,10,254,1,1
188,11,476,1,1
188,12,102,1,1
188,13,374,1,1
188,14,561,1,1
188,15,220,1,1
189,0,133,1,1
189,1,69,1,1
189,2,31,1,1
189,3,45,1,1
189,4,121,1,1
189,5,173,1,1
189,6,172,1,1
189,7,190,1,1
189,8,132,1,1
189,9,159,1,1
189,10,249,1,1
189,11,316,1,1
189,12,98,1,1
189,13,248,1,1
189,14,565,1,1
189,15,282,1,1
190,0,83,1,1
190,1,31,1,1
190,2,17,1,1
190,3,28,1,1
190,4,69,1,1
190,5,179,1,1
190,6,35,1,1
190,7,89,1,1
190,8,47,1,1
190,9,128,1,1
190,10,195,1,1
190,11,221,1,1
190,12,76,1,1
190,13,162,1,1
190,14,426,1,1
190,15,136,1,1
191,0,45,1,1
191,1,25,1,1
191,2,3,1,1
191,3,40,1,1
191,4,30,1,1
191,5,69,1,1
191,6,89,1,1
191,7,139,1,1
191,8,80,1,1
191,9,81,1,1
191,10,155,1,1
191,11,94,1,1
191,12,164,1,1
191,13,40,1,1
191,14,312,1,1
191,15,192,1,1
192,0,33,1,1
192,1,23,1,1
192,2,8,1,1
192,3,0,1,1
192,4,34,1,1
192,5,65,1,1
192,6,140,1,1
192,7,116,1,1
192,8,77,1,1
192,9,0,1,1
192,10,121,1,1
192,11,95,1,1
192,12,72,1,1
192,13,226,1,1
192,14,275,1,1
192,15,179,1,1
193,0,29,1,1
193,1,9,1,1
193,2,7,1,1
193,3,17,1,1
193,4,40,1,1
193,5,6,1,1
193,6,37,1,1
193,7,20,1,1
193,8,60,1,1
193,9,39,1,1
193,10,118,1,1
193,11,66,1,1
193,12,134,1,1
193,13,36,1,1
193,14,258,1,1
193,15,0,1,1
194,0,186,1,1
194,1,82,1,1
194,2,43,1,1
194,3,65,1,1
194,4,94,1,1
194,5,63,1,1
194,6,102,1,1
194,7,113,1,1
194,8,74,1,1
194,9,39,1,1
194,10,464,1,1
194,11,165,1,1
194,12,138,1,1
194,13,198,1,1
194,14,417,1,1
194,15,195,1,1
195,0,321,1,1
195,1,277,1,1
195,2,54,1,1
195,3,322,1,1
195,4,304,1,1
195,5,428,1,1
195,6,382,1,1
195,7,375,1,1
195,8,230,1,1
195,9,327,1,1
195,10,530,1,1
195,11,371,1,1
195,12,759,1,1
195,13,419,1,1
195,14,932,1,1
195,15,944,1,1
196,0,582,1,1
196,1,458,1,1
196,2,166,1,1
196,3,297,1,1
196,4,310,1,1
196,5,667,1,1
196,6,904,1,1
196,7,283,1,1
196,8,418,1,1
196,9,368,1,1
196,10,667,1,1
196,11,637,1,1
196,12,733,1,1
196,13,854,1,1
196,14,1825,1,1
196,15,607,1,1
197,0,420,1,1
197,1,280,1,1
197,2,112,1,1
197,3,150,1,1
197,4,128,1,1
197,5,226,1,1
197,6,315,1,1
197,7,252,1,1
197,8,129,1,1
197,9,133,1,1
197,10,0,1,1
197,11,505,1,1
197,12,561,1,1
197,13,330,1,1
197,14,435,1,1
197,15,196,1,1
198,0,472,1,1
198,1,280,1,1
198,2,67,1,1
198,3,157,1,1
198,4,119,1,1
198,5,250,1,1
198,6,208,1,1
198,7,190,1,1
198,8,47,1,1
198,9,211,1,1
198,10,391,1,1
198,11,424,1,1
198,12,199,1,1
198,13,225,1,1
198,14,523,1,1
198,15,57,1,1
199,0,582,1,1
199,1,263,1,1
199,2,85,1,1
199,3,193,1,1
199,4,117,1,1
199,5,402,1,1
199,6,279,1,1
199,7,228,1,1
199,8,32,1,1
199,9,193,1,1
199,10,363,1,1
199,11,420,1,1
199,12,180,1,1
199,13,134,1,1
199,14,918,1,1
199,15,303,1,1
200,0,694,1,1
200,1,382,1,1
200,2,79,1,1
200,3,191,1,1
200,4,201,1,1
200,5,351,1,1
200,6,148,1,1
200,7,271,1,1
200,8,156,1,1
200,9,207,1,1
200,10,233,1,1
200,11,530,1,1
200,12,265,1,1
200,13,576,1,1
200,14,554,1,1
200,15,334,1,1
201,0,618,1,1
201,1,354,1,1
201,2,116,1,1
201,3,290,1,1
201,4,180,1,1
201,5,380,1,1
201,6,239,1,1
201,7,228,1,1
201,8,154,1,1
201,9,211,1,1
201,10,464,1,1
201,11,535,1,1
201,12,345,1,1
201,13,433,1,1
201,14,702,1,1
201,15,339,1,1
202,0,676,1,1
202,1,377,1,1
202,2,127,1,1
202,3,254,1,1
202,4,121,1,1
202,5,371,1,1
202,6,127,1,1
202,7,149,1,1
202,8,52,1,1
202,9,210,1,1
202,10,406,1,1
202,11,484,1,1
202,12,349,1,1
202,13,222,1,1
202,14,705,1,1
202,15,430,1,1
203,0,810,1,1
203,1,469,1,1
203,2,118,1,1
203,3,212,1,1
203,4,303,1,1
203,5,205,1,1
203,6,210,1,1
203,7,204,1,1
203,8,50,1,1
203,9,271,1,1
203,10,412,1,1
203,11,490,1,1
203,12,304,1,1
203,13,239,1,1
203,14,119,1,1
203,15,553,1,1
204,0,940,1,1
204,1,542,1,1
204,2,99,1,1
204,3,279,1,1
204,4,504,1,1
204,5,299,1,1
204,6,237,1,1
204,7,402,1,1
204,8,124,1,1
204,9,360,1,1
204,10,529,1,1
204,11,496,1,1
204,12,280,1,1
204,13,316,1,1
204,14,0,1,1
204,15,843,1,1
205,0,1123,1,1
205,1,466,1,1
205,2,48,1,1
205,3,444,1,1
205,4,242,1,1
205,5,441,1,1
205,6,363,1,1
205,7,134,1,1
205,8,155,1,1
205,9,495,1,1
205,10,584,1,1
205,11,442,1,1
205,12,128,1,1
205,13,969,1,1
205,14,37,1,1
205,15,229,1,1
206,0,1893,1,1
206,1,771,1,1
206,2,159,1,1
206,3,275,1,1
206,4,367,1,1
206,5,315,1,1
206,6,636,1,1
206,7,41,1,1
206,8,171,1,1
206,9,695,1,1
206,10,492,1,1
206,11,424,1,1
206,12,957,1,1
206,13,1394,1,1
206,14,0,1,1
206,15,1164,1,1
207,0,559,1,1
207,1,272,1,1
207,2,80,1,1
207,3,239,1,1
207,4,159,1,1
207,5,290,1,1
207,6,181,1,1
207,7,116,1,1
207,8,100,1,1
207,9,371,1,1
207,10,416,1,1
207,11,399,1,1
207,12,312,1,1
207,13,416,1,1
207,14,427,1,1
207,15,326,1,1
208,0,618,1,1
208,1,358,1,1
208,2,136,1,1
208,3,316,1,1
208,4,222,1,1
208,5,349,1,1
208,6,216,1,1
208,7,56,1,1
208,8,85,1,1
208,9,471,1,1
208,10,259,1,1
208,11,692,1,1
208,12,69,1,1
208,13,634,1,1
208,14,177,1,1
208,15,745,1,1
209,0,511,1,1
209,1,348,1,1
209,2,153,1,1
209,3,387,1,1
209,4,280,1,1
209,5,405,1,1
209,6,296,1,1
209,7,277,1,1
209,8,59,1,1
209,9,207,1,1
209,10,266,1,1
209,11,554,1,1
209,12,533,1,1
209,13,840,1,1
209,14,190,1,1
209,15,1102,1,1
210,0,499,1,1
210,1,309,1,1
210,2,144,1,1
210,3,185,1,1
210,4,275,1,1
210,5,489,1,1
210,6,232,1,1
210,7,206,1,1
210,8,135,1,1
210,9,447,1,1
210,10,267,1,1
210,11,609,1,1
210,12,424,1,1
210,13,493,1,1
210,14,415,1,1
210,15,566,1,1
211,0,376,1,1
211,1,207,1,1
211,2,123,1,1
211,3,47,1,1
211,4,164,1,1
211,5,348,1,1
211,6,121,1,1
211,7,200,1,1
211,8,67,1,1
211,9,191,1,1
211,10,285,1,1
211,11,602,1,1
211,12,525,1,1
211,13,0,1,1
211,14,291,1,1
211,15,157,1,1
212,0,251,1,1
212,1,80,1,1
212,2,72,1,1
212,3,55,1,1
212,4,153,1,1
212,5,173,1,1
212,6,38,1,1
212,7,146,1,1
212,8,24,1,1
212,9,194,1,1
212,10,241,1,1
212,11,358,1,1
212,12,69,1,1
212,13,105,1,1
212,14,206,1,1
212,15,0,1,1
213,0,92,1,1
213,1,66,1,1
213,2,32,1,1
213,3,11,1,1
213,4,188,1,1
213,5,123,1,1
213,6,91,1,1
213,7,210,1,1
213,8,104,1,1
213,9,108,1,1
213,10,218,1,1
213,11,196,1,1
213,12,120,1,1
213,13,0,1,1
213,14,513,1,1
213,15,69,1,1
214,0,57,1,1
214,1,37,1,1
214,2,7,1,1
214,3,0,1,1
214,4,145,1,1
214,5,231,1,1
214,6,1,1,1
214,7,107,1,1
214,8,6,1,1
214,9,145,1,1
214,10,155,1,1
214,11,99,1,1
214,12,114,1,1
214,13,0,1,1
214,14,289,1,1
214,15,188,1,1
215,0,32,1,1
215,1,21,1,1
215,2,10,1,1
215,3,22,1,1
215,4,64,1,1
215,5,124,1,1
215,6,0,1,1
215,7,126,1,1
215,8,40,1,1
215,9,75,1,1
215,10,143,1,1
215,11,59,1,1
215,12,270,1,1
215,13,0,1,1
215,14,240,1,1
215,15,83,1,1
216,0,22,1,1
216,1,16,1,1
216,2,13,1,1
216,3,0,1,1
216,4,55,1,1
216,5,43,1,1
216,6,102,1,1
216,7,142,1,1
216,8,17,1,1
216,9,11,1,1
216,10,123,1,1
216,11,53,1,1
216,12,39,1,1
216,13,0,1,1
216,14,280,1,1
216,15,109,1,1
217,0,22,1,1
217,1,16,1,1
217,2,7,1,1
217,3,0,1,1
217,4,72,1,1
217,5,2,1,1
217,6,0,1,1
217,7,62,1,1
217,8,15,1,1
217,9,117,1,1
217,10,90,1,1
217,11,43,1,1
217,12,160,1,1
217,13,0,1,1
217,14,188,1,1
217,15,0,1,1
218,0,142,1,1
218,1,72,1,1
218,2,42,1,1
218,3,20,1,1
218,4,112,1,1
218,5,59,1,1
218,6,15,1,1
218,7,161,1,1
218,8,3,1,1
218,9,42,1,1
218,10,479,1,1
218,11,146,1,1
218,12,0,1,1
218,13,0,1,1
218,14,300,1,1
218,15,75,1,1
219,0,218,1,1
219,1,256,1,1
219,2,56,1,1
219,3,207,1,1
219,4,347,1,1
219,5,436,1,1
219,6,0,1,1
219,7,539,1,1
219,8,167,1,1
219,9,352,1,1
219,10,570,1,1
219,11,384,1,1
219,12,980,1,1
219,13,0,1,1
219,14,752,1,1
219,15,819,1,1
220,0,474,1,1
220,1,551,1,1
220,2,196,1,1
220,3,108,1,1
220,4,479,1,1
220,5,629,1,1
220,6,761,1,1
220,7,614,1,1
220,8,296,1,1
220,9,416,1,1
220,10,490,1,1
220,11,642,1,1
220,12,176,1,1
220,13,0,1,1
220,14,1587,1,1
220,15,918,1,1
221,0,300,1,1
221,1,318,1,1
221,2,152,1,1
221,3,118,1,1
221,4,132,1,1
221,5,233,1,1
221,6,240,1,1
221,7,245,1,1
221,8,106,1,1
221,9,207,1,1
221,10,0,1,1
221,11,490,1,1
221,12,450,1,1
221,13,391,1,1
221,14,387,1,1
221,15,0,1,1
222,0,372,1,1
222,1,270,1,1
222,2,188,1,1
222,3,125,1,1
222,4,141,1,1
222,5,203,1,1
222,6,127,1,1
222,7,133,1,1
222,8,32,1,1
222,9,198,1,1
222,10,560,1,1
222,11,443,1,1
222,12,187,1,1
222,13,0,1,1
222,14,143,1,1
222,15,100,1,1
223,0,496,1,1
223,1,274,1,1
223,2,132,1,1
223,3,70,1,1
223,4,154,1,1
223,5,359,1,1
223,6,170,1,1
223,7,284,1,1
223,8,3,1,1
223,9,197,1,1
223,10,418,1,1
223,11,457,1,1
223,12,155,1,1
223,13,0,1,1
223,14,783,1,1
223,15,21,1,1
224,0,531,1,1
224,1,338,1,1
224,2,98,1,1
224,3,147,1,1
224,4,256,1,1
224,5,359,1,1
224,6,112,1,1
224,7,196,1,1
224,8,122,1,1
224,9,144,1,1
224,10,360,1,1
224,11,518,1,1
224,12,233,1,1
224,13,351,1,1
224,14,496,1,1
224,15,219,1,1
225,0,537,1,1
225,1,420,1,1
225,2,94,1,1
225,3,262,1,1
225,4,213,1,1
225,5,341,1,1
225,6,180,1,1
225,7,266,1,1
225,8,122,1,1
225,9,208,1,1
225,10,414,1,1
225,11,505,1,1
225,12,487,1,1
225,13,149,1,1
225,14,680,1,1
225,15,94,1,1
226,0,595,1,1
226,1,394,1,1
226,2,90,1,1
226,3,186,1,1
226,4,191,1,1
226,5,332,1,1
226,6,71,1,1
226,7,128,1,1
226,8,77,1,1
226,9,236,1,1
226,10,355,1,1
226,11,538,1,1
226,12,517,1,1
226,13,62,1,1
226,14,453,1,1
226,15,286,1,1
227,0,1195,1,1
227,1,761,1,1
227,2,185,1,1
227,3,284,1,1
227,4,278,1,1
227,5,249,1,1
227,6,214,1,1
227,7,47,1,1
227,8,142,1,1
227,9,190,1,1
227,10,428,1,1
227,11,406,1,1
227,12,476,1,1
227,13,539,1,1
227,14,243,1,1
227,15,910,1,1
228,0,1003,1,1
228,1,492,1,1
228,2,70,1,1
228,3,415,1,1
228,4,307,1,1
228,5,554,1,1
228,6,409,1,1
228,7,398,1,1
228,8,416,1,1
228,9,392,1,1
228,10,435,1,1
228,11,425,1,1
228,12,169,1,1
228,13,1777,1,1
228,14,292,1,1
228,15,1267,1,1
229,0,1211,1,1
229,1,400,1,1
229,2,43,1,1
229,3,561,1,1
229,4,193,1,1
229,5,674,1,1
229,6,532,1,1
229,7,48,1,1
229,8,549,1,1
229,9,534,1,1
229,10,397,1,1
229,11,410,1,1
229,12,36,1,1
229,13,1986,1,1
229,14,1007,1,1
229,15,465,1,1
230,0,2168,1,1
230,1,692,1,1
230,2,47,1,1
230,3,274,1,1
230,4,308,1,1
230,5,249,1,1
230,6,759,1,1
230,7,0,1,1
230,8,484,1,1
230,9,597,1,1
230,10,560,1,1
230,11,460,1,1
230,12,545,1,1
230,13,1947,1,1
230,14,211,1,1
230,15,1420,1,1
231,0,643,1,1
231,1,292,1,1
231,2,91,1,1
231,3,220,1,1
231,4,171,1,1
231,5,344,1,1
231,6,163,1,1
231,7,103,1,1
231,8,110,1,1
231,9,324,1,1
231,10,509,1,1
231,11,392,1,1
231,12,388,1,1
231,13,509,1,1
231,14,417,1,1
231,15,187,1,1
232,0,713,1,1
232,1,433,1,1
232,2,127,1,1
232,3,390,1,1
232,4,188,1,1
232,5,327,1,1
232,6,312,1,1
232,7,60,1,1
232,8,274,1,1
232,9,334,1,1
232,10,287,1,1
232,11,705,1,1
232,12,236,1,1
232,13,1115,1,1
232,14,418,1,1
232,15,664,1,1
233,0,560,1,1
233,1,407,1,1
233,2,161,1,1
233,3,450,1,1
233,4,198,1,1
233,5,543,1,1
233,6,458,1,1
233,7,195,1,1
233,8,243,1,1
233,9,238,1,1
233,10,369,1,1
233,11,674,1,1
233,12,897,1,1
233,13,1527,1,1
233,14,823,1,1
233,15,1403,1,1
234,0,555,1,1
234,1,327,1,1
234,2,145,1,1
234,3,197,1,1
234,4,212,1,1
234,5,560,1,1
234,6,238,1,1
234,7,185,1,1
234,8,204,1,1
234,9,461,1,1
234,10,320,1,1
234,11,693,1,1
234,12,412,1,1
234,13,767,1,1
234,14,410,1,1
234,15,720,1,1
235,0,467,1,1
235,1,251,1,1
235,2,159,1,1
235,3,179,1,1
235,4,129,1,1
235,5,167,1,1
235,6,329,1,1
235,7,186,1,1
235,8,97,1,1
235,9,283,1,1
235,10,273,1,1
235,11,602,1,1
235,12,251,1,1
235,13,625,1,1
235,14,337,1,1
235,15,527,1,1
236,0,234,1,1
236,1,84,1,1
236,2,69,1,1
236,3,135,1,1
236,4,85,1,1
236,5,125,1,1
236,6,188,1,1
236,7,99,1,1
236,8,56,1,1
236,9,239,1,1
236,10,219,1,1
236,11,411,1,1
236,12,194,1,1
236,13,578,1,1
236,14,290,1,1
236,15,294,1,1
237,0,90,1,1
237,1,73,1,1
237,2,31,1,1
237,3,105,1,1
237,4,161,1,1
237,5,171,1,1
237,6,203,1,1
237,7,176,1,1
237,8,77,1,1
237,9,159,1,1
237,10,246,1,1
237,11,237,1,1
237,12,136,1,1
237,13,381,1,1
237,14,231,1,1
237,15,404,1,1
238,0,52,1,1
238,1,42,1,1
238,2,15,1,1
238,3,67,1,1
238,4,112,1,1
238,5,100,1,1
238,6,164,1,1
238,7,84,1,1
238,8,15,1,1
238,9,223,1,1
238,10,192,1,1
238,11,187,1,1
238,12,139,1,1
238,13,379,1,1
238,14,16,1,1
238,15,371,1,1
239,0,18,1,1
239,1,11,1,1
239,2,10,1,1
239,3,48,1,1
239,4,54,1,1
239,5,114,1,1
239,6,127,1,1
239,7,61,1,1
239,8,41,1,1
239,9,76,1,1
239,10,166,1,1
239,11,65,1,1
239,12,129,1,1
239,13,180,1,1
239,14,7,1,1
239,15,189,1,1
240,0,26,1,1
240,1,12,1,1
240,2,9,1,1
240,3,0,1,1
240,4,46,1,1
240,5,126,1,1
240,6,191,1,1
240,7,70,1,1
240,8,18,1,1
240,9,112,1,1
240,10,140,1,1
240,11,87,1,1
240,12,98,1,1
240,13,188,1,1
240,14,0,1,1
240,15,237,1,1
241,0,35,1,1
241,1,15,1,1
241,2,8,1,1
241,3,49,1,1
241,4,71,1,1
241,5,0,1,1
241,6,35,1,1
241,7,28,1,1
241,8,22,1,1
241,9,95,1,1
241,10,64,1,1
241,11,42,1,1
241,12,37,1,1
241,13,32,1,1
241,14,80,1,1
241,15,146,1,1
242,0,140,1,1
242,1,81,1,1
242,2,29,1,1
242,3,113,1,1
242,4,102,1,1
242,5,45,1,1
242,6,92,1,1
242,7,98,1,1
242,8,19,1,1
242,9,128,1,1
242,10,477,1,1
242,11,145,1,1
242,12,69,1,1
242,13,343,1,1
242,14,95,1,1
242,15,330,1,1
243,0,320,1,1
243,1,270,1,1
243,2,59,1,1
243,3,338,1,1
243,4,282,1,1
243,5,434,1,1
243,6,450,1,1
243,7,456,1,1
243,8,203,1,1
243,9,529,1,1
243,10,543,1,1
243,11,340,1,1
243,12,626,1,1
243,13,663,1,1
243,14,220,1,1
243,15,784,1,1
244,0,623,1,1
244,1,524,1,1
244,2,187,1,1
244,3,96,1,1
244,4,362,1,1
244,5,568,1,1
244,6,775,1,1
244,7,506,1,1
244,8,290,1,1
244,9,786,1,1
244,10,752,1,1
244,11,632,1,1
244,12,635,1,1
244,13,964,1,1
244,14,831,1,1
244,15,1219,1,1
245,0,434,1,1
245,1,285,1,1
245,2,150,1,1
245,3,134,1,1
245,4,106,1,1
245,5,201,1,1
245,6,339,1,1
245,7,249,1,1
245,8,145,1,1
245,9,270,1,1
245,10,0,1,1
245,11,523,1,1
245,12,372,1,1
245,13,396,1,1
245,14,364,1,1
245,15,377,1,1
246,0,383,1,1
246,1,250,1,1
246,2,200,1,1
246,3,153,1,1
246,4,178,1,1
246,5,164,1,1
246,6,236,1,1
246,7,112,1,1
246,8,95,1,1
246,9,239,1,1
246,10,642,1,1
246,11,445,1,1
246,12,200,1,1
246,13,586,1,1
246,14,200,1,1
246,15,356,1,1
247,0,603,1,1
247,1,267,1,1
247,2,194,1,1
247,3,174,1,1
247,4,193,1,1
247,5,299,1,1
247,6,505,1,1
247,7,209,1,1
247,8,61,1,1
247,9,312,1,1
247,10,543,1,1
247,11,478,1,1
247,12,301,1,1
247,13,701,1,1
247,14,300,1,1
247,15,527,1,1
248,0,587,1,1
248,1,367,1,1
248,2,94,1,1
248,3,258,1,1
248,4,163,1,1
248,5,251,1,1
248,6,265,1,1
248,7,234,1,1
248,8,110,1,1
248,9,186,1,1
248,10,409,1,1
248,11,481,1,1
248,12,329,1,1
248,13,686,1,1
248,14,555,1,1
248,15,522,1,1
249,0,658,1,1
249,1,356,1,1
249,2,63,1,1
249,3,286,1,1
249,4,245,1,1
249,5,244,1,1
249,6,498,1,1
249,7,212,1,1
249,8,103,1,1
249,9,331,1,1
249,10,397,1,1
249,11,629,1,1
249,12,373,1,1
249,13,621,1,1
249,14,446,1,1
249,15,736,1,1
250,0,753,1,1
250,1,421,1,1
250,2,109,1,1
250,3,264,1,1
250,4,131,1,1
250,5,253,1,1
250,6,267,1,1
250,7,127,1,1
250,8,84,1,1
250,9,286,1,1
250,10,439,1,1
250,11,549,1,1
250,12,385,1,1
250,13,616,1,1
250,14,441,1,1
250,15,387,1,1
251,0,771,1,1
251,1,487,1,1
251,2,200,1,1
251,3,214,1,1
251,4,102,1,1
251,5,141,1,1
251,6,266,1,1
251,7,231,1,1
251,8,206,1,1
251,9,171,1,1
251,10,587,1,1
251,11,487,1,1
251,12,477,1,1
251,13,464,1,1
251,14,488,1,1
251,15,229,1,1
252,0,982,1,1
252,1,491,1,1
252,2,123,1,1
252,3,161,1,1
252,4,213,1,1
252,5,472,1,1
252,6,45,1,1
252,7,434,1,1
252,8,451,1,1
252,9,112,1,1
252,10,625,1,1
252,11,486,1,1
252,12,664,1,1
252,13,177,1,1
252,14,648,1,1
252,15,2,1,1
253,0,1215,1,1
253,1,462,1,1
253,2,71,1,1
253,3,413,1,1
253,4,204,1,1
253,5,559,1,1
253,6,351,1,1
253,7,259,1,1
253,8,449,1,1
253,9,178,1,1
253,10,319,1,1
253,11,413,1,1
253,12,506,1,1
253,13,114,1,1
253,14,602,1,1
253,15,76,1,1
254,0,813,1,1
254,1,356,1,1
254,2,78,1,1
254,3,164,1,1
254,4,264,1,1
254,5,809,1,1
254,6,126,1,1
254,7,467,1,1
254,8,585,1,1
254,9,215,1,1
254,10,482,1,1
254,11,455,1,1
254,12,841,1,1
254,13,213,1,1
254,14,1019,1,1
254,15,279,1,1
255,0,819,1,1
255,1,348,1,1
255,2,72,1,1
255,3,229,1,1
255,4,143,1,1
255,5,260,1,1
255,6,198,1,1
255,7,124,1,1
255,8,132,1,1
255,9,236,1,1
255,10,446,1,1
255,11,573,1,1
255,12,405,1,1
255,13,596,1,1
255,14,471,1,1
255,15,409,1,1
256,0,606,1,1
256,1,312,1,1
256,2,20,1,1
256,3,288,1,1
256,4,188,1,1
256,5,266,1,1
256,6,122,1,1
256,7,182,1,1
256,8,249,1,1
256,9,235,1,1
256,10,352,1,1
256,11,503,1,1
256,12,325,1,1
256,13,772,1,1
256,14,401,1,1
256,15,337,1,1
257,0,409,1,1
257,1,298,1,1
257,2,15,1,1
257,3,271,1,1
257,4,286,1,1
257,5,325,1,1
257,6,460,1,1
257,7,358,1,1
257,8,255,1,1
257,9,159,1,1
257,10,355,1,1
257,11,427,1,1
257,12,687,1,1
257,13,734,1,1
257,14,636,1,1
257,15,411,1,1
258,0,352,1,1
258,1,227,1,1
258,2,66,1,1
258,3,185,1,1
258,4,181,1,1
258,5,400,1,1
258,6,268,1,1
258,7,354,1,1
258,8,219,1,1
258,9,261,1,1
258,10,275,1,1
258,11,225,1,1
258,12,520,1,1
258,13,674,1,1
258,14,766,1,1
258,15,479,1,1
259,0,323,1,1
259,1,190,1,1
259,2,78,1,1
259,3,174,1,1
259,4,168,1,1
259,5,213,1,1
259,6,294,1,1
259,7,264,1,1
259,8,111,1,1
259,9,167,1,1
259,10,252,1,1
259,11,251,1,1
259,12,494,1,1
259,13,8,1,1
259,14,171,1,1
259,15,267,1,1
260,0,229,1,1
260,1,71,1,1
260,2,46,1,1
260,3,123,1,1
260,4,102,1,1
260,5,227,1,1
260,6,192,1,1
260,7,88,1,1
260,8,106,1,1
260,9,177,1,1
260,10,194,1,1
260,11,183,1,1
260,12,113,1,1
260,13,290,1,1
260,14,63,1,1
260,15,16,1,1
261,0,73,1,1
261,1,52,1,1
261,2,20,1,1
261,3,105,1,1
261,4,106,1,1
261,5,260,1,1
261,6,216,1,1
261,7,140,1,1
261,8,128,1,1
261,9,159,1,1
261,10,203,1,1
261,11,131,1,1
261,12,64,1,1
261,13,0,1,1
261,14,247,1,1
261,15,268,1,1
262,0,59,1,1
262,1,44,1,1
262,2,11,1,1
262,3,50,1,1
262,4,41,1,1
262,5,194,1,1
262,6,179,1,1
262,7,43,1,1
262,8,71,1,1
262,9,95,1,1
262,10,152,1,1
262,11,107,1,1
262,12,94,1,1
262,13,0,1,1
262,14,0,1,1
262,15,259,1,1
263,0,15,1,1
263,1,16,1,1
263,2,6,1,1
263,3,53,1,1
263,4,60,1,1
263,5,185,1,1
263,6,134,1,1
263,7,44,1,1
263,8,77,1,1
263,9,53,1,1
263,10,135,1,1
263,11,42,1,1
263,12,231,1,1
263,13,0,1,1
263,14,0,1,1
263,15,89,1,1
264,0,20,1,1
264,1,15,1,1
264,2,12,1,1
264,3,0,1,1
264,4,16,1,1
264,5,148,1,1
264,6,168,1,1
264,7,54,1,1
264,8,53,1,1
264,9,63,1,1
264,10,131,1,1
264,11,38,1,1
264,12,121,1,1
264,13,0,1,1
264,14,43,1,1
264,15,51,1,1
265,0,24,1,1
265,1,11,1,1
265,2,8,1,1
265,3,44,1,1
265,4,33,1,1
265,5,46,1,1
265,6,94,1,1
265,7,0,1,1
265,8,52,1,1
265,9,24,1,1
265,10,89,1,1
265,11,57,1,1
265,12,182,1,1
265,13,0,1,1
265,14,46,1,1
265,15,33,1,1
266,0,164,1,1
266,1,59,1,1
266,2,18,1,1
266,3,122,1,1
266,4,51,1,1
266,5,158,1,1
266,6,144,1,1
266,7,46,1,1
266,8,83,1,1
266,9,58,1,1
266,10,251,1,1
266,11,138,1,1
266,12,0,1,1
266,13,0,1,1
266,14,68,1,1
266,15,141,1,1
267,0,334,1,1
267,1,297,1,1
267,2,57,1,1
267,3,370,1,1
267,4,335,1,1
267,5,454,1,1
267,6,502,1,1
267,7,165,1,1
267,8,202,1,1
267,9,356,1,1
267,10,398,1,1
267,11,366,1,1
267,12,1024,1,1
267,13,0,1,1
267,14,157,1,1
267,15,798,1,1
268,0,744,1,1
268,1,498,1,1
268,2,109,1,1
268,3,369,1,1
268,4,335,1,1
268,5,827,1,1
268,6,944,1,1
268,7,292,1,1
268,8,338,1,1
268,9,433,1,1
268,10,640,1,1
268,11,540,1,1
268,12,116,1,1
268,13,0,1,1
268,14,1039,1,1
268,15,1508,1,1
269,0,515,1,1
269,1,289,1,1
269,2,91,1,1
269,3,191,1,1
269,4,158,1,1
269,5,164,1,1
269,6,304,1,1
269,7,251,1,1
269,8,151,1,1
269,9,109,1,1
269,10,0,1,1
269,11,455,1,1
269,12,466,1,1
269,13,576,1,1
269,14,494,1,1
269,15,285,1,1
270,0,432,1,1
270,1,234,1,1
270,2,179,1,1
270,3,146,1,1
270,4,161,1,1
270,5,352,1,1
270,6,254,1,1
270,7,133,1,1
270,8,107,1,1
270,9,138,1,1
270,10,651,1,1
270,11,378,1,1
270,12,307,1,1
270,13,62,1,1
270,14,12,1,1
270,15,215,1,1
271,0,550,1,1
271,1,297,1,1
271,2,172,1,1
271,3,217,1,1
271,4,178,1,1
271,5,410,1,1
271,6,402,1,1
271,7,158,1,1
271,8,151,1,1
271,9,197,1,1
271,10,580,1,1
271,11,474,1,1
271,12,266,1,1
271,13,0,1,1
271,14,226,1,1
271,15,51,1,1
272,0,565,1,1
272,1,325,1,1
272,2,200,1,1
272,3,239,1,1
272,4,129,1,1
272,5,249,1,1
272,6,238,1,1
272,7,246,1,1
272,8,183,1,1
272,9,160,1,1
272,10,586,1,1
272,11,485,1,1
272,12,251,1,1
272,13,503,1,1
272,14,497,1,1
272,15,374,1,1
273,0,614,1,1
273,1,310,1,1
273,2,195,1,1
273,3,329,1,1
273,4,253,1,1
273,5,279,1,1
273,6,452,1,1
273,7,226,1,1
273,8,222,1,1
273,9,186,1,1
273,10,596,1,1
273,11,568,1,1
273,12,473,1,1
273,13,219,1,1
273,14,480,1,1
273,15,197,1,1
274,0,672,1,1
274,1,398,1,1
274,2,150,1,1
274,3,189,1,1
274,4,137,1,1
274,5,358,1,1
274,6,217,1,1
274,7,145,1,1
274,8,78,1,1
274,9,214,1,1
274,10,579,1,1
274,11,486,1,1
274,12,568,1,1
274,13,123,1,1
274,14,163,1,1
274,15,196,1,1
275,0,770,1,1
275,1,503,1,1
275,2,118,1,1
275,3,205,1,1
275,4,223,1,1
275,5,142,1,1
275,6,245,1,1
275,7,436,1,1
275,8,91,1,1
275,9,233,1,1
275,10,389,1,1
275,11,539,1,1
275,12,334,1,1
275,13,1003,1,1
275,14,767,1,1
275,15,468,1,1
276,0,910,1,1
276,1,447,1,1
276,2,88,1,1
276,3,264,1,1
276,4,399,1,1
276,5,364,1,1
276,6,141,1,1
276,7,440,1,1
276,8,87,1,1
276,9,138,1,1
276,10,441,1,1
276,11,457,1,1
276,12,583,1,1
276,13,1574,1,1
276,14,1036,1,1
276,15,832,1,1
277,0,1084,1,1
277,1,488,1,1
277,2,60,1,1
277,3,431,1,1
277,4,330,1,1
277,5,193,1,1
277,6,354,1,1
277,7,480,1,1
277,8,89,1,1
277,9,228,1,1
277,10,438,1,1
277,11,471,1,1
277,12,0,1,1
277,13,1601,1,1
277,14,1511,1,1
277,15,112,1,1
278,0,1844,1,1
278,1,853,1,1
278,2,163,1,1
278,3,299,1,1
278,4,520,1,1
278,5,316,1,1
278,6,489,1,1
278,7,394,1,1
278,8,140,1,1
278,9,311,1,1
278,10,539,1,1
278,11,457,1,1
278,12,689,1,1
278,13,2005,1,1
278,14,1178,1,1
278,15,473,1,1
279,0,655,1,1
279,1,257,1,1
279,2,164,1,1
279,3,236,1,1
279,4,166,1,1
279,5,255,1,1
279,6,187,1,1
279,7,227,1,1
279,8,127,1,1
279,9,178,1,1
279,10,466,1,1
279,11,471,1,1
279,12,413,1,1
279,13,730,1,1
279,14,396,1,1
279,15,172,1,1
280,0,681,1,1
280,1,353,1,1
280,2,145,1,1
280,3,275,1,1
280,4,205,1,1
280,5,209,1,1
280,6,218,1,1
280,7,300,1,1
280,8,195,1,1
280,9,214,1,1
280,10,379,1,1
280,11,685,1,1
280,12,277,1,1
280,13,1216,1,1
280,14,546,1,1
280,15,39,1,1
281,0,567,1,1
281,1,355,1,1
281,2,112,1,1
281,3,306,1,1
281,4,298,1,1
281,5,263,1,1
281,6,450,1,1
281,7,532,1,1
281,8,115,1,1
281,9,167,1,1
281,10,304,1,1
281,11,667,1,1
281,12,885,1,1
281,13,1583,1,1
281,14,1102,1,1
281,15,627,1,1
282,0,515,1,1
282,1,363,1,1
282,2,154,1,1
282,3,233,1,1
282,4,252,1,1
282,5,317,1,1
282,6,239,1,1
282,7,427,1,1
282,8,166,1,1
282,9,213,1,1
282,10,337,1,1
282,11,601,1,1
282,12,557,1,1
282,13,1052,1,1
282,14,709,1,1
282,15,471,1,1
283,0,413,1,1
283,1,249,1,1
283,2,122,1,1
283,3,149,1,1
283,4,175,1,1
283,5,146,1,1
283,6,307,1,1
283,7,255,1,1
283,8,111,1,1
283,9,238,1,1
283,10,312,1,1
283,11,553,1,1
283,12,448,1,1
283,13,347,1,1
283,14,247,1,1
283,15,513,1,1
284,0,261,1,1
284,1,124,1,1
284,2,78,1,1
284,3,90,1,1
284,4,93,1,1
284,5,149,1,1
284,6,138,1,1
284,7,135,1,1
284,8,51,1,1
284,9,257,1,1
284,10,225,1,1
284,11,384,1,1
284,12,236,1,1
284,13,410,1,1
284,14,281,1,1
284,15,271,1,1
285,0,96,1,1
285,1,69,1,1
285,2,34,1,1
285,3,62,1,1
285,4,164,1,1
285,5,143,1,1
285,6,210,1,1
285,7,184,1,1
285,8,92,1,1
285,9,201,1,1
285,10,200,1,1
285,11,222,1,1
285,12,173,1,1
285,13,81,1,1
285,14,329,1,1
285,15,332,1,1
286,0,54,1,1
286,1,33,1,1
286,2,7,1,1
286,3,45,1,1
286,4,97,1,1
286,5,163,1,1
286,6,111,1,1
286,7,117,1,1
286,8,17,1,1
286,9,201,1,1
286,10,169,1,1
286,11,218,1,1
286,12,172,1,1
286,13,26,1,1
286,14,0,1,1
286,15,303,1,1
287,0,38,1,1
287,1,28,1,1
287,2,8,1,1
287,3,32,1,1
287,4,55,1,1
287,5,15,1,1
287,6,98,1,1
287,7,83,1,1
287,8,55,1,1
287,9,69,1,1
287,10,165,1,1
287,11,89,1,1
287,12,273,1,1
287,13,0,1,1
287,14,34,1,1
287,15,215,1,1
288,0,26,1,1
288,1,13,1,1
288,2,13,1,1
288,3,0,1,1
288,4,72,1,1
288,5,43,1,1
288,6,157,1,1
288,7,103,1,1
288,8,43,1,1
288,9,48,1,1
288,10,133,1,1
288,11,83,1,1
288,12,184,1,1
288,13,0,1,1
288,14,25,1,1
288,15,117,1,1
289,0,18,1,1
289,1,4,1,1
289,2,7,1,1
289,3,34,1,1
289,4,52,1,1
289,5,0,1,1
289,6,77,1,1
289,7,36,1,1
289,8,40,1,1
289,9,52,1,1
289,10,96,1,1
289,11,63,1,1
289,12,164,1,1
289,13,0,1,1
289,14,96,1,1
289,15,91,1,1
290,0,119,1,1
290,1,63,1,1
290,2,35,1,1
290,3,114,1,1
290,4,112,1,1
290,5,63,1,1
290,6,128,1,1
290,7,116,1,1
290,8,37,1,1
290,9,118,1,1
290,10,435,1,1
290,11,145,1,1
290,12,57,1,1
290,13,54,1,1
290,14,183,1,1
290,15,285,1,1
291,0,299,1,1
291,1,277,1,1
291,2,69,1,1
291,3,316,1,1
291,4,411,1,1
291,5,405,1,1
291,6,531,1,1
291,7,411,1,1
291,8,196,1,1
291,9,494,1,1
291,10,637,1,1
291,11,397,1,1
291,12,999,1,1
291,13,16,1,1
291,14,307,1,1
291,15,878,1,1
292,0,590,1,1
292,1,500,1,1
292,2,195,1,1
292,3,353,1,1
292,4,537,1,1
292,5,724,1,1
292,6,1009,1,1
292,7,385,1,1
292,8,337,1,1
292,9,680,1,1
292,10,783,1,1
292,11,522,1,1
292,12,478,1,1
292,13,10,1,1
292,14,760,1,1
292,15,1460,1,1
293,0,995,1,1
293,1,755,1,1
293,2,357,1,1
293,3,204,1,1
293,4,168,1,1
293,5,201,1,1
293,6,384,1,1
293,7,222,1,1
293,8,131,1,1
293,9,232,1,1
293,10,0,1,1
293,11,446,1,1
293,12,513,1,1
293,13,529,1,1
293,14,462,1,1
293,15,489,1,1
294,0,463,1,1
294,1,289,1,1
294,2,183,1,1
294,3,154,1,1
294,4,168,1,1
294,5,245,1,1
294,6,192,1,1
294,7,166,1,1
294,8,53,1,1
294,9,248,1,1
294,10,555,1,1
294,11,445,1,1
294,12,310,1,1
294,13,312,1,1
294,14,123,1,1
294,15,269,1,1
295,0,565,1,1
295,1,290,1,1
295,2,197,1,1
295,3,161,1,1
295,4,197,1,1
295,5,313,1,1
295,6,385,1,1
295,7,204,1,1
295,8,52,1,1
295,9,299,1,1
295,10,727,1,1
295,11,446,1,1
295,12,419,1,1
295,13,205,1,1
295,14,319,1,1
295,15,383,1,1
296,0,528,1,1
296,1,272,1,1
296,2,168,1,1
296,3,207,1,1
296,4,137,1,1
296,5,250,1,1
296,6,227,1,1
296,7,249,1,1
296,8,121,1,1
296,9,216,1,1
296,10,472,1,1
296,11,379,1,1
296,12,368,1,1
296,13,633,1,1
296,14,638,1,1
296,15,590,1,1
297,0,567,1,1
297,1,320,1,1
297,2,199,1,1
297,3,252,1,1
297,4,207,1,1
297,5,215,1,1
297,6,401,1,1
297,7,225,1,1
297,8,118,1,1
297,9,352,1,1
297,10,629,1,1
297,11,594,1,1
297,12,503,1,1
297,13,493,1,1
297,14,490,1,1
297,15,473,1,1
298,0,613,1,1
298,1,393,1,1
298,2,235,1,1
298,3,211,1,1
298,4,136,1,1
298,5,314,1,1
298,6,191,1,1
298,7,128,1,1
298,8,60,1,1
298,9,295,1,1
298,10,618,1,1
298,11,482,1,1
298,12,503,1,1
298,13,344,1,1
298,14,371,1,1
298,15,296,1,1
299,0,720,1,1
299,1,392,1,1
299,2,243,1,1
299,3,195,1,1
299,4,187,1,1
299,5,151,1,1
299,6,179,1,1
299,7,215,1,1
299,8,121,1,1
299,9,209,1,1
299,10,564,1,1
299,11,482,1,1
299,12,131,1,1
299,13,929,1,1
299,14,589,1,1
299,15,278,1,1
300,0,947,1,1
300,1,411,1,1
300,2,109,1,1
300,3,262,1,1
300,4,309,1,1
300,5,639,1,1
300,6,108,1,1
300,7,446,1,1
300,8,342,1,1
300,9,237,1,1
300,10,527,1,1
300,11,498,1,1
300,12,477,1,1
300,13,1217,1,1
300,14,691,1,1
300,15,275,1,1
301,0,1234,1,1
301,1,392,1,1
301,2,68,1,1
301,3,430,1,1
301,4,154,1,1
301,5,678,1,1
301,6,412,1,1
301,7,206,1,1
301,8,350,1,1
301,9,283,1,1
301,10,496,1,1
301,11,469,1,1
301,12,114,1,1
301,13,853,1,1
301,14,1193,1,1
301,15,0,1,1
302,0,2236,1,1
302,1,694,1,1
302,2,88,1,1
302,3,331,1,1
302,4,363,1,1
302,5,684,1,1
302,6,472,1,1
302,7,285,1,1
302,8,383,1,1
302,9,425,1,1
302,10,521,1,1
302,11,428,1,1
302,12,524,1,1
302,13,1633,1,1
302,14,890,1,1
302,15,161,1,1
303,0,709,1,1
303,1,325,1,1
303,2,144,1,1
303,3,218,1,1
303,4,137,1,1
303,5,251,1,1
303,6,193,1,1
303,7,101,1,1
303,8,108,1,1
303,9,348,1,1
303,10,499,1,1
303,11,461,1,1
303,12,350,1,1
303,13,689,1,1
303,14,368,1,1
303,15,229,1,1
304,0,683,1,1
304,1,382,1,1
304,2,135,1,1
304,3,254,1,1
304,4,182,1,1
304,5,313,1,1
304,6,206,1,1
304,7,102,1,1
304,8,131,1,1
304,9,373,1,1
304,10,286,1,1
304,11,713,1,1
304,12,264,1,1
304,13,1165,1,1
304,14,391,1,1
304,15,88,1,1
305,0,650,1,1
305,1,400,1,1
305,2,168,1,1
305,3,295,1,1
305,4,261,1,1
305,5,447,1,1
305,6,271,1,1
305,7,289,1,1
305,8,121,1,1
305,9,249,1,1
305,10,321,1,1
305,11,737,1,1
305,12,712,1,1
305,13,1211,1,1
305,14,607,1,1
305,15,254,1,1
306,0,561,1,1
306,1,377,1,1
306,2,115,1,1
306,3,214,1,1
306,4,222,1,1
306,5,424,1,1
306,6,244,1,1
306,7,292,1,1
306,8,181,1,1
306,9,374,1,1
306,10,301,1,1
306,11,657,1,1
306,12,504,1,1
306,13,925,1,1
306,14,699,1,1
306,15,397,1,1
307,0,480,1,1
307,1,288,1,1
307,2,152,1,1
307,3,68,1,1
307,4,133,1,1
307,5,170,1,1
307,6,146,1,1
307,7,136,1,1
307,8,57,1,1
307,9,265,1,1
307,10,325,1,1
307,11,610,1,1
307,12,217,1,1
307,13,46,1,1
307,14,173,1,1
307,15,56,1,1
308,0,336,1,1
308,1,158,1,1
308,2,97,1,1
308,3,162,1,1
308,4,145,1,1
308,5,168,1,1
308,6,164,1,1
308,7,58,1,1
308,8,71,1,1
308,9,354,1,1
308,10,255,1,1
308,11,484,1,1
308,12,55,1,1
308,13,427,1,1
308,14,220,1,1
308,15,21,1,1
309,0,139,1,1
309,1,86,1,1
309,2,38,1,1
309,3,98,1,1
309,4,123,1,1
309,5,108,1,1
309,6,107,1,1
309,7,148,1,1
309,8,126,1,1
309,9,222,1,1
309,10,194,1,1
309,11,190,1,1
309,12,84,1,1
309,13,150,1,1
309,14,546,1,1
309,15,77,1,1
310,0,57,1,1
310,1,41,1,1
310,2,20,1,1
310,3,41,1,1
310,4,133,1,1
310,5,193,1,1
310,6,116,1,1
310,7,40,1,1
310,8,42,1,1
310,9,208,1,1
310,10,182,1,1
310,11,149,1,1
310,12,16,1,1
310,13,170,1,1
310,14,376,1,1
310,15,285,1,1
311,0,36,1,1
311,1,41,1,1
311,2,0,1,1
311,3,54,1,1
311,4,43,1,1
311,5,130,1,1
311,6,63,1,1
311,7,90,1,1
311,8,52,1,1
311,9,79,1,1
311,10,171,1,1
311,11,72,1,1
311,12,66,1,1
311,13,0,1,1
311,14,227,1,1
311,15,0,1,1
312,0,31,1,1
312,1,13,1,1
312,2,10,1,1
312,3,0,1,1
312,4,31,1,1
312,5,97,1,1
312,6,142,1,1
312,7,32,1,1
312,8,7,1,1
312,9,108,1,1
312,10,145,1,1
312,11,58,1,1
312,12,0,1,1
312,13,87,1,1
312,14,171,1,1
312,15,81,1,1
313,0,50,1,1
313,1,23,1,1
313,2,17,1,1
313,3,40,1,1
313,4,59,1,1
313,5,0,1,1
313,6,32,1,1
313,7,14,1,1
313,8,48,1,1
313,9,84,1,1
313,10,79,1,1
313,11,58,1,1
313,12,0,1,1
313,13,0,1,1
313,14,149,1,1
313,15,0,1,1
314,0,147,1,1
314,1,60,1,1
314,2,46,1,1
314,3,93,1,1
314,4,64,1,1
314,5,0,1,1
314,6,0,1,1
314,7,0,1,1
314,8,32,1,1
314,9,91,1,1
314,10,250,1,1
314,11,94,1,1
314,12,0,1,1
314,13,295,1,1
314,14,144,1,1
314,15,87,1,1
315,0,279,1,1
315,1,191,1,1
315,2,86,1,1
315,3,139,1,1
315,4,106,1,1
315,5,163,1,1
315,6,0,1,1
315,7,211,1,1
315,8,155,1,1
315,9,295,1,1
315,10,367,1,1
315,11,307,1,1
315,12,415,1,1
315,13,24,1,1
315,14,272,1,1
315,15,111,1,1
316,0,558,1,1
316,1,385,1,1
316,2,152,1,1
316,3,0,1,1
316,4,248,1,1
316,5,378,1,1
316,6,374,1,1
316,7,59,1,1
316,8,259,1,1
316,9,336,1,1
316,10,396,1,1
316,11,422,1,1
316,12,0,1,1
316,13,43,1,1
316,14,1229,1,1
316,15,230,1,1
317,0,899,1,1
317,1,599,1,1
317,2,251,1,1
317,3,9,1,1
317,4,27,1,1
317,5,67,1,1
317,6,138,1,1
317,7,108,1,1
317,8,44,1,1
317,9,113,1,1
317,10,0,1,1
317,11,505,1,1
317,12,116,1,1
317,13,205,1,1
317,14,120,1,1
317,15,0,1,1
318,0,1283,1,1
318,1,810,1,1
318,2,340,1,1
318,3,200,1,1
318,4,168,1,1
318,5,69,1,1
318,6,183,1,1
318,7,106,1,1
318,8,37,1,1
318,9,266,1,1
318,10,503,1,1
318,11,400,1,1
318,12,66,1,1
318,13,25,1,1
318,14,180,1,1
318,15,29,1,1
319,0,476,1,1
319,1,251,1,1
319,2,124,1,1
319,3,175,1,1
319,4,189,1,1
319,5,295,1,1
319,6,345,1,1
319,7,91,1,1
319,8,59,1,1
319,9,300,1,1
319,10,520,1,1
319,11,424,1,1
319,12,79,1,1
319,13,162,1,1
319,14,578,1,1
319,15,205,1,1
320,0,565,1,1
320,1,343,1,1
320,2,153,1,1
320,3,230,1,1
320,4,245,1,1
320,5,284,1,1
320,6,178,1,1
320,7,224,1,1
320,8,169,1,1
320,9,259,1,1
320,10,337,1,1
320,11,342,1,1
320,12,182,1,1
320,13,447,1,1
320,14,441,1,1
320,15,127,1,1
321,0,727,1,1
321,1,402,1,1
321,2,109,1,1
321,3,362,1,1
321,4,256,1,1
321,5,396,1,1
321,6,462,1,1
321,7,201,1,1
321,8,161,1,1
321,9,514,1,1
321,10,437,1,1
321,11,579,1,1
321,12,521,1,1
321,13,281,1,1
321,14,762,1,1
321,15,300,1,1
322,0,749,1,1
322,1,321,1,1
322,2,220,1,1
322,3,275,1,1
322,4,174,1,1
322,5,269,1,1
322,6,205,1,1
322,7,82,1,1
322,8,109,1,1
322,9,291,1,1
322,10,608,1,1
322,11,468,1,1
322,12,517,1,1
322,13,279,1,1
322,14,587,1,1
322,15,380,1,1
323,0,516,1,1
323,1,294,1,1
323,2,77,1,1
323,3,289,1,1
323,4,175,1,1
323,5,330,1,1
323,6,351,1,1
323,7,229,1,1
323,8,106,1,1
323,9,151,1,1
323,10,609,1,1
323,11,356,1,1
323,12,977,1,1
323,13,348,1,1
323,14,279,1,1
323,15,846,1,1
324,0,725,1,1
324,1,360,1,1
324,2,88,1,1
324,3,144,1,1
324,4,301,1,1
324,5,450,1,1
324,6,449,1,1
324,7,545,1,1
324,8,503,1,1
324,9,119,1,1
324,10,465,1,1
324,11,532,1,1
324,12,722,1,1
324,13,566,1,1
324,14,304,1,1
324,15,1572,1,1
325,0,879,1,1
325,1,304,1,1
325,2,43,1,1
325,3,484,1,1
325,4,342,1,1
325,5,677,1,1
325,6,581,1,1
325,7,407,1,1
325,8,412,1,1
325,9,205,1,1
325,10,488,1,1
325,11,431,1,1
325,12,596,1,1
325,13,1750,1,1
325,14,768,1,1
325,15,1482,1,1
326,0,836,1,1
326,1,338,1,1
326,2,13,1,1
326,3,0,1,1
326,4,225,1,1
326,5,227,1,1
326,6,186,1,1
326,7,508,1,1
326,8,324,1,1
326,9,417,1,1
326,10,510,1,1
326,11,452,1,1
326,12,510,1,1
326,13,360,1,1
326,14,43,1,1
326,15,1231,1,1
327,0,656,1,1
327,1,331,1,1
327,2,96,1,1
327,3,269,1,1
327,4,174,1,1
327,5,360,1,1
327,6,238,1,1
327,7,121,1,1
327,8,122,1,1
327,9,322,1,1
327,10,412,1,1
327,11,471,1,1
327,12,557,1,1
327,13,501,1,1
327,14,509,1,1
327,15,298,1,1
328,0,704,1,1
328,1,435,1,1
328,2,135,1,1
328,3,334,1,1
328,4,252,1,1
328,5,310,1,1
328,6,139,1,1
328,7,107,1,1
328,8,153,1,1
328,9,190,1,1
328,10,302,1,1
328,11,770,1,1
328,12,438,1,1
328,13,556,1,1
328,14,276,1,1
328,15,957,1,1
329,0,512,1,1
329,1,289,1,1
329,2,111,1,1
329,3,249,1,1
329,4,342,1,1
329,5,433,1,1
329,6,650,1,1
329,7,463,1,1
329,8,201,1,1
329,9,112,1,1
329,10,330,1,1
329,11,813,1,1
329,12,1191,1,1
329,13,1372,1,1
329,14,1054,1,1
329,15,1473,1,1
330,0,572,1,1
330,1,365,1,1
330,2,144,1,1
330,3,191,1,1
330,4,224,1,1
330,5,455,1,1
330,6,379,1,1
330,7,260,1,1
330,8,222,1,1
330,9,290,1,1
330,10,291,1,1
330,11,579,1,1
330,12,436,1,1
330,13,454,1,1
330,14,586,1,1
330,15,864,1,1
331,0,530,1,1
331,1,324,1,1
331,2,174,1,1
331,3,108,1,1
331,4,109,1,1
331,5,352,1,1
331,6,128,1,1
331,7,255,1,1
331,8,138,1,1
331,9,108,1,1
331,10,316,1,1
331,11,650,1,1
331,12,246,1,1
331,13,620,1,1
331,14,240,1,1
331,15,393,1,1
332,0,315,1,1
332,1,172,1,1
332,2,122,1,1
332,3,183,1,1
332,4,210,1,1
332,5,354,1,1
332,6,172,1,1
332,7,176,1,1
332,8,128,1,1
332,9,258,1,1
332,10,268,1,1
332,11,609,1,1
332,12,341,1,1
332,13,667,1,1
332,14,395,1,1
332,15,305,1,1
333,0,116,1,1
333,1,64,1,1
333,2,45,1,1
333,3,95,1,1
333,4,101,1,1
333,5,330,1,1
333,6,94,1,1
333,7,170,1,1
333,8,139,1,1
333,9,138,1,1
333,10,250,1,1
333,11,388,1,1
333,12,294,1,1
333,13,340,1,1
333,14,436,1,1
333,15,311,1,1
334,0,80,1,1
334,1,43,1,1
334,2,18,1,1
334,3,60,1,1
334,4,103,1,1
334,5,260,1,1
334,6,127,1,1
334,7,61,1,1
334,8,92,1,1
334,9,79,1,1
334,10,214,1,1
334,11,287,1,1
334,12,213,1,1
334,13,318,1,1
334,14,220,1,1
334,15,295,1,1
335,0,42,1,1
335,1,23,1,1
335,2,12,1,1
335,3,100,1,1
335,4,35,1,1
335,5,276,1,1
335,6,142,1,1
335,7,92,1,1
335,8,92,1,1
335,9,71,1,1
335,10,159,1,1
335,11,128,1,1
335,12,173,1,1
335,13,124,1,1
335,14,200,1,1
335,15,142,1,1
336,0,29,1,1
336,1,17,1,1
336,2,2,1,1
336,3,0,1,1
336,4,18,1,1
336,5,214,1,1
336,6,131,1,1
336,7,109,1,1
336,8,56,1,1
336,9,0,1,1
336,10,124,1,1
336,11,94,1,1
336,12,116,1,1
336,13,143,1,1
336,14,8,1,1
336,15,141,1,1
337,0,20,1,1
337,1,16,1,1
337,2,18,1,1
337,3,38,1,1
337,4,72,1,1
337,5,51,1,1
337,6,63,1,1
337,7,25,1,1
337,8,57,1,1
337,9,17,1,1
337,10,92,1,1
337,11,52,1,1
337,12,46,1,1
337,13,0,1,1
337,14,0,1,1
337,15,94,1,1
338,0,83,1,1
338,1,35,1,1
338,2,18,1,1
338,3,93,1,1
338,4,37,1,1
338,5,147,1,1
338,6,0,1,1
338,7,59,1,1
338,8,62,1,1
338,9,0,1,1
338,10,299,1,1
338,11,78,1,1
338,12,69,1,1
338,13,389,1,1
338,14,73,1,1
338,15,372,1,1
339,0,94,1,1
339,1,98,1,1
339,2,22,1,1
339,3,213,1,1
339,4,76,1,1
339,5,578,1,1
339,6,0,1,1
339,7,181,1,1
339,8,161,1,1
339,9,17,1,1
339,10,427,1,1
339,11,114,1,1
339,12,676,1,1
339,13,457,1,1
339,14,27,1,1
339,15,755,1,1
340,0,121,1,1
340,1,88,1,1
340,2,66,1,1
340,3,33,1,1
340,4,169,1,1
340,5,609,1,1
340,6,106,1,1
340,7,0,1,1
340,8,201,1,1
340,9,0,1,1
340,10,443,1,1
340,11,174,1,1
340,12,7,1,1
340,13,783,1,1
340,14,295,1,1
340,15,694,1,1
341,0,192,1,1
341,1,143,1,1
341,2,101,1,1
341,3,19,1,1
341,4,38,1,1
341,5,50,1,1
341,6,50,1,1
341,7,151,1,1
341,8,86,1,1
341,9,0,1,1
341,10,0,1,1
341,11,266,1,1
341,12,123,1,1
341,13,83,1,1
341,14,142,1,1
341,15,85,1,1
342,0,296,1,1
342,1,146,1,1
342,2,108,1,1
342,3,193,1,1
342,4,108,1,1
342,5,324,1,1
342,6,289,1,1
342,7,157,1,1
342,8,81,1,1
342,9,131,1,1
342,10,555,1,1
342,11,281,1,1
342,12,212,1,1
342,13,567,1,1
342,14,304,1,1
342,15,327,1,1
343,0,329,1,1
343,1,184,1,1
343,2,130,1,1
343,3,271,1,1
343,4,194,1,1
343,5,475,1,1
343,6,394,1,1
343,7,208,1,1
343,8,104,1,1
343,9,144,1,1
343,10,555,1,1
343,11,359,1,1
343,12,489,1,1
343,13,667,1,1
343,14,315,1,1
343,15,472,1,1
344,0,447,1,1
344,1,259,1,1
344,2,140,1,1
344,3,245,1,1
344,4,222,1,1
344,5,431,1,1
344,6,132,1,1
344,7,266,1,1
344,8,205,1,1
344,9,196,1,1
344,10,515,1,1
344,11,435,1,1
344,12,374,1,1
344,13,710,1,1
344,14,600,1,1
344,15,417,1,1
345,0,499,1,1
345,1,277,1,1
345,2,184,1,1
345,3,412,1,1
345,4,326,1,1
345,5,508,1,1
345,6,411,1,1
345,7,321,1,1
345,8,255,1,1
345,9,217,1,1
345,10,658,1,1
345,11,499,1,1
345,12,628,1,1
345,13,663,1,1
345,14,669,1,1
345,15,622,1,1
346,0,854,1,1
346,1,489,1,1
346,2,332,1,1
346,3,280,1,1
346,4,211,1,1
346,5,376,1,1
346,6,155,1,1
346,7,154,1,1
346,8,115,1,1
346,9,230,1,1
346,10,693,1,1
346,11,508,1,1
346,12,511,1,1
346,13,796,1,1
346,14,600,1,1
346,15,467,1,1
347,0,576,1,1
347,1,269,1,1
347,2,224,1,1
347,3,189,1,1
347,4,197,1,1
347,5,191,1,1
347,6,452,1,1
347,7,315,1,1
347,8,82,1,1
347,9,342,1,1
347,10,619,1,1
347,11,534,1,1
347,12,563,1,1
347,13,520,1,1
347,14,706,1,1
347,15,554,1,1
348,0,647,1,1
348,1,271,1,1
348,2,61,1,1
348,3,209,1,1
348,4,352,1,1
348,5,0,1,1
348,6,238,1,1
348,7,410,1,1
348,8,29,1,1
348,9,381,1,1
348,10,569,1,1
348,11,466,1,1
348,12,443,1,1
348,13,0,1,1
348,14,432,1,1
348,15,314,1,1
349,0,791,1,1
349,1,273,1,1
349,2,30,1,1
349,3,378,1,1
349,4,321,1,1
349,5,39,1,1
349,6,395,1,1
349,7,133,1,1
349,8,60,1,1
349,9,389,1,1
349,10,0,1,1
349,11,418,1,1
349,12,306,1,1
349,13,158,1,1
349,14,1065,1,1
349,15,430,1,1
350,0,831,1,1
350,1,285,1,1
350,2,4,1,1
350,3,0,1,1
350,4,441,1,1
350,5,0,1,1
350,6,232,1,1
350,7,0,1,1
350,8,0,1,1
350,9,638,1,1
350,10,928,1,1
350,11,519,1,1
350,12,59,1,1
350,13,0,1,1
350,14,307,1,1
350,15,67,1,1
351,0,641,1,1
351,1,270,1,1
351,2,48,1,1
351,3,246,1,1
351,4,209,1,1
351,5,401,1,1
351,6,212,1,1
351,7,211,1,1
351,8,139,1,1
351,9,280,1,1
351,10,529,1,1
351,11,507,1,1
351,12,428,1,1
351,13,639,1,1
351,14,498,1,1
351,15,387,1,1
352,0,719,1,1
352,1,381,1,1
352,2,113,1,1
352,3,307,1,1
352,4,273,1,1
352,5,205,1,1
352,6,305,1,1
352,7,143,1,1
352,8,121,1,1
352,9,224,1,1
352,10,303,1,1
352,11,779,1,1
352,12,248,1,1
352,13,685,1,1
352,14,309,1,1
352,15,536,1,1
353,0,705,1,1
353,1,394,1,1
353,2,161,1,1
353,3,238,1,1
353,4,374,1,1
353,5,133,1,1
353,6,653,1,1
353,7,428,1,1
353,8,135,1,1
353,9,270,1,1
353,10,298,1,1
353,11,664,1,1
353,12,854,1,1
353,13,785,1,1
353,14,872,1,1
353,15,370,1,1
354,0,569,1,1
354,1,312,1,1
354,2,162,1,1
354,3,162,1,1
354,4,240,1,1
354,5,433,1,1
354,6,215,1,1
354,7,267,1,1
354,8,147,1,1
354,9,318,1,1
354,10,306,1,1
354,11,702,1,1
354,12,376,1,1
354,13,668,1,1
354,14,811,1,1
354,15,617,1,1
355,0,460,1,1
355,1,225,1,1
355,2,146,1,1
355,3,129,1,1
355,4,142,1,1
355,5,317,1,1
355,6,269,1,1
355,7,326,1,1
355,8,128,1,1
355,9,222,1,1
355,10,298,1,1
355,11,572,1,1
355,12,390,1,1
355,13,751,1,1
355,14,121,1,1
355,15,591,1,1
356,0,259,1,1
356,1,108,1,1
356,2,68,1,1
356,3,119,1,1
356,4,96,1,1
356,5,273,1,1
356,6,122,1,1
356,7,216,1,1
356,8,65,1,1
356,9,281,1,1
356,10,278,1,1
356,11,499,1,1
356,12,346,1,1
356,13,680,1,1
356,14,169,1,1
356,15,280,1,1
357,0,77,1,1
357,1,68,1,1
357,2,26,1,1
357,3,54,1,1
357,4,80,1,1
357,5,272,1,1
357,6,208,1,1
357,7,229,1,1
357,8,140,1,1
357,9,241,1,1
357,10,238,1,1
357,11,260,1,1
357,12,282,1,1
357,13,376,1,1
357,14,239,1,1
357,15,380,1,1
358,0,45,1,1
358,1,36,1,1
358,2,10,1,1
358,3,33,1,1
358,4,45,1,1
358,5,205,1,1
358,6,128,1,1
358,7,198,1,1
358,8,76,1,1
358,9,183,1,1
358,10,211,1,1
358,11,182,1,1
358,12,264,1,1
358,13,274,1,1
358,14,0,1,1
358,15,407,1,1
359,0,26,1,1
359,1,23,1,1
359,2,12,1,1
359,3,46,1,1
359,4,33,1,1
359,5,162,1,1
359,6,158,1,1
359,7,167,1,1
359,8,97,1,1
359,9,46,1,1
359,10,163,1,1
359,11,115,1,1
359,12,281,1,1
359,13,0,1,1
359,14,0,1,1
359,15,268,1,1
360,0,23,1,1
360,1,20,1,1
360,2,15,1,1
360,3,0,1,1
360,4,47,1,1
360,5,117,1,1
360,6,158,1,1
360,7,176,1,1
360,8,75,1,1
360,9,13,1,1
360,10,125,1,1
360,11,100,1,1
360,12,251,1,1
360,13,1,1,1
360,14,0,1,1
360,15,205,1,1
361,0,36,1,1
361,1,12,1,1
361,2,6,1,1
361,3,30,1,1
361,4,10,1,1
361,5,36,1,1
361,6,76,1,1
361,7,98,1,1
361,8,62,1,1
361,9,108,1,1
361,10,115,1,1
361,11,53,1,1
361,12,140,1,1
361,13,0,1,1
361,14,0,1,1
361,15,231,1,1
362,0,145,1,1
362,1,75,1,1
362,2,32,1,1
362,3,112,1,1
362,4,40,1,1
362,5,139,1,1
362,6,176,1,1
362,7,175,1,1
362,8,74,1,1
362,9,84,1,1
362,10,439,1,1
362,11,185,1,1
362,12,128,1,1
362,13,455,1,1
362,14,0,1,1
362,15,412,1,1
363,0,335,1,1
363,1,288,1,1
363,2,68,1,1
363,3,321,1,1
363,4,360,1,1
363,5,590,1,1
363,6,580,1,1
363,7,506,1,1
363,8,291,1,1
363,9,300,1,1
363,10,494,1,1
363,11,381,1,1
363,12,1008,1,1
363,13,538,1,1
363,14,0,1,1
363,15,1030,1,1
364,0,621,1,1
364,1,489,1,1
364,2,183,1,1
364,3,267,1,1
364,4,322,1,1
364,5,796,1,1
364,6,826,1,1
364,7,588,1,1
364,8,388,1,1
364,9,764,1,1
364,10,801,1,1
364,11,611,1,1
364,12,573,1,1
364,13,858,1,1
364,14,0,1,1
364,15,1710,1,1
365,0,1097,1,1
365,1,767,1,1
365,2,334,1,1
365,3,192,1,1
365,4,149,1,1
365,5,190,1,1
365,6,292,1,1
365,7,264,1,1
365,8,137,1,1
365,9,251,1,1
365,10,0,1,1
365,11,474,1,1
365,12,453,1,1
365,13,436,1,1
365,14,366,1,1
365,15,533,1,1
366,0,466,1,1
366,1,258,1,1
366,2,158,1,1
366,3,172,1,1
366,4,94,1,1
366,5,390,1,1
366,6,252,1,1
366,7,244,1,1
366,8,65,1,1
366,9,244,1,1
366,10,642,1,1
366,11,428,1,1
366,12,297,1,1
366,13,749,1,1
366,14,158,1,1
366,15,430,1,1
367,0,548,1,1
367,1,285,1,1
367,2,221,1,1
367,3,260,1,1
367,4,131,1,1
367,5,443,1,1
367,6,331,1,1
367,7,280,1,1
367,8,67,1,1
367,9,284,1,1
367,10,671,1,1
367,11,396,1,1
367,12,595,1,1
367,13,817,1,1
367,14,30,1,1
367,15,436,1,1
368,0,621,1,1
368,1,321,1,1
368,2,178,1,1
368,3,188,1,1
368,4,152,1,1
368,5,384,1,1
368,6,160,1,1
368,7,294,1,1
368,8,139,1,1
368,9,209,1,1
368,10,565,1,1
368,11,540,1,1
368,12,443,1,1
368,13,749,1,1
368,14,716,1,1
368,15,620,1,1
369,0,1026,1,1
369,1,561,1,1
369,2,341,1,1
369,3,326,1,1
369,4,210,1,1
369,5,389,1,1
369,6,351,1,1
369,7,290,1,1
369,8,188,1,1
369,9,300,1,1
369,10,574,1,1
369,11,491,1,1
369,12,568,1,1
369,13,585,1,1
369,14,378,1,1
369,15,749,1,1
370,0,621,1,1
370,1,352,1,1
370,2,265,1,1
370,3,211,1,1
370,4,130,1,1
370,5,440,1,1
370,6,173,1,1
370,7,176,1,1
370,8,114,1,1
370,9,253,1,1
370,10,593,1,1
370,11,501,1,1
370,12,523,1,1
370,13,835,1,1
370,14,325,1,1
370,15,266,1,1
371,0,811,1,1
371,1,350,1,1
371,2,260,1,1
371,3,165,1,1
371,4,281,1,1
371,5,98,1,1
371,6,231,1,1
371,7,127,1,1
371,8,63,1,1
371,9,221,1,1
371,10,543,1,1
371,11,496,1,1
371,12,145,1,1
371,13,774,1,1
371,14,755,1,1
371,15,67,1,1
372,0,1018,1,1
372,1,431,1,1
372,2,67,1,1
372,3,323,1,1
372,4,480,1,1
372,5,95,1,1
372,6,103,1,1
372,7,146,1,1
372,8,51,1,1
372,9,545,1,1
372,10,602,1,1
372,11,435,1,1
372,12,521,1,1
372,13,0,1,1
372,14,1006,1,1
372,15,0,1,1
373,0,1203,1,1
373,1,356,1,1
373,2,16,1,1
373,3,436,1,1
373,4,247,1,1
373,5,72,1,1
373,6,286,1,1
373,7,0,1,1
373,8,87,1,1
373,9,501,1,1
373,10,0,1,1
373,11,411,1,1
373,12,149,1,1
373,13,0,1,1
373,14,1335,1,1
373,15,0,1,1
374,0,1084,1,1
374,1,299,1,1
374,2,8,1,1
374,3,280,1,1
374,4,549,1,1
374,5,372,1,1
374,6,395,1,1
374,7,0,1,1
374,8,36,1,1
374,9,542,1,1
374,10,1025,1,1
374,11,475,1,1
374,12,214,1,1
374,13,0,1,1
374,14,1447,1,1
374,15,0,1,1
375,0,628,1,1
375,1,264,1,1
375,2,71,1,1
375,3,207,1,1
375,4,170,1,1
375,5,282,1,1
375,6,186,1,1
375,7,95,1,1
375,8,105,1,1
375,9,362,1,1
375,10,397,1,1
375,11,420,1,1
375,12,414,1,1
375,13,745,1,1
375,14,434,1,1
375,15,201,1,1
376,0,644,1,1
376,1,384,1,1
376,2,112,1,1
376,3,274,1,1
376,4,215,1,1
376,5,223,1,1
376,6,298,1,1
376,7,16,1,1
376,8,75,1,1
376,9,387,1,1
376,10,357,1,1
376,11,618,1,1
376,12,217,1,1
376,13,1158,1,1
376,14,384,1,1
376,15,85,1,1
377,0,561,1,1
377,1,407,1,1
377,2,146,1,1
377,3,334,1,1
377,4,296,1,1
377,5,149,1,1
377,6,359,1,1
377,7,85,1,1
377,8,37,1,1
377,9,267,1,1
377,10,265,1,1
377,11,710,1,1
377,12,675,1,1
377,13,758,1,1
377,14,701,1,1
377,15,72,1,1
378,0,468,1,1
378,1,284,1,1
378,2,135,1,1
378,3,193,1,1
378,4,278,1,1
378,5,419,1,1
378,6,193,1,1
378,7,182,1,1
378,8,109,1,1
378,9,395,1,1
378,10,271,1,1
378,11,610,1,1
378,12,399,1,1
378,13,823,1,1
378,14,912,1,1
378,15,313,1,1
379,0,437,1,1
379,1,236,1,1
379,2,114,1,1
379,3,199,1,1
379,4,150,1,1
379,5,207,1,1
379,6,164,1,1
379,7,165,1,1
379,8,69,1,1
379,9,393,1,1
379,10,309,1,1
379,11,580,1,1
379,12,502,1,1
379,13,412,1,1
379,14,112,1,1
379,15,257,1,1
380,0,246,1,1
380,1,123,1,1
380,2,64,1,1
380,3,75,1,1
380,4,96,1,1
380,5,150,1,1
380,6,23,1,1
380,7,20,1,1
380,8,73,1,1
380,9,339,1,1
380,10,227,1,1
380,11,394,1,1
380,12,368,1,1
380,13,511,1,1
380,14,122,1,1
380,15,64,1,1
381,0,96,1,1
381,1,51,1,1
381,2,29,1,1
381,3,222,1,1
381,4,185,1,1
381,5,0,1,1
381,6,67,1,1
381,7,161,1,1
381,8,87,1,1
381,9,263,1,1
381,10,226,1,1
381,11,169,1,1
381,12,327,1,1
381,13,162,1,1
381,14,285,1,1
381,15,191,1,1
382,0,48,1,1
382,1,31,1,1
382,2,11,1,1
382,3,166,1,1
382,4,196,1,1
382,5,174,1,1
382,6,0,1,1
382,7,67,1,1
382,8,2,1,1
382,9,281,1,1
382,10,168,1,1
382,11,140,1,1
382,12,304,1,1
382,13,162,1,1
382,14,0,1,1
382,15,312,1,1
383,0,45,1,1
383,1,24,1,1
383,2,5,1,1
383,3,114,1,1
383,4,139,1,1
383,5,0,1,1
383,6,38,1,1
383,7,22,1,1
383,8,61,1,1
383,9,56,1,1
383,10,161,1,1
383,11,98,1,1
383,12,299,1,1
383,13,0,1,1
383,14,50,1,1
383,15,178,1,1
384,0,31,1,1
384,1,16,1,1
384,2,12,1,1
384,3,117,1,1
384,4,151,1,1
384,5,0,1,1
384,6,127,1,1
384,7,33,1,1
384,8,16,1,1
384,9,211,1,1
384,10,133,1,1
384,11,123,1,1
384,12,227,1,1
384,13,0,1,1
384,14,0,1,1
384,15,155,1,1
385,0,27,1,1
385,1,8,1,1
385,2,5,1,1
385,3,92,1,1
385,4,129,1,1
385,5,13,1,1
385,6,0,1,1
385,7,0,1,1
385,8,50,1,1
385,9,112,1,1
385,10,98,1,1
385,11,68,1,1
385,12,155,1,1
385,13,0,1,1
385,14,0,1,1
385,15,139,1,1
386,0,154,1,1
386,1,71,1,1
386,2,30,1,1
386,3,129,1,1
386,4,169,1,1
386,5,0,1,1
386,6,0,1,1
386,7,53,1,1
386,8,37,1,1
386,9,178,1,1
386,10,411,1,1
386,11,131,1,1
386,12,149,1,1
386,13,256,1,1
386,14,94,1,1
386,15,285,1,1
387,0,305,1,1
387,1,261,1,1
387,2,58,1,1
387,3,556,1,1
387,4,254,1,1
387,5,442,1,1
387,6,223,1,1
387,7,344,1,1
387,8,260,1,1
387,9,650,1,1
387,10,617,1,1
387,11,331,1,1
387,12,960,1,1
387,13,229,1,1
387,14,0,1,1
387,15,1010,1,1
388,0,614,1,1
388,1,488,1,1
388,2,161,1,1
388,3,734,1,1
388,4,632,1,1
388,5,355,1,1
388,6,268,1,1
388,7,367,1,1
388,8,296,1,1
388,9,989,1,1
388,10,695,1,1
388,11,652,1,1
388,12,523,1,1
388,13,567,1,1
388,14,135,1,1
388,15,1424,1,1
389,0,1004,1,1
389,1,734,1,1
389,2,255,1,1
389,3,124,1,1
389,4,1,1,1
389,5,180,1,1
389,6,313,1,1
389,7,226,1,1
389,8,116,1,1
389,9,310,1,1
389,10,0,1,1
389,11,539,1,1
389,12,385,1,1
389,13,294,1,1
389,14,414,1,1
389,15,322,1,1
390,0,415,1,1
390,1,297,1,1
390,2,139,1,1
390,3,170,1,1
390,4,228,1,1
390,5,51,1,1
390,6,175,1,1
390,7,119,1,1
390,8,86,1,1
390,9,332,1,1
390,10,526,1,1
390,11,403,1,1
390,12,369,1,1
390,13,425,1,1
390,14,178,1,1
390,15,327,1,1
391,0,491,1,1
391,1,304,1,1
391,2,125,1,1
391,3,257,1,1
391,4,245,1,1
391,5,250,1,1
391,6,433,1,1
391,7,93,1,1
391,8,90,1,1
391,9,410,1,1
391,10,539,1,1
391,11,410,1,1
391,12,580,1,1
391,13,276,1,1
391,14,295,1,1
391,15,108,1,1
392,0,594,1,1
392,1,396,1,1
392,2,92,1,1
392,3,214,1,1
392,4,250,1,1
392,5,260,1,1
392,6,134,1,1
392,7,269,1,1
392,8,132,1,1
392,9,179,1,1
392,10,481,1,1
392,11,487,1,1
392,12,403,1,1
392,13,547,1,1
392,14,663,1,1
392,15,456,1,1
393,0,568,1,1
393,1,395,1,1
393,2,96,1,1
393,3,358,1,1
393,4,362,1,1
393,5,217,1,1
393,6,211,1,1
393,7,165,1,1
393,8,99,1,1
393,9,539,1,1
393,10,454,1,1
393,11,501,1,1
393,12,600,1,1
393,13,382,1,1
393,14,386,1,1
393,15,271,1,1
394,0,665,1,1
394,1,380,1,1
394,2,107,1,1
394,3,348,1,1
394,4,259,1,1
394,5,162,1,1
394,6,99,1,1
394,7,81,1,1
394,8,96,1,1
394,9,361,1,1
394,10,430,1,1
394,11,503,1,1
394,12,573,1,1
394,13,455,1,1
394,14,304,1,1
394,15,291,1,1
395,0,755,1,1
395,1,496,1,1
395,2,114,1,1
395,3,123,1,1
395,4,234,1,1
395,5,310,1,1
395,6,207,1,1
395,7,368,1,1
395,8,202,1,1
395,9,59,1,1
395,10,341,1,1
395,11,498,1,1
395,12,262,1,1
395,13,732,1,1
395,14,656,1,1
395,15,320,1,1
396,0,969,1,1
396,1,534,1,1
396,2,145,1,1
396,3,0,1,1
396,4,76,1,1
396,5,196,1,1
396,6,75,1,1
396,7,637,1,1
396,8,507,1,1
396,9,0,1,1
396,10,359,1,1
396,11,508,1,1
396,12,169,1,1
396,13,584,1,1
396,14,511,1,1
396,15,592,1,1
397,0,1024,1,1
397,1,468,1,1
397,2,149,1,1
397,3,81,1,1
397,4,0,1,1
397,5,1076,1,1
397,6,471,1,1
397,7,520,1,1
397,8,452,1,1
397,9,0,1,1
397,10,448,1,1
397,11,515,1,1
397,12,0,1,1
397,13,621,1,1
397,14,1570,1,1
397,15,21,1,1
398,0,851,1,1
398,1,341,1,1
398,2,150,1,1
398,3,0,1,1
398,4,0,1,1
398,5,753,1,1
398,6,903,1,1
398,7,778,1,1
398,8,590,1,1
398,9,0,1,1
398,10,408,1,1
398,11,470,1,1
398,12,0,1,1
398,13,710,1,1
398,14,1115,1,1
398,15,136,1,1
399,0,639,1,1
399,1,287,1,1
399,2,129,1,1
399,3,268,1,1
399,4,166,1,1
399,5,258,1,1
399,6,152,1,1
399,7,109,1,1
399,8,119,1,1
399,9,190,1,1
399,10,250,1,1
399,11,452,1,1
399,12,434,1,1
399,13,606,1,1
399,14,461,1,1
399,15,173,1,1
400,0,709,1,1
400,1,373,1,1
400,2,133,1,1
400,3,179,1,1
400,4,224,1,1
400,5,742,1,1
400,6,141,1,1
400,7,253,1,1
400,8,241,1,1
400,9,46,1,1
400,10,318,1,1
400,11,739,1,1
400,12,252,1,1
400,13,1046,1,1
400,14,576,1,1
400,15,193,1,1
401,0,560,1,1
401,1,411,1,1
401,2,191,1,1
401,3,79,1,1
401,4,159,1,1
401,5,841,1,1
401,6,553,1,1
401,7,597,1,1
401,8,190,1,1
401,9,0,1,1
401,10,311,1,1
401,11,689,1,1
401,12,514,1,1
401,13,946,1,1
401,14,1180,1,1
401,15,656,1,1
402,0,506,1,1
402,1,329,1,1
402,2,160,1,1
402,3,105,1,1
402,4,222,1,1
402,5,645,1,1
402,6,248,1,1
402,7,441,1,1
402,8,226,1,1
402,9,135,1,1
402,10,287,1,1
402,11,674,1,1
402,12,422,1,1
402,13,813,1,1
402,14,738,1,1
402,15,426,1,1
403,0,422,1,1
403,1,254,1,1
403,2,148,1,1
403,3,72,1,1
403,4,76,1,1
403,5,180,1,1
403,6,352,1,1
403,7,234,1,1
403,8,38,1,1
403,9,374,1,1
403,10,266,1,1
403,11,593,1,1
403,12,539,1,1
403,13,242,1,1
403,14,313,1,1
403,15,656,1,1
404,0,266,1,1
404,1,109,1,1
404,2,72,1,1
404,3,168,1,1
404,4,33,1,1
404,5,228,1,1
404,6,150,1,1
404,7,45,1,1
404,8,38,1,1
404,9,355,1,1
404,10,239,1,1
404,11,369,1,1
404,12,221,1,1
404,13,321,1,1
404,14,511,1,1
404,15,412,1,1
405,0,78,1,1
405,1,69,1,1
405,2,29,1,1
405,3,7,1,1
405,4,4,1,1
405,5,285,1,1
405,6,257,1,1
405,7,196,1,1
405,8,96,1,1
405,9,317,1,1
405,10,200,1,1
405,11,231,1,1
405,12,164,1,1
405,13,0,1,1
405,14,475,1,1
405,15,462,1,1
406,0,50,1,1
406,1,45,1,1
406,2,10,1,1
406,3,0,1,1
406,4,0,1,1
406,5,165,1,1
406,6,164,1,1
406,7,126,1,1
406,8,3,1,1
406,9,273,1,1
406,10,212,1,1
406,11,137,1,1
406,12,116,1,1
406,13,0,1,1
406,14,0,1,1
406,15,345,1,1
407,0,35,1,1
407,1,25,1,1
407,2,1,1,1
407,3,4,1,1
407,4,0,1,1
407,5,112,1,1
407,6,211,1,1
407,7,100,1,1
407,8,57,1,1
407,9,44,1,1
407,10,179,1,1
407,11,100,1,1
407,12,305,1,1
407,13,0,1,1
407,14,191,1,1
407,15,356,1,1
408,0,20,1,1
408,1,17,1,1
408,2,13,1,1
408,3,0,1,1
408,4,0,1,1
408,5,65,1,1
408,6,218,1,1
408,7,63,1,1
408,8,16,1,1
408,9,159,1,1
408,10,119,1,1
408,11,67,1,1
408,12,207,1,1
408,13,0,1,1
408,14,83,1,1
408,15,218,1,1
409,0,26,1,1
409,1,13,1,1
409,2,11,1,1
409,3,14,1,1
409,4,0,1,1
409,5,0,1,1
409,6,63,1,1
409,7,4,1,1
409,8,50,1,1
409,9,130,1,1
409,10,112,1,1
409,11,71,1,1
409,12,216,1,1
409,13,0,1,1
409,14,219,1,1
409,15,128,1,1
410,0,126,1,1
410,1,60,1,1
410,2,29,1,1
410,3,118,1,1
410,4,0,1,1
410,5,40,1,1
410,6,212,1,1
410,7,88,1,1
410,8,44,1,1
410,9,161,1,1
410,10,421,1,1
410,11,149,1,1
410,12,51,1,1
410,13,0,1,1
410,14,360,1,1
410,15,337,1,1
411,0,317,1,1
411,1,289,1,1
411,2,67,1,1
411,3,285,1,1
411,4,269,1,1
411,5,483,1,1
411,6,737,1,1
411,7,428,1,1
411,8,244,1,1
411,9,637,1,1
411,10,488,1,1
411,11,387,1,1
411,12,1060,1,1
411,13,0,1,1
411,14,610,1,1
411,15,1191,1,1
412,0,609,1,1
412,1,462,1,1
412,2,198,1,1
412,3,196,1,1
412,4,110,1,1
412,5,669,1,1
412,6,1291,1,1
412,7,504,1,1
412,8,314,1,1
412,9,918,1,1
412,10,692,1,1
412,11,640,1,1
412,12,791,1,1
412,13,0,1,1
412,14,1383,1,1
412,15,1673,1,1
413,0,1042,1,1
413,1,744,1,1
413,2,350,1,1
413,3,173,1,1
413,4,168,1,1
413,5,120,1,1
413,6,410,1,1
413,7,222,1,1
413,8,77,1,1
413,9,299,1,1
413,10,0,1,1
413,11,443,1,1
413,12,638,1,1
413,13,540,1,1
413,14,539,1,1
413,15,522,1,1
414,0,454,1,1
414,1,234,1,1
414,2,179,1,1
414,3,224,1,1
414,4,43,1,1
414,5,416,1,1
414,6,189,1,1
414,7,169,1,1
414,8,61,1,1
414,9,343,1,1
414,10,645,1,1
414,11,444,1,1
414,12,422,1,1
414,13,41,1,1
414,14,199,1,1
414,15,201,1,1
415,0,540,1,1
415,1,240,1,1
415,2,221,1,1
415,3,313,1,1
415,4,15,1,1
415,5,384,1,1
415,6,428,1,1
415,7,127,1,1
415,8,37,1,1
415,9,432,1,1
415,10,603,1,1
415,11,461,1,1
415,12,316,1,1
415,13,0,1,1
415,14,445,1,1
415,15,491,1,1
416,0,613,1,1
416,1,340,1,1
416,2,171,1,1
416,3,219,1,1
416,4,98,1,1
416,5,275,1,1
416,6,225,1,1
416,7,287,1,1
416,8,134,1,1
416,9,161,1,1
416,10,439,1,1
416,11,478,1,1
416,12,399,1,1
416,13,640,1,1
416,14,692,1,1
416,15,652,1,1
417,0,536,1,1
417,1,359,1,1
417,2,207,1,1
417,3,398,1,1
417,4,109,1,1
417,5,315,1,1
417,6,426,1,1
417,7,236,1,1
417,8,104,1,1
417,9,496,1,1
417,10,549,1,1
417,11,498,1,1
417,12,522,1,1
417,13,331,1,1
417,14,359,1,1
417,15,361,1,1
418,0,471,1,1
418,1,301,1,1
418,2,184,1,1
418,3,241,1,1
418,4,54,1,1
418,5,404,1,1
418,6,159,1,1
418,7,107,1,1
418,8,59,1,1
418,9,369,1,1
418,10,538,1,1
418,11,351,1,1
418,12,498,1,1
418,13,142,1,1
418,14,562,1,1
418,15,487,1,1
419,0,679,1,1
419,1,433,1,1
419,2,218,1,1
419,3,221,1,1
419,4,321,1,1
419,5,39,1,1
419,6,71,1,1
419,7,394,1,1
419,8,128,1,1
419,9,60,1,1
419,10,452,1,1
419,11,508,1,1
419,12,23,1,1
419,13,835,1,1
419,14,546,1,1
419,15,176,1,1
420,0,914,1,1
420,1,399,1,1
420,2,74,1,1
420,3,342,1,1
420,4,688,1,1
420,5,0,1,1
420,6,0,1,1
420,7,509,1,1
420,8,504,1,1
420,9,0,1,1
420,10,581,1,1
420,11,429,1,1
420,12,169,1,1
420,13,1630,1,1
420,14,256,1,1
420,15,0,1,1
421,0,1081,1,1
421,1,374,1,1
421,2,31,1,1
421,3,524,1,1
421,4,423,1,1
421,5,0,1,1
421,6,187,1,1
421,7,408,1,1
421,8,465,1,1
421,9,0,1,1
421,10,558,1,1
421,11,446,1,1
421,12,0,1,1
421,13,1215,1,1
421,14,1149,1,1
421,15,0,1,1
422,0,2016,1,1
422,1,711,1,1
422,2,41,1,1
422,3,165,1,1
422,4,727,1,1
422,5,398,1,1
422,6,340,1,1
422,7,457,1,1
422,8,536,1,1
422,9,0,1,1
422,10,625,1,1
422,11,442,1,1
422,12,679,1,1
422,13,2010,1,1
422,14,296,1,1
422,15,0,1,1
423,0,705,1,1
423,1,279,1,1
423,2,83,1,1
423,3,271,1,1
423,4,144,1,1
423,5,210,1,1
423,6,139,1,1
423,7,115,1,1
423,8,91,1,1
423,9,228,1,1
423,10,475,1,1
423,11,506,1,1
423,12,248,1,1
423,13,654,1,1
423,14,271,1,1
423,15,188,1,1
424,0,670,1,1
424,1,365,1,1
424,2,135,1,1
424,3,369,1,1
424,4,290,1,1
424,5,145,1,1
424,6,153,1,1
424,7,132,1,1
424,8,172,1,1
424,9,23,1,1
424,10,297,1,1
424,11,744,1,1
424,12,41,1,1
424,13,1242,1,1
424,14,380,1,1
424,15,41,1,1
425,0,574,1,1
425,1,447,1,1
425,2,160,1,1
425,3,387,1,1
425,4,388,1,1
425,5,29,1,1
425,6,235,1,1
425,7,537,1,1
425,8,109,1,1
425,9,22,1,1
425,10,288,1,1
425,11,744,1,1
425,12,349,1,1
425,13,1110,1,1
425,14,299,1,1
425,15,257,1,1
426,0,550,1,1
426,1,421,1,1
426,2,173,1,1
426,3,183,1,1
426,4,363,1,1
426,5,454,1,1
426,6,159,1,1
426,7,444,1,1
426,8,157,1,1
426,9,131,1,1
426,10,344,1,1
426,11,632,1,1
426,12,512,1,1
426,13,940,1,1
426,14,443,1,1
426,15,333,1,1
427,0,420,1,1
427,1,282,1,1
427,2,134,1,1
427,3,97,1,1
427,4,147,1,1
427,5,63,1,1
427,6,376,1,1
427,7,254,1,1
427,8,137,1,1
427,9,204,1,1
427,10,296,1,1
427,11,613,1,1
427,12,337,1,1
427,13,71,1,1
427,14,273,1,1
427,15,109,1,1
428,0,255,1,1
428,1,143,1,1
428,2,89,1,1
428,3,128,1,1
428,4,73,1,1
428,5,18,1,1
428,6,141,1,1
428,7,137,1,1
428,8,102,1,1
428,9,217,1,1
428,10,216,1,1
428,11,413,1,1
428,12,35,1,1
428,13,356,1,1
428,14,293,1,1
428,15,0,1,1
429,0,82,1,1
429,1,63,1,1
429,2,30,1,1
429,3,11,1,1
429,4,206,1,1
429,5,54,1,1
429,6,249,1,1
429,7,174,1,1
429,8,107,1,1
429,9,161,1,1
429,10,212,1,1
429,11,235,1,1
429,12,24,1,1
429,13,77,1,1
429,14,516,1,1
429,15,73,1,1
430,0,39,1,1
430,1,37,1,1
430,2,16,1,1
430,3,0,1,1
430,4,167,1,1
430,5,76,1,1
430,6,129,1,1
430,7,121,1,1
430,8,75,1,1
430,9,150,1,1
430,10,160,1,1
430,11,191,1,1
430,12,66,1,1
430,13,111,1,1
430,14,240,1,1
430,15,206,1,1
431,0,36,1,1
431,1,24,1,1
431,2,5,1,1
431,3,0,1,1
431,4,18,1,1
431,5,0,1,1
431,6,35,1,1
431,7,48,1,1
431,8,80,1,1
431,9,21,1,1
431,10,160,1,1
431,11,64,1,1
431,12,55,1,1
431,13,0,1,1
431,14,117,1,1
431,15,0,1,1
432,0,21,1,1
432,1,14,1,1
432,2,12,1,1
432,3,0,1,1
432,4,29,1,1
432,5,35,1,1
432,6,219,1,1
432,7,121,1,1
432,8,49,1,1
432,9,51,1,1
432,10,157,1,1
432,11,80,1,1
432,12,0,1,1
432,13,81,1,1
432,14,222,1,1
432,15,0,1,1
433,0,24,1,1
433,1,11,1,1
433,2,6,1,1
433,3,19,1,1
433,4,101,1,1
433,5,0,1,1
433,6,46,1,1
433,7,43,1,1
433,8,47,1,1
433,9,56,1,1
433,10,101,1,1
433,11,69,1,1
433,12,96,1,1
433,13,0,1,1
433,14,171,1,1
433,15,0,1,1
434,0,118,1,1
434,1,72,1,1
434,2,28,1,1
434,3,97,1,1
434,4,145,1,1
434,5,0,1,1
434,6,0,1,1
434,7,106,1,1
434,8,75,1,1
434,9,81,1,1
434,10,362,1,1
434,11,146,1,1
434,12,0,1,1
434,13,176,1,1
434,14,233,1,1
434,15,72,1,1
435,0,276,1,1
435,1,274,1,1
435,2,45,1,1
435,3,48,1,1
435,4,369,1,1
435,5,270,1,1
435,6,140,1,1
435,7,318,1,1
435,8,248,1,1
435,9,377,1,1
435,10,524,1,1
435,11,325,1,1
435,12,844,1,1
435,13,0,1,1
435,14,625,1,1
435,15,344,1,1
436,0,376,1,1
436,1,385,1,1
436,2,145,1,1
436,3,0,1,1
436,4,554,1,1
436,5,423,1,1
436,6,1177,1,1
436,7,421,1,1
436,8,283,1,1
436,9,531,1,1
436,10,657,1,1
436,11,547,1,1
436,12,52,1,1
436,13,0,1,1
436,14,1540,1,1
436,15,658,1,1
437,0,750,1,1
437,1,663,1,1
437,2,317,1,1
437,3,44,1,1
437,4,142,1,1
437,5,141,1,1
437,6,439,1,1
437,7,277,1,1
437,8,145,1,1
437,9,164,1,1
437,10,0,1,1
437,11,473,1,1
437,12,366,1,1
437,13,393,1,1
437,14,371,1,1
437,15,13,1,1
438,0,439,1,1
438,1,263,1,1
438,2,172,1,1
438,3,184,1,1
438,4,198,1,1
438,5,9,1,1
438,6,147,1,1
438,7,162,1,1
438,8,125,1,1
438,9,163,1,1
438,10,676,1,1
438,11,420,1,1
438,12,63,1,1
438,13,157,1,1
438,14,151,1,1
438,15,0,1,1
439,0,536,1,1
439,1,292,1,1
439,2,183,1,1
439,3,39,1,1
439,4,168,1,1
439,5,68,1,1
439,6,497,1,1
439,7,246,1,1
439,8,146,1,1
439,9,205,1,1
439,10,642,1,1
439,11,467,1,1
439,12,100,1,1
439,13,32,1,1
439,14,533,1,1
439,15,78,1,1
440,0,476,1,1
440,1,251,1,1
440,2,128,1,1
440,3,267,1,1
440,4,167,1,1
440,5,175,1,1
440,6,315,1,1
440,7,248,1,1
440,8,156,1,1
440,9,180,1,1
440,10,467,1,1
440,11,404,1,1
440,12,198,1,1
440,13,501,1,1
440,14,443,1,1
440,15,203,1,1
441,0,527,1,1
441,1,384,1,1
441,2,136,1,1
441,3,226,1,1
441,4,149,1,1
441,5,132,1,1
441,6,547,1,1
441,7,240,1,1
441,8,208,1,1
441,9,239,1,1
441,10,552,1,1
441,11,500,1,1
441,12,407,1,1
441,13,348,1,1
441,14,801,1,1
441,15,185,1,1
442,0,644,1,1
442,1,425,1,1
442,2,154,1,1
442,3,254,1,1
442,4,97,1,1
442,5,151,1,1
442,6,219,1,1
442,7,179,1,1
442,8,120,1,1
442,9,238,1,1
442,10,487,1,1
442,11,492,1,1
442,12,482,1,1
442,13,219,1,1
442,14,408,1,1
442,15,227,1,1
443,0,723,1,1
443,1,449,1,1
443,2,116,1,1
443,3,339,1,1
443,4,29,1,1
443,5,135,1,1
443,6,221,1,1
443,7,326,1,1
443,8,167,1,1
443,9,288,1,1
443,10,365,1,1
443,11,471,1,1
443,12,654,1,1
443,13,661,1,1
443,14,321,1,1
443,15,697,1,1
444,0,938,1,1
444,1,398,1,1
444,2,82,1,1
444,3,204,1,1
444,4,89,1,1
444,5,986,1,1
444,6,20,1,1
444,7,306,1,1
444,8,51,1,1
444,9,352,1,1
444,10,673,1,1
444,11,435,1,1
444,12,839,1,1
444,13,1503,1,1
444,14,209,1,1
444,15,1662,1,1
445,0,1153,1,1
445,1,411,1,1
445,2,40,1,1
445,3,584,1,1
445,4,211,1,1
445,5,1085,1,1
445,6,355,1,1
445,7,281,1,1
445,8,132,1,1
445,9,351,1,1
445,10,608,1,1
445,11,410,1,1
445,12,199,1,1
445,13,1599,1,1
445,14,744,1,1
445,15,1271,1,1
446,0,964,1,1
446,1,336,1,1
446,2,11,1,1
446,3,113,1,1
446,4,187,1,1
446,5,1100,1,1
446,6,180,1,1
446,7,149,1,1
446,8,99,1,1
446,9,543,1,1
446,10,553,1,1
446,11,456,1,1
446,12,902,1,1
446,13,1089,1,1
446,14,148,1,1
446,15,1541,1,1
447,0,701,1,1
447,1,318,1,1
447,2,97,1,1
447,3,264,1,1
447,4,103,1,1
447,5,197,1,1
447,6,214,1,1
447,7,190,1,1
447,8,144,1,1
447,9,237,1,1
447,10,525,1,1
447,11,390,1,1
447,12,462,1,1
447,13,646,1,1
447,14,492,1,1
447,15,223,1,1
448,0,663,1,1
448,1,388,1,1
448,2,110,1,1
448,3,404,1,1
448,4,161,1,1
448,5,140,1,1
448,6,21,1,1
448,7,192,1,1
448,8,186,1,1
448,9,261,1,1
448,10,344,1,1
448,11,780,1,1
448,12,285,1,1
448,13,945,1,1
448,14,248,1,1
448,15,719,1,1
449,0,648,1,1
449,1,441,1,1
449,2,106,1,1
449,3,428,1,1
449,4,275,1,1
449,5,437,1,1
449,6,432,1,1
449,7,322,1,1
449,8,153,1,1
449,9,215,1,1
449,10,324,1,1
449,11,760,1,1
449,12,967,1,1
449,13,1520,1,1
449,14,848,1,1
449,15,1277,1,1
450,0,553,1,1
450,1,397,1,1
450,2,145,1,1
450,3,222,1,1
450,4,118,1,1
450,5,370,1,1
450,6,267,1,1
450,7,356,1,1
450,8,170,1,1
450,9,256,1,1
450,10,329,1,1
450,11,652,1,1
450,12,496,1,1
450,13,752,1,1
450,14,541,1,1
450,15,723,1,1
451,0,507,1,1
451,1,334,1,1
451,2,156,1,1
451,3,11,1,1
451,4,72,1,1
451,5,93,1,1
451,6,143,1,1
451,7,173,1,1
451,8,76,1,1
451,9,98,1,1
451,10,324,1,1
451,11,664,1,1
451,12,417,1,1
451,13,118,1,1
451,14,250,1,1
451,15,285,1,1
452,0,277,1,1
452,1,160,1,1
452,2,112,1,1
452,3,190,1,1
452,4,47,1,1
452,5,79,1,1
452,6,30,1,1
452,7,85,1,1
452,8,48,1,1
452,9,323,1,1
452,10,316,1,1
452,11,548,1,1
452,12,243,1,1
452,13,344,1,1
452,14,406,1,1
452,15,299,1,1
453,0,122,1,1
453,1,84,1,1
453,2,34,1,1
453,3,74,1,1
453,4,11,1,1
453,5,0,1,1
453,6,65,1,1
453,7,183,1,1
453,8,119,1,1
453,9,120,1,1
453,10,241,1,1
453,11,278,1,1
453,12,299,1,1
453,13,12,1,1
453,14,492,1,1
453,15,297,1,1
454,0,51,1,1
454,1,29,1,1
454,2,11,1,1
454,3,31,1,1
454,4,72,1,1
454,5,128,1,1
454,6,0,1,1
454,7,47,1,1
454,8,19,1,1
454,9,132,1,1
454,10,196,1,1
454,11,192,1,1
454,12,136,1,1
454,13,45,1,1
454,14,348,1,1
454,15,300,1,1
455,0,26,1,1
455,1,18,1,1
455,2,2,1,1
455,3,33,1,1
455,4,0,1,1
455,5,0,1,1
455,6,64,1,1
455,7,127,1,1
455,8,58,1,1
455,9,109,1,1
455,10,161,1,1
455,11,80,1,1
455,12,257,1,1
455,13,0,1,1
455,14,315,1,1
455,15,254,1,1
456,0,16,1,1
456,1,9,1,1
456,2,11,1,1
456,3,0,1,1
456,4,0,1,1
456,5,0,1,1
456,6,177,1,1
456,7,74,1,1
456,8,36,1,1
456,9,0,1,1
456,10,118,1,1
456,11,76,1,1
456,12,14,1,1
456,13,0,1,1
456,14,131,1,1
456,15,232,1,1
457,0,13,1,1
457,1,11,1,1
457,2,10,1,1
457,3,21,1,1
457,4,0,1,1
457,5,0,1,1
457,6,0,1,1
457,7,5,1,1
457,8,47,1,1
457,9,17,1,1
457,10,112,1,1
457,11,36,1,1
457,12,71,1,1
457,13,0,1,1
457,14,128,1,1
457,15,0,1,1
458,0,84,1,1
458,1,60,1,1
458,2,35,1,1
458,3,97,1,1
458,4,30,1,1
458,5,0,1,1
458,6,0,1,1
458,7,29,1,1
458,8,12,1,1
458,9,20,1,1
458,10,339,1,1
458,11,124,1,1
458,12,0,1,1
458,13,22,1,1
458,14,210,1,1
458,15,254,1,1
459,0,169,1,1
459,1,144,1,1
459,2,47,1,1
459,3,196,1,1
459,4,0,1,1
459,5,43,1,1
459,6,0,1,1
459,7,318,1,1
459,8,102,1,1
459,9,72,1,1
459,10,478,1,1
459,11,316,1,1
459,12,640,1,1
459,13,0,1,1
459,14,375,1,1
459,15,882,1,1
460,0,400,1,1
460,1,264,1,1
460,2,110,1,1
460,3,242,1,1
460,4,0,1,1
460,5,0,1,1
460,6,687,1,1
460,7,0,1,1
460,8,298,1,1
460,9,0,1,1
460,10,644,1,1
460,11,419,1,1
460,12,113,1,1
460,13,0,1,1
460,14,807,1,1
460,15,577,1,1
461,0,272,1,1
461,1,194,1,1
461,2,146,1,1
461,3,0,1,1
461,4,0,1,1
461,5,19,1,1
461,6,148,1,1
461,7,125,1,1
461,8,50,1,1
461,9,15,1,1
461,10,0,1,1
461,11,434,1,1
461,12,188,1,1
461,13,129,1,1
461,14,218,1,1
461,15,0,1,1
462,0,352,1,1
462,1,223,1,1
462,2,89,1,1
462,3,265,1,1
462,4,64,1,1
462,5,28,1,1
462,6,45,1,1
462,7,127,1,1
462,8,6,1,1
462,9,183,1,1
462,10,506,1,1
462,11,383,1,1
462,12,271,1,1
462,13,28,1,1
462,14,246,1,1
462,15,373,1,1
463,0,435,1,1
463,1,213,1,1
463,2,79,1,1
463,3,332,1,1
463,4,6,1,1
463,5,235,1,1
463,6,322,1,1
463,7,149,1,1
463,8,0,1,1
463,9,191,1,1
463,10,427,1,1
463,11,448,1,1
463,12,268,1,1
463,13,222,1,1
463,14,665,1,1
463,15,475,1,1
464,0,715,1,1
464,1,294,1,1
464,2,156,1,1
464,3,177,1,1
464,4,277,1,1
464,5,238,1,1
464,6,130,1,1
464,7,251,1,1
464,8,172,1,1
464,9,224,1,1
464,10,258,1,1
464,11,505,1,1
464,12,317,1,1
464,13,484,1,1
464,14,532,1,1
464,15,317,1,1
465,0,978,1,1
465,1,373,1,1
465,2,120,1,1
465,3,425,1,1
465,4,160,1,1
465,5,271,1,1
465,6,225,1,1
465,7,220,1,1
465,8,109,1,1
465,9,389,1,1
465,10,475,1,1
465,11,476,1,1
465,12,634,1,1
465,13,390,1,1
465,14,603,1,1
465,15,469,1,1
466,0,711,1,1
466,1,262,1,1
466,2,157,1,1
466,3,354,1,1
466,4,66,1,1
466,5,198,1,1
466,6,76,1,1
466,7,69,1,1
466,8,47,1,1
466,9,199,1,1
466,10,352,1,1
466,11,409,1,1
466,12,502,1,1
466,13,245,1,1
466,14,659,1,1
466,15,650,1,1
467,0,671,1,1
467,1,334,1,1
467,2,86,1,1
467,3,285,1,1
467,4,340,1,1
467,5,466,1,1
467,6,10,1,1
467,7,94,1,1
467,8,52,1,1
467,9,265,1,1
467,10,472,1,1
467,11,543,1,1
467,12,628,1,1
467,13,380,1,1
467,14,458,1,1
467,15,780,1,1
468,0,747,1,1
468,1,344,1,1
468,2,85,1,1
468,3,0,1,1
468,4,736,1,1
468,5,303,1,1
468,6,302,1,1
468,7,492,1,1
468,8,489,1,1
468,9,271,1,1
468,10,457,1,1
468,11,497,1,1
468,12,223,1,1
468,13,814,1,1
468,14,349,1,1
468,15,144,1,1
469,0,767,1,1
469,1,404,1,1
469,2,127,1,1
469,3,417,1,1
469,4,301,1,1
469,5,1106,1,1
469,6,512,1,1
469,7,2,1,1
469,8,489,1,1
469,9,427,1,1
469,10,453,1,1
469,11,361,1,1
469,12,355,1,1
469,13,1363,1,1
469,14,766,1,1
469,15,189,1,1
470,0,675,1,1
470,1,325,1,1
470,2,157,1,1
470,3,0,1,1
470,4,403,1,1
470,5,662,1,1
470,6,399,1,1
470,7,149,1,1
470,8,283,1,1
470,9,798,1,1
470,10,289,1,1
470,11,498,1,1
470,12,328,1,1
470,13,1085,1,1
470,14,0,1,1
470,15,335,1,1
471,0,669,1,1
471,1,301,1,1
471,2,194,1,1
471,3,302,1,1
471,4,101,1,1
471,5,288,1,1
471,6,147,1,1
471,7,93,1,1
471,8,106,1,1
471,9,380,1,1
471,10,398,1,1
471,11,474,1,1
471,12,441,1,1
471,13,445,1,1
471,14,403,1,1
471,15,369,1,1
472,0,658,1,1
472,1,435,1,1
472,2,113,1,1
472,3,374,1,1
472,4,380,1,1
472,5,661,1,1
472,6,22,1,1
472,7,35,1,1
472,8,104,1,1
472,9,286,1,1
472,10,326,1,1
472,11,732,1,1
472,12,278,1,1
472,13,786,1,1
472,14,480,1,1
472,15,651,1,1
473,0,578,1,1
473,1,445,1,1
473,2,137,1,1
473,3,223,1,1
473,4,410,1,1
473,5,519,1,1
473,6,282,1,1
473,7,267,1,1
473,8,159,1,1
473,9,145,1,1
473,10,314,1,1
473,11,704,1,1
473,12,946,1,1
473,13,1136,1,1
473,14,792,1,1
473,15,1062,1,1
474,0,508,1,1
474,1,351,1,1
474,2,142,1,1
474,3,115,1,1
474,4,355,1,1
474,5,699,1,1
474,6,282,1,1
474,7,142,1,1
474,8,211,1,1
474,9,462,1,1
474,10,252,1,1
474,11,788,1,1
474,12,421,1,1
474,13,672,1,1
474,14,592,1,1
474,15,736,1,1
475,0,413,1,1
475,1,238,1,1
475,2,142,1,1
475,3,167,1,1
475,4,131,1,1
475,5,263,1,1
475,6,195,1,1
475,7,265,1,1
475,8,96,1,1
475,9,156,1,1
475,10,293,1,1
475,11,578,1,1
475,12,230,1,1
475,13,297,1,1
475,14,108,1,1
475,15,418,1,1
476,0,238,1,1
476,1,174,1,1
476,2,82,1,1
476,3,207,1,1
476,4,169,1,1
476,5,320,1,1
476,6,248,1,1
476,7,167,1,1
476,8,81,1,1
476,9,309,1,1
476,10,275,1,1
476,11,533,1,1
476,12,266,1,1
476,13,526,1,1
476,14,199,1,1
476,15,330,1,1
477,0,343,1,1
477,1,230,1,1
477,2,124,1,1
477,3,165,1,1
477,4,83,1,1
477,5,307,1,1
477,6,173,1,1
477,7,187,1,1
477,8,129,1,1
477,9,219,1,1
477,10,227,1,1
477,11,291,1,1
477,12,159,1,1
477,13,217,1,1
477,14,210,1,1
477,15,409,1,1
478,0,404,1,1
478,1,258,1,1
478,2,143,1,1
478,3,118,1,1
478,4,68,1,1
478,5,241,1,1
478,6,222,1,1
478,7,70,1,1
478,8,56,1,1
478,9,149,1,1
478,10,224,1,1
478,11,244,1,1
478,12,66,1,1
478,13,254,1,1
478,14,14,1,1
478,15,398,1,1
479,0,450,1,1
479,1,279,1,1
479,2,149,1,1
479,3,106,1,1
479,4,40,1,1
479,5,240,1,1
479,6,197,1,1
479,7,148,1,1
479,8,79,1,1
479,9,118,1,1
479,10,187,1,1
479,11,139,1,1
479,12,113,1,1
479,13,8,1,1
479,14,39,1,1
479,15,82,1,1
480,0,479,1,1
480,1,293,1,1
480,2,161,1,1
480,3,20,1,1
480,4,25,1,1
480,5,203,1,1
480,6,180,1,1
480,7,92,1,1
480,8,47,1,1
480,9,7,1,1
480,10,158,1,1
480,11,83,1,1
480,12,12,1,1
480,13,9,1,1
480,14,0,1,1
480,15,239,1,1
481,0,504,1,1
481,1,305,1,1
481,2,171,1,1
481,3,73,1,1
481,4,60,1,1
481,5,56,1,1
481,6,85,1,1
481,7,17,1,1
481,8,55,1,1
481,9,59,1,1
481,10,122,1,1
481,11,67,1,1
481,12,3,1,1
481,13,0,1,1
481,14,35,1,1
481,15,119,1,1
482,0,603,1,1
482,1,349,1,1
482,2,201,1,1
482,3,134,1,1
482,4,48,1,1
482,5,147,1,1
482,6,49,1,1
482,7,61,1,1
482,8,52,1,1
482,9,6,1,1
482,10,216,1,1
482,11,86,1,1
482,12,0,1,1
482,13,211,1,1
482,14,0,1,1
482,15,264,1,1
483,0,718,1,1
483,1,400,1,1
483,2,242,1,1
483,3,323,1,1
483,4,79,1,1
483,5,435,1,1
483,6,249,1,1
483,7,277,1,1
483,8,140,1,1
483,9,140,1,1
483,10,243,1,1
483,11,136,1,1
483,12,376,1,1
483,13,135,1,1
483,14,0,1,1
483,15,533,1,1
484,0,856,1,1
484,1,463,1,1
484,2,286,1,1
484,3,209,1,1
484,4,146,1,1
484,5,722,1,1
484,6,138,1,1
484,7,0,1,1
484,8,202,1,1
484,9,0,1,1
484,10,269,1,1
484,11,130,1,1
484,12,48,1,1
484,13,140,1,1
484,14,304,1,1
484,15,860,1,1
485,0,1096,1,1
485,1,554,1,1
485,2,377,1,1
485,3,44,1,1
485,4,36,1,1
485,5,98,1,1
485,6,103,1,1
485,7,89,1,1
485,8,39,1,1
485,9,27,1,1
485,10,0,1,1
485,11,226,1,1
485,12,45,1,1
485,13,197,1,1
485,14,71,1,1
485,15,2,1,1
486,0,1420,1,1
486,1,683,1,1
486,2,431,1,1
486,3,219,1,1
486,4,157,1,1
486,5,291,1,1
486,6,300,1,1
486,7,195,1,1
486,8,35,1,1
486,9,258,1,1
486,10,330,1,1
486,11,206,1,1
486,12,158,1,1
486,13,242,1,1
486,14,130,1,1
486,15,351,1,1
487,0,1713,1,1
487,1,846,1,1
487,2,501,1,1
487,3,343,1,1
487,4,199,1,1
487,5,457,1,1
487,6,480,1,1
487,7,189,1,1
487,8,27,1,1
487,9,199,1,1
487,10,400,1,1
487,11,264,1,1
487,12,192,1,1
487,13,605,1,1
487,14,148,1,1
487,15,639,1,1
488,0,2152,1,1
488,1,1079,1,1
488,2,575,1,1
488,3,266,1,1
488,4,193,1,1
488,5,373,1,1
488,6,204,1,1
488,7,282,1,1
488,8,202,1,1
488,9,202,1,1
488,10,375,1,1
488,11,377,1,1
488,12,271,1,1
488,13,638,1,1
488,14,522,1,1
488,15,440,1,1
489,0,2720,1,1
489,1,1392,1,1
489,2,651,1,1
489,3,420,1,1
489,4,322,1,1
489,5,451,1,1
489,6,522,1,1
489,7,346,1,1
489,8,207,1,1
489,9,311,1,1
489,10,435,1,1
489,11,557,1,1
489,12,576,1,1
489,13,530,1,1
489,14,491,1,1
489,15,770,1,1
490,0,605,1,1
490,1,326,1,1
490,2,63,1,1
490,3,288,1,1
490,4,180,1,1
490,5,362,1,1
490,6,280,1,1
490,7,174,1,1
490,8,82,1,1
490,9,274,1,1
490,10,282,1,1
490,11,482,1,1
490,12,503,1,1
490,13,601,1,1
490,14,407,1,1
490,15,516,1,1
491,0,652,1,1
491,1,343,1,1
491,2,97,1,1
491,3,193,1,1
491,4,203,1,1
491,5,217,1,1
491,6,417,1,1
491,7,323,1,1
491,8,56,1,1
491,9,292,1,1
491,10,350,1,1
491,11,545,1,1
491,12,854,1,1
491,13,746,1,1
491,14,824,1,1
491,15,349,1,1
492,0,693,1,1
492,1,359,1,1
492,2,120,1,1
492,3,63,1,1
492,4,334,1,1
492,5,0,1,1
492,6,235,1,1
492,7,389,1,1
492,8,223,1,1
492,9,119,1,1
492,10,344,1,1
492,11,480,1,1
492,12,611,1,1
492,13,278,1,1
492,14,1094,1,1
492,15,0,1,1
493,0,778,1,1
493,1,362,1,1
493,2,137,1,1
493,3,243,1,1
493,4,324,1,1
493,5,115,1,1
493,6,361,1,1
493,7,54,1,1
493,8,193,1,1
493,9,165,1,1
493,10,414,1,1
493,11,502,1,1
493,12,745,1,1
493,13,578,1,1
493,14,1165,1,1
493,15,354,1,1
494,0,631,1,1
494,1,343,1,1
494,2,134,1,1
494,3,0,1,1
494,4,439,1,1
494,5,226,1,1
494,6,140,1,1
494,7,0,1,1
494,8,0,1,1
494,9,296,1,1
494,10,441,1,1
494,11,497,1,1
494,12,557,1,1
494,13,194,1,1
494,14,1090,1,1
494,15,0,1,1
495,0,545,1,1
495,1,259,1,1
495,2,53,1,1
495,3,260,1,1
495,4,170,1,1
495,5,344,1,1
495,6,248,1,1
495,7,198,1,1
495,8,105,1,1
495,9,315,1,1
495,10,363,1,1
495,11,439,1,1
495,12,516,1,1
495,13,633,1,1
495,14,441,1,1
495,15,432,1,1
496,0,1039,1,1
496,1,493,1,1
496,2,159,1,1
496,3,235,1,1
496,4,283,1,1
496,5,214,1,1
496,6,171,1,1
496,7,98,1,1
496,8,96,1,1
496,9,141,1,1
496,10,288,1,1
496,11,701,1,1
496,12,589,1,1
496,13,837,1,1
496,14,482,1,1
496,15,387,1,1
497,0,652,1,1
497,1,439,1,1
497,2,165,1,1
497,3,138,1,1
497,4,392,1,1
497,5,213,1,1
497,6,657,1,1
497,7,459,1,1
497,8,108,1,1
497,9,186,1,1
497,10,333,1,1
497,11,660,1,1
497,12,1233,1,1
497,13,1172,1,1
497,14,868,1,1
497,15,497,1,1
498,0,544,1,1
498,1,328,1,1
498,2,139,1,1
498,3,147,1,1
498,4,233,1,1
498,5,363,1,1
498,6,270,1,1
498,7,272,1,1
498,8,130,1,1
498,9,273,1,1
498,10,321,1,1
498,11,611,1,1
498,12,530,1,1
498,13,743,1,1
498,14,854,1,1
498,15,642,1,1
499,0,418,1,1
499,1,212,1,1
499,2,135,1,1
499,3,124,1,1
499,4,147,1,1
499,5,232,1,1
499,6,317,1,1
499,7,165,1,1
499,8,86,1,1
499,9,231,1,1
499,10,248,1,1
499,11,570,1,1
499,12,341,1,1
499,13,588,1,1
499,14,518,1,1
499,15,451,1,1
500,0,235,1,1
500,1,95,1,1
500,2,67,1,1
500,3,119,1,1
500,4,93,1,1
500,5,232,1,1
500,6,172,1,1
500,7,69,1,1
500,8,91,1,1
500,9,192,1,1
500,10,222,1,1
500,11,461,1,1
500,12,222,1,1
500,13,416,1,1
500,14,459,1,1
500,15,307,1,1
501,0,84,1,1
501,1,38,1,1
501,2,36,1,1
501,3,37,1,1
501,4,103,1,1
501,5,282,1,1
501,6,217,1,1
501,7,145,1,1
501,8,98,1,1
501,9,139,1,1
501,10,218,1,1
501,11,216,1,1
501,12,255,1,1
501,13,302,1,1
501,14,427,1,1
501,15,292,1,1
502,0,57,1,1
502,1,32,1,1
502,2,12,1,1
502,3,22,1,1
502,4,40,1,1
502,5,152,1,1
502,6,152,1,1
502,7,38,1,1
502,8,53,1,1
502,9,127,1,1
502,10,185,1,1
502,11,205,1,1
502,12,192,1,1
502,13,223,1,1
502,14,317,1,1
502,15,224,1,1
503,0,20,1,1
503,1,25,1,1
503,2,6,1,1
503,3,25,1,1
503,4,35,1,1
503,5,155,1,1
503,6,132,1,1
503,7,38,1,1
503,8,50,1,1
503,9,54,1,1
503,10,158,1,1
503,11,104,1,1
503,12,198,1,1
503,13,136,1,1
503,14,256,1,1
503,15,246,1,1
504,0,14,1,1
504,1,13,1,1
504,2,15,1,1
504,3,0,1,1
504,4,26,1,1
504,5,142,1,1
504,6,154,1,1
504,7,56,1,1
504,8,5,1,1
504,9,77,1,1
504,10,103,1,1
504,11,104,1,1
504,12,140,1,1
504,13,185,1,1
504,14,138,1,1
504,15,190,1,1
505,0,22,1,1
505,1,19,1,1
505,2,9,1,1
505,3,24,1,1
505,4,24,1,1
505,5,15,1,1
505,6,81,1,1
505,7,6,1,1
505,8,19,1,1
505,9,101,1,1
505,10,102,1,1
505,11,70,1,1
505,12,82,1,1
505,13,41,1,1
505,14,140,1,1
505,15,91,1,1
506,0,151,1,1
506,1,58,1,1
506,2,18,1,1
506,3,94,1,1
506,4,64,1,1
506,5,99,1,1
506,6,145,1,1
506,7,43,1,1
506,8,24,1,1
506,9,65,1,1
506,10,434,1,1
506,11,190,1,1
506,12,149,1,1
506,13,225,1,1
506,14,273,1,1
506,15,236,1,1
507,0,343,1,1
507,1,314,1,1
507,2,62,1,1
507,3,283,1,1
507,4,335,1,1
507,5,473,1,1
507,6,533,1,1
507,7,306,1,1
507,8,165,1,1
507,9,320,1,1
507,10,592,1,1
507,11,340,1,1
507,12,630,1,1
507,13,676,1,1
507,14,655,1,1
507,15,880,1,1
508,0,588,1,1
508,1,513,1,1
508,2,205,1,1
508,3,176,1,1
508,4,283,1,1
508,5,740,1,1
508,6,1002,1,1
508,7,333,1,1
508,8,221,1,1
508,9,476,1,1
508,10,833,1,1
508,11,557,1,1
508,12,610,1,1
508,13,1329,1,1
508,14,1195,1,1
508,15,775,1,1
509,0,455,1,1
509,1,300,1,1
509,2,161,1,1
509,3,186,1,1
509,4,186,1,1
509,5,160,1,1
509,6,336,1,1
509,7,234,1,1
509,8,141,1,1
509,9,143,1,1
509,10,0,1,1
509,11,484,1,1
509,12,433,1,1
509,13,301,1,1
509,14,345,1,1
509,15,285,1,1
510,0,475,1,1
510,1,266,1,1
510,2,202,1,1
510,3,149,1,1
510,4,129,1,1
510,5,306,1,1
510,6,214,1,1
510,7,87,1,1
510,8,116,1,1
510,9,158,1,1
510,10,660,1,1
510,11,431,1,1
510,12,214,1,1
510,13,459,1,1
510,14,450,1,1
510,15,198,1,1
511,0,600,1,1
511,1,289,1,1
511,2,163,1,1
511,3,192,1,1
511,4,151,1,1
511,5,347,1,1
511,6,361,1,1
511,7,221,1,1
511,8,132,1,1
511,9,184,1,1
511,10,496,1,1
511,11,498,1,1
511,12,353,1,1
511,13,461,1,1
511,14,707,1,1
511,15,454,1,1
512,0,695,1,1
512,1,361,1,1
512,2,104,1,1
512,3,207,1,1
512,4,136,1,1
512,5,288,1,1
512,6,231,1,1
512,7,224,1,1
512,8,159,1,1
512,9,141,1,1
512,10,416,1,1
512,11,504,1,1
512,12,352,1,1
512,13,536,1,1
512,14,588,1,1
512,15,404,1,1
513,0,641,1,1
513,1,392,1,1
513,2,111,1,1
513,3,286,1,1
513,4,206,1,1
513,5,326,1,1
513,6,420,1,1
513,7,237,1,1
513,8,195,1,1
513,9,222,1,1
513,10,510,1,1
513,11,607,1,1
513,12,427,1,1
513,13,620,1,1
513,14,568,1,1
513,15,483,1,1
514,0,774,1,1
514,1,427,1,1
514,2,84,1,1
514,3,183,1,1
514,4,111,1,1
514,5,355,1,1
514,6,203,1,1
514,7,165,1,1
514,8,116,1,1
514,9,243,1,1
514,10,391,1,1
514,11,458,1,1
514,12,383,1,1
514,13,492,1,1
514,14,626,1,1
514,15,336,1,1
515,0,797,1,1
515,1,482,1,1
515,2,115,1,1
515,3,223,1,1
515,4,206,1,1
515,5,143,1,1
515,6,252,1,1
515,7,355,1,1
515,8,209,1,1
515,9,185,1,1
515,10,297,1,1
515,11,508,1,1
515,12,352,1,1
515,13,321,1,1
515,14,268,1,1
515,15,421,1,1
516,0,951,1,1
516,1,503,1,1
516,2,53,1,1
516,3,356,1,1
516,4,424,1,1
516,5,257,1,1
516,6,92,1,1
516,7,496,1,1
516,8,350,1,1
516,9,154,1,1
516,10,373,1,1
516,11,470,1,1
516,12,377,1,1
516,13,121,1,1
516,14,129,1,1
516,15,452,1,1
517,0,1234,1,1
517,1,447,1,1
517,2,18,1,1
517,3,438,1,1
517,4,303,1,1
517,5,164,1,1
517,6,277,1,1
517,7,360,1,1
517,8,372,1,1
517,9,215,1,1
517,10,622,1,1
517,11,442,1,1
517,12,283,1,1
517,13,548,1,1
517,14,455,1,1
517,15,356,1,1
518,0,2302,1,1
518,1,777,1,1
518,2,20,1,1
518,3,313,1,1
518,4,482,1,1
518,5,432,1,1
518,6,294,1,1
518,7,337,1,1
518,8,406,1,1
518,9,277,1,1
518,10,433,1,1
518,11,398,1,1
518,12,731,1,1
518,13,895,1,1
518,14,412,1,1
518,15,927,1,1
519,0,651,1,1
519,1,313,1,1
519,2,64,1,1
519,3,221,1,1
519,4,168,1,1
519,5,289,1,1
519,6,196,1,1
519,7,229,1,1
519,8,147,1,1
519,9,169,1,1
519,10,496,1,1
519,11,406,1,1
519,12,320,1,1
519,13,440,1,1
519,14,424,1,1
519,15,372,1,1
520,0,660,1,1
520,1,340,1,1
520,2,129,1,1
520,3,314,1,1
520,4,207,1,1
520,5,194,1,1
520,6,289,1,1
520,7,293,1,1
520,8,279,1,1
520,9,103,1,1
520,10,296,1,1
520,11,677,1,1
520,12,289,1,1
520,13,624,1,1
520,14,335,1,1
520,15,514,1,1
521,0,565,1,1
521,1,416,1,1
521,2,166,1,1
521,3,370,1,1
521,4,342,1,1
521,5,176,1,1
521,6,375,1,1
521,7,513,1,1
521,8,291,1,1
521,9,153,1,1
521,10,313,1,1
521,11,702,1,1
521,12,535,1,1
521,13,607,1,1
521,14,380,1,1
521,15,618,1,1
522,0,524,1,1
522,1,349,1,1
522,2,161,1,1
522,3,247,1,1
522,4,241,1,1
522,5,380,1,1
522,6,228,1,1
522,7,422,1,1
522,8,225,1,1
522,9,182,1,1
522,10,281,1,1
522,11,644,1,1
522,12,419,1,1
522,13,544,1,1
522,14,536,1,1
522,15,520,1,1
523,0,484,1,1
523,1,364,1,1
523,2,129,1,1
523,3,69,1,1
523,4,187,1,1
523,5,252,1,1
523,6,183,1,1
523,7,99,1,1
523,8,74,1,1
523,9,236,1,1
523,10,313,1,1
523,11,640,1,1
523,12,336,1,1
523,13,825,1,1
523,14,349,1,1
523,15,665,1,1
524,0,302,1,1
524,1,114,1,1
524,2,77,1,1
524,3,87,1,1
524,4,116,1,1
524,5,83,1,1
524,6,54,1,1
524,7,3,1,1
524,8,79,1,1
524,9,207,1,1
524,10,250,1,1
524,11,479,1,1
524,12,264,1,1
524,13,666,1,1
524,14,547,1,1
524,15,491,1,1
525,0,101,1,1
525,1,53,1,1
525,2,18,1,1
525,3,23,1,1
525,4,172,1,1
525,5,170,1,1
525,6,130,1,1
525,7,115,1,1
525,8,93,1,1
525,9,100,1,1
525,10,193,1,1
525,11,202,1,1
525,12,290,1,1
525,13,455,1,1
525,14,438,1,1
525,15,378,1,1
526,0,40,1,1
526,1,28,1,1
526,2,4,1,1
526,3,13,1,1
526,4,135,1,1
526,5,189,1,1
526,6,14,1,1
526,7,0,1,1
526,8,23,1,1
526,9,177,1,1
526,10,191,1,1
526,11,160,1,1
526,12,247,1,1
526,13,365,1,1
526,14,116,1,1
526,15,382,1,1
527,0,31,1,1
527,1,28,1,1
527,2,3,1,1
527,3,32,1,1
527,4,13,1,1
527,5,59,1,1
527,6,0,1,1
527,7,0,1,1
527,8,43,1,1
527,9,54,1,1
527,10,156,1,1
527,11,103,1,1
527,12,243,1,1
527,13,278,1,1
527,14,226,1,1
527,15,358,1,1
528,0,15,1,1
528,1,18,1,1
528,2,3,1,1
528,3,0,1,1
528,4,56,1,1
528,5,62,1,1
528,6,141,1,1
528,7,0,1,1
528,8,13,1,1
528,9,137,1,1
528,10,137,1,1
528,11,94,1,1
528,12,198,1,1
528,13,306,1,1
528,14,0,1,1
528,15,283,1,1
529,0,35,1,1
529,1,9,1,1
529,2,12,1,1
529,3,0,1,1
529,4,103,1,1
529,5,0,1,1
529,6,13,1,1
529,7,0,1,1
529,8,38,1,1
529,9,60,1,1
529,10,96,1,1
529,11,58,1,1
529,12,88,1,1
529,13,9,1,1
529,14,68,1,1
529,15,212,1,1
530,0,172,1,1
530,1,95,1,1
530,2,53,1,1
530,3,57,1,1
530,4,137,1,1
530,5,59,1,1
530,6,7,1,1
530,7,0,1,1
530,8,24,1,1
530,9,94,1,1
530,10,481,1,1
530,11,122,1,1
530,12,176,1,1
530,13,474,1,1
530,14,220,1,1
530,15,407,1,1
531,0,305,1,1
531,1,302,1,1
531,2,75,1,1
531,3,192,1,1
531,4,347,1,1
531,5,304,1,1
531,6,23,1,1
531,7,140,1,1
531,8,173,1,1
531,9,508,1,1
531,10,530,1,1
531,11,385,1,1
531,12,769,1,1
531,13,1062,1,1
531,14,252,1,1
531,15,1089,1,1
532,0,646,1,1
532,1,477,1,1
532,2,188,1,1
532,3,115,1,1
532,4,393,1,1
532,5,408,1,1
532,6,886,1,1
532,7,191,1,1
532,8,304,1,1
532,9,494,1,1
532,10,680,1,1
532,11,520,1,1
532,12,723,1,1
532,13,1767,1,1
532,14,800,1,1
532,15,1400,1,1
533,0,473,1,1
533,1,259,1,1
533,2,172,1,1
533,3,115,1,1
533,4,136,1,1
533,5,170,1,1
533,6,282,1,1
533,7,258,1,1
533,8,131,1,1
533,9,140,1,1
533,10,0,1,1
533,11,442,1,1
533,12,450,1,1
533,13,209,1,1
533,14,342,1,1
533,15,407,1,1
534,0,462,1,1
534,1,260,1,1
534,2,190,1,1
534,3,165,1,1
534,4,154,1,1
534,5,133,1,1
534,6,118,1,1
534,7,33,1,1
534,8,109,1,1
534,9,170,1,1
534,10,646,1,1
534,11,425,1,1
534,12,230,1,1
534,13,745,1,1
534,14,418,1,1
534,15,362,1,1
535,0,614,1,1
535,1,285,1,1
535,2,179,1,1
535,3,98,1,1
535,4,156,1,1
535,5,282,1,1
535,6,261,1,1
535,7,113,1,1
535,8,96,1,1
535,9,188,1,1
535,10,629,1,1
535,11,437,1,1
535,12,423,1,1
535,13,905,1,1
535,14,312,1,1
535,15,717,1,1
536,0,640,1,1
536,1,337,1,1
536,2,206,1,1
536,3,198,1,1
536,4,223,1,1
536,5,294,1,1
536,6,140,1,1
536,7,212,1,1
536,8,163,1,1
536,9,135,1,1
536,10,559,1,1
536,11,489,1,1
536,12,450,1,1
536,13,718,1,1
536,14,712,1,1
536,15,593,1,1
537,0,631,1,1
537,1,368,1,1
537,2,186,1,1
537,3,247,1,1
537,4,181,1,1
537,5,253,1,1
537,6,305,1,1
537,7,138,1,1
537,8,152,1,1
537,9,299,1,1
537,10,455,1,1
537,11,452,1,1
537,12,415,1,1
537,13,704,1,1
537,14,418,1,1
537,15,797,1,1
538,0,615,1,1
538,1,368,1,1
538,2,250,1,1
538,3,262,1,1
538,4,160,1,1
538,5,255,1,1
538,6,120,1,1
538,7,83,1,1
538,8,66,1,1
538,9,238,1,1
538,10,609,1,1
538,11,451,1,1
538,12,411,1,1
538,13,777,1,1
538,14,677,1,1
538,15,499,1,1
539,0,744,1,1
539,1,387,1,1
539,2,287,1,1
539,3,281,1,1
539,4,186,1,1
539,5,205,1,1
539,6,251,1,1
539,7,437,1,1
539,8,165,1,1
539,9,154,1,1
539,10,662,1,1
539,11,432,1,1
539,12,214,1,1
539,13,205,1,1
539,14,451,1,1
539,15,77,1,1
540,0,861,1,1
540,1,368,1,1
540,2,103,1,1
540,3,329,1,1
540,4,352,1,1
540,5,408,1,1
540,6,301,1,1
540,7,706,1,1
540,8,502,1,1
540,9,0,1,1
540,10,581,1,1
540,11,420,1,1
540,12,429,1,1
540,13,0,1,1
540,14,177,1,1
540,15,0,1,1
541,0,1220,1,1
541,1,383,1,1
541,2,37,1,1
541,3,556,1,1
541,4,259,1,1
541,5,865,1,1
541,6,555,1,1
541,7,621,1,1
541,8,464,1,1
541,9,172,1,1
541,10,575,1,1
541,11,449,1,1
541,12,327,1,1
541,13,0,1,1
541,14,498,1,1
541,15,0,1,1
542,0,2150,1,1
542,1,711,1,1
542,2,42,1,1
542,3,311,1,1
542,4,401,1,1
542,5,397,1,1
542,6,642,1,1
542,7,774,1,1
542,8,643,1,1
542,9,220,1,1
542,10,558,1,1
542,11,396,1,1
542,12,644,1,1
542,13,0,1,1
542,14,447,1,1
542,15,0,1,1
543,0,646,1,1
543,1,307,1,1
543,2,61,1,1
543,3,241,1,1
543,4,170,1,1
543,5,268,1,1
543,6,199,1,1
543,7,183,1,1
543,8,123,1,1
543,9,163,1,1
543,10,547,1,1
543,11,464,1,1
543,12,312,1,1
543,13,560,1,1
543,14,457,1,1
543,15,372,1,1
544,0,769,1,1
544,1,396,1,1
544,2,125,1,1
544,3,377,1,1
544,4,201,1,1
544,5,303,1,1
544,6,262,1,1
544,7,373,1,1
544,8,296,1,1
544,9,136,1,1
544,10,369,1,1
544,11,728,1,1
544,12,105,1,1
544,13,755,1,1
544,14,289,1,1
544,15,413,1,1
545,0,649,1,1
545,1,416,1,1
545,2,102,1,1
545,3,453,1,1
545,4,232,1,1
545,5,565,1,1
545,6,508,1,1
545,7,659,1,1
545,8,236,1,1
545,9,60,1,1
545,10,361,1,1
545,11,651,1,1
545,12,447,1,1
545,13,309,1,1
545,14,304,1,1
545,15,247,1,1
546,0,567,1,1
546,1,368,1,1
546,2,174,1,1
546,3,228,1,1
546,4,199,1,1
546,5,511,1,1
546,6,247,1,1
546,7,451,1,1
546,8,275,1,1
546,9,192,1,1
546,10,291,1,1
546,11,675,1,1
546,12,358,1,1
546,13,526,1,1
546,14,705,1,1
546,15,437,1,1
547,0,442,1,1
547,1,243,1,1
547,2,157,1,1
547,3,178,1,1
547,4,183,1,1
547,5,326,1,1
547,6,159,1,1
547,7,277,1,1
547,8,106,1,1
547,9,166,1,1
547,10,318,1,1
547,11,494,1,1
547,12,252,1,1
547,13,361,1,1
547,14,261,1,1
547,15,473,1,1
548,0,288,1,1
548,1,120,1,1
548,2,76,1,1
548,3,82,1,1
548,4,171,1,1
548,5,236,1,1
548,6,91,1,1
548,7,134,1,1
548,8,37,1,1
548,9,258,1,1
548,10,265,1,1
548,11,354,1,1
548,12,133,1,1
548,13,433,1,1
548,14,222,1,1
548,15,189,1,1
549,0,88,1,1
549,1,75,1,1
549,2,33,1,1
549,3,176,1,1
549,4,176,1,1
549,5,158,1,1
549,6,113,1,1
549,7,211,1,1
549,8,115,1,1
549,9,166,1,1
549,10,210,1,1
549,11,189,1,1
549,12,62,1,1
549,13,211,1,1
549,14,261,1,1
549,15,311,1,1
550,0,42,1,1
550,1,18,1,1
550,2,5,1,1
550,3,118,1,1
550,4,101,1,1
550,5,247,1,1
550,6,68,1,1
550,7,131,1,1
550,8,7,1,1
550,9,154,1,1
550,10,174,1,1
550,11,80,1,1
550,12,53,1,1
550,13,299,1,1
550,14,27,1,1
550,15,312,1,1
551,0,26,1,1
551,1,16,1,1
551,2,4,1,1
551,3,103,1,1
551,4,143,1,1
551,5,160,1,1
551,6,107,1,1
551,7,138,1,1
551,8,57,1,1
551,9,108,1,1
551,10,156,1,1
551,11,33,1,1
551,12,41,1,1
551,13,114,1,1
551,14,0,1,1
551,15,50,1,1
552,0,15,1,1
552,1,9,1,1
552,2,2,1,1
552,3,73,1,1
552,4,111,1,1
552,5,127,1,1
552,6,115,1,1
552,7,143,1,1
552,8,56,1,1
552,9,0,1,1
552,10,110,1,1
552,11,53,1,1
552,12,21,1,1
552,13,105,1,1
552,14,31,1,1
552,15,202,1,1
553,0,29,1,1
553,1,15,1,1
553,2,7,1,1
553,3,69,1,1
553,4,88,1,1
553,5,102,1,1
553,6,67,1,1
553,7,43,1,1
553,8,48,1,1
553,9,56,1,1
553,10,140,1,1
553,11,37,1,1
553,12,46,1,1
553,13,24,1,1
553,14,135,1,1
553,15,65,1,1
554,0,156,1,1
554,1,84,1,1
554,2,52,1,1
554,3,106,1,1
554,4,126,1,1
554,5,179,1,1
554,6,73,1,1
554,7,127,1,1
554,8,35,1,1
554,9,70,1,1
554,10,457,1,1
554,11,126,1,1
554,12,29,1,1
554,13,202,1,1
554,14,71,1,1
554,15,223,1,1
555,0,304,1,1
555,1,260,1,1
555,2,66,1,1
555,3,490,1,1
555,4,377,1,1
555,5,531,1,1
555,6,243,1,1
555,7,482,1,1
555,8,197,1,1
555,9,344,1,1
555,10,520,1,1
555,11,308,1,1
555,12,502,1,1
555,13,307,1,1
555,14,268,1,1
555,15,571,1,1
556,0,618,1,1
556,1,417,1,1
556,2,187,1,1
556,3,557,1,1
556,4,428,1,1
556,5,869,1,1
556,6,509,1,1
556,7,379,1,1
556,8,429,1,1
556,9,567,1,1
556,10,741,1,1
556,11,600,1,1
556,12,513,1,1
556,13,469,1,1
556,14,1062,1,1
556,15,1106,1,1
557,0,410,1,1
557,1,277,1,1
557,2,179,1,1
557,3,170,1,1
557,4,96,1,1
557,5,256,1,1
557,6,225,1,1
557,7,264,1,1
557,8,149,1,1
557,9,150,1,1
557,10,0,1,1
557,11,499,1,1
557,12,319,1,1
557,13,393,1,1
557,14,338,1,1
557,15,250,1,1
558,0,444,1,1
558,1,279,1,1
558,2,175,1,1
558,3,118,1,1
558,4,212,1,1
558,5,310,1,1
558,6,221,1,1
558,7,178,1,1
558,8,16,1,1
558,9,242,1,1
558,10,632,1,1
558,11,403,1,1
558,12,160,1,1
558,13,277,1,1
558,14,158,1,1
558,15,274,1,1
559,0,508,1,1
559,1,233,1,1
559,2,210,1,1
559,3,199,1,1
559,4,251,1,1
559,5,484,1,1
559,6,306,1,1
559,7,236,1,1
559,8,6,1,1
559,9,283,1,1
559,10,576,1,1
559,11,395,1,1
559,12,137,1,1
559,13,344,1,1
559,14,307,1,1
559,15,462,1,1
560,0,568,1,1
560,1,324,1,1
560,2,181,1,1
560,3,224,1,1
560,4,226,1,1
560,5,318,1,1
560,6,130,1,1
560,7,255,1,1
560,8,115,1,1
560,9,185,1,1
560,10,572,1,1
560,11,413,1,1
560,12,258,1,1
560,13,540,1,1
560,14,385,1,1
560,15,392,1,1
561,0,546,1,1
561,1,379,1,1
561,2,269,1,1
561,3,335,1,1
561,4,347,1,1
561,5,335,1,1
561,6,292,1,1
561,7,207,1,1
561,8,89,1,1
561,9,221,1,1
561,10,608,1,1
561,11,421,1,1
561,12,390,1,1
561,13,498,1,1
561,14,481,1,1
561,15,579,1,1
562,0,589,1,1
562,1,346,1,1
562,2,284,1,1
562,3,270,1,1
562,4,233,1,1
562,5,377,1,1
562,6,131,1,1
562,7,121,1,1
562,8,43,1,1
562,9,223,1,1
562,10,510,1,1
562,11,457,1,1
562,12,399,1,1
562,13,359,1,1
562,14,404,1,1
562,15,391,1,1
563,0,693,1,1
563,1,406,1,1
563,2,261,1,1
563,3,179,1,1
563,4,277,1,1
563,5,266,1,1
563,6,283,1,1
563,7,93,1,1
563,8,65,1,1
563,9,251,1,1
563,10,534,1,1
563,11,512,1,1
563,12,691,1,1
563,13,579,1,1
563,14,561,1,1
563,15,382,1,1
564,0,863,1,1
564,1,384,1,1
564,2,123,1,1
564,3,142,1,1
564,4,161,1,1
564,5,246,1,1
564,6,177,1,1
564,7,377,1,1
564,8,280,1,1
564,9,235,1,1
564,10,689,1,1
564,11,405,1,1
564,12,804,1,1
564,13,776,1,1
564,14,970,1,1
564,15,327,1,1
565,0,1161,1,1
565,1,379,1,1
565,2,45,1,1
565,3,344,1,1
565,4,65,1,1
565,5,479,1,1
565,6,421,1,1
565,7,42,1,1
565,8,361,1,1
565,9,401,1,1
565,10,557,1,1
565,11,423,1,1
565,12,741,1,1
565,13,829,1,1
565,14,728,1,1
565,15,586,1,1
566,0,2264,1,1
566,1,778,1,1
566,2,60,1,1
566,3,179,1,1
566,4,113,1,1
566,5,327,1,1
566,6,764,1,1
566,7,56,1,1
566,8,392,1,1
566,9,692,1,1
566,10,495,1,1
566,11,397,1,1
566,12,1071,1,1
566,13,866,1,1
566,14,996,1,1
566,15,415,1,1
567,0,705,1,1
567,1,376,1,1
567,2,75,1,1
567,3,247,1,1
567,4,196,1,1
567,5,316,1,1
567,6,170,1,1
567,7,83,1,1
567,8,95,1,1
567,9,398,1,1
567,10,484,1,1
567,11,443,1,1
567,12,421,1,1
567,13,569,1,1
567,14,426,1,1
567,15,411,1,1
568,0,738,1,1
568,1,386,1,1
568,2,99,1,1
568,3,228,1,1
568,4,190,1,1
568,5,424,1,1
568,6,253,1,1
568,7,31,1,1
568,8,104,1,1
568,9,478,1,1
568,10,259,1,1
568,11,746,1,1
568,12,421,1,1
568,13,820,1,1
568,14,446,1,1
568,15,421,1,1
569,0,629,1,1
569,1,449,1,1
569,2,131,1,1
569,3,164,1,1
569,4,227,1,1
569,5,553,1,1
569,6,517,1,1
569,7,178,1,1
569,8,93,1,1
569,9,201,1,1
569,10,325,1,1
569,11,725,1,1
569,12,881,1,1
569,13,1161,1,1
569,14,781,1,1
569,15,659,1,1
570,0,576,1,1
570,1,393,1,1
570,2,168,1,1
570,3,164,1,1
570,4,217,1,1
570,5,416,1,1
570,6,302,1,1
570,7,177,1,1
570,8,162,1,1
570,9,483,1,1
570,10,285,1,1
570,11,656,1,1
570,12,590,1,1
570,13,791,1,1
570,14,703,1,1
570,15,587,1,1
571,0,509,1,1
571,1,345,1,1
571,2,140,1,1
571,3,214,1,1
571,4,182,1,1
571,5,192,1,1
571,6,253,1,1
571,7,61,1,1
571,8,23,1,1
571,9,347,1,1
571,10,289,1,1
571,11,635,1,1
571,12,174,1,1
571,13,424,1,1
571,14,30,1,1
571,15,383,1,1
572,0,330,1,1
572,1,164,1,1
572,2,109,1,1
572,3,76,1,1
572,4,110,1,1
572,5,135,1,1
572,6,89,1,1
572,7,0,1,1
572,8,16,1,1
572,9,292,1,1
572,10,283,1,1
572,11,466,1,1
572,12,96,1,1
572,13,705,1,1
572,14,32,1,1
572,15,0,1,1
573,0,104,1,1
573,1,53,1,1
573,2,19,1,1
573,3,185,1,1
573,4,211,1,1
573,5,51,1,1
573,6,137,1,1
573,7,162,1,1
573,8,72,1,1
573,9,150,1,1
573,10,190,1,1
573,11,215,1,1
573,12,83,1,1
573,13,457,1,1
573,14,260,1,1
573,15,172,1,1
574,0,56,1,1
574,1,41,1,1
574,2,17,1,1
574,3,149,1,1
574,4,167,1,1
574,5,127,1,1
574,6,28,1,1
574,7,20,1,1
574,8,0,1,1
574,9,272,1,1
574,10,205,1,1
574,11,168,1,1
574,12,61,1,1
574,13,428,1,1
574,14,0,1,1
574,15,366,1,1
575,0,42,1,1
575,1,26,1,1
575,2,8,1,1
575,3,93,1,1
575,4,129,1,1
575,5,13,1,1
575,6,83,1,1
575,7,29,1,1
575,8,16,1,1
575,9,0,1,1
575,10,208,1,1
575,11,137,1,1
575,12,36,1,1
575,13,40,1,1
575,14,0,1,1
575,15,0,1,1
576,0,26,1,1
576,1,10,1,1
576,2,7,1,1
576,3,94,1,1
576,4,149,1,1
576,5,22,1,1
576,6,148,1,1
576,7,8,1,1
576,8,0,1,1
576,9,181,1,1
576,10,155,1,1
576,11,103,1,1
576,12,89,1,1
576,13,111,1,1
576,14,0,1,1
576,15,33,1,1
577,0,21,1,1
577,1,11,1,1
577,2,16,1,1
577,3,76,1,1
577,4,115,1,1
577,5,10,1,1
577,6,0,1,1
577,7,0,1,1
577,8,19,1,1
577,9,107,1,1
577,10,132,1,1
577,11,58,1,1
577,12,36,1,1
577,13,0,1,1
577,14,0,1,1
577,15,119,1,1
578,0,171,1,1
578,1,83,1,1
578,2,57,1,1
578,3,129,1,1
578,4,167,1,1
578,5,38,1,1
578,6,52,1,1
578,7,44,1,1
578,8,0,1,1
578,9,119,1,1
578,10,468,1,1
578,11,125,1,1
578,12,0,1,1
578,13,504,1,1
578,14,0,1,1
578,15,366,1,1
579,0,284,1,1
579,1,285,1,1
579,2,71,1,1
579,3,499,1,1
579,4,415,1,1
579,5,483,1,1
579,6,358,1,1
579,7,482,1,1
579,8,134,1,1
579,9,607,1,1
579,10,553,1,1
579,11,351,1,1
579,12,869,1,1
579,13,225,1,1
579,14,0,1,1
579,15,429,1,1
580,0,531,1,1
580,1,438,1,1
580,2,190,1,1
580,3,496,1,1
580,4,571,1,1
580,5,475,1,1
580,6,361,1,1
580,7,386,1,1
580,8,202,1,1
580,9,777,1,1
580,10,722,1,1
580,11,542,1,1
580,12,72,1,1
580,13,338,1,1
580,14,36,1,1
580,15,1396,1,1
581,0,912,1,1
581,1,712,1,1
581,2,357,1,1
581,3,168,1,1
581,4,79,1,1
581,5,254,1,1
581,6,295,1,1
581,7,232,1,1
581,8,101,1,1
581,9,271,1,1
581,10,0,1,1
581,11,500,1,1
581,12,303,1,1
581,13,405,1,1
581,14,288,1,1
581,15,287,1,1
582,0,495,1,1
582,1,280,1,1
582,2,199,1,1
582,3,148,1,1
582,4,217,1,1
582,5,131,1,1
582,6,160,1,1
582,7,11,1,1
582,8,37,1,1
582,9,202,1,1
582,10,597,1,1
582,11,438,1,1
582,12,51,1,1
582,13,730,1,1
582,14,38,1,1
582,15,72,1,1
583,0,594,1,1
583,1,301,1,1
583,2,187,1,1
583,3,210,1,1
583,4,280,1,1
583,5,306,1,1
583,6,444,1,1
583,7,125,1,1
583,8,6,1,1
583,9,263,1,1
583,10,655,1,1
583,11,458,1,1
583,12,286,1,1
583,13,807,1,1
583,14,0,1,1
583,15,118,1,1
584,0,560,1,1
584,1,263,1,1
584,2,168,1,1
584,3,209,1,1
584,4,204,1,1
584,5,254,1,1
584,6,180,1,1
584,7,227,1,1
584,8,135,1,1
584,9,123,1,1
584,10,430,1,1
584,11,416,1,1
584,12,191,1,1
584,13,717,1,1
584,14,583,1,1
584,15,304,1,1
585,0,594,1,1
585,1,367,1,1
585,2,157,1,1
585,3,262,1,1
585,4,341,1,1
585,5,192,1,1
585,6,333,1,1
585,7,171,1,1
585,8,66,1,1
585,9,391,1,1
585,10,502,1,1
585,11,485,1,1
585,12,420,1,1
585,13,576,1,1
585,14,611,1,1
585,15,527,1,1
586,0,734,1,1
586,1,384,1,1
586,2,230,1,1
586,3,311,1,1
586,4,225,1,1
586,5,213,1,1
586,6,159,1,1
586,7,42,1,1
586,8,49,1,1
586,9,338,1,1
586,10,634,1,1
586,11,532,1,1
586,12,526,1,1
586,13,824,1,1
586,14,147,1,1
586,15,131,1,1
587,0,768,1,1
587,1,433,1,1
587,2,204,1,1
587,3,129,1,1
587,4,157,1,1
587,5,228,1,1
587,6,220,1,1
587,7,151,1,1
587,8,244,1,1
587,9,17,1,1
587,10,456,1,1
587,11,534,1,1
587,12,764,1,1
587,13,879,1,1
587,14,764,1,1
587,15,167,1,1
588,0,949,1,1
588,1,467,1,1
588,2,98,1,1
588,3,15,1,1
588,4,85,1,1
588,5,533,1,1
588,6,51,1,1
588,7,730,1,1
588,8,654,1,1
588,9,0,1,1
588,10,495,1,1
588,11,464,1,1
588,12,1073,1,1
588,13,228,1,1
588,14,1172,1,1
588,15,1247,1,1
589,0,1216,1,1
589,1,492,1,1
589,2,68,1,1
589,3,250,1,1
589,4,0,1,1
589,5,1033,1,1
589,6,443,1,1
589,7,359,1,1
589,8,646,1,1
589,9,0,1,1
589,10,474,1,1
589,11,476,1,1
589,12,540,1,1
589,13,0,1,1
589,14,1354,1,1
589,15,771,1,1
590,0,982,1,1
590,1,388,1,1
590,2,93,1,1
590,3,96,1,1
590,4,0,1,1
590,5,942,1,1
590,6,500,1,1
590,7,705,1,1
590,8,819,1,1
590,9,68,1,1
590,10,443,1,1
590,11,515,1,1
590,12,537,1,1
590,13,0,1,1
590,14,1524,1,1
590,15,100,1,1
591,0,739,1,1
591,1,362,1,1
591,2,92,1,1
591,3,221,1,1
591,4,157,1,1
591,5,298,1,1
591,6,196,1,1
591,7,63,1,1
591,8,112,1,1
591,9,212,1,1
591,10,447,1,1
591,11,481,1,1
591,12,574,1,1
591,13,792,1,1
591,14,565,1,1
591,15,163,1,1
592,0,706,1,1
592,1,373,1,1
592,2,129,1,1
592,3,173,1,1
592,4,210,1,1
592,5,593,1,1
592,6,200,1,1
592,7,110,1,1
592,8,317,1,1
592,9,47,1,1
592,10,275,1,1
592,11,770,1,1
592,12,451,1,1
592,13,1120,1,1
592,14,248,1,1
592,15,400,1,1
593,0,641,1,1
593,1,442,1,1
593,2,145,1,1
593,3,115,1,1
593,4,167,1,1
593,5,713,1,1
593,6,381,1,1
593,7,464,1,1
593,8,333,1,1
593,9,15,1,1
593,10,281,1,1
593,11,757,1,1
593,12,1245,1,1
593,13,1369,1,1
593,14,1245,1,1
593,15,410,1,1
594,0,599,1,1
594,1,378,1,1
594,2,148,1,1
594,3,134,1,1
594,4,171,1,1
594,5,559,1,1
594,6,301,1,1
594,7,401,1,1
594,8,312,1,1
594,9,177,1,1
594,10,317,1,1
594,11,710,1,1
594,12,456,1,1
594,13,849,1,1
594,14,941,1,1
594,15,502,1,1
595,0,477,1,1
595,1,256,1,1
595,2,151,1,1
595,3,89,1,1
595,4,75,1,1
595,5,201,1,1
595,6,183,1,1
595,7,152,1,1
595,8,117,1,1
595,9,52,1,1
595,10,240,1,1
595,11,546,1,1
595,12,92,1,1
595,13,384,1,1
595,14,124,1,1
595,15,700,1,1
596,0,279,1,1
596,1,152,1,1
596,2,93,1,1
596,3,213,1,1
596,4,144,1,1
596,5,278,1,1
596,6,228,1,1
596,7,50,1,1
596,8,135,1,1
596,9,219,1,1
596,10,274,1,1
596,11,378,1,1
596,12,52,1,1
596,13,507,1,1
596,14,429,1,1
596,15,528,1,1
597,0,102,1,1
597,1,72,1,1
597,2,26,1,1
597,3,93,1,1
597,4,36,1,1
597,5,268,1,1
597,6,182,1,1
597,7,98,1,1
597,8,162,1,1
597,9,30,1,1
597,10,209,1,1
597,11,189,1,1
597,12,0,1,1
597,13,183,1,1
597,14,419,1,1
597,15,517,1,1
598,0,50,1,1
598,1,38,1,1
598,2,12,1,1
598,3,47,1,1
598,4,66,1,1
598,5,211,1,1
598,6,182,1,1
598,7,0,1,1
598,8,107,1,1
598,9,0,1,1
598,10,190,1,1
598,11,143,1,1
598,12,0,1,1
598,13,277,1,1
598,14,19,1,1
598,15,488,1,1
599,0,29,1,1
599,1,23,1,1
599,2,10,1,1
599,3,64,1,1
599,4,0,1,1
599,5,202,1,1
599,6,177,1,1
599,7,13,1,1
599,8,84,1,1
599,9,53,1,1
599,10,170,1,1
599,11,97,1,1
599,12,0,1,1
599,13,171,1,1
599,14,12,1,1
599,15,159,1,1
600,0,20,1,1
600,1,9,1,1
600,2,8,1,1
600,3,0,1,1
600,4,0,1,1
600,5,108,1,1
600,6,171,1,1
600,7,7,1,1
600,8,55,1,1
600,9,0,1,1
600,10,148,1,1
600,11,115,1,1
600,12,0,1,1
600,13,135,1,1
600,14,0,1,1
600,15,357,1,1
601,0,22,1,1
601,1,8,1,1
601,2,17,1,1
601,3,42,1,1
601,4,9,1,1
601,5,0,1,1
601,6,30,1,1
601,7,0,1,1
601,8,66,1,1
601,9,0,1,1
601,10,142,1,1
601,11,57,1,1
601,12,0,1,1
601,13,27,1,1
601,14,231,1,1
601,15,61,1,1
602,0,118,1,1
602,1,53,1,1
602,2,22,1,1
602,3,108,1,1
602,4,12,1,1
602,5,37,1,1
602,6,18,1,1
602,7,0,1,1
602,8,56,1,1
602,9,0,1,1
602,10,232,1,1
602,11,100,1,1
602,12,0,1,1
602,13,274,1,1
602,14,50,1,1
602,15,396,1,1
603,0,181,1,1
603,1,148,1,1
603,2,42,1,1
603,3,251,1,1
603,4,50,1,1
603,5,354,1,1
603,6,130,1,1
603,7,0,1,1
603,8,89,1,1
603,9,0,1,1
603,10,314,1,1
603,11,299,1,1
603,12,400,1,1
603,13,379,1,1
603,14,250,1,1
603,15,690,1,1
604,0,496,1,1
604,1,517,1,1
604,2,118,1,1
604,3,71,1,1
604,4,90,1,1
604,5,515,1,1
604,6,512,1,1
604,7,0,1,1
604,8,244,1,1
604,9,0,1,1
604,10,511,1,1
604,11,494,1,1
604,12,90,1,1
604,13,234,1,1
604,14,1260,1,1
604,15,1284,1,1
605,0,568,1,1
605,1,348,1,1
605,2,92,1,1
605,3,27,1,1
605,4,44,1,1
605,5,47,1,1
605,6,178,1,1
605,7,177,1,1
605,8,81,1,1
605,9,0,1,1
605,10,0,1,1
605,11,530,1,1
605,12,134,1,1
605,13,199,1,1
605,14,82,1,1
605,15,0,1,1
606,0,389,1,1
606,1,210,1,1
606,2,103,1,1
606,3,222,1,1
606,4,109,1,1
606,5,254,1,1
606,6,217,1,1
606,7,51,1,1
606,8,76,1,1
606,9,39,1,1
606,10,367,1,1
606,11,359,1,1
606,12,43,1,1
606,13,183,1,1
606,14,106,1,1
606,15,442,1,1
607,0,391,1,1
607,1,204,1,1
607,2,144,1,1
607,3,281,1,1
607,4,87,1,1
607,5,364,1,1
607,6,439,1,1
607,7,111,1,1
607,8,95,1,1
607,9,46,1,1
607,10,443,1,1
607,11,443,1,1
607,12,0,1,1
607,13,615,1,1
607,14,166,1,1
607,15,896,1,1
608,0,623,1,1
608,1,357,1,1
608,2,117,1,1
608,3,261,1,1
608,4,202,1,1
608,5,320,1,1
608,6,229,1,1
608,7,242,1,1
608,8,223,1,1
608,9,179,1,1
608,10,523,1,1
608,11,446,1,1
608,12,199,1,1
608,13,667,1,1
608,14,498,1,1
608,15,555,1,1
609,0,1189,1,1
609,1,516,1,1
609,2,101,1,1
609,3,416,1,1
609,4,250,1,1
609,5,432,1,1
609,6,500,1,1
609,7,271,1,1
609,8,265,1,1
609,9,148,1,1
609,10,510,1,1
609,11,565,1,1
609,12,429,1,1
609,13,572,1,1
609,14,423,1,1
609,15,889,1,1
610,0,878,1,1
610,1,495,1,1
610,2,73,1,1
610,3,282,1,1
610,4,116,1,1
610,5,351,1,1
610,6,209,1,1
610,7,65,1,1
610,8,98,1,1
610,9,125,1,1
610,10,383,1,1
610,11,573,1,1
610,12,419,1,1
610,13,485,1,1
610,14,633,1,1
610,15,694,1,1
611,0,671,1,1
611,1,402,1,1
611,2,129,1,1
611,3,242,1,1
611,4,215,1,1
611,5,221,1,1
611,6,327,1,1
611,7,364,1,1
611,8,58,1,1
611,9,417,1,1
611,10,377,1,1
611,11,521,1,1
611,12,911,1,1
611,13,337,1,1
611,14,713,1,1
611,15,152,1,1
612,0,705,1,1
612,1,363,1,1
612,2,61,1,1
612,3,151,1,1
612,4,476,1,1
612,5,51,1,1
612,6,286,1,1
612,7,683,1,1
612,8,126,1,1
612,9,406,1,1
612,10,457,1,1
612,11,433,1,1
612,12,887,1,1
612,13,410,1,1
612,14,954,1,1
612,15,0,1,1
613,0,900,1,1
613,1,439,1,1
613,2,37,1,1
613,3,392,1,1
613,4,429,1,1
613,5,161,1,1
613,6,406,1,1
613,7,354,1,1
613,8,101,1,1
613,9,641,1,1
613,10,453,1,1
613,11,421,1,1
613,12,1192,1,1
613,13,278,1,1
613,14,336,1,1
613,15,52,1,1
614,0,862,1,1
614,1,350,1,1
614,2,4,1,1
614,3,0,1,1
614,4,424,1,1
614,5,209,1,1
614,6,66,1,1
614,7,239,1,1
614,8,0,1,1
614,9,963,1,1
614,10,476,1,1
614,11,450,1,1
614,12,1281,1,1
614,13,0,1,1
614,14,1111,1,1
614,15,0,1,1
615,0,660,1,1
615,1,367,1,1
615,2,81,1,1
615,3,279,1,1
615,4,158,1,1
615,5,353,1,1
615,6,205,1,1
615,7,237,1,1
615,8,146,1,1
615,9,242,1,1
615,10,483,1,1
615,11,517,1,1
615,12,497,1,1
615,13,604,1,1
615,14,355,1,1
615,15,619,1,1
616,0,673,1,1
616,1,433,1,1
616,2,87,1,1
616,3,327,1,1
616,4,299,1,1
616,5,180,1,1
616,6,95,1,1
616,7,241,1,1
616,8,189,1,1
616,9,218,1,1
616,10,295,1,1
616,11,713,1,1
616,12,335,1,1
616,13,919,1,1
616,14,193,1,1
616,15,322,1,1
617,0,646,1,1
617,1,487,1,1
617,2,146,1,1
617,3,227,1,1
617,4,396,1,1
617,5,114,1,1
617,6,546,1,1
617,7,623,1,1
617,8,165,1,1
617,9,117,1,1
617,10,324,1,1
617,11,741,1,1
617,12,1301,1,1
617,13,1270,1,1
617,14,329,1,1
617,15,508,1,1
618,0,579,1,1
618,1,420,1,1
618,2,155,1,1
618,3,170,1,1
618,4,280,1,1
618,5,424,1,1
618,6,250,1,1
618,7,275,1,1
618,8,216,1,1
618,9,327,1,1
618,10,281,1,1
618,11,661,1,1
618,12,649,1,1
618,13,698,1,1
618,14,824,1,1
618,15,717,1,1
619,0,446,1,1
619,1,338,1,1
619,2,126,1,1
619,3,76,1,1
619,4,113,1,1
619,5,215,1,1
619,6,251,1,1
619,7,194,1,1
619,8,41,1,1
619,9,323,1,1
619,10,262,1,1
619,11,565,1,1
619,12,150,1,1
619,13,570,1,1
619,14,428,1,1
619,15,430,1,1
620,0,337,1,1
620,1,185,1,1
620,2,109,1,1
620,3,185,1,1
620,4,156,1,1
620,5,197,1,1
620,6,278,1,1
620,7,72,1,1
620,8,53,1,1
620,9,368,1,1
620,10,229,1,1
620,11,498,1,1
620,12,145,1,1
620,13,569,1,1
620,14,547,1,1
620,15,399,1,1
621,0,119,1,1
621,1,65,1,1
621,2,37,1,1
621,3,41,1,1
621,4,116,1,1
621,5,294,1,1
621,6,193,1,1
621,7,204,1,1
621,8,110,1,1
621,9,270,1,1
621,10,269,1,1
621,11,308,1,1
621,12,103,1,1
621,13,325,1,1
621,14,445,1,1
621,15,360,1,1
622,0,75,1,1
622,1,58,1,1
622,2,23,1,1
622,3,3,1,1
622,4,97,1,1
622,5,200,1,1
622,6,247,1,1
622,7,93,1,1
622,8,21,1,1
622,9,250,1,1
622,10,187,1,1
622,11,197,1,1
622,12,85,1,1
622,13,297,1,1
622,14,332,1,1
622,15,338,1,1
623,0,41,1,1
623,1,29,1,1
623,2,10,1,1
623,3,6,1,1
623,4,12,1,1
623,5,204,1,1
623,6,146,1,1
623,7,139,1,1
623,8,51,1,1
623,9,81,1,1
623,10,167,1,1
623,11,77,1,1
623,12,62,1,1
623,13,236,1,1
623,14,230,1,1
623,15,150,1,1
624,0,35,1,1
624,1,25,1,1
624,2,5,1,1
624,3,0,1,1
624,4,0,1,1
624,5,214,1,1
624,6,219,1,1
624,7,69,1,1
624,8,2,1,1
624,9,142,1,1
624,10,131,1,1
624,11,72,1,1
624,12,0,1,1
624,13,232,1,1
624,14,102,1,1
624,15,156,1,1
625,0,21,1,1
625,1,10,1,1
625,2,12,1,1
625,3,28,1,1
625,4,64,1,1
625,5,0,1,1
625,6,70,1,1
625,7,26,1,1
625,8,37,1,1
625,9,119,1,1
625,10,93,1,1
625,11,34,1,1
625,12,5,1,1
625,13,64,1,1
625,14,128,1,1
625,15,0,1,1
626,0,74,1,1
626,1,38,1,1
626,2,18,1,1
626,3,87,1,1
626,4,27,1,1
626,5,61,1,1
626,6,0,1,1
626,7,34,1,1
626,8,26,1,1
626,9,88,1,1
626,10,225,1,1
626,11,68,1,1
626,12,20,1,1
626,13,326,1,1
626,14,171,1,1
626,15,243,1,1
627,0,107,1,1
627,1,90,1,1
627,2,26,1,1
627,3,0,1,1
627,4,114,1,1
627,5,313,1,1
627,6,42,1,1
627,7,377,1,1
627,8,164,1,1
627,9,357,1,1
627,10,391,1,1
627,11,77,1,1
627,12,391,1,1
627,13,588,1,1
627,14,387,1,1
627,15,479,1,1
628,0,255,1,1
628,1,295,1,1
628,2,44,1,1
628,3,0,1,1
628,4,237,1,1
628,5,674,1,1
628,6,651,1,1
628,7,189,1,1
628,8,166,1,1
628,9,479,1,1
628,10,469,1,1
628,11,247,1,1
628,12,43,1,1
628,13,642,1,1
628,14,1124,1,1
628,15,459,1,1
629,0,324,1,1
629,1,207,1,1
629,2,85,1,1
629,3,12,1,1
629,4,94,1,1
629,5,46,1,1
629,6,204,1,1
629,7,98,1,1
629,8,40,1,1
629,9,174,1,1
629,10,0,1,1
629,11,321,1,1
629,12,132,1,1
629,13,78,1,1
629,14,106,1,1
629,15,0,1,1
630,0,282,1,1
630,1,156,1,1
630,2,72,1,1
630,3,188,1,1
630,4,154,1,1
630,5,166,1,1
630,6,278,1,1
630,7,151,1,1
630,8,34,1,1
630,9,307,1,1
630,10,353,1,1
630,11,327,1,1
630,12,114,1,1
630,13,400,1,1
630,14,321,1,1
630,15,265,1,1
631,0,292,1,1
631,1,178,1,1
631,2,61,1,1
631,3,171,1,1
631,4,153,1,1
631,5,371,1,1
631,6,472,1,1
631,7,121,1,1
631,8,37,1,1
631,9,360,1,1
631,10,283,1,1
631,11,365,1,1
631,12,168,1,1
631,13,577,1,1
631,14,531,1,1
631,15,650,1,1
632,0,513,1,1
632,1,318,1,1
632,2,92,1,1
632,3,279,1,1
632,4,159,1,1
632,5,307,1,1
632,6,280,1,1
632,7,259,1,1
632,8,166,1,1
632,9,233,1,1
632,10,370,1,1
632,11,410,1,1
632,12,280,1,1
632,13,673,1,1
632,14,543,1,1
632,15,400,1,1
633,0,851,1,1
633,1,398,1,1
633,2,80,1,1
633,3,376,1,1
633,4,219,1,1
633,5,423,1,1
633,6,593,1,1
633,7,236,1,1
633,8,144,1,1
633,9,531,1,1
633,10,334,1,1
633,11,490,1,1
633,12,470,1,1
633,13,692,1,1
633,14,749,1,1
633,15,710,1,1
634,0,521,1,1
634,1,362,1,1
634,2,145,1,1
634,3,222,1,1
634,4,119,1,1
634,5,316,1,1
634,6,253,1,1
634,7,109,1,1
634,8,109,1,1
634,9,345,1,1
634,10,344,1,1
634,11,478,1,1
634,12,419,1,1
634,13,649,1,1
634,14,701,1,1
634,15,536,1,1
635,0,523,1,1
635,1,323,1,1
635,2,145,1,1
635,3,295,1,1
635,4,78,1,1
635,5,132,1,1
635,6,441,1,1
635,7,271,1,1
635,8,134,1,1
635,9,110,1,1
635,10,382,1,1
635,11,522,1,1
635,12,735,1,1
635,13,294,1,1
635,14,413,1,1
635,15,544,1,1
636,0,545,1,1
636,1,376,1,1
636,2,81,1,1
636,3,307,1,1
636,4,282,1,1
636,5,196,1,1
636,6,272,1,1
636,7,468,1,1
636,8,538,1,1
636,9,0,1,1
636,10,530,1,1
636,11,454,1,1
636,12,750,1,1
636,13,0,1,1
636,14,215,1,1
636,15,289,1,1
637,0,708,1,1
637,1,305,1,1
637,2,44,1,1
637,3,510,1,1
637,4,467,1,1
637,5,235,1,1
637,6,421,1,1
637,7,225,1,1
637,8,467,1,1
637,9,0,1,1
637,10,490,1,1
637,11,406,1,1
637,12,829,1,1
637,13,398,1,1
637,14,384,1,1
637,15,792,1,1
638,0,730,1,1
638,1,317,1,1
638,2,10,1,1
638,3,54,1,1
638,4,393,1,1
638,5,0,1,1
638,6,0,1,1
638,7,365,1,1
638,8,327,1,1
638,9,0,1,1
638,10,396,1,1
638,11,475,1,1
638,12,585,1,1
638,13,0,1,1
638,14,99,1,1
638,15,376,1,1
639,0,651,1,1
639,1,347,1,1
639,2,62,1,1
639,3,271,1,1
639,4,147,1,1
639,5,338,1,1
639,6,276,1,1
639,7,119,1,1
639,8,112,1,1
639,9,267,1,1
639,10,410,1,1
639,11,421,1,1
639,12,449,1,1
639,13,531,1,1
639,14,478,1,1
639,15,548,1,1
640,0,686,1,1
640,1,438,1,1
640,2,107,1,1
640,3,377,1,1
640,4,227,1,1
640,5,104,1,1
640,6,83,1,1
640,7,77,1,1
640,8,158,1,1
640,9,38,1,1
640,10,307,1,1
640,11,698,1,1
640,12,334,1,1
640,13,529,1,1
640,14,234,1,1
640,15,771,1,1
641,0,845,1,1
641,1,427,1,1
641,2,154,1,1
641,3,344,1,1
641,4,340,1,1
641,5,132,1,1
641,6,658,1,1
641,7,434,1,1
641,8,200,1,1
641,9,62,1,1
641,10,341,1,1
641,11,671,1,1
641,12,1006,1,1
641,13,835,1,1
641,14,499,1,1
641,15,697,1,1
642,0,573,1,1
642,1,389,1,1
642,2,209,1,1
642,3,219,1,1
642,4,177,1,1
642,5,309,1,1
642,6,296,1,1
642,7,317,1,1
642,8,197,1,1
642,9,177,1,1
642,10,326,1,1
642,11,639,1,1
642,12,438,1,1
642,13,526,1,1
642,14,670,1,1
642,15,726,1,1
643,0,413,1,1
643,1,287,1,1
643,2,165,1,1
643,3,142,1,1
643,4,169,1,1
643,5,196,1,1
643,6,279,1,1
643,7,136,1,1
643,8,88,1,1
643,9,276,1,1
643,10,300,1,1
643,11,530,1,1
643,12,456,1,1
643,13,354,1,1
643,14,196,1,1
643,15,194,1,1
644,0,278,1,1
644,1,158,1,1
644,2,79,1,1
644,3,117,1,1
644,4,77,1,1
644,5,123,1,1
644,6,105,1,1
644,7,79,1,1
644,8,87,1,1
644,9,250,1,1
644,10,226,1,1
644,11,383,1,1
644,12,180,1,1
644,13,565,1,1
644,14,181,1,1
644,15,0,1,1
645,0,98,1,1
645,1,76,1,1
645,2,24,1,1
645,3,90,1,1
645,4,133,1,1
645,5,120,1,1
645,6,190,1,1
645,7,140,1,1
645,8,105,1,1
645,9,136,1,1
645,10,190,1,1
645,11,210,1,1
645,12,206,1,1
645,13,208,1,1
645,14,380,1,1
645,15,84,1,1
646,0,46,1,1
646,1,27,1,1
646,2,10,1,1
646,3,78,1,1
646,4,118,1,1
646,5,119,1,1
646,6,82,1,1
646,7,21,1,1
646,8,43,1,1
646,9,192,1,1
646,10,188,1,1
646,11,152,1,1
646,12,223,1,1
646,13,107,1,1
646,14,0,1,1
646,15,110,1,1
647,0,28,1,1
647,1,31,1,1
647,2,9,1,1
647,3,51,1,1
647,4,45,1,1
647,5,28,1,1
647,6,67,1,1
647,7,69,1,1
647,8,63,1,1
647,9,41,1,1
647,10,144,1,1
647,11,61,1,1
647,12,215,1,1
647,13,0,1,1
647,14,0,1,1
647,15,0,1,1
648,0,24,1,1
648,1,19,1,1
648,2,7,1,1
648,3,16,1,1
648,4,83,1,1
648,5,41,1,1
648,6,146,1,1
648,7,29,1,1
648,8,9,1,1
648,9,127,1,1
648,10,0,1,1
648,11,127,1,1
648,12,200,1,1
648,13,16,1,1
648,14,53,1,1
648,15,0,1,1
649,0,33,1,1
649,1,10,1,1
649,2,10,1,1
649,3,48,1,1
649,4,90,1,1
649,5,0,1,1
649,6,34,1,1
649,7,7,1,1
649,8,35,1,1
649,9,106,1,1
649,10,189,1,1
649,11,50,1,1
649,12,178,1,1
649,13,0,1,1
649,14,24,1,1
649,15,38,1,1
650,0,143,1,1
650,1,98,1,1
650,2,43,1,1
650,3,98,1,1
650,4,141,1,1
650,5,24,1,1
650,6,85,1,1
650,7,30,1,1
650,8,19,1,1
650,9,97,1,1
650,10,460,1,1
650,11,167,1,1
650,12,63,1,1
650,13,287,1,1
650,14,140,1,1
650,15,98,1,1
651,0,253,1,1
651,1,327,1,1
651,2,87,1,1
651,3,367,1,1
651,4,329,1,1
651,5,325,1,1
651,6,361,1,1
651,7,321,1,1
651,8,186,1,1
651,9,407,1,1
651,10,505,1,1
651,11,339,1,1
651,12,1012,1,1
651,13,0,1,1
651,14,210,1,1
651,15,642,1,1
652,0,422,1,1
652,1,487,1,1
652,2,178,1,1
652,3,328,1,1
652,4,415,1,1
652,5,490,1,1
652,6,788,1,1
652,7,304,1,1
652,8,288,1,1
652,9,624,1,1
652,10,748,1,1
652,11,590,1,1
652,12,373,1,1
652,13,335,1,1
652,14,780,1,1
652,15,1271,1,1
653,0,713,1,1
653,1,759,1,1
653,2,376,1,1
653,3,155,1,1
653,4,126,1,1
653,5,166,1,1
653,6,365,1,1
653,7,196,1,1
653,8,142,1,1
653,9,231,1,1
653,10,0,1,1
653,11,455,1,1
653,12,507,1,1
653,13,498,1,1
653,14,507,1,1
653,15,448,1,1
654,0,318,1,1
654,1,220,1,1
654,2,139,1,1
654,3,179,1,1
654,4,176,1,1
654,5,115,1,1
654,6,167,1,1
654,7,74,1,1
654,8,94,1,1
654,9,226,1,1
654,10,681,1,1
654,11,393,1,1
654,12,261,1,1
654,13,499,1,1
654,14,176,1,1
654,15,10,1,1
655,0,541,1,1
655,1,292,1,1
655,2,223,1,1
655,3,180,1,1
655,4,168,1,1
655,5,238,1,1
655,6,384,1,1
655,7,172,1,1
655,8,106,1,1
655,9,244,1,1
655,10,624,1,1
655,11,435,1,1
655,12,427,1,1
655,13,196,1,1
655,14,293,1,1
655,15,0,1,1
656,0,555,1,1
656,1,332,1,1
656,2,194,1,1
656,3,219,1,1
656,4,191,1,1
656,5,267,1,1
656,6,226,1,1
656,7,230,1,1
656,8,142,1,1
656,9,176,1,1
656,10,491,1,1
656,11,473,1,1
656,12,329,1,1
656,13,590,1,1
656,14,618,1,1
656,15,468,1,1
657,0,514,1,1
657,1,381,1,1
657,2,210,1,1
657,3,242,1,1
657,4,213,1,1
657,5,242,1,1
657,6,411,1,1
657,7,204,1,1
657,8,151,1,1
657,9,338,1,1
657,10,580,1,1
657,11,555,1,1
657,12,481,1,1
657,13,530,1,1
657,14,741,1,1
657,15,234,1,1
658,0,627,1,1
658,1,420,1,1
658,2,263,1,1
658,3,281,1,1
658,4,149,1,1
658,5,244,1,1
658,6,209,1,1
658,7,101,1,1
658,8,127,1,1
658,9,276,1,1
658,10,525,1,1
658,11,426,1,1
658,12,545,1,1
658,13,522,1,1
658,14,274,1,1
658,15,94,1,1
659,0,703,1,1
659,1,435,1,1
659,2,316,1,1
659,3,222,1,1
659,4,152,1,1
659,5,231,1,1
659,6,292,1,1
659,7,243,1,1
659,8,181,1,1
659,9,162,1,1
659,10,519,1,1
659,11,457,1,1
659,12,164,1,1
659,13,999,1,1
659,14,574,1,1
659,15,281,1,1
660,0,1395,1,1
660,1,735,1,1
660,2,366,1,1
660,3,187,1,1
660,4,310,1,1
660,5,340,1,1
660,6,178,1,1
660,7,556,1,1
660,8,465,1,1
660,9,228,1,1
660,10,521,1,1
660,11,417,1,1
660,12,634,1,1
660,13,771,1,1
660,14,399,1,1
660,15,1648,1,1
661,0,1176,1,1
661,1,489,1,1
661,2,37,1,1
661,3,319,1,1
661,4,193,1,1
661,5,780,1,1
661,6,392,1,1
661,7,391,1,1
661,8,363,1,1
661,9,110,1,1
661,10,549,1,1
661,11,433,1,1
661,12,0,1,1
661,13,960,1,1
661,14,1310,1,1
661,15,376,1,1
662,0,952,1,1
662,1,339,1,1
662,2,9,1,1
662,3,265,1,1
662,4,294,1,1
662,5,681,1,1
662,6,431,1,1
662,7,517,1,1
662,8,459,1,1
662,9,339,1,1
662,10,487,1,1
662,11,415,1,1
662,12,439,1,1
662,13,1376,1,1
662,14,851,1,1
662,15,1289,1,1
663,0,636,1,1
663,1,328,1,1
663,2,100,1,1
663,3,245,1,1
663,4,159,1,1
663,5,248,1,1
663,6,242,1,1
663,7,141,1,1
663,8,146,1,1
663,9,226,1,1
663,10,432,1,1
663,11,414,1,1
663,12,385,1,1
663,13,758,1,1
663,14,464,1,1
663,15,160,1,1
664,0,651,1,1
664,1,400,1,1
664,2,158,1,1
664,3,277,1,1
664,4,212,1,1
664,5,363,1,1
664,6,195,1,1
664,7,207,1,1
664,8,256,1,1
664,9,175,1,1
664,10,285,1,1
664,11,653,1,1
664,12,209,1,1
664,13,1172,1,1
664,14,320,1,1
664,15,207,1,1
665,0,666,1,1
665,1,382,1,1
665,2,158,1,1
665,3,319,1,1
665,4,292,1,1
665,5,508,1,1
665,6,478,1,1
665,7,435,1,1
665,8,265,1,1
665,9,174,1,1
665,10,292,1,1
665,11,677,1,1
665,12,794,1,1
665,13,1216,1,1
665,14,946,1,1
665,15,589,1,1
666,0,477,1,1
666,1,339,1,1
666,2,169,1,1
666,3,196,1,1
666,4,214,1,1
666,5,460,1,1
666,6,276,1,1
666,7,341,1,1
666,8,234,1,1
666,9,232,1,1
666,10,265,1,1
666,11,549,1,1
666,12,461,1,1
666,13,865,1,1
666,14,759,1,1
666,15,420,1,1
667,0,428,1,1
667,1,251,1,1
667,2,150,1,1
667,3,148,1,1
667,4,86,1,1
667,5,186,1,1
667,6,327,1,1
667,7,147,1,1
667,8,43,1,1
667,9,213,1,1
667,10,279,1,1
667,11,584,1,1
667,12,192,1,1
667,13,669,1,1
667,14,436,1,1
667,15,565,1,1
668,0,301,1,1
668,1,144,1,1
668,2,95,1,1
668,3,147,1,1
668,4,64,1,1
668,5,182,1,1
668,6,148,1,1
668,7,53,1,1
668,8,36,1,1
668,9,167,1,1
668,10,267,1,1
668,11,432,1,1
668,12,121,1,1
668,13,621,1,1
668,14,381,1,1
668,15,302,1,1
669,0,111,1,1
669,1,55,1,1
669,2,38,1,1
669,3,126,1,1
669,4,94,1,1
669,5,119,1,1
669,6,211,1,1
669,7,219,1,1
669,8,67,1,1
669,9,73,1,1
669,10,197,1,1
669,11,255,1,1
669,12,85,1,1
669,13,495,1,1
669,14,367,1,1
669,15,400,1,1
670,0,52,1,1
670,1,43,1,1
670,2,14,1,1
670,3,97,1,1
670,4,73,1,1
670,5,92,1,1
670,6,135,1,1
670,7,41,1,1
670,8,3,1,1
670,9,159,1,1
670,10,147,1,1
670,11,82,1,1
670,12,97,1,1
670,13,424,1,1
670,14,116,1,1
670,15,355,1,1
671,0,36,1,1
671,1,16,1,1
671,2,13,1,1
671,3,49,1,1
671,4,30,1,1
671,5,77,1,1
671,6,225,1,1
671,7,48,1,1
671,8,16,1,1
671,9,50,1,1
671,10,180,1,1
671,11,44,1,1
671,12,83,1,1
671,13,282,1,1
671,14,0,1,1
671,15,176,1,1
672,0,22,1,1
672,1,6,1,1
672,2,5,1,1
672,3,4,1,1
672,4,45,1,1
672,5,34,1,1
672,6,222,1,1
672,7,116,1,1
672,8,0,1,1
672,9,92,1,1
672,10,127,1,1
672,11,95,1,1
672,12,98,1,1
672,13,280,1,1
672,14,0,1,1
672,15,228,1,1
673,0,24,1,1
673,1,6,1,1
673,2,10,1,1
673,3,63,1,1
673,4,5,1,1
673,5,0,1,1
673,6,29,1,1
673,7,4,1,1
673,8,0,1,1
673,9,140,1,1
673,10,75,1,1
673,11,31,1,1
673,12,35,1,1
673,13,51,1,1
673,14,148,1,1
673,15,138,1,1
674,0,152,1,1
674,1,74,1,1
674,2,39,1,1
674,3,132,1,1
674,4,20,1,1
674,5,3,1,1
674,6,150,1,1
674,7,128,1,1
674,8,0,1,1
674,9,25,1,1
674,10,493,1,1
674,11,153,1,1
674,12,48,1,1
674,13,420,1,1
674,14,158,1,1
674,15,358,1,1
675,0,259,1,1
675,1,275,1,1
675,2,69,1,1
675,3,443,1,1
675,4,205,1,1
675,5,435,1,1
675,6,707,1,1
675,7,527,1,1
675,8,113,1,1
675,9,449,1,1
675,10,558,1,1
675,11,346,1,1
675,12,743,1,1
675,13,685,1,1
675,14,377,1,1
675,15,730,1,1
676,0,536,1,1
676,1,503,1,1
676,2,101,1,1
676,3,316,1,1
676,4,276,1,1
676,5,566,1,1
676,6,799,1,1
676,7,535,1,1
676,8,167,1,1
676,9,351,1,1
676,10,653,1,1
676,11,541,1,1
676,12,577,1,1
676,13,1116,1,1
676,14,1163,1,1
676,15,1153,1,1
677,0,427,1,1
677,1,285,1,1
677,2,128,1,1
677,3,159,1,1
677,4,66,1,1
677,5,232,1,1
677,6,287,1,1
677,7,263,1,1
677,8,131,1,1
677,9,176,1,1
677,10,0,1,1
677,11,456,1,1
677,12,404,1,1
677,13,395,1,1
677,14,337,1,1
677,15,344,1,1
678,0,393,1,1
678,1,264,1,1
678,2,157,1,1
678,3,183,1,1
678,4,128,1,1
678,5,288,1,1
678,6,230,1,1
678,7,62,1,1
678,8,66,1,1
678,9,122,1,1
678,10,414,1,1
678,11,461,1,1
678,12,128,1,1
678,13,692,1,1
678,14,241,1,1
678,15,255,1,1
679,0,466,1,1
679,1,304,1,1
679,2,162,1,1
679,3,311,1,1
679,4,108,1,1
679,5,373,1,1
679,6,484,1,1
679,7,288,1,1
679,8,15,1,1
679,9,148,1,1
679,10,398,1,1
679,11,446,1,1
679,12,220,1,1
679,13,754,1,1
679,14,313,1,1
679,15,573,1,1
680,0,570,1,1
680,1,355,1,1
680,2,153,1,1
680,3,192,1,1
680,4,156,1,1
680,5,293,1,1
680,6,229,1,1
680,7,206,1,1
680,8,153,1,1
680,9,92,1,1
680,10,351,1,1
680,11,486,1,1
680,12,308,1,1
680,13,724,1,1
680,14,556,1,1
680,15,538,1,1
681,0,462,1,1
681,1,398,1,1
681,2,107,1,1
681,3,355,1,1
681,4,251,1,1
681,5,308,1,1
681,6,371,1,1
681,7,275,1,1
681,8,117,1,1
681,9,151,1,1
681,10,369,1,1
681,11,517,1,1
681,12,373,1,1
681,13,755,1,1
681,14,593,1,1
681,15,769,1,1
682,0,559,1,1
682,1,357,1,1
682,2,152,1,1
682,3,271,1,1
682,4,101,1,1
682,5,337,1,1
682,6,209,1,1
682,7,148,1,1
682,8,75,1,1
682,9,240,1,1
682,10,397,1,1
682,11,426,1,1
682,12,361,1,1
682,13,756,1,1
682,14,522,1,1
682,15,357,1,1
683,0,644,1,1
683,1,380,1,1
683,2,108,1,1
683,3,150,1,1
683,4,251,1,1
683,5,162,1,1
683,6,103,1,1
683,7,267,1,1
683,8,250,1,1
683,9,117,1,1
683,10,491,1,1
683,11,497,1,1
683,12,479,1,1
683,13,459,1,1
683,14,418,1,1
683,15,174,1,1
684,0,950,1,1
684,1,469,1,1
684,2,67,1,1
684,3,49,1,1
684,4,391,1,1
684,5,318,1,1
684,6,0,1,1
684,7,631,1,1
684,8,545,1,1
684,9,0,1,1
684,10,400,1,1
684,11,467,1,1
684,12,840,1,1
684,13,19,1,1
684,14,379,1,1
684,15,167,1,1
685,0,1162,1,1
685,1,444,1,1
685,2,84,1,1
685,3,357,1,1
685,4,149,1,1
685,5,459,1,1
685,6,213,1,1
685,7,101,1,1
685,8,610,1,1
685,9,174,1,1
685,10,398,1,1
685,11,440,1,1
685,12,385,1,1
685,13,0,1,1
685,14,254,1,1
685,15,260,1,1
686,0,2095,1,1
686,1,759,1,1
686,2,119,1,1
686,3,18,1,1
686,4,311,1,1
686,5,1060,1,1
686,6,52,1,1
686,7,157,1,1
686,8,638,1,1
686,9,133,1,1
686,10,498,1,1
686,11,405,1,1
686,12,1008,1,1
686,13,0,1,1
686,14,724,1,1
686,15,698,1,1
687,0,758,1,1
687,1,348,1,1
687,2,132,1,1
687,3,233,1,1
687,4,130,1,1
687,5,266,1,1
687,6,150,1,1
687,7,169,1,1
687,8,124,1,1
687,9,152,1,1
687,10,496,1,1
687,11,545,1,1
687,12,380,1,1
687,13,624,1,1
687,14,470,1,1
687,15,435,1,1
688,0,737,1,1
688,1,407,1,1
688,2,139,1,1
688,3,243,1,1
688,4,259,1,1
688,5,356,1,1
688,6,154,1,1
688,7,241,1,1
688,8,367,1,1
688,9,33,1,1
688,10,332,1,1
688,11,757,1,1
688,12,287,1,1
688,13,712,1,1
688,14,158,1,1
688,15,415,1,1
689,0,663,1,1
689,1,365,1,1
689,2,166,1,1
689,3,177,1,1
689,4,347,1,1
689,5,220,1,1
689,6,204,1,1
689,7,462,1,1
689,8,372,1,1
689,9,71,1,1
689,10,282,1,1
689,11,679,1,1
689,12,824,1,1
689,13,733,1,1
689,14,364,1,1
689,15,417,1,1
690,0,489,1,1
690,1,371,1,1
690,2,183,1,1
690,3,125,1,1
690,4,233,1,1
690,5,502,1,1
690,6,249,1,1
690,7,411,1,1
690,8,278,1,1
690,9,183,1,1
690,10,296,1,1
690,11,619,1,1
690,12,548,1,1
690,13,630,1,1
690,14,770,1,1
690,15,437,1,1
691,0,291,1,1
691,1,326,1,1
691,2,156,1,1
691,3,160,1,1
691,4,215,1,1
691,5,382,1,1
691,6,119,1,1
691,7,169,1,1
691,8,80,1,1
691,9,229,1,1
691,10,272,1,1
691,11,554,1,1
691,12,324,1,1
691,13,714,1,1
691,14,360,1,1
691,15,456,1,1
692,0,112,1,1
692,1,138,1,1
692,2,138,1,1
692,3,50,1,1
692,4,186,1,1
692,5,242,1,1
692,6,71,1,1
692,7,52,1,1
692,8,47,1,1
692,9,272,1,1
692,10,251,1,1
692,11,394,1,1
692,12,204,1,1
692,13,616,1,1
692,14,386,1,1
692,15,186,1,1
693,0,113,1,1
693,1,40,1,1
693,2,23,1,1
693,3,106,1,1
693,4,227,1,1
693,5,177,1,1
693,6,111,1,1
693,7,183,1,1
693,8,95,1,1
693,9,159,1,1
693,10,209,1,1
693,11,217,1,1
693,12,199,1,1
693,13,432,1,1
693,14,385,1,1
693,15,186,1,1
694,0,60,1,1
694,1,35,1,1
694,2,24,1,1
694,3,56,1,1
694,4,156,1,1
694,5,257,1,1
694,6,21,1,1
694,7,41,1,1
694,8,12,1,1
694,9,212,1,1
694,10,137,1,1
694,11,162,1,1
694,12,260,1,1
694,13,406,1,1
694,14,166,1,1
694,15,204,1,1
695,0,26,1,1
695,1,31,1,1
695,2,19,1,1
695,3,73,1,1
695,4,158,1,1
695,5,163,1,1
695,6,27,1,1
695,7,46,1,1
695,8,50,1,1
695,9,72,1,1
695,10,161,1,1
695,11,80,1,1
695,12,162,1,1
695,13,183,1,1
695,14,113,1,1
695,15,63,1,1
696,0,24,1,1
696,1,23,1,1
696,2,14,1,1
696,3,16,1,1
696,4,135,1,1
696,5,129,1,1
696,6,84,1,1
696,7,51,1,1
696,8,37,1,1
696,9,99,1,1
696,10,112,1,1
696,11,72,1,1
696,12,145,1,1
696,13,331,1,1
696,14,51,1,1
696,15,72,1,1
697,0,25,1,1
697,1,7,1,1
697,2,10,1,1
697,3,26,1,1
697,4,120,1,1
697,5,63,1,1
697,6,85,1,1
697,7,0,1,1
697,8,42,1,1
697,9,55,1,1
697,10,104,1,1
697,11,72,1,1
697,12,62,1,1
697,13,21,1,1
697,14,42,1,1
697,15,110,1,1
698,0,176,1,1
698,1,60,1,1
698,2,30,1,1
698,3,67,1,1
698,4,166,1,1
698,5,166,1,1
698,6,43,1,1
698,7,43,1,1
698,8,33,1,1
698,9,104,1,1
698,10,373,1,1
698,11,109,1,1
698,12,174,1,1
698,13,433,1,1
698,14,171,1,1
698,15,274,1,1
699,0,267,1,1
699,1,295,1,1
699,2,70,1,1
699,3,356,1,1
699,4,429,1,1
699,5,622,1,1
699,6,99,1,1
699,7,343,1,1
699,8,181,1,1
699,9,521,1,1
699,10,568,1,1
699,11,350,1,1
699,12,719,1,1
699,13,807,1,1
699,14,281,1,1
699,15,867,1,1
700,0,453,1,1
700,1,422,1,1
700,2,172,1,1
700,3,379,1,1
700,4,507,1,1
700,5,817,1,1
700,6,481,1,1
700,7,300,1,1
700,8,367,1,1
700,9,533,1,1
700,10,708,1,1
700,11,583,1,1
700,12,550,1,1
700,13,1369,1,1
700,14,1038,1,1
700,15,977,1,1
701,0,0,1,1
701,1,0,1,1
701,2,0,1,1
701,3,188,1,1
701,4,122,1,1
701,5,268,1,1
701,6,254,1,1
701,7,223,1,1
701,8,103,1,1
701,9,197,1,1
701,10,0,1,1
701,11,464,1,1
701,12,457,1,1
701,13,303,1,1
701,14,416,1,1
701,15,353,1,1
702,0,814,1,1
702,1,550,1,1
702,2,315,1,1
702,3,85,1,1
702,4,212,1,1
702,5,251,1,1
702,6,202,1,1
702,7,106,1,1
702,8,44,1,1
702,9,246,1,1
702,10,1281,1,1
702,11,315,1,1
702,12,205,1,1
702,13,698,1,1
702,14,295,1,1
702,15,181,1,1
703,0,483,1,1
703,1,283,1,1
703,2,155,1,1
703,3,93,1,1
703,4,313,1,1
703,5,445,1,1
703,6,256,1,1
703,7,159,1,1
703,8,25,1,1
703,9,286,1,1
703,10,487,1,1
703,11,446,1,1
703,12,447,1,1
703,13,657,1,1
703,14,445,1,1
703,15,246,1,1
704,0,602,1,1
704,1,300,1,1
704,2,165,1,1
704,3,204,1,1
704,4,248,1,1
704,5,352,1,1
704,6,110,1,1
704,7,229,1,1
704,8,119,1,1
704,9,202,1,1
704,10,485,1,1
704,11,418,1,1
704,12,343,1,1
704,13,657,1,1
704,14,574,1,1
704,15,395,1,1
705,0,1044,1,1
705,1,551,1,1
705,2,297,1,1
705,3,248,1,1
705,4,321,1,1
705,5,313,1,1
705,6,256,1,1
705,7,139,1,1
705,8,100,1,1
705,9,369,1,1
705,10,96,1,1
705,11,48,1,1
705,12,349,1,1
705,13,599,1,1
705,14,557,1,1
705,15,455,1,1
706,0,701,1,1
706,1,347,1,1
706,2,213,1,1
706,3,224,1,1
706,4,270,1,1
706,5,350,1,1
706,6,95,1,1
706,7,90,1,1
706,8,44,1,1
706,9,290,1,1
706,10,545,1,1
706,11,482,1,1
706,12,433,1,1
706,13,628,1,1
706,14,488,1,1
706,15,242,1,1
707,0,769,1,1
707,1,437,1,1
707,2,188,1,1
707,3,194,1,1
707,4,227,1,1
707,5,250,1,1
707,6,378,1,1
707,7,280,1,1
707,8,111,1,1
707,9,156,1,1
707,10,511,1,1
707,11,435,1,1
707,12,317,1,1
707,13,369,1,1
707,14,381,1,1
707,15,405,1,1
708,0,868,1,1
708,1,390,1,1
708,2,79,1,1
708,3,288,1,1
708,4,49,1,1
708,5,346,1,1
708,6,253,1,1
708,7,597,1,1
708,8,509,1,1
708,9,107,1,1
708,10,469,1,1
708,11,435,1,1
708,12,556,1,1
708,13,112,1,1
708,14,270,1,1
708,15,999,1,1
709,0,1231,1,1
709,1,441,1,1
709,2,36,1,1
709,3,465,1,1
709,4,20,1,1
709,5,516,1,1
709,6,377,1,1
709,7,379,1,1
709,8,482,1,1
709,9,232,1,1
709,10,501,1,1
709,11,411,1,1
709,12,353,1,1
709,13,139,1,1
709,14,770,1,1
709,15,707,1,1
710,0,2347,1,1
710,1,851,1,1
710,2,48,1,1
710,3,331,1,1
710,4,99,1,1
710,5,75,1,1
710,6,830,1,1
710,7,547,1,1
710,8,585,1,1
710,9,358,1,1
710,10,545,1,1
710,11,450,1,1
710,12,409,1,1
710,13,208,1,1
710,14,720,1,1
710,15,835,1,1
711,0,758,1,1
711,1,352,1,1
711,2,90,1,1
711,3,210,1,1
711,4,187,1,1
711,5,360,1,1
711,6,186,1,1
711,7,96,1,1
711,8,97,1,1
711,9,324,1,1
711,10,481,1,1
711,11,452,1,1
711,12,348,1,1
711,13,615,1,1
711,14,525,1,1
711,15,289,1,1
712,0,714,1,1
712,1,411,1,1
712,2,119,1,1
712,3,284,1,1
712,4,125,1,1
712,5,352,1,1
712,6,337,1,1
712,7,126,1,1
712,8,152,1,1
712,9,352,1,1
712,10,297,1,1
712,11,767,1,1
712,12,210,1,1
712,13,718,1,1
712,14,302,1,1
712,15,646,1,1
713,0,693,1,1
713,1,461,1,1
713,2,152,1,1
713,3,321,1,1
713,4,158,1,1
713,5,618,1,1
713,6,510,1,1
713,7,432,1,1
713,8,125,1,1
713,9,123,1,1
713,10,353,1,1
713,11,701,1,1
713,12,532,1,1
713,13,679,1,1
713,14,716,1,1
713,15,676,1,1
714,0,604,1,1
714,1,364,1,1
714,2,163,1,1
714,3,210,1,1
714,4,193,1,1
714,5,396,1,1
714,6,293,1,1
714,7,320,1,1
714,8,224,1,1
714,9,364,1,1
714,10,286,1,1
714,11,586,1,1
714,12,403,1,1
714,13,650,1,1
714,14,703,1,1
714,15,586,1,1
715,0,474,1,1
715,1,332,1,1
715,2,132,1,1
715,3,89,1,1
715,4,205,1,1
715,5,327,1,1
715,6,99,1,1
715,7,231,1,1
715,8,115,1,1
715,9,134,1,1
715,10,243,1,1
715,11,565,1,1
715,12,276,1,1
715,13,403,1,1
715,14,228,1,1
715,15,225,1,1
716,0,277,1,1
716,1,162,1,1
716,2,99,1,1
716,3,51,1,1
716,4,181,1,1
716,5,104,1,1
716,6,30,1,1
716,7,125,1,1
716,8,66,1,1
716,9,184,1,1
716,10,259,1,1
716,11,367,1,1
716,12,116,1,1
716,13,547,1,1
716,14,188,1,1
716,15,15,1,1
717,0,104,1,1
717,1,46,1,1
717,2,34,1,1
717,3,69,1,1
717,4,244,1,1
717,5,59,1,1
717,6,64,1,1
717,7,167,1,1
717,8,126,1,1
717,9,116,1,1
717,10,211,1,1
717,11,225,1,1
717,12,119,1,1
717,13,419,1,1
717,14,332,1,1
717,15,86,1,1
718,0,50,1,1
718,1,35,1,1
718,2,16,1,1
718,3,18,1,1
718,4,175,1,1
718,5,249,1,1
718,6,0,1,1
718,7,82,1,1
718,8,46,1,1
718,9,71,1,1
718,10,199,1,1
718,11,134,1,1
718,12,159,1,1
718,13,357,1,1
718,14,79,1,1
718,15,156,1,1
719,0,26,1,1
719,1,28,1,1
719,2,9,1,1
719,3,77,1,1
719,4,134,1,1
719,5,60,1,1
719,6,0,1,1
719,7,75,1,1
719,8,60,1,1
719,9,70,1,1
719,10,183,1,1
719,11,72,1,1
719,12,63,1,1
719,13,86,1,1
719,14,0,1,1
719,15,0,1,1
720,0,42,1,1
720,1,36,1,1
720,2,15,1,1
720,3,5,1,1
720,4,105,1,1
720,5,40,1,1
720,6,114,1,1
720,7,124,1,1
720,8,47,1,1
720,9,0,1,1
720,10,135,1,1
720,11,99,1,1
720,12,79,1,1
720,13,225,1,1
720,14,43,1,1
720,15,0,1,1
721,0,24,1,1
721,1,20,1,1
721,2,10,1,1
721,3,11,1,1
721,4,118,1,1
721,5,37,1,1
721,6,12,1,1
721,7,53,1,1
721,8,39,1,1
721,9,44,1,1
721,10,19,1,1
721,11,2,1,1
721,12,79,1,1
721,13,0,1,1
721,14,55,1,1
721,15,24,1,1
722,0,151,1,1
722,1,75,1,1
722,2,37,1,1
722,3,32,1,1
722,4,170,1,1
722,5,82,1,1
722,6,0,1,1
722,7,108,1,1
722,8,41,1,1
722,9,40,1,1
722,10,444,1,1
722,11,116,1,1
722,12,43,1,1
722,13,337,1,1
722,14,104,1,1
722,15,107,1,1
723,0,296,1,1
723,1,277,1,1
723,2,57,1,1
723,3,344,1,1
723,4,420,1,1
723,5,472,1,1
723,6,0,1,1
723,7,383,1,1
723,8,207,1,1
723,9,187,1,1
723,10,551,1,1
723,11,361,1,1
723,12,750,1,1
723,13,220,1,1
723,14,267,1,1
723,15,348,1,1
724,0,573,1,1
724,1,370,1,1
724,2,159,1,1
724,3,195,1,1
724,4,605,1,1
724,5,658,1,1
724,6,590,1,1
724,7,348,1,1
724,8,364,1,1
724,9,386,1,1
724,10,736,1,1
724,11,575,1,1
724,12,359,1,1
724,13,711,1,1
724,14,975,1,1
724,15,887,1,1
725,0,463,1,1
725,1,238,1,1
725,2,167,1,1
725,3,131,1,1
725,4,90,1,1
725,5,276,1,1
725,6,231,1,1
725,7,282,1,1
725,8,149,1,1
725,9,86,1,1
725,10,0,1,1
725,11,519,1,1
725,12,386,1,1
725,13,400,1,1
725,14,421,1,1
725,15,362,1,1
726,0,511,1,1
726,1,292,1,1
726,2,164,1,1
726,3,110,1,1
726,4,197,1,1
726,5,131,1,1
726,6,121,1,1
726,7,121,1,1
726,8,66,1,1
726,9,144,1,1
726,10,498,1,1
726,11,424,1,1
726,12,127,1,1
726,13,525,1,1
726,14,170,1,1
726,15,21,1,1
727,0,580,1,1
727,1,267,1,1
727,2,199,1,1
727,3,87,1,1
727,4,260,1,1
727,5,319,1,1
727,6,202,1,1
727,7,251,1,1
727,8,60,1,1
727,9,181,1,1
727,10,568,1,1
727,11,455,1,1
727,12,292,1,1
727,13,470,1,1
727,14,305,1,1
727,15,170,1,1
728,0,621,1,1
728,1,318,1,1
728,2,144,1,1
728,3,162,1,1
728,4,266,1,1
728,5,348,1,1
728,6,103,1,1
728,7,220,1,1
728,8,149,1,1
728,9,171,1,1
728,10,426,1,1
728,11,400,1,1
728,12,257,1,1
728,13,526,1,1
728,14,467,1,1
728,15,342,1,1
729,0,564,1,1
729,1,397,1,1
729,2,96,1,1
729,3,259,1,1
729,4,280,1,1
729,5,269,1,1
729,6,179,1,1
729,7,223,1,1
729,8,177,1,1
729,9,148,1,1
729,10,483,1,1
729,11,451,1,1
729,12,381,1,1
729,13,651,1,1
729,14,737,1,1
729,15,346,1,1
730,0,714,1,1
730,1,409,1,1
730,2,175,1,1
730,3,243,1,1
730,4,257,1,1
730,5,259,1,1
730,6,78,1,1
730,7,111,1,1
730,8,82,1,1
730,9,182,1,1
730,10,520,1,1
730,11,444,1,1
730,12,446,1,1
730,13,548,1,1
730,14,310,1,1
730,15,148,1,1
731,0,762,1,1
731,1,462,1,1
731,2,118,1,1
731,3,260,1,1
731,4,219,1,1
731,5,304,1,1
731,6,197,1,1
731,7,146,1,1
731,8,110,1,1
731,9,300,1,1
731,10,432,1,1
731,11,473,1,1
731,12,546,1,1
731,13,787,1,1
731,14,455,1,1
731,15,324,1,1
732,0,962,1,1
732,1,437,1,1
732,2,68,1,1
732,3,188,1,1
732,4,97,1,1
732,5,632,1,1
732,6,231,1,1
732,7,326,1,1
732,8,156,1,1
732,9,499,1,1
732,10,478,1,1
732,11,377,1,1
732,12,985,1,1
732,13,595,1,1
732,14,403,1,1
732,15,1702,1,1
733,0,1216,1,1
733,1,432,1,1
733,2,13,1,1
733,3,494,1,1
733,4,0,1,1
733,5,979,1,1
733,6,462,1,1
733,7,185,1,1
733,8,291,1,1
733,9,594,1,1
733,10,594,1,1
733,11,488,1,1
733,12,274,1,1
733,13,844,1,1
733,14,923,1,1
733,15,1202,1,1
734,0,2257,1,1
734,1,776,1,1
734,2,21,1,1
734,3,198,1,1
734,4,0,1,1
734,5,238,1,1
734,6,854,1,1
734,7,38,1,1
734,8,232,1,1
734,9,826,1,1
734,10,507,1,1
734,11,349,1,1
734,12,821,1,1
734,13,772,1,1
734,14,751,1,1
734,15,1362,1,1
735,0,700,1,1
735,1,318,1,1
735,2,65,1,1
735,3,228,1,1
735,4,175,1,1
735,5,311,1,1
735,6,181,1,1
735,7,137,1,1
735,8,132,1,1
735,9,314,1,1
735,10,475,1,1
735,11,388,1,1
735,12,446,1,1
735,13,685,1,1
735,14,501,1,1
735,15,231,1,1
736,0,757,1,1
736,1,392,1,1
736,2,119,1,1
736,3,367,1,1
736,4,123,1,1
736,5,512,1,1
736,6,270,1,1
736,7,107,1,1
736,8,204,1,1
736,9,428,1,1
736,10,279,1,1
736,11,705,1,1
736,12,425,1,1
736,13,853,1,1
736,14,317,1,1
736,15,541,1,1
737,0,708,1,1
737,1,462,1,1
737,2,173,1,1
737,3,320,1,1
737,4,99,1,1
737,5,751,1,1
737,6,397,1,1
737,7,233,1,1
737,8,178,1,1
737,9,264,1,1
737,10,304,1,1
737,11,717,1,1
737,12,900,1,1
737,13,1211,1,1
737,14,960,1,1
737,15,726,1,1
738,0,454,1,1
738,1,273,1,1
738,2,144,1,1
738,3,172,1,1
738,4,160,1,1
738,5,543,1,1
738,6,305,1,1
738,7,236,1,1
738,8,183,1,1
738,9,425,1,1
738,10,267,1,1
738,11,450,1,1
738,12,523,1,1
738,13,754,1,1
738,14,704,1,1
738,15,509,1,1
739,0,467,1,1
739,1,346,1,1
739,2,179,1,1
739,3,184,1,1
739,4,145,1,1
739,5,149,1,1
739,6,261,1,1
739,7,259,1,1
739,8,82,1,1
739,9,246,1,1
739,10,284,1,1
739,11,607,1,1
739,12,371,1,1
739,13,483,1,1
739,14,541,1,1
739,15,342,1,1
740,0,295,1,1
740,1,136,1,1
740,2,105,1,1
740,3,100,1,1
740,4,87,1,1
740,5,186,1,1
740,6,132,1,1
740,7,131,1,1
740,8,15,1,1
740,9,315,1,1
740,10,261,1,1
740,11,403,1,1
740,12,185,1,1
740,13,494,1,1
740,14,517,1,1
740,15,210,1,1
741,0,94,1,1
741,1,71,1,1
741,2,38,1,1
741,3,162,1,1
741,4,105,1,1
741,5,90,1,1
741,6,146,1,1
741,7,223,1,1
741,8,85,1,1
741,9,223,1,1
741,10,205,1,1
741,11,276,1,1
741,12,249,1,1
741,13,359,1,1
741,14,520,1,1
741,15,205,1,1
742,0,54,1,1
742,1,49,1,1
742,2,15,1,1
742,3,112,1,1
742,4,83,1,1
742,5,189,1,1
742,6,97,1,1
742,7,170,1,1
742,8,0,1,1
742,9,242,1,1
742,10,215,1,1
742,11,289,1,1
742,12,214,1,1
742,13,215,1,1
742,14,409,1,1
742,15,92,1,1
743,0,25,1,1
743,1,21,1,1
743,2,7,1,1
743,3,74,1,1
743,4,90,1,1
743,5,66,1,1
743,6,135,1,1
743,7,138,1,1
743,8,50,1,1
743,9,74,1,1
743,10,178,1,1
743,11,100,1,1
743,12,210,1,1
743,13,85,1,1
743,14,291,1,1
743,15,142,1,1
744,0,26,1,1
744,1,17,1,1
744,2,9,1,1
744,3,52,1,1
744,4,66,1,1
744,5,21,1,1
744,6,170,1,1
744,7,152,1,1
744,8,34,1,1
744,9,22,1,1
744,10,149,1,1
744,11,95,1,1
744,12,114,1,1
744,13,257,1,1
744,14,226,1,1
744,15,87,1,1
745,0,43,1,1
745,1,18,1,1
745,2,9,1,1
745,3,69,1,1
745,4,22,1,1
745,5,40,1,1
745,6,26,1,1
745,7,68,1,1
745,8,28,1,1
745,9,87,1,1
745,10,178,1,1
745,11,55,1,1
745,12,117,1,1
745,13,0,1,1
745,14,186,1,1
745,15,40,1,1
746,0,125,1,1
746,1,84,1,1
746,2,42,1,1
746,3,132,1,1
746,4,79,1,1
746,5,79,1,1
746,6,118,1,1
746,7,140,1,1
746,8,7,1,1
746,9,141,1,1
746,10,416,1,1
746,11,148,1,1
746,12,153,1,1
746,13,274,1,1
746,14,370,1,1
746,15,198,1,1
747,0,305,1,1
747,1,290,1,1
747,2,68,1,1
747,3,492,1,1
747,4,328,1,1
747,5,458,1,1
747,6,594,1,1
747,7,567,1,1
747,8,222,1,1
747,9,577,1,1
747,10,580,1,1
747,11,339,1,1
747,12,782,1,1
747,13,424,1,1
747,14,718,1,1
747,15,940,1,1
748,0,430,1,1
748,1,336,1,1
748,2,145,1,1
748,3,542,1,1
748,4,440,1,1
748,5,711,1,1
748,6,812,1,1
748,7,588,1,1
748,8,385,1,1
748,9,819,1,1
748,10,769,1,1
748,11,585,1,1
748,12,459,1,1
748,13,1205,1,1
748,14,1519,1,1
748,15,522,1,1
749,0,513,1,1
749,1,288,1,1
749,2,190,1,1
749,3,179,1,1
749,4,106,1,1
749,5,225,1,1
749,6,335,1,1
749,7,253,1,1
749,8,117,1,1
749,9,254,1,1
749,10,0,1,1
749,11,434,1,1
749,12,472,1,1
749,13,291,1,1
749,14,415,1,1
749,15,253,1,1
750,0,559,1,1
750,1,387,1,1
750,2,212,1,1
750,3,155,1,1
750,4,166,1,1
750,5,271,1,1
750,6,187,1,1
750,7,168,1,1
750,8,25,1,1
750,9,287,1,1
750,10,685,1,1
750,11,524,1,1
750,12,219,1,1
750,13,395,1,1
750,14,502,1,1
750,15,39,1,1
751,0,689,1,1
751,1,394,1,1
751,2,237,1,1
751,3,256,1,1
751,4,162,1,1
751,5,390,1,1
751,6,393,1,1
751,7,262,1,1
751,8,0,1,1
751,9,363,1,1
751,10,525,1,1
751,11,514,1,1
751,12,349,1,1
751,13,320,1,1
751,14,833,1,1
751,15,234,1,1
752,0,619,1,1
752,1,350,1,1
752,2,208,1,1
752,3,210,1,1
752,4,170,1,1
752,5,238,1,1
752,6,201,1,1
752,7,263,1,1
752,8,83,1,1
752,9,185,1,1
752,10,598,1,1
752,11,544,1,1
752,12,358,1,1
752,13,603,1,1
752,14,563,1,1
752,15,384,1,1
753,0,628,1,1
753,1,431,1,1
753,2,232,1,1
753,3,343,1,1
753,4,299,1,1
753,5,218,1,1
753,6,331,1,1
753,7,230,1,1
753,8,72,1,1
753,9,354,1,1
753,10,610,1,1
753,11,562,1,1
753,12,418,1,1
753,13,554,1,1
753,14,735,1,1
753,15,323,1,1
754,0,729,1,1
754,1,479,1,1
754,2,241,1,1
754,3,260,1,1
754,4,148,1,1
754,5,303,1,1
754,6,152,1,1
754,7,93,1,1
754,8,36,1,1
754,9,300,1,1
754,10,625,1,1
754,11,579,1,1
754,12,384,1,1
754,13,480,1,1
754,14,683,1,1
754,15,302,1,1
755,0,701,1,1
755,1,421,1,1
755,2,242,1,1
755,3,177,1,1
755,4,246,1,1
755,5,222,1,1
755,6,110,1,1
755,7,67,1,1
755,8,101,1,1
755,9,143,1,1
755,10,542,1,1
755,11,526,1,1
755,12,229,1,1
755,13,404,1,1
755,14,164,1,1
755,15,550,1,1
756,0,1005,1,1
756,1,418,1,1
756,2,64,1,1
756,3,65,1,1
756,4,337,1,1
756,5,439,1,1
756,6,82,1,1
756,7,281,1,1
756,8,470,1,1
756,9,199,1,1
756,10,619,1,1
756,11,447,1,1
756,12,310,1,1
756,13,224,1,1
756,14,0,1,1
756,15,1103,1,1
757,0,1952,1,1
757,1,743,1,1
757,2,77,1,1
757,3,389,1,1
757,4,52,1,1
757,5,514,1,1
757,6,461,1,1
757,7,0,1,1
757,8,532,1,1
757,9,225,1,1
757,10,517,1,1
757,11,422,1,1
757,12,0,1,1
757,13,886,1,1
757,14,288,1,1
757,15,491,1,1
758,0,3004,1,1
758,1,1121,1,1
758,2,84,1,1
758,3,138,1,1
758,4,217,1,1
758,5,841,1,1
758,6,472,1,1
758,7,90,1,1
758,8,660,1,1
758,9,363,1,1
758,10,607,1,1
758,11,419,1,1
758,12,484,1,1
758,13,1038,1,1
758,14,0,1,1
758,15,1381,1,1
759,0,796,1,1
759,1,382,1,1
759,2,37,1,1
759,3,250,1,1
759,4,153,1,1
759,5,266,1,1
759,6,164,1,1
759,7,60,1,1
759,8,87,1,1
759,9,401,1,1
759,10,480,1,1
759,11,412,1,1
759,12,288,1,1
759,13,534,1,1
759,14,446,1,1
759,15,292,1,1
760,0,799,1,1
760,1,446,1,1
760,2,113,1,1
760,3,209,1,1
760,4,225,1,1
760,5,449,1,1
760,6,143,1,1
760,7,0,1,1
760,8,103,1,1
760,9,357,1,1
760,10,293,1,1
760,11,684,1,1
760,12,129,1,1
760,13,682,1,1
760,14,221,1,1
760,15,729,1,1
761,0,756,1,1
761,1,493,1,1
761,2,147,1,1
761,3,147,1,1
761,4,296,1,1
761,5,374,1,1
761,6,343,1,1
761,7,105,1,1
761,8,117,1,1
761,9,209,1,1
761,10,313,1,1
761,11,681,1,1
761,12,492,1,1
761,13,650,1,1
761,14,301,1,1
761,15,855,1,1
762,0,625,1,1
762,1,409,1,1
762,2,177,1,1
762,3,145,1,1
762,4,275,1,1
762,5,468,1,1
762,6,260,1,1
762,7,204,1,1
762,8,165,1,1
762,9,442,1,1
762,10,319,1,1
762,11,687,1,1
762,12,387,1,1
762,13,517,1,1
762,14,508,1,1
762,15,556,1,1
763,0,552,1,1
763,1,392,1,1
763,2,150,1,1
763,3,23,1,1
763,4,112,1,1
763,5,133,1,1
763,6,147,1,1
763,7,65,1,1
763,8,19,1,1
763,9,353,1,1
763,10,311,1,1
763,11,574,1,1
763,12,271,1,1
763,13,501,1,1
763,14,209,1,1
763,15,481,1,1
764,0,352,1,1
764,1,167,1,1
764,2,106,1,1
764,3,183,1,1
764,4,151,1,1
764,5,47,1,1
764,6,125,1,1
764,7,0,1,1
764,8,48,1,1
764,9,359,1,1
764,10,282,1,1
764,11,465,1,1
764,12,271,1,1
764,13,580,1,1
764,14,359,1,1
764,15,370,1,1
765,0,108,1,1
765,1,108,1,1
765,2,37,1,1
765,3,35,1,1
765,4,157,1,1
765,5,35,1,1
765,6,79,1,1
765,7,172,1,1
765,8,102,1,1
765,9,248,1,1
765,10,260,1,1
765,11,223,1,1
765,12,235,1,1
765,13,291,1,1
765,14,304,1,1
765,15,394,1,1
766,0,0,1,1
766,1,0,1,1
766,2,0,1,1
766,3,0,1,1
766,4,183,1,1
766,5,174,1,1
766,6,93,1,1
766,7,13,1,1
766,8,0,1,1
766,9,283,1,1
766,10,211,1,1
766,11,132,1,1
766,12,116,1,1
766,13,308,1,1
766,14,110,1,1
766,15,374,1,1
767,0,106,1,1
767,1,72,1,1
767,2,28,1,1
767,3,26,1,1
767,4,21,1,1
767,5,123,1,1
767,6,47,1,1
767,7,32,1,1
767,8,33,1,1
767,9,12,1,1
767,10,166,1,1
767,11,65,1,1
767,12,121,1,1
767,13,128,1,1
767,14,130,1,1
767,15,169,1,1
768,0,29,1,1
768,1,9,1,1
768,2,8,1,1
768,3,0,1,1
768,4,0,1,1
768,5,89,1,1
768,6,214,1,1
768,7,0,1,1
768,8,0,1,1
768,9,195,1,1
768,10,166,1,1
768,11,83,1,1
768,12,63,1,1
768,13,77,1,1
768,14,0,1,1
768,15,231,1,1
769,0,25,1,1
769,1,12,1,1
769,2,17,1,1
769,3,3,1,1
769,4,74,1,1
769,5,0,1,1
769,6,15,1,1
769,7,0,1,1
769,8,44,1,1
769,9,105,1,1
769,10,135,1,1
769,11,47,1,1
769,12,5,1,1
769,13,26,1,1
769,14,27,1,1
769,15,141,1,1
770,0,119,1,1
770,1,66,1,1
770,2,28,1,1
770,3,61,1,1
770,4,48,1,1
770,5,0,1,1
770,6,0,1,1
770,7,0,1,1
770,8,3,1,1
770,9,112,1,1
770,10,304,1,1
770,11,116,1,1
770,12,0,1,1
770,13,261,1,1
770,14,1,1,1
770,15,318,1,1
771,0,148,1,1
771,1,154,1,1
771,2,43,1,1
771,3,0,1,1
771,4,80,1,1
771,5,75,1,1
771,6,0,1,1
771,7,203,1,1
771,8,147,1,1
771,9,504,1,1
771,10,435,1,1
771,11,258,1,1
771,12,376,1,1
771,13,364,1,1
771,14,47,1,1
771,15,789,1,1
772,0,244,1,1
772,1,178,1,1
772,2,83,1,1
772,3,0,1,1
772,4,269,1,1
772,5,237,1,1
772,6,627,1,1
772,7,8,1,1
772,8,178,1,1
772,9,588,1,1
772,10,448,1,1
772,11,445,1,1
772,12,209,1,1
772,13,581,1,1
772,14,420,1,1
772,15,857,1,1
773,0,331,1,1
773,1,210,1,1
773,2,89,1,1
773,3,0,1,1
773,4,0,1,1
773,5,45,1,1
773,6,106,1,1
773,7,156,1,1
773,8,34,1,1
773,9,167,1,1
773,10,0,1,1
773,11,442,1,1
773,12,106,1,1
773,13,190,1,1
773,14,157,1,1
773,15,110,1,1
774,0,403,1,1
774,1,217,1,1
774,2,77,1,1
774,3,207,1,1
774,4,169,1,1
774,5,0,1,1
774,6,149,1,1
774,7,51,1,1
774,8,32,1,1
774,9,304,1,1
774,10,307,1,1
774,11,402,1,1
774,12,199,1,1
774,13,434,1,1
774,14,241,1,1
774,15,411,1,1
775,0,452,1,1
775,1,263,1,1
775,2,86,1,1
775,3,103,1,1
775,4,168,1,1
775,5,175,1,1
775,6,342,1,1
775,7,32,1,1
775,8,42,1,1
775,9,397,1,1
775,10,371,1,1
775,11,426,1,1
775,12,271,1,1
775,13,725,1,1
775,14,241,1,1
775,15,660,1,1
776,0,564,1,1
776,1,336,1,1
776,2,79,1,1
776,3,240,1,1
776,4,273,1,1
776,5,267,1,1
776,6,145,1,1
776,7,245,1,1
776,8,183,1,1
776,9,190,1,1
776,10,434,1,1
776,11,413,1,1
776,12,320,1,1
776,13,619,1,1
776,14,541,1,1
776,15,500,1,1
777,0,595,1,1
777,1,341,1,1
777,2,113,1,1
777,3,373,1,1
777,4,218,1,1
777,5,349,1,1
777,6,489,1,1
777,7,152,1,1
777,8,115,1,1
777,9,580,1,1
777,10,313,1,1
777,11,516,1,1
777,12,558,1,1
777,13,675,1,1
777,14,517,1,1
777,15,813,1,1
778,0,731,1,1
778,1,393,1,1
778,2,113,1,1
778,3,287,1,1
778,4,146,1,1
778,5,203,1,1
778,6,176,1,1
778,7,47,1,1
778,8,74,1,1
778,9,362,1,1
778,10,427,1,1
778,11,535,1,1
778,12,457,1,1
778,13,699,1,1
778,14,518,1,1
778,15,556,1,1
779,0,673,1,1
779,1,409,1,1
779,2,116,1,1
779,3,368,1,1
779,4,121,1,1
779,5,276,1,1
779,6,252,1,1
779,7,370,1,1
779,8,170,1,1
779,9,36,1,1
779,10,311,1,1
779,11,536,1,1
779,12,728,1,1
779,13,556,1,1
779,14,751,1,1
779,15,330,1,1
780,0,726,1,1
780,1,413,1,1
780,2,84,1,1
780,3,100,1,1
780,4,155,1,1
780,5,701,1,1
780,6,327,1,1
780,7,765,1,1
780,8,638,1,1
780,9,0,1,1
780,10,328,1,1
780,11,520,1,1
780,12,522,1,1
780,13,45,1,1
780,14,832,1,1
780,15,0,1,1
781,0,915,1,1
781,1,414,1,1
781,2,62,1,1
781,3,673,1,1
781,4,308,1,1
781,5,863,1,1
781,6,562,1,1
781,7,612,1,1
781,8,592,1,1
781,9,0,1,1
781,10,388,1,1
781,11,409,1,1
781,12,674,1,1
781,13,325,1,1
781,14,910,1,1
781,15,199,1,1
782,0,871,1,1
782,1,383,1,1
782,2,26,1,1
782,3,0,1,1
782,4,126,1,1
782,5,379,1,1
782,6,6,1,1
782,7,787,1,1
782,8,655,1,1
782,9,0,1,1
782,10,304,1,1
782,11,433,1,1
782,12,486,1,1
782,13,74,1,1
782,14,735,1,1
782,15,144,1,1
783,0,680,1,1
783,1,342,1,1
783,2,60,1,1
783,3,287,1,1
783,4,166,1,1
783,5,315,1,1
783,6,186,1,1
783,7,89,1,1
783,8,106,1,1
783,9,230,1,1
783,10,434,1,1
783,11,474,1,1
783,12,459,1,1
783,13,582,1,1
783,14,469,1,1
783,15,478,1,1
784,0,724,1,1
784,1,422,1,1
784,2,111,1,1
784,3,425,1,1
784,4,178,1,1
784,5,196,1,1
784,6,42,1,1
784,7,185,1,1
784,8,251,1,1
784,9,0,1,1
784,10,228,1,1
784,11,759,1,1
784,12,484,1,1
784,13,768,1,1
784,14,492,1,1
784,15,430,1,1
785,0,703,1,1
785,1,468,1,1
785,2,157,1,1
785,3,330,1,1
785,4,315,1,1
785,5,300,1,1
785,6,730,1,1
785,7,667,1,1
785,8,211,1,1
785,9,4,1,1
785,10,318,1,1
785,11,724,1,1
785,12,1036,1,1
785,13,809,1,1
785,14,751,1,1
785,15,425,1,1
786,0,594,1,1
786,1,374,1,1
786,2,150,1,1
786,3,179,1,1
786,4,139,1,1
786,5,476,1,1
786,6,380,1,1
786,7,441,1,1
786,8,291,1,1
786,9,130,1,1
786,10,335,1,1
786,11,628,1,1
786,12,491,1,1
786,13,721,1,1
786,14,808,1,1
786,15,604,1,1
787,0,551,1,1
787,1,359,1,1
787,2,148,1,1
787,3,157,1,1
787,4,128,1,1
787,5,219,1,1
787,6,174,1,1
787,7,178,1,1
787,8,34,1,1
787,9,278,1,1
787,10,331,1,1
787,11,613,1,1
787,12,308,1,1
787,13,664,1,1
787,14,332,1,1
787,15,419,1,1
788,0,351,1,1
788,1,168,1,1
788,2,133,1,1
788,3,195,1,1
788,4,149,1,1
788,5,309,1,1
788,6,226,1,1
788,7,67,1,1
788,8,25,1,1
788,9,367,1,1
788,10,258,1,1
788,11,531,1,1
788,12,404,1,1
788,13,627,1,1
788,14,522,1,1
788,15,460,1,1
789,0,111,1,1
789,1,82,1,1
789,2,67,1,1
789,3,177,1,1
789,4,86,1,1
789,5,191,1,1
789,6,134,1,1
789,7,199,1,1
789,8,118,1,1
789,9,242,1,1
789,10,290,1,1
789,11,460,1,1
789,12,355,1,1
789,13,408,1,1
789,14,399,1,1
789,15,391,1,1
790,0,53,1,1
790,1,62,1,1
790,2,22,1,1
790,3,138,1,1
790,4,95,1,1
790,5,192,1,1
790,6,120,1,1
790,7,74,1,1
790,8,0,1,1
790,9,240,1,1
790,10,202,1,1
790,11,276,1,1
790,12,252,1,1
790,13,314,1,1
790,14,313,1,1
790,15,282,1,1
791,0,34,1,1
791,1,29,1,1
791,2,9,1,1
791,3,106,1,1
791,4,50,1,1
791,5,148,1,1
791,6,153,1,1
791,7,137,1,1
791,8,43,1,1
791,9,93,1,1
791,10,202,1,1
791,11,167,1,1
791,12,231,1,1
791,13,156,1,1
791,14,286,1,1
791,15,204,1,1
792,0,31,1,1
792,1,19,1,1
792,2,17,1,1
792,3,71,1,1
792,4,55,1,1
792,5,108,1,1
792,6,129,1,1
792,7,93,1,1
792,8,7,1,1
792,9,84,1,1
792,10,165,1,1
792,11,58,1,1
792,12,140,1,1
792,13,150,1,1
792,14,18,1,1
792,15,133,1,1
793,0,23,1,1
793,1,12,1,1
793,2,24,1,1
793,3,75,1,1
793,4,55,1,1
793,5,50,1,1
793,6,29,1,1
793,7,30,1,1
793,8,35,1,1
793,9,83,1,1
793,10,126,1,1
793,11,46,1,1
793,12,41,1,1
793,13,15,1,1
793,14,0,1,1
793,15,154,1,1
794,0,82,1,1
794,1,64,1,1
794,2,31,1,1
794,3,126,1,1
794,4,71,1,1
794,5,57,1,1
794,6,35,1,1
794,7,53,1,1
794,8,1,1,1
794,9,66,1,1
794,10,270,1,1
794,11,69,1,1
794,12,81,1,1
794,13,300,1,1
794,14,82,1,1
794,15,278,1,1
795,0,130,1,1
795,1,86,1,1
795,2,29,1,1
795,3,365,1,1
795,4,90,1,1
795,5,390,1,1
795,6,206,1,1
795,7,431,1,1
795,8,130,1,1
795,9,323,1,1
795,10,419,1,1
795,11,123,1,1
795,12,528,1,1
795,13,509,1,1
795,14,100,1,1
795,15,925,1,1
796,0,204,1,1
796,1,84,1,1
796,2,82,1,1
796,3,307,1,1
796,4,230,1,1
796,5,460,1,1
796,6,41,1,1
796,7,117,1,1
796,8,250,1,1
796,9,352,1,1
796,10,361,1,1
796,11,191,1,1
796,12,143,1,1
796,13,887,1,1
796,14,389,1,1
796,15,609,1,1
797,0,222,1,1
797,1,109,1,1
797,2,102,1,1
797,3,36,1,1
797,4,22,1,1
797,5,95,1,1
797,6,97,1,1
797,7,93,1,1
797,8,41,1,1
797,9,149,1,1
797,10,0,1,1
797,11,249,1,1
797,12,93,1,1
797,13,55,1,1
797,14,141,1,1
797,15,156,1,1
798,0,295,1,1
798,1,147,1,1
798,2,112,1,1
798,3,214,1,1
798,4,152,1,1
798,5,195,1,1
798,6,251,1,1
798,7,158,1,1
798,8,0,1,1
798,9,287,1,1
798,10,554,1,1
798,11,265,1,1
798,12,318,1,1
798,13,577,1,1
798,14,364,1,1
798,15,372,1,1
799,0,386,1,1
799,1,182,1,1
799,2,138,1,1
799,3,335,1,1
799,4,193,1,1
799,5,367,1,1
799,6,434,1,1
799,7,147,1,1
799,8,0,1,1
799,9,347,1,1
799,10,552,1,1
799,11,306,1,1
799,12,498,1,1
799,13,782,1,1
799,14,574,1,1
799,15,613,1,1
800,0,538,1,1
800,1,244,1,1
800,2,178,1,1
800,3,229,1,1
800,4,216,1,1
800,5,350,1,1
800,6,220,1,1
800,7,247,1,1
800,8,158,1,1
800,9,232,1,1
800,10,532,1,1
800,11,366,1,1
800,12,439,1,1
800,13,662,1,1
800,14,601,1,1
800,15,561,1,1
801,0,546,1,1
801,1,283,1,1
801,2,210,1,1
801,3,394,1,1
801,4,321,1,1
801,5,449,1,1
801,6,439,1,1
801,7,220,1,1
801,8,101,1,1
801,9,506,1,1
801,10,599,1,1
801,11,475,1,1
801,12,595,1,1
801,13,740,1,1
801,14,656,1,1
801,15,699,1,1
802,0,613,1,1
802,1,320,1,1
802,2,231,1,1
802,3,294,1,1
802,4,192,1,1
802,5,286,1,1
802,6,250,1,1
802,7,62,1,1
802,8,45,1,1
802,9,344,1,1
802,10,705,1,1
802,11,470,1,1
802,12,482,1,1
802,13,795,1,1
802,14,672,1,1
802,15,503,1,1
803,0,630,1,1
803,1,290,1,1
803,2,231,1,1
803,3,160,1,1
803,4,200,1,1
803,5,381,1,1
803,6,389,1,1
803,7,121,1,1
803,8,82,1,1
803,9,83,1,1
803,10,560,1,1
803,11,465,1,1
803,12,411,1,1
803,13,462,1,1
803,14,745,1,1
803,15,498,1,1
804,0,709,1,1
804,1,276,1,1
804,2,68,1,1
804,3,10,1,1
804,4,352,1,1
804,5,132,1,1
804,6,324,1,1
804,7,517,1,1
804,8,581,1,1
804,9,12,1,1
804,10,545,1,1
804,11,397,1,1
804,12,236,1,1
804,13,0,1,1
804,14,293,1,1
804,15,15,1,1
805,0,858,1,1
805,1,308,1,1
805,2,24,1,1
805,3,148,1,1
805,4,227,1,1
805,5,415,1,1
805,6,398,1,1
805,7,128,1,1
805,8,581,1,1
805,9,117,1,1
805,10,444,1,1
805,11,370,1,1
805,12,295,1,1
805,13,29,1,1
805,14,938,1,1
805,15,457,1,1
806,0,901,1,1
806,1,285,1,1
806,2,3,1,1
806,3,0,1,1
806,4,188,1,1
806,5,212,1,1
806,6,209,1,1
806,7,303,1,1
806,8,459,1,1
806,9,179,1,1
806,10,440,1,1
806,11,425,1,1
806,12,0,1,1
806,13,0,1,1
806,14,197,1,1
806,15,295,1,1
807,0,636,1,1
807,1,318,1,1
807,2,35,1,1
807,3,251,1,1
807,4,169,1,1
807,5,380,1,1
807,6,275,1,1
807,7,73,1,1
807,8,91,1,1
807,9,373,1,1
807,10,502,1,1
807,11,465,1,1
807,12,347,1,1
807,13,599,1,1
807,14,503,1,1
807,15,443,1,1
808,0,769,1,1
808,1,419,1,1
808,2,141,1,1
808,3,179,1,1
808,4,302,1,1
808,5,425,1,1
808,6,186,1,1
808,7,11,1,1
808,8,127,1,1
808,9,207,1,1
808,10,0,1,1
808,11,0,1,1
808,12,268,1,1
808,13,725,1,1
808,14,448,1,1
808,15,587,1,1
809,0,759,1,1
809,1,429,1,1
809,2,172,1,1
809,3,115,1,1
809,4,344,1,1
809,5,406,1,1
809,6,476,1,1
809,7,341,1,1
809,8,162,1,1
809,9,98,1,1
809,10,661,1,1
809,11,1316,1,1
809,12,768,1,1
809,13,515,1,1
809,14,680,1,1
809,15,422,1,1
810,0,639,1,1
810,1,414,1,1
810,2,180,1,1
810,3,145,1,1
810,4,262,1,1
810,5,447,1,1
810,6,352,1,1
810,7,207,1,1
810,8,227,1,1
810,9,376,1,1
810,10,371,1,1
810,11,617,1,1
810,12,417,1,1
810,13,694,1,1
810,14,791,1,1
810,15,593,1,1
811,0,497,1,1
811,1,289,1,1
811,2,165,1,1
811,3,127,1,1
811,4,151,1,1
811,5,254,1,1
811,6,313,1,1
811,7,139,1,1
811,8,80,1,1
811,9,164,1,1
811,10,356,1,1
811,11,538,1,1
811,12,137,1,1
811,13,678,1,1
811,14,273,1,1
811,15,607,1,1
812,0,306,1,1
812,1,180,1,1
812,2,120,1,1
812,3,135,1,1
812,4,101,1,1
812,5,209,1,1
812,6,194,1,1
812,7,85,1,1
812,8,57,1,1
812,9,186,1,1
812,10,391,1,1
812,11,416,1,1
812,12,126,1,1
812,13,636,1,1
812,14,312,1,1
812,15,287,1,1
813,0,102,1,1
813,1,65,1,1
813,2,30,1,1
813,3,53,1,1
813,4,127,1,1
813,5,272,1,1
813,6,224,1,1
813,7,144,1,1
813,8,111,1,1
813,9,85,1,1
813,10,255,1,1
813,11,254,1,1
813,12,100,1,1
813,13,500,1,1
813,14,329,1,1
813,15,364,1,1
814,0,44,1,1
814,1,29,1,1
814,2,14,1,1
814,3,28,1,1
814,4,59,1,1
814,5,170,1,1
814,6,203,1,1
814,7,25,1,1
814,8,34,1,1
814,9,87,1,1
814,10,204,1,1
814,11,157,1,1
814,12,67,1,1
814,13,413,1,1
814,14,56,1,1
814,15,371,1,1
815,0,27,1,1
815,1,24,1,1
815,2,12,1,1
815,3,15,1,1
815,4,47,1,1
815,5,179,1,1
815,6,152,1,1
815,7,77,1,1
815,8,43,1,1
815,9,63,1,1
815,10,159,1,1
815,11,71,1,1
815,12,54,1,1
815,13,300,1,1
815,14,0,1,1
815,15,152,1,1
816,0,25,1,1
816,1,24,1,1
816,2,5,1,1
816,3,0,1,1
816,4,9,1,1
816,5,180,1,1
816,6,188,1,1
816,7,51,1,1
816,8,29,1,1
816,9,30,1,1
816,10,128,1,1
816,11,86,1,1
816,12,106,1,1
816,13,241,1,1
816,14,0,1,1
816,15,227,1,1
817,0,45,1,1
817,1,12,1,1
817,2,16,1,1
817,3,28,1,1
817,4,46,1,1
817,5,5,1,1
817,6,99,1,1
817,7,2,1,1
817,8,29,1,1
817,9,57,1,1
817,10,125,1,1
817,11,53,1,1
817,12,40,1,1
817,13,3,1,1
817,14,120,1,1
817,15,135,1,1
818,0,124,1,1
818,1,62,1,1
818,2,38,1,1
818,3,89,1,1
818,4,53,1,1
818,5,127,1,1
818,6,128,1,1
818,7,56,1,1
818,8,10,1,1
818,9,40,1,1
818,10,433,1,1
818,11,127,1,1
818,12,33,1,1
818,13,445,1,1
818,14,83,1,1
818,15,343,1,1
819,0,306,1,1
819,1,265,1,1
819,2,50,1,1
819,3,224,1,1
819,4,299,1,1
819,5,385,1,1
819,6,499,1,1
819,7,355,1,1
819,8,139,1,1
819,9,192,1,1
819,10,493,1,1
819,11,366,1,1
819,12,745,1,1
819,13,599,1,1
819,14,275,1,1
819,15,595,1,1
820,0,520,1,1
820,1,344,1,1
820,2,127,1,1
820,3,137,1,1
820,4,312,1,1
820,5,814,1,1
820,6,1013,1,1
820,7,247,1,1
820,8,312,1,1
820,9,246,1,1
820,10,790,1,1
820,11,493,1,1
820,12,560,1,1
820,13,1166,1,1
820,14,961,1,1
820,15,1341,1,1
821,0,446,1,1
821,1,279,1,1
821,2,196,1,1
821,3,158,1,1
821,4,171,1,1
821,5,170,1,1
821,6,331,1,1
821,7,223,1,1
821,8,135,1,1
821,9,107,1,1
821,10,0,1,1
821,11,449,1,1
821,12,386,1,1
821,13,339,1,1
821,14,281,1,1
821,15,337,1,1
822,0,513,1,1
822,1,253,1,1
822,2,169,1,1
822,3,146,1,1
822,4,160,1,1
822,5,273,1,1
822,6,276,1,1
822,7,73,1,1
822,8,44,1,1
822,9,139,1,1
822,10,700,1,1
822,11,415,1,1
822,12,89,1,1
822,13,688,1,1
822,14,215,1,1
822,15,248,1,1
823,0,568,1,1
823,1,275,1,1
823,2,234,1,1
823,3,173,1,1
823,4,155,1,1
823,5,401,1,1
823,6,420,1,1
823,7,221,1,1
823,8,48,1,1
823,9,161,1,1
823,10,574,1,1
823,11,448,1,1
823,12,202,1,1
823,13,803,1,1
823,14,205,1,1
823,15,629,1,1
824,0,644,1,1
824,1,289,1,1
824,2,208,1,1
824,3,248,1,1
824,4,139,1,1
824,5,286,1,1
824,6,258,1,1
824,7,186,1,1
824,8,145,1,1
824,9,181,1,1
824,10,567,1,1
824,11,427,1,1
824,12,295,1,1
824,13,698,1,1
824,14,588,1,1
824,15,552,1,1
825,0,601,1,1
825,1,413,1,1
825,2,238,1,1
825,3,301,1,1
825,4,190,1,1
825,5,314,1,1
825,6,472,1,1
825,7,184,1,1
825,8,163,1,1
825,9,221,1,1
825,10,701,1,1
825,11,530,1,1
825,12,389,1,1
825,13,730,1,1
825,14,609,1,1
825,15,726,1,1
826,0,682,1,1
826,1,369,1,1
826,2,257,1,1
826,3,192,1,1
826,4,124,1,1
826,5,374,1,1
826,6,247,1,1
826,7,118,1,1
826,8,82,1,1
826,9,204,1,1
826,10,621,1,1
826,11,486,1,1
826,12,351,1,1
826,13,787,1,1
826,14,487,1,1
826,15,303,1,1
827,0,743,1,1
827,1,386,1,1
827,2,292,1,1
827,3,251,1,1
827,4,183,1,1
827,5,135,1,1
827,6,312,1,1
827,7,120,1,1
827,8,149,1,1
827,9,239,1,1
827,10,513,1,1
827,11,446,1,1
827,12,559,1,1
827,13,471,1,1
827,14,468,1,1
827,15,100,1,1
828,0,932,1,1
828,1,358,1,1
828,2,57,1,1
828,3,354,1,1
828,4,328,1,1
828,5,336,1,1
828,6,191,1,1
828,7,549,1,1
828,8,425,1,1
828,9,463,1,1
828,10,594,1,1
828,11,423,1,1
828,12,1019,1,1
828,13,0,1,1
828,14,603,1,1
828,15,155,1,1
829,0,1137,1,1
829,1,432,1,1
829,2,22,1,1
829,3,477,1,1
829,4,361,1,1
829,5,184,1,1
829,6,364,1,1
829,7,341,1,1
829,8,455,1,1
829,9,548,1,1
829,10,463,1,1
829,11,401,1,1
829,12,502,1,1
829,13,0,1,1
829,14,388,1,1
829,15,323,1,1
830,0,2166,1,1
830,1,745,1,1
830,2,31,1,1
830,3,366,1,1
830,4,522,1,1
830,5,476,1,1
830,6,259,1,1
830,7,245,1,1
830,8,449,1,1
830,9,749,1,1
830,10,624,1,1
830,11,461,1,1
830,12,1087,1,1
830,13,0,1,1
830,14,1110,1,1
830,15,453,1,1
831,0,725,1,1
831,1,288,1,1
831,2,77,1,1
831,3,231,1,1
831,4,153,1,1
831,5,245,1,1
831,6,218,1,1
831,7,141,1,1
831,8,132,1,1
831,9,295,1,1
831,10,505,1,1
831,11,413,1,1
831,12,418,1,1
831,13,632,1,1
831,14,429,1,1
831,15,411,1,1
832,0,760,1,1
832,1,361,1,1
832,2,122,1,1
832,3,329,1,1
832,4,188,1,1
832,5,132,1,1
832,6,194,1,1
832,7,133,1,1
832,8,253,1,1
832,9,340,1,1
832,10,284,1,1
832,11,689,1,1
832,12,329,1,1
832,13,865,1,1
832,14,140,1,1
832,15,345,1,1
833,0,662,1,1
833,1,388,1,1
833,2,149,1,1
833,3,376,1,1
833,4,349,1,1
833,5,202,1,1
833,6,490,1,1
833,7,374,1,1
833,8,258,1,1
833,9,252,1,1
833,10,323,1,1
833,11,610,1,1
833,12,1030,1,1
833,13,826,1,1
833,14,361,1,1
833,15,247,1,1
834,0,508,1,1
834,1,372,1,1
834,2,137,1,1
834,3,238,1,1
834,4,217,1,1
834,5,330,1,1
834,6,266,1,1
834,7,236,1,1
834,8,242,1,1
834,9,422,1,1
834,10,290,1,1
834,11,619,1,1
834,12,509,1,1
834,13,635,1,1
834,14,804,1,1
834,15,430,1,1
835,0,431,1,1
835,1,307,1,1
835,2,147,1,1
835,3,69,1,1
835,4,202,1,1
835,5,299,1,1
835,6,76,1,1
835,7,319,1,1
835,8,101,1,1
835,9,301,1,1
835,10,299,1,1
835,11,552,1,1
835,12,284,1,1
835,13,336,1,1
835,14,506,1,1
835,15,388,1,1
836,0,332,1,1
836,1,157,1,1
836,2,96,1,1
836,3,61,1,1
836,4,209,1,1
836,5,178,1,1
836,6,67,1,1
836,7,209,1,1
836,8,46,1,1
836,9,316,1,1
836,10,251,1,1
836,11,343,1,1
836,12,111,1,1
836,13,344,1,1
836,14,420,1,1
836,15,175,1,1
837,0,93,1,1
837,1,62,1,1
837,2,20,1,1
837,3,34,1,1
837,4,237,1,1
837,5,142,1,1
837,6,76,1,1
837,7,244,1,1
837,8,95,1,1
837,9,288,1,1
837,10,219,1,1
837,11,243,1,1
837,12,88,1,1
837,13,239,1,1
837,14,496,1,1
837,15,274,1,1
838,0,47,1,1
838,1,35,1,1
838,2,13,1,1
838,3,0,1,1
838,4,176,1,1
838,5,297,1,1
838,6,3,1,1
838,7,186,1,1
838,8,23,1,1
838,9,243,1,1
838,10,170,1,1
838,11,142,1,1
838,12,53,1,1
838,13,229,1,1
838,14,355,1,1
838,15,242,1,1
839,0,28,1,1
839,1,32,1,1
839,2,9,1,1
839,3,39,1,1
839,4,127,1,1
839,5,163,1,1
839,6,3,1,1
839,7,167,1,1
839,8,58,1,1
839,9,99,1,1
839,10,149,1,1
839,11,55,1,1
839,12,106,1,1
839,13,61,1,1
839,14,193,1,1
839,15,125,1,1
840,0,22,1,1
840,1,15,1,1
840,2,5,1,1
840,3,0,1,1
840,4,83,1,1
840,5,71,1,1
840,6,122,1,1
840,7,162,1,1
840,8,45,1,1
840,9,92,1,1
840,10,168,1,1
840,11,44,1,1
840,12,0,1,1
840,13,199,1,1
840,14,198,1,1
840,15,233,1,1
841,0,24,1,1
841,1,13,1,1
841,2,16,1,1
841,3,0,1,1
841,4,113,1,1
841,5,8,1,1
841,6,47,1,1
841,7,84,1,1
841,8,32,1,1
841,9,137,1,1
841,10,137,1,1
841,11,47,1,1
841,12,64,1,1
841,13,62,1,1
841,14,227,1,1
841,15,11,1,1
842,0,122,1,1
842,1,58,1,1
842,2,29,1,1
842,3,48,1,1
842,4,165,1,1
842,5,119,1,1
842,6,0,1,1
842,7,170,1,1
842,8,55,1,1
842,9,118,1,1
842,10,409,1,1
842,11,136,1,1
842,12,100,1,1
842,13,281,1,1
842,14,311,1,1
842,15,248,1,1
843,0,239,1,1
843,1,245,1,1
843,2,48,1,1
843,3,171,1,1
843,4,362,1,1
843,5,459,1,1
843,6,0,1,1
843,7,553,1,1
843,8,263,1,1
843,9,539,1,1
843,10,541,1,1
843,11,327,1,1
843,12,579,1,1
843,13,510,1,1
843,14,681,1,1
843,15,746,1,1
844,0,433,1,1
844,1,338,1,1
844,2,150,1,1
844,3,238,1,1
844,4,474,1,1
844,5,708,1,1
844,6,423,1,1
844,7,648,1,1
844,8,329,1,1
844,9,786,1,1
844,10,615,1,1
844,11,548,1,1
844,12,526,1,1
844,13,1130,1,1
844,14,1641,1,1
844,15,603,1,1
845,0,467,1,1
845,1,271,1,1
845,2,149,1,1
845,3,100,1,1
845,4,83,1,1
845,5,218,1,1
845,6,146,1,1
845,7,246,1,1
845,8,134,1,1
845,9,306,1,1
845,10,0,1,1
845,11,500,1,1
845,12,391,1,1
845,13,340,1,1
845,14,353,1,1
845,15,75,1,1
846,0,450,1,1
846,1,238,1,1
846,2,160,1,1
846,3,91,1,1
846,4,195,1,1
846,5,153,1,1
846,6,146,1,1
846,7,243,1,1
846,8,78,1,1
846,9,311,1,1
846,10,556,1,1
846,11,374,1,1
846,12,158,1,1
846,13,225,1,1
846,14,367,1,1
846,15,173,1,1
847,0,521,1,1
847,1,257,1,1
847,2,194,1,1
847,3,50,1,1
847,4,287,1,1
847,5,424,1,1
847,6,181,1,1
847,7,285,1,1
847,8,41,1,1
847,9,359,1,1
847,10,654,1,1
847,11,373,1,1
847,12,137,1,1
847,13,290,1,1
847,14,750,1,1
847,15,397,1,1
848,0,570,1,1
848,1,330,1,1
848,2,203,1,1
848,3,198,1,1
848,4,277,1,1
848,5,373,1,1
848,6,95,1,1
848,7,288,1,1
848,8,108,1,1
848,9,170,1,1
848,10,576,1,1
848,11,486,1,1
848,12,258,1,1
848,13,577,1,1
848,14,455,1,1
848,15,311,1,1
849,0,582,1,1
849,1,341,1,1
849,2,219,1,1
849,3,236,1,1
849,4,292,1,1
849,5,291,1,1
849,6,267,1,1
849,7,331,1,1
849,8,137,1,1
849,9,309,1,1
849,10,653,1,1
849,11,464,1,1
849,12,402,1,1
849,13,423,1,1
849,14,617,1,1
849,15,475,1,1
850,0,650,1,1
850,1,353,1,1
850,2,280,1,1
850,3,217,1,1
850,4,240,1,1
850,5,326,1,1
850,6,67,1,1
850,7,230,1,1
850,8,86,1,1
850,9,288,1,1
850,10,585,1,1
850,11,488,1,1
850,12,366,1,1
850,13,309,1,1
850,14,630,1,1
850,15,435,1,1
851,0,715,1,1
851,1,332,1,1
851,2,278,1,1
851,3,276,1,1
851,4,264,1,1
851,5,243,1,1
851,6,305,1,1
851,7,178,1,1
851,8,118,1,1
851,9,152,1,1
851,10,658,1,1
851,11,442,1,1
851,12,688,1,1
851,13,322,1,1
851,14,240,1,1
851,15,630,1,1
852,0,943,1,1
852,1,349,1,1
852,2,83,1,1
852,3,340,1,1
852,4,53,1,1
852,5,556,1,1
852,6,393,1,1
852,7,119,1,1
852,8,206,1,1
852,9,39,1,1
852,10,568,1,1
852,11,448,1,1
852,12,411,1,1
852,13,475,1,1
852,14,115,1,1
852,15,725,1,1
853,0,1171,1,1
853,1,360,1,1
853,2,22,1,1
853,3,607,1,1
853,4,58,1,1
853,5,586,1,1
853,6,444,1,1
853,7,0,1,1
853,8,321,1,1
853,9,96,1,1
853,10,485,1,1
853,11,460,1,1
853,12,405,1,1
853,13,1192,1,1
853,14,216,1,1
853,15,688,1,1
854,0,2365,1,1
854,1,697,1,1
854,2,28,1,1
854,3,202,1,1
854,4,178,1,1
854,5,56,1,1
854,6,708,1,1
854,7,0,1,1
854,8,301,1,1
854,9,51,1,1
854,10,607,1,1
854,11,381,1,1
854,12,874,1,1
854,13,901,1,1
854,14,150,1,1
854,15,912,1,1
855,0,690,1,1
855,1,322,1,1
855,2,68,1,1
855,3,233,1,1
855,4,182,1,1
855,5,360,1,1
855,6,152,1,1
855,7,143,1,1
855,8,110,1,1
855,9,281,1,1
855,10,540,1,1
855,11,334,1,1
855,12,370,1,1
855,13,399,1,1
855,14,425,1,1
855,15,393,1,1
856,0,732,1,1
856,1,427,1,1
856,2,137,1,1
856,3,379,1,1
856,4,126,1,1
856,5,230,1,1
856,6,350,1,1
856,7,78,1,1
856,8,165,1,1
856,9,121,1,1
856,10,338,1,1
856,11,730,1,1
856,12,241,1,1
856,13,530,1,1
856,14,221,1,1
856,15,789,1,1
857,0,667,1,1
857,1,435,1,1
857,2,132,1,1
857,3,440,1,1
857,4,182,1,1
857,5,579,1,1
857,6,567,1,1
857,7,193,1,1
857,8,110,1,1
857,9,137,1,1
857,10,287,1,1
857,11,724,1,1
857,12,713,1,1
857,13,973,1,1
857,14,499,1,1
857,15,1196,1,1
858,0,615,1,1
858,1,394,1,1
858,2,185,1,1
858,3,214,1,1
858,4,184,1,1
858,5,427,1,1
858,6,273,1,1
858,7,340,1,1
858,8,123,1,1
858,9,215,1,1
858,10,336,1,1
858,11,618,1,1
858,12,473,1,1
858,13,499,1,1
858,14,497,1,1
858,15,653,1,1
859,0,471,1,1
859,1,287,1,1
859,2,149,1,1
859,3,202,1,1
859,4,143,1,1
859,5,261,1,1
859,6,265,1,1
859,7,190,1,1
859,8,134,1,1
859,9,140,1,1
859,10,269,1,1
859,11,533,1,1
859,12,245,1,1
859,13,289,1,1
859,14,279,1,1
859,15,675,1,1
860,0,354,1,1
860,1,187,1,1
860,2,142,1,1
860,3,105,1,1
860,4,120,1,1
860,5,260,1,1
860,6,131,1,1
860,7,86,1,1
860,8,101,1,1
860,9,211,1,1
860,10,252,1,1
860,11,431,1,1
860,12,69,1,1
860,13,333,1,1
860,14,376,1,1
860,15,405,1,1
861,0,140,1,1
861,1,86,1,1
861,2,28,1,1
861,3,134,1,1
861,4,165,1,1
861,5,170,1,1
861,6,179,1,1
861,7,121,1,1
861,8,139,1,1
861,9,86,1,1
861,10,209,1,1
861,11,309,1,1
861,12,9,1,1
861,13,54,1,1
861,14,415,1,1
861,15,472,1,1
862,0,47,1,1
862,1,41,1,1
862,2,19,1,1
862,3,90,1,1
862,4,117,1,1
862,5,202,1,1
862,6,95,1,1
862,7,23,1,1
862,8,81,1,1
862,9,71,1,1
862,10,199,1,1
862,11,115,1,1
862,12,0,1,1
862,13,162,1,1
862,14,43,1,1
862,15,429,1,1
863,0,39,1,1
863,1,25,1,1
863,2,4,1,1
863,3,85,1,1
863,4,117,1,1
863,5,109,1,1
863,6,165,1,1
863,7,37,1,1
863,8,80,1,1
863,9,41,1,1
863,10,166,1,1
863,11,86,1,1
863,12,78,1,1
863,13,16,1,1
863,14,69,1,1
863,15,263,1,1
864,0,40,1,1
864,1,24,1,1
864,2,15,1,1
864,3,40,1,1
864,4,125,1,1
864,5,68,1,1
864,6,165,1,1
864,7,65,1,1
864,8,63,1,1
864,9,14,1,1
864,10,150,1,1
864,11,84,1,1
864,12,11,1,1
864,13,55,1,1
864,14,75,1,1
864,15,326,1,1
865,0,37,1,1
865,1,19,1,1
865,2,13,1,1
865,3,62,1,1
865,4,53,1,1
865,5,70,1,1
865,6,53,1,1
865,7,20,1,1
865,8,62,1,1
865,9,21,1,1
865,10,128,1,1
865,11,39,1,1
865,12,90,1,1
865,13,0,1,1
865,14,232,1,1
865,15,60,1,1
866,0,129,1,1
866,1,71,1,1
866,2,49,1,1
866,3,134,1,1
866,4,106,1,1
866,5,111,1,1
866,6,143,1,1
866,7,27,1,1
866,8,69,1,1
866,9,20,1,1
866,10,485,1,1
866,11,162,1,1
866,12,0,1,1
866,13,89,1,1
866,14,238,1,1
866,15,383,1,1
867,0,243,1,1
867,1,276,1,1
867,2,50,1,1
867,3,456,1,1
867,4,407,1,1
867,5,616,1,1
867,6,596,1,1
867,7,158,1,1
867,8,232,1,1
867,9,228,1,1
867,10,586,1,1
867,11,313,1,1
867,12,762,1,1
867,13,377,1,1
867,14,545,1,1
867,15,895,1,1
868,0,0,1,1
868,1,0,1,1
868,2,0,1,1
868,3,423,1,1
868,4,567,1,1
868,5,742,1,1
868,6,426,1,1
868,7,157,1,1
868,8,419,1,1
868,9,408,1,1
868,10,702,1,1
868,11,564,1,1
868,12,679,1,1
868,13,95,1,1
868,14,1504,1,1
868,15,1291,1,1
869,0,0,1,1
869,1,0,1,1
869,2,0,1,1
869,3,184,1,1
869,4,67,1,1
869,5,229,1,1
869,6,225,1,1
869,7,259,1,1
869,8,155,1,1
869,9,87,1,1
869,10,0,1,1
869,11,397,1,1
869,12,433,1,1
869,13,444,1,1
869,14,303,1,1
869,15,256,1,1
870,0,0,1,1
870,1,0,1,1
870,2,0,1,1
870,3,154,1,1
870,4,160,1,1
870,5,360,1,1
870,6,265,1,1
870,7,99,1,1
870,8,83,1,1
870,9,130,1,1
870,10,666,1,1
870,11,380,1,1
870,12,132,1,1
870,13,139,1,1
870,14,78,1,1
870,15,388,1,1
871,0,0,1,1
871,1,0,1,1
871,2,0,1,1
871,3,288,1,1
871,4,238,1,1
871,5,421,1,1
871,6,431,1,1
871,7,176,1,1
871,8,110,1,1
871,9,155,1,1
871,10,746,1,1
871,11,408,1,1
871,12,57,1,1
871,13,261,1,1
871,14,409,1,1
871,15,751,1,1
872,0,0,1,1
872,1,0,1,1
872,2,0,1,1
872,3,190,1,1
872,4,159,1,1
872,5,389,1,1
872,6,150,1,1
872,7,198,1,1
872,8,166,1,1
872,9,212,1,1
872,10,660,1,1
872,11,463,1,1
872,12,245,1,1
872,13,587,1,1
872,14,495,1,1
872,15,489,1,1
873,0,0,1,1
873,1,0,1,1
873,2,0,1,1
873,3,315,1,1
873,4,315,1,1
873,5,323,1,1
873,6,353,1,1
873,7,145,1,1
873,8,213,1,1
873,9,203,1,1
873,10,642,1,1
873,11,472,1,1
873,12,381,1,1
873,13,404,1,1
873,14,366,1,1
873,15,684,1,1
874,0,0,1,1
874,1,0,1,1
874,2,0,1,1
874,3,271,1,1
874,4,191,1,1
874,5,394,1,1
874,6,176,1,1
874,7,85,1,1
874,8,108,1,1
874,9,187,1,1
874,10,545,1,1
874,11,444,1,1
874,12,402,1,1
874,13,192,1,1
874,14,538,1,1
874,15,623,1,1
875,0,0,1,1
875,1,0,1,1
875,2,0,1,1
875,3,99,1,1
875,4,229,1,1
875,5,121,1,1
875,6,187,1,1
875,7,230,1,1
875,8,89,1,1
875,9,277,1,1
875,10,534,1,1
875,11,426,1,1
875,12,607,1,1
875,13,444,1,1
875,14,522,1,1
875,15,307,1,1
876,0,0,1,1
876,1,0,1,1
876,2,0,1,1
876,3,98,1,1
876,4,220,1,1
876,5,255,1,1
876,6,0,1,1
876,7,519,1,1
876,8,119,1,1
876,9,553,1,1
876,10,491,1,1
876,11,417,1,1
876,12,565,1,1
876,13,1345,1,1
876,14,718,1,1
876,15,0,1,1
877,0,0,1,1
877,1,0,1,1
877,2,0,1,1
877,3,290,1,1
877,4,0,1,1
877,5,402,1,1
877,6,159,1,1
877,7,493,1,1
877,8,110,1,1
877,9,600,1,1
877,10,546,1,1
877,11,448,1,1
877,12,825,1,1
877,13,1012,1,1
877,14,546,1,1
877,15,0,1,1
878,0,0,1,1
878,1,0,1,1
878,2,0,1,1
878,3,78,1,1
878,4,135,1,1
878,5,683,1,1
878,6,370,1,1
878,7,354,1,1
878,8,96,1,1
878,9,868,1,1
878,10,462,1,1
878,11,378,1,1
878,12,1359,1,1
878,13,879,1,1
878,14,854,1,1
878,15,0,1,1
879,0,0,1,1
879,1,0,1,1
879,2,0,1,1
879,3,202,1,1
879,4,156,1,1
879,5,313,1,1
879,6,179,1,1
879,7,112,1,1
879,8,126,1,1
879,9,332,1,1
879,10,543,1,1
879,11,462,1,1
879,12,349,1,1
879,13,543,1,1
879,14,320,1,1
879,15,444,1,1
880,0,0,1,1
880,1,0,1,1
880,2,0,1,1
880,3,190,1,1
880,4,183,1,1
880,5,463,1,1
880,6,241,1,1
880,7,115,1,1
880,8,146,1,1
880,9,500,1,1
880,10,356,1,1
880,11,739,1,1
880,12,200,1,1
880,13,989,1,1
880,14,314,1,1
880,15,237,1,1
881,0,0,1,1
881,1,0,1,1
881,2,0,1,1
881,3,161,1,1
881,4,178,1,1
881,5,237,1,1
881,6,249,1,1
881,7,306,1,1
881,8,133,1,1
881,9,275,1,1
881,10,330,1,1
881,11,810,1,1
881,12,853,1,1
881,13,1348,1,1
881,14,400,1,1
881,15,575,1,1
882,0,0,1,1
882,1,0,1,1
882,2,0,1,1
882,3,129,1,1
882,4,204,1,1
882,5,509,1,1
882,6,215,1,1
882,7,214,1,1
882,8,180,1,1
882,9,473,1,1
882,10,308,1,1
882,11,689,1,1
882,12,622,1,1
882,13,835,1,1
882,14,586,1,1
882,15,579,1,1
