timestep,location,flow,occupy,speed
1,0,370.0,1,1
1,1,179.0,1,1
1,2,172.0,1,1
1,3,209.0,1,1
1,4,178.0,1,1
1,5,200.0,1,1
1,6,267.0,1,1
1,7,166.0,1,1
1,8,102.0,1,1
1,9,206.0,1,1
1,10,290.0,1,1
1,11,454.0,1,1
1,12,203.0,1,1
1,13,821.0,1,1
1,14,140.0,1,1
1,15,332.0,1,1
2,0,227.0,1,1
2,1,127.0,1,1
2,2,106.0,1,1
2,3,178.0,1,1
2,4,150.0,1,1
2,5,119.0,1,1
2,6,241.0,1,1
2,7,93.0,1,1
2,8,120.0,1,1
2,9,218.0,1,1
2,10,303.0,1,1
2,11,320.0,1,1
2,12,195.0,1,1
2,13,413.0,1,1
2,14,88.0,1,1
2,15,151.0,1,1
3,0,79.0,1,1
3,1,72.0,1,1
3,2,36.0,1,1
3,3,167.0,1,1
3,4,124.0,1,1
3,5,56.0,1,1
3,6,199.0,1,1
3,7,78.0,1,1
3,8,90.0,1,1
3,9,105.0,1,1
3,10,233.0,1,1
3,11,156.0,1,1
3,12,111.0,1,1
3,13,499.0,1,1
3,14,56.0,1,1
3,15,138.0,1,1
4,0,50.0,1,1
4,1,39.0,1,1
4,2,15.0,1,1
4,3,119.0,1,1
4,4,94.0,1,1
4,5,29.0,1,1
4,6,182.0,1,1
4,7,49.0,1,1
4,8,91.0,1,1
4,9,94.0,1,1
4,10,219.0,1,1
4,11,135.0,1,1
4,12,78.0,1,1
4,13,316.0,1,1
4,14,33.0,1,1
4,15,66.0,1,1
5,0,36.0,1,1
5,1,16.0,1,1
5,2,11.0,1,1
5,3,130.0,1,1
5,4,48.0,1,1
5,5,7.0,1,1
5,6,121.0,1,1
5,7,16.0,1,1
5,8,42.0,1,1
5,9,44.0,1,1
5,10,200.0,1,1
5,11,63.0,1,1
5,12,20.0,1,1
5,13,180.0,1,1
5,14,5.0,1,1
5,15,22.0,1,1
6,0,17.0,1,1
6,1,13.0,1,1
6,2,9.0,1,1
6,3,136.0,1,1
6,4,35.0,1,1
6,5,3.0,1,1
6,6,90.0,1,1
6,7,13.0,1,1
6,8,33.0,1,1
6,9,22.0,1,1
6,10,215.0,1,1
6,11,46.0,1,1
6,12,11.0,1,1
6,13,204.0,1,1
6,14,3.0,1,1
6,15,21.0,1,1
7,0,26.0,1,1
7,1,18.0,1,1
7,2,12.0,1,1
7,3,93.0,1,1
7,4,24.0,1,1
7,5,1.0,1,1
7,6,50.0,1,1
7,7,6.0,1,1
7,8,19.0,1,1
7,9,15.0,1,1
7,10,150.0,1,1
7,11,70.0,1,1
7,12,5.0,1,1
7,13,128.0,1,1
7,14,2.0,1,1
7,15,11.0,1,1
8,0,133.0,1,1
8,1,61.0,1,1
8,2,29.0,1,1
8,3,106.0,1,1
8,4,61.0,1,1
8,5,16.0,1,1
8,6,133.0,1,1
8,7,38.0,1,1
8,8,60.0,1,1
8,9,72.0,1,1
8,10,329.0,1,1
8,11,107.0,1,1
8,12,38.0,1,1
8,13,273.0,1,1
8,14,18.0,1,1
8,15,57.0,1,1
9,0,273.0,1,1
9,1,353.0,1,1
9,2,81.0,1,1
9,3,322.0,1,1
9,4,294.0,1,1
9,5,197.0,1,1
9,6,388.0,1,1
9,7,170.0,1,1
9,8,231.0,1,1
9,9,250.0,1,1
9,10,574.0,1,1
9,11,389.0,1,1
9,12,229.0,1,1
9,13,1003.0,1,1
9,14,176.0,1,1
9,15,463.0,1,1
10,0,435.0,1,1
10,1,359.0,1,1
10,2,141.0,1,1
10,3,483.0,1,1
10,4,402.0,1,1
10,5,342.0,1,1
10,6,456.0,1,1
10,7,309.0,1,1
10,8,297.0,1,1
10,9,370.0,1,1
10,10,625.0,1,1
10,11,404.0,1,1
10,12,381.0,1,1
10,13,1611.0,1,1
10,14,322.0,1,1
10,15,655.0,1,1
11,0,340.0,1,1
11,1,218.0,1,1
11,2,176.0,1,1
11,3,121.0,1,1
11,4,181.0,1,1
11,5,226.0,1,1
11,6,233.0,1,1
11,7,244.0,1,1
11,8,109.0,1,1
11,9,208.0,1,1
11,10,0.0,1,1
11,11,452.0,1,1
11,12,270.0,1,1
11,13,568.0,1,1
11,14,273.0,1,1
11,15,425.0,1,1
12,0,347.0,1,1
12,1,210.0,1,1
12,2,167.0,1,1
12,3,195.0,1,1
12,4,138.0,1,1
12,5,114.0,1,1
12,6,339.0,1,1
12,7,79.0,1,1
12,8,156.0,1,1
12,9,252.0,1,1
12,10,623.0,1,1
12,11,440.0,1,1
12,12,217.0,1,1
12,13,307.0,1,1
12,14,106.0,1,1
12,15,162.0,1,1
13,0,457.0,1,1
13,1,235.0,1,1
13,2,190.0,1,1
13,3,272.0,1,1
13,4,286.0,1,1
13,5,186.0,1,1
13,6,445.0,1,1
13,7,117.0,1,1
13,8,199.0,1,1
13,9,335.0,1,1
13,10,616.0,1,1
13,11,419.0,1,1
13,12,251.0,1,1
13,13,552.0,1,1
13,14,111.0,1,1
13,15,233.0,1,1
14,0,480.0,1,1
14,1,228.0,1,1
14,2,169.0,1,1
14,3,190.0,1,1
14,4,175.0,1,1
14,5,252.0,1,1
14,6,282.0,1,1
14,7,203.0,1,1
14,8,130.0,1,1
14,9,203.0,1,1
14,10,514.0,1,1
14,11,488.0,1,1
14,12,318.0,1,1
14,13,580.0,1,1
14,14,227.0,1,1
14,15,282.0,1,1
15,0,473.0,1,1
15,1,223.0,1,1
15,2,215.0,1,1
15,3,314.0,1,1
15,4,276.0,1,1
15,5,182.0,1,1
15,6,393.0,1,1
15,7,206.0,1,1
15,8,229.0,1,1
15,9,335.0,1,1
15,10,498.0,1,1
15,11,541.0,1,1
15,12,367.0,1,1
15,13,665.0,1,1
15,14,230.0,1,1
15,15,279.0,1,1
16,0,548.0,1,1
16,1,219.0,1,1
16,2,225.0,1,1
16,3,202.0,1,1
16,4,233.0,1,1
16,5,218.0,1,1
16,6,378.0,1,1
16,7,162.0,1,1
16,8,172.0,1,1
16,9,302.0,1,1
16,10,309.0,1,1
16,11,475.0,1,1
16,12,322.0,1,1
16,13,523.0,1,1
16,14,206.0,1,1
16,15,232.0,1,1
17,0,585.0,1,1
17,1,300.0,1,1
17,2,265.0,1,1
17,3,99.0,1,1
17,4,228.0,1,1
17,5,462.0,1,1
17,6,398.0,1,1
17,7,260.0,1,1
17,8,143.0,1,1
17,9,396.0,1,1
17,10,390.0,1,1
17,11,451.0,1,1
17,12,619.0,1,1
17,13,478.0,1,1
17,14,564.0,1,1
17,15,502.0,1,1
18,0,834.0,1,1
18,1,462.0,1,1
18,2,234.0,1,1
18,3,84.0,1,1
18,4,224.0,1,1
18,5,1245.0,1,1
18,6,286.0,1,1
18,7,486.0,1,1
18,8,100.0,1,1
18,9,364.0,1,1
18,10,439.0,1,1
18,11,251.0,1,1
18,12,755.0,1,1
18,13,899.0,1,1
18,14,1475.0,1,1
18,15,1008.0,1,1
19,0,1034.0,1,1
19,1,516.0,1,1
19,2,234.0,1,1
19,3,90.0,1,1
19,4,255.0,1,1
19,5,1016.0,1,1
19,6,351.0,1,1
19,7,489.0,1,1
19,8,131.0,1,1
19,9,437.0,1,1
19,10,390.0,1,1
19,11,453.0,1,1
19,12,1060.0,1,1
19,13,676.0,1,1
19,14,1535.0,1,1
19,15,874.0,1,1
20,0,835.0,1,1
20,1,279.0,1,1
20,2,224.0,1,1
20,3,81.0,1,1
20,4,244.0,1,1
20,5,2276.0,1,1
20,6,328.0,1,1
20,7,715.0,1,1
20,8,119.0,1,1
20,9,337.0,1,1
20,10,473.0,1,1
20,11,413.0,1,1
20,12,871.0,1,1
20,13,1037.0,1,1
20,14,2183.0,1,1
20,15,1333.0,1,1
21,0,743.0,1,1
21,1,409.0,1,1
21,2,231.0,1,1
21,3,142.0,1,1
21,4,225.0,1,1
21,5,301.0,1,1
21,6,323.0,1,1
21,7,222.0,1,1
21,8,135.0,1,1
21,9,369.0,1,1
21,10,392.0,1,1
21,11,641.0,1,1
21,12,376.0,1,1
21,13,485.0,1,1
21,14,309.0,1,1
21,15,301.0,1,1
22,0,739.0,1,1
22,1,430.0,1,1
22,2,278.0,1,1
22,3,131.0,1,1
22,4,294.0,1,1
22,5,533.0,1,1
22,6,445.0,1,1
22,7,248.0,1,1
22,8,152.0,1,1
22,9,596.0,1,1
22,10,431.0,1,1
22,11,713.0,1,1
22,12,680.0,1,1
22,13,398.0,1,1
22,14,504.0,1,1
22,15,440.0,1,1
23,0,559.0,1,1
23,1,392.0,1,1
23,2,265.0,1,1
23,3,165.0,1,1
23,4,415.0,1,1
23,5,738.0,1,1
23,6,519.0,1,1
23,7,300.0,1,1
23,8,213.0,1,1
23,9,497.0,1,1
23,10,340.0,1,1
23,11,640.0,1,1
23,12,1182.0,1,1
23,13,619.0,1,1
23,14,946.0,1,1
23,15,683.0,1,1
24,0,492.0,1,1
24,1,334.0,1,1
24,2,272.0,1,1
24,3,166.0,1,1
24,4,273.0,1,1
24,5,799.0,1,1
24,6,363.0,1,1
24,7,375.0,1,1
24,8,157.0,1,1
24,9,385.0,1,1
24,10,332.0,1,1
24,11,611.0,1,1
24,12,653.0,1,1
24,13,880.0,1,1
24,14,545.0,1,1
24,15,624.0,1,1
25,0,403.0,1,1
25,1,199.0,1,1
25,2,191.0,1,1
25,3,58.0,1,1
25,4,125.0,1,1
25,5,129.0,1,1
25,6,209.0,1,1
25,7,200.0,1,1
25,8,209.0,1,1
25,9,120.0,1,1
25,10,310.0,1,1
25,11,490.0,1,1
25,12,322.0,1,1
25,13,449.0,1,1
25,14,573.0,1,1
25,15,354.0,1,1
26,0,258.0,1,1
26,1,120.0,1,1
26,2,116.0,1,1
26,3,52.0,1,1
26,4,72.0,1,1
26,5,78.0,1,1
26,6,104.0,1,1
26,7,203.0,1,1
26,8,115.0,1,1
26,9,95.0,1,1
26,10,265.0,1,1
26,11,350.0,1,1
26,12,311.0,1,1
26,13,401.0,1,1
26,14,310.0,1,1
26,15,324.0,1,1
27,0,75.0,1,1
27,1,61.0,1,1
27,2,29.0,1,1
27,3,23.0,1,1
27,4,46.0,1,1
27,5,83.0,1,1
27,6,111.0,1,1
27,7,183.0,1,1
27,8,85.0,1,1
27,9,58.0,1,1
27,10,216.0,1,1
27,11,218.0,1,1
27,12,279.0,1,1
27,13,240.0,1,1
27,14,245.0,1,1
27,15,306.0,1,1
28,0,45.0,1,1
28,1,43.0,1,1
28,2,30.0,1,1
28,3,12.0,1,1
28,4,24.0,1,1
28,5,37.0,1,1
28,6,48.0,1,1
28,7,176.0,1,1
28,8,56.0,1,1
28,9,34.0,1,1
28,10,197.0,1,1
28,11,203.0,1,1
28,12,235.0,1,1
28,13,167.0,1,1
28,14,142.0,1,1
28,15,281.0,1,1
29,0,20.0,1,1
29,1,21.0,1,1
29,2,6.0,1,1
29,3,2.0,1,1
29,4,7.0,1,1
29,5,7.0,1,1
29,6,12.0,1,1
29,7,106.0,1,1
29,8,35.0,1,1
29,9,8.0,1,1
29,10,191.0,1,1
29,11,89.0,1,1
29,12,127.0,1,1
29,13,73.0,1,1
29,14,91.0,1,1
29,15,120.0,1,1
30,0,11.0,1,1
30,1,20.0,1,1
30,2,3.0,1,1
30,3,1.0,1,1
30,4,4.0,1,1
30,5,8.0,1,1
30,6,14.0,1,1
30,7,77.0,1,1
30,8,28.0,1,1
30,9,4.0,1,1
30,10,197.0,1,1
30,11,102.0,1,1
30,12,158.0,1,1
30,13,37.0,1,1
30,14,66.0,1,1
30,15,85.0,1,1
31,0,24.0,1,1
31,1,19.0,1,1
31,2,12.0,1,1
31,3,0.0,1,1
31,4,2.0,1,1
31,5,3.0,1,1
31,6,6.0,1,1
31,7,61.0,1,1
31,8,19.0,1,1
31,9,2.0,1,1
31,10,129.0,1,1
31,11,97.0,1,1
31,12,110.0,1,1
31,13,20.0,1,1
31,14,65.0,1,1
31,15,59.0,1,1
32,0,158.0,1,1
32,1,93.0,1,1
32,2,53.0,1,1
32,3,7.0,1,1
32,4,13.0,1,1
32,5,23.0,1,1
32,6,44.0,1,1
32,7,116.0,1,1
32,8,62.0,1,1
32,9,21.0,1,1
32,10,303.0,1,1
32,11,123.0,1,1
32,12,217.0,1,1
32,13,73.0,1,1
32,14,184.0,1,1
32,15,248.0,1,1
33,0,268.0,1,1
33,1,342.0,1,1
33,2,98.0,1,1
33,3,88.0,1,1
33,4,101.0,1,1
33,5,238.0,1,1
33,6,330.0,1,1
33,7,357.0,1,1
33,8,242.0,1,1
33,9,176.0,1,1
33,10,498.0,1,1
33,11,358.0,1,1
33,12,875.0,1,1
33,13,423.0,1,1
33,14,774.0,1,1
33,15,689.0,1,1
34,0,442.0,1,1
34,1,368.0,1,1
34,2,141.0,1,1
34,3,188.0,1,1
34,4,212.0,1,1
34,5,355.0,1,1
34,6,629.0,1,1
34,7,481.0,1,1
34,8,397.0,1,1
34,9,337.0,1,1
34,10,635.0,1,1
34,11,525.0,1,1
34,12,1532.0,1,1
34,13,559.0,1,1
34,14,1469.0,1,1
34,15,822.0,1,1
35,0,784.0,1,1
35,1,564.0,1,1
35,2,293.0,1,1
35,3,136.0,1,1
35,4,93.0,1,1
35,5,266.0,1,1
35,6,295.0,1,1
35,7,162.0,1,1
35,8,165.0,1,1
35,9,228.0,1,1
35,10,0.0,1,1
35,11,489.0,1,1
35,12,370.0,1,1
35,13,345.0,1,1
35,14,725.0,1,1
35,15,397.0,1,1
36,0,388.0,1,1
36,1,197.0,1,1
36,2,186.0,1,1
36,3,63.0,1,1
36,4,73.0,1,1
36,5,69.0,1,1
36,6,79.0,1,1
36,7,213.0,1,1
36,8,102.0,1,1
36,9,84.0,1,1
36,10,645.0,1,1
36,11,450.0,1,1
36,12,270.0,1,1
36,13,281.0,1,1
36,14,245.0,1,1
36,15,401.0,1,1
37,0,512.0,1,1
37,1,300.0,1,1
37,2,151.0,1,1
37,3,76.0,1,1
37,4,99.0,1,1
37,5,84.0,1,1
37,6,118.0,1,1
37,7,264.0,1,1
37,8,150.0,1,1
37,9,155.0,1,1
37,10,534.0,1,1
37,11,408.0,1,1
37,12,465.0,1,1
37,13,409.0,1,1
37,14,440.0,1,1
37,15,627.0,1,1
38,0,458.0,1,1
38,1,277.0,1,1
38,2,103.0,1,1
38,3,109.0,1,1
38,4,152.0,1,1
38,5,222.0,1,1
38,6,223.0,1,1
38,7,217.0,1,1
38,8,132.0,1,1
38,9,156.0,1,1
38,10,432.0,1,1
38,11,432.0,1,1
38,12,368.0,1,1
38,13,566.0,1,1
38,14,397.0,1,1
38,15,415.0,1,1
39,0,503.0,1,1
39,1,360.0,1,1
39,2,161.0,1,1
39,3,122.0,1,1
39,4,133.0,1,1
39,5,194.0,1,1
39,6,191.0,1,1
39,7,320.0,1,1
39,8,145.0,1,1
39,9,195.0,1,1
39,10,423.0,1,1
39,11,518.0,1,1
39,12,494.0,1,1
39,13,807.0,1,1
39,14,605.0,1,1
39,15,585.0,1,1
40,0,637.0,1,1
40,1,398.0,1,1
40,2,143.0,1,1
40,3,117.0,1,1
40,4,96.0,1,1
40,5,145.0,1,1
40,6,131.0,1,1
40,7,241.0,1,1
40,8,143.0,1,1
40,9,165.0,1,1
40,10,394.0,1,1
40,11,450.0,1,1
40,12,348.0,1,1
40,13,454.0,1,1
40,14,439.0,1,1
40,15,587.0,1,1
41,0,719.0,1,1
41,1,391.0,1,1
41,2,171.0,1,1
41,3,345.0,1,1
41,4,203.0,1,1
41,5,291.0,1,1
41,6,241.0,1,1
41,7,172.0,1,1
41,8,145.0,1,1
41,9,355.0,1,1
41,10,396.0,1,1
41,11,400.0,1,1
41,12,183.0,1,1
41,13,1035.0,1,1
41,14,367.0,1,1
41,15,490.0,1,1
42,0,863.0,1,1
42,1,458.0,1,1
42,2,177.0,1,1
42,3,575.0,1,1
42,4,475.0,1,1
42,5,846.0,1,1
42,6,748.0,1,1
42,7,151.0,1,1
42,8,237.0,1,1
42,9,812.0,1,1
42,10,490.0,1,1
42,11,410.0,1,1
42,12,274.0,1,1
42,13,1328.0,1,1
42,14,434.0,1,1
42,15,419.0,1,1
43,0,1100.0,1,1
43,1,428.0,1,1
43,2,158.0,1,1
43,3,898.0,1,1
43,4,450.0,1,1
43,5,849.0,1,1
43,6,769.0,1,1
43,7,220.0,1,1
43,8,215.0,1,1
43,9,920.0,1,1
43,10,0.0,1,1
43,11,421.0,1,1
43,12,342.0,1,1
43,13,1073.0,1,1
43,14,553.0,1,1
43,15,519.0,1,1
44,0,754.0,1,1
44,1,292.0,1,1
44,2,209.0,1,1
44,3,785.0,1,1
44,4,635.0,1,1
44,5,1391.0,1,1
44,6,1312.0,1,1
44,7,165.0,1,1
44,8,289.0,1,1
44,9,1062.0,1,1
44,10,822.0,1,1
44,11,405.0,1,1
44,12,329.0,1,1
44,13,1178.0,1,1
44,14,466.0,1,1
44,15,581.0,1,1
45,0,805.0,1,1
45,1,433.0,1,1
45,2,220.0,1,1
45,3,127.0,1,1
45,4,163.0,1,1
45,5,164.0,1,1
45,6,157.0,1,1
45,7,204.0,1,1
45,8,139.0,1,1
45,9,297.0,1,1
45,10,433.0,1,1
45,11,737.0,1,1
45,12,337.0,1,1
45,13,609.0,1,1
45,14,415.0,1,1
45,15,433.0,1,1
46,0,672.0,1,1
46,1,357.0,1,1
46,2,288.0,1,1
46,3,311.0,1,1
46,4,281.0,1,1
46,5,185.0,1,1
46,6,209.0,1,1
46,7,178.0,1,1
46,8,173.0,1,1
46,9,486.0,1,1
46,10,347.0,1,1
46,11,735.0,1,1
46,12,173.0,1,1
46,13,1018.0,1,1
46,14,446.0,1,1
46,15,530.0,1,1
47,0,581.0,1,1
47,1,342.0,1,1
47,2,235.0,1,1
47,3,696.0,1,1
47,4,354.0,1,1
47,5,517.0,1,1
47,6,472.0,1,1
47,7,288.0,1,1
47,8,236.0,1,1
47,9,623.0,1,1
47,10,342.0,1,1
47,11,646.0,1,1
47,12,340.0,1,1
47,13,1054.0,1,1
47,14,539.0,1,1
47,15,669.0,1,1
48,0,571.0,1,1
48,1,323.0,1,1
48,2,271.0,1,1
48,3,279.0,1,1
48,4,300.0,1,1
48,5,409.0,1,1
48,6,440.0,1,1
48,7,225.0,1,1
48,8,226.0,1,1
48,9,522.0,1,1
48,10,308.0,1,1
48,11,647.0,1,1
48,12,431.0,1,1
48,13,874.0,1,1
48,14,625.0,1,1
48,15,595.0,1,1
49,0,483.0,1,1
49,1,241.0,1,1
49,2,212.0,1,1
49,3,174.0,1,1
49,4,146.0,1,1
49,5,244.0,1,1
49,6,117.0,1,1
49,7,156.0,1,1
49,8,50.0,1,1
49,9,264.0,1,1
49,10,310.0,1,1
49,11,421.0,1,1
49,12,123.0,1,1
49,13,482.0,1,1
49,14,372.0,1,1
49,15,318.0,1,1
50,0,282.0,1,1
50,1,111.0,1,1
50,2,94.0,1,1
50,3,191.0,1,1
50,4,164.0,1,1
50,5,246.0,1,1
50,6,160.0,1,1
50,7,120.0,1,1
50,8,37.0,1,1
50,9,316.0,1,1
50,10,314.0,1,1
50,11,210.0,1,1
50,12,104.0,1,1
50,13,593.0,1,1
50,14,400.0,1,1
50,15,485.0,1,1
51,0,131.0,1,1
51,1,35.0,1,1
51,2,21.0,1,1
51,3,106.0,1,1
51,4,118.0,1,1
51,5,158.0,1,1
51,6,84.0,1,1
51,7,102.0,1,1
51,8,27.0,1,1
51,9,327.0,1,1
51,10,284.0,1,1
51,11,112.0,1,1
51,12,53.0,1,1
51,13,678.0,1,1
51,14,333.0,1,1
51,15,367.0,1,1
52,0,44.0,1,1
52,1,33.0,1,1
52,2,9.0,1,1
52,3,83.0,1,1
52,4,96.0,1,1
52,5,102.0,1,1
52,6,73.0,1,1
52,7,65.0,1,1
52,8,12.0,1,1
52,9,207.0,1,1
52,10,205.0,1,1
52,11,53.0,1,1
52,12,27.0,1,1
52,13,430.0,1,1
52,14,293.0,1,1
52,15,241.0,1,1
53,0,38.0,1,1
53,1,23.0,1,1
53,2,6.0,1,1
53,3,39.0,1,1
53,4,47.0,1,1
53,5,40.0,1,1
53,6,21.0,1,1
53,7,39.0,1,1
53,8,2.0,1,1
53,9,224.0,1,1
53,10,177.0,1,1
53,11,28.0,1,1
53,12,5.0,1,1
53,13,501.0,1,1
53,14,224.0,1,1
53,15,192.0,1,1
54,0,24.0,1,1
54,1,22.0,1,1
54,2,10.0,1,1
54,3,18.0,1,1
54,4,25.0,1,1
54,5,17.0,1,1
54,6,9.0,1,1
54,7,23.0,1,1
54,8,1.0,1,1
54,9,155.0,1,1
54,10,175.0,1,1
54,11,29.0,1,1
54,12,1.0,1,1
54,13,289.0,1,1
54,14,226.0,1,1
54,15,149.0,1,1
55,0,38.0,1,1
55,1,26.0,1,1
55,2,7.0,1,1
55,3,9.0,1,1
55,4,17.0,1,1
55,5,8.0,1,1
55,6,4.0,1,1
55,7,13.0,1,1
55,8,0.0,1,1
55,9,107.0,1,1
55,10,183.0,1,1
55,11,45.0,1,1
55,12,1.0,1,1
55,13,228.0,1,1
55,14,164.0,1,1
55,15,93.0,1,1
56,0,135.0,1,1
56,1,41.0,1,1
56,2,32.0,1,1
56,3,27.0,1,1
56,4,38.0,1,1
56,5,22.0,1,1
56,6,22.0,1,1
56,7,29.0,1,1
56,8,3.0,1,1
56,9,101.0,1,1
56,10,256.0,1,1
56,11,110.0,1,1
56,12,11.0,1,1
56,13,230.0,1,1
56,14,223.0,1,1
56,15,133.0,1,1
57,0,138.0,1,1
57,1,101.0,1,1
57,2,38.0,1,1
57,3,91.0,1,1
57,4,92.0,1,1
57,5,133.0,1,1
57,6,80.0,1,1
57,7,119.0,1,1
57,8,29.0,1,1
57,9,308.0,1,1
57,10,333.0,1,1
57,11,262.0,1,1
57,12,64.0,1,1
57,13,797.0,1,1
57,14,467.0,1,1
57,15,461.0,1,1
58,0,274.0,1,1
58,1,184.0,1,1
58,2,63.0,1,1
58,3,127.0,1,1
58,4,136.0,1,1
58,5,164.0,1,1
58,6,167.0,1,1
58,7,160.0,1,1
58,8,92.0,1,1
58,9,448.0,1,1
58,10,398.0,1,1
58,11,371.0,1,1
58,12,157.0,1,1
58,13,1243.0,1,1
58,14,660.0,1,1
58,15,792.0,1,1
59,0,304.0,1,1
59,1,150.0,1,1
59,2,50.0,1,1
59,3,71.0,1,1
59,4,76.0,1,1
59,5,63.0,1,1
59,6,113.0,1,1
59,7,64.0,1,1
59,8,33.0,1,1
59,9,67.0,1,1
59,10,0.0,1,1
59,11,443.0,1,1
59,12,103.0,1,1
59,13,120.0,1,1
59,14,326.0,1,1
59,15,216.0,1,1
60,0,415.0,1,1
60,1,202.0,1,1
60,2,89.0,1,1
60,3,116.0,1,1
60,4,99.0,1,1
60,5,125.0,1,1
60,6,116.0,1,1
60,7,85.0,1,1
60,8,23.0,1,1
60,9,234.0,1,1
60,10,315.0,1,1
60,11,361.0,1,1
60,12,72.0,1,1
60,13,511.0,1,1
60,14,327.0,1,1
60,15,404.0,1,1
61,0,491.0,1,1
61,1,225.0,1,1
61,2,57.0,1,1
61,3,191.0,1,1
61,4,144.0,1,1
61,5,240.0,1,1
61,6,159.0,1,1
61,7,130.0,1,1
61,8,42.0,1,1
61,9,332.0,1,1
61,10,372.0,1,1
61,11,467.0,1,1
61,12,133.0,1,1
61,13,752.0,1,1
61,14,431.0,1,1
61,15,819.0,1,1
62,0,618.0,1,1
62,1,262.0,1,1
62,2,86.0,1,1
62,3,251.0,1,1
62,4,197.0,1,1
62,5,335.0,1,1
62,6,248.0,1,1
62,7,212.0,1,1
62,8,116.0,1,1
62,9,315.0,1,1
62,10,387.0,1,1
62,11,492.0,1,1
62,12,179.0,1,1
62,13,467.0,1,1
62,14,478.0,1,1
62,15,460.0,1,1
63,0,689.0,1,1
63,1,309.0,1,1
63,2,115.0,1,1
63,3,323.0,1,1
63,4,285.0,1,1
63,5,468.0,1,1
63,6,308.0,1,1
63,7,192.0,1,1
63,8,101.0,1,1
63,9,506.0,1,1
63,10,423.0,1,1
63,11,622.0,1,1
63,12,213.0,1,1
63,13,1080.0,1,1
63,14,564.0,1,1
63,15,859.0,1,1
64,0,745.0,1,1
64,1,281.0,1,1
64,2,127.0,1,1
64,3,219.0,1,1
64,4,184.0,1,1
64,5,295.0,1,1
64,6,230.0,1,1
64,7,177.0,1,1
64,8,53.0,1,1
64,9,331.0,1,1
64,10,503.0,1,1
64,11,444.0,1,1
64,12,202.0,1,1
64,13,712.0,1,1
64,14,385.0,1,1
64,15,558.0,1,1
65,0,702.0,1,1
65,1,344.0,1,1
65,2,113.0,1,1
65,3,320.0,1,1
65,4,251.0,1,1
65,5,604.0,1,1
65,6,427.0,1,1
65,7,196.0,1,1
65,8,152.0,1,1
65,9,218.0,1,1
65,10,360.0,1,1
65,11,478.0,1,1
65,12,739.0,1,1
65,13,251.0,1,1
65,14,311.0,1,1
65,15,370.0,1,1
66,0,778.0,1,1
66,1,338.0,1,1
66,2,130.0,1,1
66,3,202.0,1,1
66,4,257.0,1,1
66,5,570.0,1,1
66,6,544.0,1,1
66,7,211.0,1,1
66,8,580.0,1,1
66,9,187.0,1,1
66,10,437.0,1,1
66,11,518.0,1,1
66,12,1138.0,1,1
66,13,200.0,1,1
66,14,376.0,1,1
66,15,309.0,1,1
67,0,963.0,1,1
67,1,415.0,1,1
67,2,113.0,1,1
67,3,329.0,1,1
67,4,316.0,1,1
67,5,614.0,1,1
67,6,805.0,1,1
67,7,237.0,1,1
67,8,566.0,1,1
67,9,201.0,1,1
67,10,537.0,1,1
67,11,518.0,1,1
67,12,1644.0,1,1
67,13,182.0,1,1
67,14,442.0,1,1
67,15,444.0,1,1
68,0,894.0,1,1
68,1,447.0,1,1
68,2,155.0,1,1
68,3,165.0,1,1
68,4,179.0,1,1
68,5,351.0,1,1
68,6,541.0,1,1
68,7,181.0,1,1
68,8,611.0,1,1
68,9,128.0,1,1
68,10,444.0,1,1
68,11,467.0,1,1
68,12,980.0,1,1
68,13,145.0,1,1
68,14,366.0,1,1
68,15,272.0,1,1
69,0,782.0,1,1
69,1,474.0,1,1
69,2,127.0,1,1
69,3,232.0,1,1
69,4,193.0,1,1
69,5,333.0,1,1
69,6,238.0,1,1
69,7,147.0,1,1
69,8,106.0,1,1
69,9,270.0,1,1
69,10,486.0,1,1
69,11,660.0,1,1
69,12,343.0,1,1
69,13,389.0,1,1
69,14,413.0,1,1
69,15,591.0,1,1
70,0,611.0,1,1
70,1,391.0,1,1
70,2,21.0,1,1
70,3,221.0,1,1
70,4,204.0,1,1
70,5,329.0,1,1
70,6,342.0,1,1
70,7,137.0,1,1
70,8,116.0,1,1
70,9,153.0,1,1
70,10,502.0,1,1
70,11,502.0,1,1
70,12,668.0,1,1
70,13,258.0,1,1
70,14,274.0,1,1
70,15,418.0,1,1
71,0,519.0,1,1
71,1,290.0,1,1
71,2,52.0,1,1
71,3,401.0,1,1
71,4,332.0,1,1
71,5,705.0,1,1
71,6,541.0,1,1
71,7,265.0,1,1
71,8,220.0,1,1
71,9,319.0,1,1
71,10,427.0,1,1
71,11,429.0,1,1
71,12,1182.0,1,1
71,13,460.0,1,1
71,14,356.0,1,1
71,15,607.0,1,1
72,0,529.0,1,1
72,1,224.0,1,1
72,2,113.0,1,1
72,3,299.0,1,1
72,4,250.0,1,1
72,5,454.0,1,1
72,6,438.0,1,1
72,7,241.0,1,1
72,8,241.0,1,1
72,9,252.0,1,1
72,10,453.0,1,1
72,11,394.0,1,1
72,12,677.0,1,1
72,13,429.0,1,1
72,14,458.0,1,1
72,15,569.0,1,1
73,0,496.0,1,1
73,1,179.0,1,1
73,2,88.0,1,1
73,3,141.0,1,1
73,4,178.0,1,1
73,5,105.0,1,1
73,6,173.0,1,1
73,7,217.0,1,1
73,8,158.0,1,1
73,9,214.0,1,1
73,10,401.0,1,1
73,11,309.0,1,1
73,12,290.0,1,1
73,13,363.0,1,1
73,14,390.0,1,1
73,15,445.0,1,1
74,0,329.0,1,1
74,1,135.0,1,1
74,2,77.0,1,1
74,3,174.0,1,1
74,4,174.0,1,1
74,5,118.0,1,1
74,6,271.0,1,1
74,7,243.0,1,1
74,8,144.0,1,1
74,9,268.0,1,1
74,10,348.0,1,1
74,11,195.0,1,1
74,12,378.0,1,1
74,13,346.0,1,1
74,14,325.0,1,1
74,15,558.0,1,1
75,0,140.0,1,1
75,1,65.0,1,1
75,2,34.0,1,1
75,3,155.0,1,1
75,4,163.0,1,1
75,5,66.0,1,1
75,6,148.0,1,1
75,7,195.0,1,1
75,8,84.0,1,1
75,9,202.0,1,1
75,10,271.0,1,1
75,11,153.0,1,1
75,12,267.0,1,1
75,13,256.0,1,1
75,14,258.0,1,1
75,15,398.0,1,1
76,0,69.0,1,1
76,1,48.0,1,1
76,2,18.0,1,1
76,3,129.0,1,1
76,4,116.0,1,1
76,5,40.0,1,1
76,6,144.0,1,1
76,7,147.0,1,1
76,8,58.0,1,1
76,9,158.0,1,1
76,10,259.0,1,1
76,11,93.0,1,1
76,12,234.0,1,1
76,13,123.0,1,1
76,14,167.0,1,1
76,15,391.0,1,1
77,0,36.0,1,1
77,1,29.0,1,1
77,2,6.0,1,1
77,3,95.0,1,1
77,4,76.0,1,1
77,5,10.0,1,1
77,6,91.0,1,1
77,7,99.0,1,1
77,8,35.0,1,1
77,9,162.0,1,1
77,10,216.0,1,1
77,11,84.0,1,1
77,12,127.0,1,1
77,13,43.0,1,1
77,14,61.0,1,1
77,15,219.0,1,1
78,0,35.0,1,1
78,1,6.0,1,1
78,2,9.0,1,1
78,3,63.0,1,1
78,4,52.0,1,1
78,5,5.0,1,1
78,6,51.0,1,1
78,7,84.0,1,1
78,8,26.0,1,1
78,9,104.0,1,1
78,10,211.0,1,1
78,11,42.0,1,1
78,12,80.0,1,1
78,13,18.0,1,1
78,14,50.0,1,1
78,15,157.0,1,1
79,0,29.0,1,1
79,1,29.0,1,1
79,2,14.0,1,1
79,3,43.0,1,1
79,4,34.0,1,1
79,5,2.0,1,1
79,6,36.0,1,1
79,7,46.0,1,1
79,8,15.0,1,1
79,9,73.0,1,1
79,10,178.0,1,1
79,11,43.0,1,1
79,12,45.0,1,1
79,13,10.0,1,1
79,14,30.0,1,1
79,15,115.0,1,1
80,0,88.0,1,1
80,1,21.0,1,1
80,2,16.0,1,1
80,3,88.0,1,1
80,4,61.0,1,1
80,5,14.0,1,1
80,6,76.0,1,1
80,7,63.0,1,1
80,8,42.0,1,1
80,9,111.0,1,1
80,10,131.0,1,1
80,11,59.0,1,1
80,12,121.0,1,1
80,13,27.0,1,1
80,14,84.0,1,1
80,15,166.0,1,1
81,0,107.0,1,1
81,1,60.0,1,1
81,2,29.0,1,1
81,3,195.0,1,1
81,4,147.0,1,1
81,5,115.0,1,1
81,6,189.0,1,1
81,7,211.0,1,1
81,8,115.0,1,1
81,9,260.0,1,1
81,10,224.0,1,1
81,11,108.0,1,1
81,12,286.0,1,1
81,13,237.0,1,1
81,14,346.0,1,1
81,15,418.0,1,1
82,0,153.0,1,1
82,1,82.0,1,1
82,2,69.0,1,1
82,3,295.0,1,1
82,4,184.0,1,1
82,5,228.0,1,1
82,6,289.0,1,1
82,7,266.0,1,1
82,8,189.0,1,1
82,9,513.0,1,1
82,10,243.0,1,1
82,11,195.0,1,1
82,12,393.0,1,1
82,13,431.0,1,1
82,14,620.0,1,1
82,15,481.0,1,1
83,0,174.0,1,1
83,1,95.0,1,1
83,2,66.0,1,1
83,3,75.0,1,1
83,4,75.0,1,1
83,5,126.0,1,1
83,6,135.0,1,1
83,7,98.0,1,1
83,8,102.0,1,1
83,9,87.0,1,1
83,10,0.0,1,1
83,11,292.0,1,1
83,12,177.0,1,1
83,13,135.0,1,1
83,14,248.0,1,1
83,15,280.0,1,1
84,0,230.0,1,1
84,1,115.0,1,1
84,2,72.0,1,1
84,3,209.0,1,1
84,4,137.0,1,1
84,5,148.0,1,1
84,6,250.0,1,1
84,7,157.0,1,1
84,8,118.0,1,1
84,9,215.0,1,1
84,10,289.0,1,1
84,11,285.0,1,1
84,12,353.0,1,1
84,13,153.0,1,1
84,14,209.0,1,1
84,15,415.0,1,1
85,0,452.0,1,1
85,1,140.0,1,1
85,2,87.0,1,1
85,3,268.0,1,1
85,4,179.0,1,1
85,5,182.0,1,1
85,6,365.0,1,1
85,7,246.0,1,1
85,8,183.0,1,1
85,9,346.0,1,1
85,10,318.0,1,1
85,11,340.0,1,1
85,12,450.0,1,1
85,13,402.0,1,1
85,14,331.0,1,1
85,15,550.0,1,1
86,0,494.0,1,1
86,1,228.0,1,1
86,2,118.0,1,1
86,3,175.0,1,1
86,4,228.0,1,1
86,5,250.0,1,1
86,6,271.0,1,1
86,7,273.0,1,1
86,8,152.0,1,1
86,9,190.0,1,1
86,10,442.0,1,1
86,11,403.0,1,1
86,12,408.0,1,1
86,13,476.0,1,1
86,14,594.0,1,1
86,15,662.0,1,1
87,0,619.0,1,1
87,1,303.0,1,1
87,2,155.0,1,1
87,3,350.0,1,1
87,4,257.0,1,1
87,5,253.0,1,1
87,6,436.0,1,1
87,7,368.0,1,1
87,8,172.0,1,1
87,9,333.0,1,1
87,10,446.0,1,1
87,11,537.0,1,1
87,12,557.0,1,1
87,13,841.0,1,1
87,14,492.0,1,1
87,15,1007.0,1,1
88,0,554.0,1,1
88,1,260.0,1,1
88,2,121.0,1,1
88,3,214.0,1,1
88,4,192.0,1,1
88,5,188.0,1,1
88,6,328.0,1,1
88,7,236.0,1,1
88,8,177.0,1,1
88,9,279.0,1,1
88,10,418.0,1,1
88,11,587.0,1,1
88,12,439.0,1,1
88,13,412.0,1,1
88,14,393.0,1,1
88,15,649.0,1,1
89,0,805.0,1,1
89,1,324.0,1,1
89,2,182.0,1,1
89,3,226.0,1,1
89,4,208.0,1,1
89,5,600.0,1,1
89,6,291.0,1,1
89,7,215.0,1,1
89,8,186.0,1,1
89,9,162.0,1,1
89,10,359.0,1,1
89,11,0.0,1,1
89,12,520.0,1,1
89,13,742.0,1,1
89,14,544.0,1,1
89,15,675.0,1,1
90,0,722.0,1,1
90,1,337.0,1,1
90,2,164.0,1,1
90,3,153.0,1,1
90,4,243.0,1,1
90,5,800.0,1,1
90,6,204.0,1,1
90,7,213.0,1,1
90,8,224.0,1,1
90,9,134.0,1,1
90,10,307.0,1,1
90,11,1085.0,1,1
90,12,412.0,1,1
90,13,977.0,1,1
90,14,1167.0,1,1
90,15,621.0,1,1
91,0,781.0,1,1
91,1,383.0,1,1
91,2,144.0,1,1
91,3,202.0,1,1
91,4,245.0,1,1
91,5,1111.0,1,1
91,6,324.0,1,1
91,7,237.0,1,1
91,8,259.0,1,1
91,9,174.0,1,1
91,10,379.0,1,1
91,11,424.0,1,1
91,12,605.0,1,1
91,13,1008.0,1,1
91,14,1163.0,1,1
91,15,810.0,1,1
92,0,633.0,1,1
92,1,317.0,1,1
92,2,151.0,1,1
92,3,116.0,1,1
92,4,192.0,1,1
92,5,833.0,1,1
92,6,203.0,1,1
92,7,162.0,1,1
92,8,232.0,1,1
92,9,110.0,1,1
92,10,332.0,1,1
92,11,435.0,1,1
92,12,319.0,1,1
92,13,629.0,1,1
92,14,1304.0,1,1
92,15,458.0,1,1
93,0,618.0,1,1
93,1,300.0,1,1
93,2,122.0,1,1
93,3,208.0,1,1
93,4,188.0,1,1
93,5,285.0,1,1
93,6,286.0,1,1
93,7,222.0,1,1
93,8,162.0,1,1
93,9,227.0,1,1
93,10,380.0,1,1
93,11,496.0,1,1
93,12,501.0,1,1
93,13,600.0,1,1
93,14,414.0,1,1
93,15,622.0,1,1
94,0,506.0,1,1
94,1,305.0,1,1
94,2,89.0,1,1
94,3,218.0,1,1
94,4,176.0,1,1
94,5,492.0,1,1
94,6,336.0,1,1
94,7,158.0,1,1
94,8,198.0,1,1
94,9,167.0,1,1
94,10,374.0,1,1
94,11,400.0,1,1
94,12,429.0,1,1
94,13,636.0,1,1
94,14,413.0,1,1
94,15,509.0,1,1
95,0,476.0,1,1
95,1,311.0,1,1
95,2,109.0,1,1
95,3,284.0,1,1
95,4,258.0,1,1
95,5,797.0,1,1
95,6,383.0,1,1
95,7,290.0,1,1
95,8,279.0,1,1
95,9,247.0,1,1
95,10,0.0,1,1
95,11,218.0,1,1
95,12,696.0,1,1
95,13,1218.0,1,1
95,14,778.0,1,1
95,15,787.0,1,1
96,0,446.0,1,1
96,1,190.0,1,1
96,2,80.0,1,1
96,3,184.0,1,1
96,4,233.0,1,1
96,5,599.0,1,1
96,6,344.0,1,1
96,7,267.0,1,1
96,8,260.0,1,1
96,9,249.0,1,1
96,10,709.0,1,1
96,11,128.0,1,1
96,12,512.0,1,1
96,13,821.0,1,1
96,14,708.0,1,1
96,15,660.0,1,1
97,0,317.0,1,1
97,1,123.0,1,1
97,2,72.0,1,1
97,3,128.0,1,1
97,4,302.0,1,1
97,5,182.0,1,1
97,6,363.0,1,1
97,7,37.0,1,1
97,8,162.0,1,1
97,9,319.0,1,1
97,10,301.0,1,1
97,11,226.0,1,1
97,12,250.0,1,1
97,13,180.0,1,1
97,14,515.0,1,1
97,15,474.0,1,1
98,0,163.0,1,1
98,1,58.0,1,1
98,2,38.0,1,1
98,3,94.0,1,1
98,4,150.0,1,1
98,5,203.0,1,1
98,6,302.0,1,1
98,7,27.0,1,1
98,8,129.0,1,1
98,9,191.0,1,1
98,10,296.0,1,1
98,11,164.0,1,1
98,12,205.0,1,1
98,13,104.0,1,1
98,14,413.0,1,1
98,15,421.0,1,1
99,0,72.0,1,1
99,1,32.0,1,1
99,2,16.0,1,1
99,3,111.0,1,1
99,4,166.0,1,1
99,5,111.0,1,1
99,6,164.0,1,1
99,7,10.0,1,1
99,8,105.0,1,1
99,9,208.0,1,1
99,10,237.0,1,1
99,11,124.0,1,1
99,12,120.0,1,1
99,13,72.0,1,1
99,14,242.0,1,1
99,15,237.0,1,1
100,0,45.0,1,1
100,1,26.0,1,1
100,2,7.0,1,1
100,3,73.0,1,1
100,4,99.0,1,1
100,5,83.0,1,1
100,6,118.0,1,1
100,7,5.0,1,1
100,8,88.0,1,1
100,9,176.0,1,1
100,10,181.0,1,1
100,11,55.0,1,1
100,12,88.0,1,1
100,13,33.0,1,1
100,14,158.0,1,1
100,15,179.0,1,1
101,0,18.0,1,1
101,1,12.0,1,1
101,2,5.0,1,1
101,3,27.0,1,1
101,4,81.0,1,1
101,5,29.0,1,1
101,6,71.0,1,1
101,7,1.0,1,1
101,8,69.0,1,1
101,9,115.0,1,1
101,10,174.0,1,1
101,11,41.0,1,1
101,12,31.0,1,1
101,13,6.0,1,1
101,14,103.0,1,1
101,15,94.0,1,1
102,0,18.0,1,1
102,1,28.0,1,1
102,2,5.0,1,1
102,3,24.0,1,1
102,4,108.0,1,1
102,5,15.0,1,1
102,6,36.0,1,1
102,7,0.0,1,1
102,8,49.0,1,1
102,9,136.0,1,1
102,10,144.0,1,1
102,11,64.0,1,1
102,12,13.0,1,1
102,13,3.0,1,1
102,14,51.0,1,1
102,15,43.0,1,1
103,0,26.0,1,1
103,1,38.0,1,1
103,2,13.0,1,1
103,3,17.0,1,1
103,4,71.0,1,1
103,5,11.0,1,1
103,6,27.0,1,1
103,7,0.0,1,1
103,8,30.0,1,1
103,9,88.0,1,1
103,10,189.0,1,1
103,11,74.0,1,1
103,12,6.0,1,1
103,13,1.0,1,1
103,14,35.0,1,1
103,15,17.0,1,1
104,0,184.0,1,1
104,1,90.0,1,1
104,2,58.0,1,1
104,3,55.0,1,1
104,4,103.0,1,1
104,5,58.0,1,1
104,6,102.0,1,1
104,7,2.0,1,1
104,8,80.0,1,1
104,9,150.0,1,1
104,10,295.0,1,1
104,11,158.0,1,1
104,12,41.0,1,1
104,13,14.0,1,1
104,14,123.0,1,1
104,15,97.0,1,1
105,0,316.0,1,1
105,1,286.0,1,1
105,2,96.0,1,1
105,3,261.0,1,1
105,4,359.0,1,1
105,5,227.0,1,1
105,6,374.0,1,1
105,7,35.0,1,1
105,8,222.0,1,1
105,9,413.0,1,1
105,10,341.0,1,1
105,11,384.0,1,1
105,12,256.0,1,1
105,13,153.0,1,1
105,14,417.0,1,1
105,15,423.0,1,1
106,0,544.0,1,1
106,1,545.0,1,1
106,2,156.0,1,1
106,3,309.0,1,1
106,4,544.0,1,1
106,5,393.0,1,1
106,6,694.0,1,1
106,7,93.0,1,1
106,8,379.0,1,1
106,9,688.0,1,1
106,10,428.0,1,1
106,11,610.0,1,1
106,12,484.0,1,1
106,13,323.0,1,1
106,14,693.0,1,1
106,15,693.0,1,1
107,0,297.0,1,1
107,1,206.0,1,1
107,2,153.0,1,1
107,3,202.0,1,1
107,4,205.0,1,1
107,5,306.0,1,1
107,6,212.0,1,1
107,7,64.0,1,1
107,8,123.0,1,1
107,9,234.0,1,1
107,10,0.0,1,1
107,11,431.0,1,1
107,12,156.0,1,1
107,13,190.0,1,1
107,14,284.0,1,1
107,15,169.0,1,1
108,0,374.0,1,1
108,1,247.0,1,1
108,2,129.0,1,1
108,3,87.0,1,1
108,4,108.0,1,1
108,5,202.0,1,1
108,6,220.0,1,1
108,7,25.0,1,1
108,8,158.0,1,1
108,9,181.0,1,1
108,10,342.0,1,1
108,11,415.0,1,1
108,12,248.0,1,1
108,13,84.0,1,1
108,14,271.0,1,1
108,15,445.0,1,1
109,0,406.0,1,1
109,1,235.0,1,1
109,2,176.0,1,1
109,3,125.0,1,1
109,4,167.0,1,1
109,5,294.0,1,1
109,6,356.0,1,1
109,7,36.0,1,1
109,8,238.0,1,1
109,9,235.0,1,1
109,10,259.0,1,1
109,11,418.0,1,1
109,12,358.0,1,1
109,13,129.0,1,1
109,14,565.0,1,1
109,15,554.0,1,1
110,0,523.0,1,1
110,1,305.0,1,1
110,2,183.0,1,1
110,3,211.0,1,1
110,4,231.0,1,1
110,5,268.0,1,1
110,6,275.0,1,1
110,7,63.0,1,1
110,8,136.0,1,1
110,9,283.0,1,1
110,10,347.0,1,1
110,11,512.0,1,1
110,12,371.0,1,1
110,13,326.0,1,1
110,14,354.0,1,1
110,15,516.0,1,1
111,0,509.0,1,1
111,1,302.0,1,1
111,2,160.0,1,1
111,3,181.0,1,1
111,4,235.0,1,1
111,5,447.0,1,1
111,6,529.0,1,1
111,7,78.0,1,1
111,8,234.0,1,1
111,9,297.0,1,1
111,10,322.0,1,1
111,11,448.0,1,1
111,12,427.0,1,1
111,13,261.0,1,1
111,14,593.0,1,1
111,15,607.0,1,1
112,0,497.0,1,1
112,1,354.0,1,1
112,2,191.0,1,1
112,3,150.0,1,1
112,4,153.0,1,1
112,5,349.0,1,1
112,6,334.0,1,1
112,7,57.0,1,1
112,8,206.0,1,1
112,9,247.0,1,1
112,10,270.0,1,1
112,11,493.0,1,1
112,12,439.0,1,1
112,13,191.0,1,1
112,14,484.0,1,1
112,15,491.0,1,1
113,0,617.0,1,1
113,1,388.0,1,1
113,2,190.0,1,1
113,3,172.0,1,1
113,4,126.0,1,1
113,5,447.0,1,1
113,6,363.0,1,1
113,7,264.0,1,1
113,8,143.0,1,1
113,9,183.0,1,1
113,10,299.0,1,1
113,11,569.0,1,1
113,12,791.0,1,1
113,13,623.0,1,1
113,14,589.0,1,1
113,15,925.0,1,1
114,0,895.0,1,1
114,1,464.0,1,1
114,2,207.0,1,1
114,3,404.0,1,1
114,4,218.0,1,1
114,5,458.0,1,1
114,6,356.0,1,1
114,7,662.0,1,1
114,8,89.0,1,1
114,9,250.0,1,1
114,10,295.0,1,1
114,11,469.0,1,1
114,12,521.0,1,1
114,13,1913.0,1,1
114,14,532.0,1,1
114,15,750.0,1,1
115,0,1182.0,1,1
115,1,494.0,1,1
115,2,158.0,1,1
115,3,325.0,1,1
115,4,212.0,1,1
115,5,684.0,1,1
115,6,441.0,1,1
115,7,676.0,1,1
115,8,129.0,1,1
115,9,273.0,1,1
115,10,331.0,1,1
115,11,463.0,1,1
115,12,835.0,1,1
115,13,1588.0,1,1
115,14,542.0,1,1
115,15,980.0,1,1
116,0,1885.0,1,1
116,1,800.0,1,1
116,2,335.0,1,1
116,3,596.0,1,1
116,4,255.0,1,1
116,5,436.0,1,1
116,6,279.0,1,1
116,7,807.0,1,1
116,8,92.0,1,1
116,9,318.0,1,1
116,10,303.0,1,1
116,11,445.0,1,1
116,12,518.0,1,1
116,13,2772.0,1,1
116,14,464.0,1,1
116,15,683.0,1,1
117,0,684.0,1,1
117,1,394.0,1,1
117,2,211.0,1,1
117,3,155.0,1,1
117,4,172.0,1,1
117,5,460.0,1,1
117,6,419.0,1,1
117,7,111.0,1,1
117,8,157.0,1,1
117,9,216.0,1,1
117,10,341.0,1,1
117,11,659.0,1,1
117,12,428.0,1,1
117,13,328.0,1,1
117,14,566.0,1,1
117,15,689.0,1,1
118,0,613.0,1,1
118,1,412.0,1,1
118,2,279.0,1,1
118,3,168.0,1,1
118,4,128.0,1,1
118,5,613.0,1,1
118,6,484.0,1,1
118,7,314.0,1,1
118,8,145.0,1,1
118,9,173.0,1,1
118,10,383.0,1,1
118,11,699.0,1,1
118,12,721.0,1,1
118,13,631.0,1,1
118,14,888.0,1,1
118,15,874.0,1,1
119,0,544.0,1,1
119,1,336.0,1,1
119,2,213.0,1,1
119,3,224.0,1,1
119,4,173.0,1,1
119,5,679.0,1,1
119,6,542.0,1,1
119,7,390.0,1,1
119,8,175.0,1,1
119,9,228.0,1,1
119,10,316.0,1,1
119,11,570.0,1,1
119,12,1242.0,1,1
119,13,1134.0,1,1
119,14,941.0,1,1
119,15,1211.0,1,1
120,0,479.0,1,1
120,1,277.0,1,1
120,2,242.0,1,1
120,3,257.0,1,1
120,4,227.0,1,1
120,5,484.0,1,1
120,6,411.0,1,1
120,7,281.0,1,1
120,8,178.0,1,1
120,9,285.0,1,1
120,10,340.0,1,1
120,11,579.0,1,1
120,12,673.0,1,1
120,13,790.0,1,1
120,14,619.0,1,1
120,15,787.0,1,1
121,0,402.0,1,1
121,1,212.0,1,1
121,2,140.0,1,1
121,3,230.0,1,1
121,4,104.0,1,1
121,5,134.0,1,1
121,6,240.0,1,1
121,7,182.0,1,1
121,8,121.0,1,1
121,9,127.0,1,1
121,10,359.0,1,1
121,11,555.0,1,1
121,12,371.0,1,1
121,13,509.0,1,1
121,14,437.0,1,1
121,15,347.0,1,1
122,0,188.0,1,1
122,1,90.0,1,1
122,2,112.0,1,1
122,3,114.0,1,1
122,4,112.0,1,1
122,5,85.0,1,1
122,6,232.0,1,1
122,7,182.0,1,1
122,8,124.0,1,1
122,9,133.0,1,1
122,10,270.0,1,1
122,11,230.0,1,1
122,12,312.0,1,1
122,13,405.0,1,1
122,14,420.0,1,1
122,15,279.0,1,1
123,0,82.0,1,1
123,1,59.0,1,1
123,2,41.0,1,1
123,3,86.0,1,1
123,4,84.0,1,1
123,5,32.0,1,1
123,6,252.0,1,1
123,7,117.0,1,1
123,8,59.0,1,1
123,9,77.0,1,1
123,10,269.0,1,1
123,11,216.0,1,1
123,12,249.0,1,1
123,13,405.0,1,1
123,14,355.0,1,1
123,15,255.0,1,1
124,0,45.0,1,1
124,1,31.0,1,1
124,2,22.0,1,1
124,3,39.0,1,1
124,4,75.0,1,1
124,5,19.0,1,1
124,6,254.0,1,1
124,7,92.0,1,1
124,8,45.0,1,1
124,9,65.0,1,1
124,10,237.0,1,1
124,11,74.0,1,1
124,12,169.0,1,1
124,13,285.0,1,1
124,14,358.0,1,1
124,15,219.0,1,1
125,0,27.0,1,1
125,1,30.0,1,1
125,2,7.0,1,1
125,3,19.0,1,1
125,4,35.0,1,1
125,5,3.0,1,1
125,6,214.0,1,1
125,7,54.0,1,1
125,8,18.0,1,1
125,9,18.0,1,1
125,10,227.0,1,1
125,11,52.0,1,1
125,12,113.0,1,1
125,13,177.0,1,1
125,14,280.0,1,1
125,15,140.0,1,1
126,0,37.0,1,1
126,1,27.0,1,1
126,2,6.0,1,1
126,3,19.0,1,1
126,4,20.0,1,1
126,5,1.0,1,1
126,6,211.0,1,1
126,7,31.0,1,1
126,8,8.0,1,1
126,9,9.0,1,1
126,10,230.0,1,1
126,11,51.0,1,1
126,12,82.0,1,1
126,13,158.0,1,1
126,14,226.0,1,1
126,15,138.0,1,1
127,0,37.0,1,1
127,1,29.0,1,1
127,2,20.0,1,1
127,3,12.0,1,1
127,4,15.0,1,1
127,5,0.0,1,1
127,6,161.0,1,1
127,7,22.0,1,1
127,8,5.0,1,1
127,9,6.0,1,1
127,10,157.0,1,1
127,11,64.0,1,1
127,12,52.0,1,1
127,13,105.0,1,1
127,14,161.0,1,1
127,15,108.0,1,1
128,0,188.0,1,1
128,1,116.0,1,1
128,2,59.0,1,1
128,3,37.0,1,1
128,4,54.0,1,1
128,5,10.0,1,1
128,6,235.0,1,1
128,7,61.0,1,1
128,8,23.0,1,1
128,9,38.0,1,1
128,10,413.0,1,1
128,11,106.0,1,1
128,12,147.0,1,1
128,13,243.0,1,1
128,14,342.0,1,1
128,15,260.0,1,1
129,0,293.0,1,1
129,1,344.0,1,1
129,2,95.0,1,1
129,3,330.0,1,1
129,4,228.0,1,1
129,5,98.0,1,1
129,6,658.0,1,1
129,7,252.0,1,1
129,8,111.0,1,1
129,9,179.0,1,1
129,10,605.0,1,1
129,11,369.0,1,1
129,12,487.0,1,1
129,13,732.0,1,1
129,14,770.0,1,1
129,15,691.0,1,1
130,0,489.0,1,1
130,1,572.0,1,1
130,2,173.0,1,1
130,3,728.0,1,1
130,4,277.0,1,1
130,5,262.0,1,1
130,6,962.0,1,1
130,7,287.0,1,1
130,8,196.0,1,1
130,9,261.0,1,1
130,10,604.0,1,1
130,11,618.0,1,1
130,12,701.0,1,1
130,13,1004.0,1,1
130,14,932.0,1,1
130,15,907.0,1,1
131,0,789.0,1,1
131,1,806.0,1,1
131,2,375.0,1,1
131,3,184.0,1,1
131,4,152.0,1,1
131,5,172.0,1,1
131,6,226.0,1,1
131,7,121.0,1,1
131,8,75.0,1,1
131,9,274.0,1,1
131,10,0.0,1,1
131,11,474.0,1,1
131,12,311.0,1,1
131,13,477.0,1,1
131,14,389.0,1,1
131,15,478.0,1,1
132,0,304.0,1,1
132,1,250.0,1,1
132,2,180.0,1,1
132,3,70.0,1,1
132,4,186.0,1,1
132,5,63.0,1,1
132,6,378.0,1,1
132,7,156.0,1,1
132,8,107.0,1,1
132,9,148.0,1,1
132,10,660.0,1,1
132,11,330.0,1,1
132,12,313.0,1,1
132,13,422.0,1,1
132,14,507.0,1,1
132,15,318.0,1,1
133,0,478.0,1,1
133,1,289.0,1,1
133,2,83.0,1,1
133,3,112.0,1,1
133,4,240.0,1,1
133,5,102.0,1,1
133,6,430.0,1,1
133,7,284.0,1,1
133,8,137.0,1,1
133,9,200.0,1,1
133,10,321.0,1,1
133,11,449.0,1,1
133,12,446.0,1,1
133,13,534.0,1,1
133,14,616.0,1,1
133,15,461.0,1,1
134,0,426.0,1,1
134,1,268.0,1,1
134,2,77.0,1,1
134,3,178.0,1,1
134,4,155.0,1,1
134,5,151.0,1,1
134,6,210.0,1,1
134,7,189.0,1,1
134,8,133.0,1,1
134,9,168.0,1,1
134,10,491.0,1,1
134,11,451.0,1,1
134,12,316.0,1,1
134,13,465.0,1,1
134,14,463.0,1,1
134,15,316.0,1,1
135,0,593.0,1,1
135,1,341.0,1,1
135,2,133.0,1,1
135,3,186.0,1,1
135,4,201.0,1,1
135,5,200.0,1,1
135,6,422.0,1,1
135,7,341.0,1,1
135,8,206.0,1,1
135,9,307.0,1,1
135,10,400.0,1,1
135,11,546.0,1,1
135,12,480.0,1,1
135,13,654.0,1,1
135,14,647.0,1,1
135,15,422.0,1,1
136,0,685.0,1,1
136,1,363.0,1,1
136,2,142.0,1,1
136,3,102.0,1,1
136,4,202.0,1,1
136,5,149.0,1,1
136,6,355.0,1,1
136,7,239.0,1,1
136,8,126.0,1,1
136,9,238.0,1,1
136,10,326.0,1,1
136,11,459.0,1,1
136,12,384.0,1,1
136,13,530.0,1,1
136,14,550.0,1,1
136,15,370.0,1,1
137,0,737.0,1,1
137,1,451.0,1,1
137,2,149.0,1,1
137,3,130.0,1,1
137,4,195.0,1,1
137,5,407.0,1,1
137,6,114.0,1,1
137,7,236.0,1,1
137,8,231.0,1,1
137,9,457.0,1,1
137,10,330.0,1,1
137,11,540.0,1,1
137,12,328.0,1,1
137,13,608.0,1,1
137,14,432.0,1,1
137,15,251.0,1,1
138,0,1040.0,1,1
138,1,549.0,1,1
138,2,167.0,1,1
138,3,348.0,1,1
138,4,182.0,1,1
138,5,962.0,1,1
138,6,106.0,1,1
138,7,203.0,1,1
138,8,265.0,1,1
138,9,462.0,1,1
138,10,434.0,1,1
138,11,360.0,1,1
138,12,288.0,1,1
138,13,653.0,1,1
138,14,403.0,1,1
138,15,262.0,1,1
139,0,1079.0,1,1
139,1,491.0,1,1
139,2,147.0,1,1
139,3,267.0,1,1
139,4,242.0,1,1
139,5,1109.0,1,1
139,6,132.0,1,1
139,7,184.0,1,1
139,8,304.0,1,1
139,9,631.0,1,1
139,10,457.0,1,1
139,11,454.0,1,1
139,12,308.0,1,1
139,13,755.0,1,1
139,14,424.0,1,1
139,15,339.0,1,1
140,0,1859.0,1,1
140,1,839.0,1,1
140,2,287.0,1,1
140,3,388.0,1,1
140,4,221.0,1,1
140,5,1358.0,1,1
140,6,122.0,1,1
140,7,180.0,1,1
140,8,194.0,1,1
140,9,450.0,1,1
140,10,351.0,1,1
140,11,466.0,1,1
140,12,258.0,1,1
140,13,676.0,1,1
140,14,469.0,1,1
140,15,331.0,1,1
141,0,658.0,1,1
141,1,395.0,1,1
141,2,215.0,1,1
141,3,118.0,1,1
141,4,176.0,1,1
141,5,252.0,1,1
141,6,170.0,1,1
141,7,249.0,1,1
141,8,198.0,1,1
141,9,377.0,1,1
141,10,422.0,1,1
141,11,542.0,1,1
141,12,316.0,1,1
141,13,568.0,1,1
141,14,464.0,1,1
141,15,356.0,1,1
142,0,690.0,1,1
142,1,417.0,1,1
142,2,264.0,1,1
142,3,121.0,1,1
142,4,279.0,1,1
142,5,473.0,1,1
142,6,154.0,1,1
142,7,313.0,1,1
142,8,275.0,1,1
142,9,561.0,1,1
142,10,406.0,1,1
142,11,742.0,1,1
142,12,409.0,1,1
142,13,617.0,1,1
142,14,512.0,1,1
142,15,312.0,1,1
143,0,567.0,1,1
143,1,358.0,1,1
143,2,256.0,1,1
143,3,239.0,1,1
143,4,281.0,1,1
143,5,648.0,1,1
143,6,185.0,1,1
143,7,298.0,1,1
143,8,335.0,1,1
143,9,644.0,1,1
143,10,391.0,1,1
143,11,695.0,1,1
143,12,507.0,1,1
143,13,962.0,1,1
143,14,585.0,1,1
143,15,356.0,1,1
144,0,485.0,1,1
144,1,321.0,1,1
144,2,237.0,1,1
144,3,263.0,1,1
144,4,216.0,1,1
144,5,530.0,1,1
144,6,209.0,1,1
144,7,244.0,1,1
144,8,205.0,1,1
144,9,402.0,1,1
144,10,403.0,1,1
144,11,583.0,1,1
144,12,437.0,1,1
144,13,615.0,1,1
144,14,514.0,1,1
144,15,399.0,1,1
145,0,417.0,1,1
145,1,201.0,1,1
145,2,207.0,1,1
145,3,231.0,1,1
145,4,220.0,1,1
145,5,320.0,1,1
145,6,114.0,1,1
145,7,120.0,1,1
145,8,165.0,1,1
145,9,238.0,1,1
145,10,362.0,1,1
145,11,592.0,1,1
145,12,312.0,1,1
145,13,273.0,1,1
145,14,541.0,1,1
145,15,192.0,1,1
146,0,283.0,1,1
146,1,138.0,1,1
146,2,110.0,1,1
146,3,136.0,1,1
146,4,197.0,1,1
146,5,264.0,1,1
146,6,98.0,1,1
146,7,130.0,1,1
146,8,157.0,1,1
146,9,207.0,1,1
146,10,301.0,1,1
146,11,300.0,1,1
146,12,265.0,1,1
146,13,188.0,1,1
146,14,451.0,1,1
146,15,164.0,1,1
147,0,80.0,1,1
147,1,62.0,1,1
147,2,45.0,1,1
147,3,123.0,1,1
147,4,160.0,1,1
147,5,297.0,1,1
147,6,53.0,1,1
147,7,57.0,1,1
147,8,110.0,1,1
147,9,133.0,1,1
147,10,235.0,1,1
147,11,170.0,1,1
147,12,296.0,1,1
147,13,113.0,1,1
147,14,439.0,1,1
147,15,114.0,1,1
148,0,35.0,1,1
148,1,33.0,1,1
148,2,20.0,1,1
148,3,83.0,1,1
148,4,158.0,1,1
148,5,251.0,1,1
148,6,42.0,1,1
148,7,44.0,1,1
148,8,82.0,1,1
148,9,105.0,1,1
148,10,214.0,1,1
148,11,153.0,1,1
148,12,299.0,1,1
148,13,56.0,1,1
148,14,482.0,1,1
148,15,69.0,1,1
149,0,28.0,1,1
149,1,21.0,1,1
149,2,16.0,1,1
149,3,40.0,1,1
149,4,113.0,1,1
149,5,249.0,1,1
149,6,10.0,1,1
149,7,16.0,1,1
149,8,77.0,1,1
149,9,61.0,1,1
149,10,214.0,1,1
149,11,84.0,1,1
149,12,236.0,1,1
149,13,13.0,1,1
149,14,378.0,1,1
149,15,18.0,1,1
150,0,21.0,1,1
150,1,28.0,1,1
150,2,16.0,1,1
150,3,33.0,1,1
150,4,76.0,1,1
150,5,206.0,1,1
150,6,6.0,1,1
150,7,6.0,1,1
150,8,60.0,1,1
150,9,37.0,1,1
150,10,197.0,1,1
150,11,59.0,1,1
150,12,237.0,1,1
150,13,7.0,1,1
150,14,331.0,1,1
150,15,8.0,1,1
151,0,40.0,1,1
151,1,6.0,1,1
151,2,9.0,1,1
151,3,21.0,1,1
151,4,54.0,1,1
151,5,142.0,1,1
151,6,2.0,1,1
151,7,3.0,1,1
151,8,39.0,1,1
151,9,28.0,1,1
151,10,145.0,1,1
151,11,75.0,1,1
151,12,184.0,1,1
151,13,3.0,1,1
151,14,243.0,1,1
151,15,5.0,1,1
152,0,188.0,1,1
152,1,54.0,1,1
152,2,40.0,1,1
152,3,67.0,1,1
152,4,95.0,1,1
152,5,256.0,1,1
152,6,19.0,1,1
152,7,25.0,1,1
152,8,72.0,1,1
152,9,100.0,1,1
152,10,239.0,1,1
152,11,129.0,1,1
152,12,318.0,1,1
152,13,38.0,1,1
152,14,340.0,1,1
152,15,40.0,1,1
153,0,365.0,1,1
153,1,310.0,1,1
153,2,51.0,1,1
153,3,320.0,1,1
153,4,280.0,1,1
153,5,608.0,1,1
153,6,159.0,1,1
153,7,134.0,1,1
153,8,213.0,1,1
153,9,294.0,1,1
153,10,430.0,1,1
153,11,351.0,1,1
153,12,601.0,1,1
153,13,430.0,1,1
153,14,693.0,1,1
153,15,243.0,1,1
154,0,621.0,1,1
154,1,493.0,1,1
154,2,154.0,1,1
154,3,355.0,1,1
154,4,313.0,1,1
154,5,879.0,1,1
154,6,276.0,1,1
154,7,200.0,1,1
154,8,345.0,1,1
154,9,411.0,1,1
154,10,462.0,1,1
154,11,593.0,1,1
154,12,688.0,1,1
154,13,695.0,1,1
154,14,852.0,1,1
154,15,362.0,1,1
155,0,883.0,1,1
155,1,675.0,1,1
155,2,254.0,1,1
155,3,239.0,1,1
155,4,161.0,1,1
155,5,179.0,1,1
155,6,171.0,1,1
155,7,132.0,1,1
155,8,104.0,1,1
155,9,281.0,1,1
155,10,0.0,1,1
155,11,419.0,1,1
155,12,314.0,1,1
155,13,352.0,1,1
155,14,279.0,1,1
155,15,255.0,1,1
156,0,392.0,1,1
156,1,238.0,1,1
156,2,104.0,1,1
156,3,131.0,1,1
156,4,186.0,1,1
156,5,450.0,1,1
156,6,120.0,1,1
156,7,124.0,1,1
156,8,156.0,1,1
156,9,201.0,1,1
156,10,374.0,1,1
156,11,360.0,1,1
156,12,381.0,1,1
156,13,196.0,1,1
156,14,412.0,1,1
156,15,172.0,1,1
157,0,549.0,1,1
157,1,279.0,1,1
157,2,104.0,1,1
157,3,169.0,1,1
157,4,273.0,1,1
157,5,510.0,1,1
157,6,121.0,1,1
157,7,177.0,1,1
157,8,268.0,1,1
157,9,284.0,1,1
157,10,306.0,1,1
157,11,398.0,1,1
157,12,482.0,1,1
157,13,308.0,1,1
157,14,542.0,1,1
157,15,207.0,1,1
158,0,620.0,1,1
158,1,305.0,1,1
158,2,126.0,1,1
158,3,223.0,1,1
158,4,255.0,1,1
158,5,285.0,1,1
158,6,202.0,1,1
158,7,194.0,1,1
158,8,107.0,1,1
158,9,223.0,1,1
158,10,333.0,1,1
158,11,507.0,1,1
158,12,324.0,1,1
158,13,307.0,1,1
158,14,473.0,1,1
158,15,217.0,1,1
159,0,569.0,1,1
159,1,328.0,1,1
159,2,120.0,1,1
159,3,212.0,1,1
159,4,357.0,1,1
159,5,454.0,1,1
159,6,205.0,1,1
159,7,220.0,1,1
159,8,231.0,1,1
159,9,287.0,1,1
159,10,437.0,1,1
159,11,452.0,1,1
159,12,509.0,1,1
159,13,338.0,1,1
159,14,667.0,1,1
159,15,271.0,1,1
160,0,510.0,1,1
160,1,385.0,1,1
160,2,162.0,1,1
160,3,169.0,1,1
160,4,253.0,1,1
160,5,399.0,1,1
160,6,171.0,1,1
160,7,229.0,1,1
160,8,181.0,1,1
160,9,246.0,1,1
160,10,484.0,1,1
160,11,431.0,1,1
160,12,412.0,1,1
160,13,284.0,1,1
160,14,549.0,1,1
160,15,260.0,1,1
161,0,707.0,1,1
161,1,457.0,1,1
161,2,174.0,1,1
161,3,266.0,1,1
161,4,260.0,1,1
161,5,213.0,1,1
161,6,431.0,1,1
161,7,516.0,1,1
161,8,112.0,1,1
161,9,296.0,1,1
161,10,390.0,1,1
161,11,462.0,1,1
161,12,265.0,1,1
161,13,872.0,1,1
161,14,409.0,1,1
161,15,757.0,1,1
162,0,990.0,1,1
162,1,520.0,1,1
162,2,131.0,1,1
162,3,497.0,1,1
162,4,245.0,1,1
162,5,155.0,1,1
162,6,553.0,1,1
162,7,483.0,1,1
162,8,82.0,1,1
162,9,357.0,1,1
162,10,328.0,1,1
162,11,371.0,1,1
162,12,224.0,1,1
162,13,1983.0,1,1
162,14,356.0,1,1
162,15,1168.0,1,1
163,0,1200.0,1,1
163,1,545.0,1,1
163,2,104.0,1,1
163,3,406.0,1,1
163,4,225.0,1,1
163,5,186.0,1,1
163,6,731.0,1,1
163,7,521.0,1,1
163,8,101.0,1,1
163,9,390.0,1,1
163,10,384.0,1,1
163,11,378.0,1,1
163,12,257.0,1,1
163,13,1717.0,1,1
163,14,307.0,1,1
163,15,1198.0,1,1
164,0,1858.0,1,1
164,1,881.0,1,1
164,2,306.0,1,1
164,3,586.0,1,1
164,4,238.0,1,1
164,5,163.0,1,1
164,6,700.0,1,1
164,7,465.0,1,1
164,8,70.0,1,1
164,9,371.0,1,1
164,10,473.0,1,1
164,11,476.0,1,1
164,12,252.0,1,1
164,13,2783.0,1,1
164,14,327.0,1,1
164,15,1390.0,1,1
165,0,561.0,1,1
165,1,323.0,1,1
165,2,114.0,1,1
165,3,209.0,1,1
165,4,232.0,1,1
165,5,216.0,1,1
165,6,206.0,1,1
165,7,242.0,1,1
165,8,161.0,1,1
165,9,275.0,1,1
165,10,442.0,1,1
165,11,591.0,1,1
165,12,310.0,1,1
165,13,463.0,1,1
165,14,372.0,1,1
165,15,380.0,1,1
166,0,693.0,1,1
166,1,410.0,1,1
166,2,244.0,1,1
166,3,260.0,1,1
166,4,268.0,1,1
166,5,251.0,1,1
166,6,324.0,1,1
166,7,537.0,1,1
166,8,153.0,1,1
166,9,461.0,1,1
166,10,436.0,1,1
166,11,693.0,1,1
166,12,298.0,1,1
166,13,1128.0,1,1
166,14,351.0,1,1
166,15,844.0,1,1
167,0,628.0,1,1
167,1,411.0,1,1
167,2,214.0,1,1
167,3,298.0,1,1
167,4,231.0,1,1
167,5,304.0,1,1
167,6,620.0,1,1
167,7,622.0,1,1
167,8,175.0,1,1
167,9,416.0,1,1
167,10,336.0,1,1
167,11,629.0,1,1
167,12,319.0,1,1
167,13,1506.0,1,1
167,14,439.0,1,1
167,15,1208.0,1,1
168,0,513.0,1,1
168,1,284.0,1,1
168,2,215.0,1,1
168,3,340.0,1,1
168,4,261.0,1,1
168,5,285.0,1,1
168,6,372.0,1,1
168,7,356.0,1,1
168,8,151.0,1,1
168,9,345.0,1,1
168,10,367.0,1,1
168,11,542.0,1,1
168,12,287.0,1,1
168,13,1000.0,1,1
168,14,470.0,1,1
168,15,595.0,1,1
169,0,408.0,1,1
169,1,193.0,1,1
169,2,103.0,1,1
169,3,112.0,1,1
169,4,212.0,1,1
169,5,233.0,1,1
169,6,202.0,1,1
169,7,83.0,1,1
169,8,121.0,1,1
169,9,312.0,1,1
169,10,395.0,1,1
169,11,363.0,1,1
169,12,334.0,1,1
169,13,261.0,1,1
169,14,475.0,1,1
169,15,105.0,1,1
170,0,227.0,1,1
170,1,91.0,1,1
170,2,14.0,1,1
170,3,71.0,1,1
170,4,214.0,1,1
170,5,274.0,1,1
170,6,158.0,1,1
170,7,71.0,1,1
170,8,143.0,1,1
170,9,204.0,1,1
170,10,308.0,1,1
170,11,264.0,1,1
170,12,191.0,1,1
170,13,173.0,1,1
170,14,346.0,1,1
170,15,75.0,1,1
171,0,91.0,1,1
171,1,33.0,1,1
171,2,10.0,1,1
171,3,40.0,1,1
171,4,175.0,1,1
171,5,121.0,1,1
171,6,117.0,1,1
171,7,47.0,1,1
171,8,115.0,1,1
171,9,183.0,1,1
171,10,16.0,1,1
171,11,7.0,1,1
171,12,134.0,1,1
171,13,113.0,1,1
171,14,313.0,1,1
171,15,71.0,1,1
172,0,52.0,1,1
172,1,24.0,1,1
172,2,19.0,1,1
172,3,30.0,1,1
172,4,156.0,1,1
172,5,110.0,1,1
172,6,95.0,1,1
172,7,28.0,1,1
172,8,96.0,1,1
172,9,122.0,1,1
172,10,221.0,1,1
172,11,105.0,1,1
172,12,72.0,1,1
172,13,73.0,1,1
172,14,191.0,1,1
172,15,37.0,1,1
173,0,35.0,1,1
173,1,14.0,1,1
173,2,9.0,1,1
173,3,10.0,1,1
173,4,111.0,1,1
173,5,43.0,1,1
173,6,55.0,1,1
173,7,6.0,1,1
173,8,63.0,1,1
173,9,74.0,1,1
173,10,197.0,1,1
173,11,66.0,1,1
173,12,26.0,1,1
173,13,18.0,1,1
173,14,143.0,1,1
173,15,7.0,1,1
174,0,34.0,1,1
174,1,17.0,1,1
174,2,11.0,1,1
174,3,6.0,1,1
174,4,69.0,1,1
174,5,22.0,1,1
174,6,40.0,1,1
174,7,4.0,1,1
174,8,51.0,1,1
174,9,51.0,1,1
174,10,232.0,1,1
174,11,62.0,1,1
174,12,19.0,1,1
174,13,12.0,1,1
174,14,115.0,1,1
174,15,4.0,1,1
175,0,25.0,1,1
175,1,15.0,1,1
175,2,16.0,1,1
175,3,3.0,1,1
175,4,51.0,1,1
175,5,14.0,1,1
175,6,21.0,1,1
175,7,2.0,1,1
175,8,34.0,1,1
175,9,36.0,1,1
175,10,173.0,1,1
175,11,30.0,1,1
175,12,11.0,1,1
175,13,4.0,1,1
175,14,54.0,1,1
175,15,2.0,1,1
176,0,116.0,1,1
176,1,72.0,1,1
176,2,40.0,1,1
176,3,20.0,1,1
176,4,92.0,1,1
176,5,67.0,1,1
176,6,79.0,1,1
176,7,16.0,1,1
176,8,87.0,1,1
176,9,98.0,1,1
176,10,167.0,1,1
176,11,72.0,1,1
176,12,68.0,1,1
176,13,36.0,1,1
176,14,153.0,1,1
176,15,16.0,1,1
177,0,131.0,1,1
177,1,110.0,1,1
177,2,31.0,1,1
177,3,98.0,1,1
177,4,190.0,1,1
177,5,244.0,1,1
177,6,229.0,1,1
177,7,119.0,1,1
177,8,289.0,1,1
177,9,318.0,1,1
177,10,263.0,1,1
177,11,250.0,1,1
177,12,439.0,1,1
177,13,303.0,1,1
177,14,484.0,1,1
177,15,164.0,1,1
178,0,211.0,1,1
178,1,151.0,1,1
178,2,49.0,1,1
178,3,176.0,1,1
178,4,215.0,1,1
178,5,467.0,1,1
178,6,391.0,1,1
178,7,210.0,1,1
178,8,420.0,1,1
178,9,445.0,1,1
178,10,345.0,1,1
178,11,354.0,1,1
178,12,671.0,1,1
178,13,447.0,1,1
178,14,991.0,1,1
178,15,246.0,1,1
179,0,286.0,1,1
179,1,148.0,1,1
179,2,67.0,1,1
179,3,152.0,1,1
179,4,114.0,1,1
179,5,264.0,1,1
179,6,167.0,1,1
179,7,197.0,1,1
179,8,151.0,1,1
179,9,234.0,1,1
179,10,0.0,1,1
179,11,382.0,1,1
179,12,551.0,1,1
179,13,329.0,1,1
179,14,254.0,1,1
179,15,216.0,1,1
180,0,365.0,1,1
180,1,222.0,1,1
180,2,61.0,1,1
180,3,71.0,1,1
180,4,183.0,1,1
180,5,273.0,1,1
180,6,155.0,1,1
180,7,82.0,1,1
180,8,178.0,1,1
180,9,138.0,1,1
180,10,424.0,1,1
180,11,337.0,1,1
180,12,159.0,1,1
180,13,169.0,1,1
180,14,465.0,1,1
180,15,97.0,1,1
181,0,447.0,1,1
181,1,288.0,1,1
181,2,83.0,1,1
181,3,90.0,1,1
181,4,219.0,1,1
181,5,294.0,1,1
181,6,187.0,1,1
181,7,85.0,1,1
181,8,236.0,1,1
181,9,214.0,1,1
181,10,248.0,1,1
181,11,373.0,1,1
181,12,222.0,1,1
181,13,216.0,1,1
181,14,630.0,1,1
181,15,116.0,1,1
182,0,536.0,1,1
182,1,299.0,1,1
182,2,77.0,1,1
182,3,145.0,1,1
182,4,230.0,1,1
182,5,256.0,1,1
182,6,250.0,1,1
182,7,125.0,1,1
182,8,163.0,1,1
182,9,272.0,1,1
182,10,280.0,1,1
182,11,455.0,1,1
182,12,333.0,1,1
182,13,405.0,1,1
182,14,478.0,1,1
182,15,194.0,1,1
183,0,647.0,1,1
183,1,297.0,1,1
183,2,137.0,1,1
183,3,172.0,1,1
183,4,297.0,1,1
183,5,404.0,1,1
183,6,267.0,1,1
183,7,169.0,1,1
183,8,251.0,1,1
183,9,314.0,1,1
183,10,477.0,1,1
183,11,449.0,1,1
183,12,403.0,1,1
183,13,341.0,1,1
183,14,617.0,1,1
183,15,193.0,1,1
184,0,602.0,1,1
184,1,345.0,1,1
184,2,123.0,1,1
184,3,112.0,1,1
184,4,223.0,1,1
184,5,315.0,1,1
184,6,215.0,1,1
184,7,138.0,1,1
184,8,197.0,1,1
184,9,251.0,1,1
184,10,414.0,1,1
184,11,526.0,1,1
184,12,290.0,1,1
184,13,291.0,1,1
184,14,581.0,1,1
184,15,172.0,1,1
185,0,665.0,1,1
185,1,426.0,1,1
185,2,112.0,1,1
185,3,264.0,1,1
185,4,269.0,1,1
185,5,605.0,1,1
185,6,256.0,1,1
185,7,287.0,1,1
185,8,129.0,1,1
185,9,308.0,1,1
185,10,325.0,1,1
185,11,355.0,1,1
185,12,562.0,1,1
185,13,779.0,1,1
185,14,562.0,1,1
185,15,539.0,1,1
186,0,727.0,1,1
186,1,444.0,1,1
186,2,180.0,1,1
186,3,494.0,1,1
186,4,224.0,1,1
186,5,622.0,1,1
186,6,438.0,1,1
186,7,583.0,1,1
186,8,148.0,1,1
186,9,421.0,1,1
186,10,289.0,1,1
186,11,369.0,1,1
186,12,955.0,1,1
186,13,1570.0,1,1
186,14,449.0,1,1
186,15,1290.0,1,1
187,0,801.0,1,1
187,1,413.0,1,1
187,2,161.0,1,1
187,3,469.0,1,1
187,4,262.0,1,1
187,5,728.0,1,1
187,6,412.0,1,1
187,7,700.0,1,1
187,8,163.0,1,1
187,9,419.0,1,1
187,10,284.0,1,1
187,11,457.0,1,1
187,12,847.0,1,1
187,13,1651.0,1,1
187,14,588.0,1,1
187,15,1163.0,1,1
188,0,731.0,1,1
188,1,352.0,1,1
188,2,162.0,1,1
188,3,530.0,1,1
188,4,187.0,1,1
188,5,557.0,1,1
188,6,402.0,1,1
188,7,714.0,1,1
188,8,145.0,1,1
188,9,466.0,1,1
188,10,360.0,1,1
188,11,507.0,1,1
188,12,1196.0,1,1
188,13,2490.0,1,1
188,14,426.0,1,1
188,15,2039.0,1,1
189,0,772.0,1,1
189,1,411.0,1,1
189,2,79.0,1,1
189,3,196.0,1,1
189,4,230.0,1,1
189,5,395.0,1,1
189,6,263.0,1,1
189,7,169.0,1,1
189,8,191.0,1,1
189,9,250.0,1,1
189,10,431.0,1,1
189,11,551.0,1,1
189,12,372.0,1,1
189,13,358.0,1,1
189,14,518.0,1,1
189,15,261.0,1,1
190,0,530.0,1,1
190,1,301.0,1,1
190,2,15.0,1,1
190,3,318.0,1,1
190,4,244.0,1,1
190,5,749.0,1,1
190,6,278.0,1,1
190,7,312.0,1,1
190,8,165.0,1,1
190,9,293.0,1,1
190,10,380.0,1,1
190,11,475.0,1,1
190,12,569.0,1,1
190,13,647.0,1,1
190,14,588.0,1,1
190,15,517.0,1,1
191,0,483.0,1,1
191,1,275.0,1,1
191,2,29.0,1,1
191,3,290.0,1,1
191,4,299.0,1,1
191,5,925.0,1,1
191,6,284.0,1,1
191,7,588.0,1,1
191,8,186.0,1,1
191,9,337.0,1,1
191,10,365.0,1,1
191,11,367.0,1,1
191,12,881.0,1,1
191,13,1035.0,1,1
191,14,915.0,1,1
191,15,790.0,1,1
192,0,502.0,1,1
192,1,234.0,1,1
192,2,55.0,1,1
192,3,265.0,1,1
192,4,246.0,1,1
192,5,511.0,1,1
192,6,266.0,1,1
192,7,287.0,1,1
192,8,189.0,1,1
192,9,377.0,1,1
192,10,355.0,1,1
192,11,212.0,1,1
192,12,678.0,1,1
192,13,854.0,1,1
192,14,543.0,1,1
192,15,573.0,1,1
193,0,343.0,1,1
193,1,163.0,1,1
193,2,44.0,1,1
193,3,229.0,1,1
193,4,296.0,1,1
193,5,264.0,1,1
193,6,371.0,1,1
193,7,249.0,1,1
193,8,176.0,1,1
193,9,382.0,1,1
193,10,335.0,1,1
193,11,268.0,1,1
193,12,240.0,1,1
193,13,652.0,1,1
193,14,199.0,1,1
193,15,233.0,1,1
194,0,217.0,1,1
194,1,97.0,1,1
194,2,23.0,1,1
194,3,129.0,1,1
194,4,200.0,1,1
194,5,254.0,1,1
194,6,358.0,1,1
194,7,172.0,1,1
194,8,110.0,1,1
194,9,252.0,1,1
194,10,236.0,1,1
194,11,191.0,1,1
194,12,157.0,1,1
194,13,561.0,1,1
194,14,153.0,1,1
194,15,201.0,1,1
195,0,72.0,1,1
195,1,29.0,1,1
195,2,9.0,1,1
195,3,161.0,1,1
195,4,216.0,1,1
195,5,111.0,1,1
195,6,262.0,1,1
195,7,200.0,1,1
195,8,141.0,1,1
195,9,284.0,1,1
195,10,240.0,1,1
195,11,153.0,1,1
195,12,109.0,1,1
195,13,409.0,1,1
195,14,86.0,1,1
195,15,119.0,1,1
196,0,66.0,1,1
196,1,21.0,1,1
196,2,10.0,1,1
196,3,88.0,1,1
196,4,171.0,1,1
196,5,81.0,1,1
196,6,225.0,1,1
196,7,124.0,1,1
196,8,114.0,1,1
196,9,175.0,1,1
196,10,189.0,1,1
196,11,84.0,1,1
196,12,68.0,1,1
196,13,351.0,1,1
196,14,58.0,1,1
196,15,77.0,1,1
197,0,39.0,1,1
197,1,16.0,1,1
197,2,7.0,1,1
197,3,58.0,1,1
197,4,123.0,1,1
197,5,29.0,1,1
197,6,127.0,1,1
197,7,86.0,1,1
197,8,111.0,1,1
197,9,122.0,1,1
197,10,161.0,1,1
197,11,68.0,1,1
197,12,14.0,1,1
197,13,264.0,1,1
197,14,15.0,1,1
197,15,24.0,1,1
198,0,20.0,1,1
198,1,12.0,1,1
198,2,8.0,1,1
198,3,64.0,1,1
198,4,126.0,1,1
198,5,11.0,1,1
198,6,82.0,1,1
198,7,71.0,1,1
198,8,126.0,1,1
198,9,156.0,1,1
198,10,168.0,1,1
198,11,48.0,1,1
198,12,14.0,1,1
198,13,184.0,1,1
198,14,7.0,1,1
198,15,13.0,1,1
199,0,32.0,1,1
199,1,15.0,1,1
199,2,10.0,1,1
199,3,47.0,1,1
199,4,96.0,1,1
199,5,7.0,1,1
199,6,51.0,1,1
199,7,49.0,1,1
199,8,100.0,1,1
199,9,137.0,1,1
199,10,52.0,1,1
199,11,31.0,1,1
199,12,5.0,1,1
199,13,128.0,1,1
199,14,3.0,1,1
199,15,6.0,1,1
200,0,191.0,1,1
200,1,52.0,1,1
200,2,31.0,1,1
200,3,109.0,1,1
200,4,164.0,1,1
200,5,48.0,1,1
200,6,164.0,1,1
200,7,105.0,1,1
200,8,149.0,1,1
200,9,188.0,1,1
200,10,262.0,1,1
200,11,133.0,1,1
200,12,44.0,1,1
200,13,301.0,1,1
200,14,35.0,1,1
200,15,60.0,1,1
201,0,0.0,1,1
201,1,0.0,1,1
201,2,0.0,1,1
201,3,382.0,1,1
201,4,411.0,1,1
201,5,205.0,1,1
201,6,396.0,1,1
201,7,461.0,1,1
201,8,320.0,1,1
201,9,776.0,1,1
201,10,394.0,1,1
201,11,390.0,1,1
201,12,452.0,1,1
201,13,825.0,1,1
201,14,209.0,1,1
201,15,257.0,1,1
202,0,904.0,1,1
202,1,757.0,1,1
202,2,158.0,1,1
202,3,662.0,1,1
202,4,487.0,1,1
202,5,391.0,1,1
202,6,641.0,1,1
202,7,614.0,1,1
202,8,519.0,1,1
202,9,1155.0,1,1
202,10,546.0,1,1
202,11,576.0,1,1
202,12,685.0,1,1
202,13,1316.0,1,1
202,14,334.0,1,1
202,15,444.0,1,1
203,0,1348.0,1,1
203,1,984.0,1,1
203,2,270.0,1,1
203,3,211.0,1,1
203,4,250.0,1,1
203,5,219.0,1,1
203,6,233.0,1,1
203,7,155.0,1,1
203,8,134.0,1,1
203,9,475.0,1,1
203,10,0.0,1,1
203,11,477.0,1,1
203,12,491.0,1,1
203,13,488.0,1,1
203,14,254.0,1,1
203,15,322.0,1,1
204,0,463.0,1,1
204,1,287.0,1,1
204,2,151.0,1,1
204,3,106.0,1,1
204,4,177.0,1,1
204,5,168.0,1,1
204,6,306.0,1,1
204,7,155.0,1,1
204,8,138.0,1,1
204,9,198.0,1,1
204,10,406.0,1,1
204,11,424.0,1,1
204,12,170.0,1,1
204,13,551.0,1,1
204,14,146.0,1,1
204,15,177.0,1,1
205,0,534.0,1,1
205,1,220.0,1,1
205,2,159.0,1,1
205,3,159.0,1,1
205,4,212.0,1,1
205,5,230.0,1,1
205,6,457.0,1,1
205,7,198.0,1,1
205,8,165.0,1,1
205,9,300.0,1,1
205,10,496.0,1,1
205,11,431.0,1,1
205,12,259.0,1,1
205,13,846.0,1,1
205,14,169.0,1,1
205,15,263.0,1,1
206,0,536.0,1,1
206,1,251.0,1,1
206,2,112.0,1,1
206,3,148.0,1,1
206,4,295.0,1,1
206,5,287.0,1,1
206,6,364.0,1,1
206,7,234.0,1,1
206,8,120.0,1,1
206,9,271.0,1,1
206,10,354.0,1,1
206,11,389.0,1,1
206,12,339.0,1,1
206,13,571.0,1,1
206,14,280.0,1,1
206,15,309.0,1,1
207,0,626.0,1,1
207,1,387.0,1,1
207,2,133.0,1,1
207,3,189.0,1,1
207,4,334.0,1,1
207,5,421.0,1,1
207,6,470.0,1,1
207,7,222.0,1,1
207,8,169.0,1,1
207,9,359.0,1,1
207,10,353.0,1,1
207,11,450.0,1,1
207,12,334.0,1,1
207,13,873.0,1,1
207,14,263.0,1,1
207,15,354.0,1,1
208,0,670.0,1,1
208,1,431.0,1,1
208,2,187.0,1,1
208,3,144.0,1,1
208,4,213.0,1,1
208,5,276.0,1,1
208,6,399.0,1,1
208,7,206.0,1,1
208,8,135.0,1,1
208,9,254.0,1,1
208,10,333.0,1,1
208,11,474.0,1,1
208,12,299.0,1,1
208,13,687.0,1,1
208,14,271.0,1,1
208,15,313.0,1,1
209,0,745.0,1,1
209,1,461.0,1,1
209,2,207.0,1,1
209,3,125.0,1,1
209,4,217.0,1,1
209,5,721.0,1,1
209,6,423.0,1,1
209,7,122.0,1,1
209,8,64.0,1,1
209,9,156.0,1,1
209,10,385.0,1,1
209,11,422.0,1,1
209,12,545.0,1,1
209,13,518.0,1,1
209,14,652.0,1,1
209,15,599.0,1,1
210,0,1002.0,1,1
210,1,517.0,1,1
210,2,136.0,1,1
210,3,237.0,1,1
210,4,295.0,1,1
210,5,1076.0,1,1
210,6,427.0,1,1
210,7,193.0,1,1
210,8,80.0,1,1
210,9,316.0,1,1
210,10,385.0,1,1
210,11,477.0,1,1
210,12,799.0,1,1
210,13,539.0,1,1
210,14,1157.0,1,1
210,15,755.0,1,1
211,0,1232.0,1,1
211,1,508.0,1,1
211,2,90.0,1,1
211,3,207.0,1,1
211,4,275.0,1,1
211,5,1058.0,1,1
211,6,497.0,1,1
211,7,181.0,1,1
211,8,72.0,1,1
211,9,270.0,1,1
211,10,523.0,1,1
211,11,444.0,1,1
211,12,1055.0,1,1
211,13,633.0,1,1
211,14,1379.0,1,1
211,15,1035.0,1,1
212,0,822.0,1,1
212,1,354.0,1,1
212,2,200.0,1,1
212,3,261.0,1,1
212,4,297.0,1,1
212,5,855.0,1,1
212,6,440.0,1,1
212,7,214.0,1,1
212,8,85.0,1,1
212,9,383.0,1,1
212,10,469.0,1,1
212,11,389.0,1,1
212,12,1358.0,1,1
212,13,519.0,1,1
212,14,1491.0,1,1
212,15,968.0,1,1
213,0,738.0,1,1
213,1,452.0,1,1
213,2,209.0,1,1
213,3,132.0,1,1
213,4,221.0,1,1
213,5,474.0,1,1
213,6,482.0,1,1
213,7,134.0,1,1
213,8,101.0,1,1
213,9,222.0,1,1
213,10,319.0,1,1
213,11,508.0,1,1
213,12,341.0,1,1
213,13,650.0,1,1
213,14,339.0,1,1
213,15,406.0,1,1
214,0,727.0,1,1
214,1,452.0,1,1
214,2,255.0,1,1
214,3,136.0,1,1
214,4,204.0,1,1
214,5,789.0,1,1
214,6,444.0,1,1
214,7,102.0,1,1
214,8,80.0,1,1
214,9,178.0,1,1
214,10,422.0,1,1
214,11,662.0,1,1
214,12,389.0,1,1
214,13,665.0,1,1
214,14,544.0,1,1
214,15,620.0,1,1
215,0,559.0,1,1
215,1,434.0,1,1
215,2,206.0,1,1
215,3,239.0,1,1
215,4,264.0,1,1
215,5,852.0,1,1
215,6,574.0,1,1
215,7,186.0,1,1
215,8,102.0,1,1
215,9,277.0,1,1
215,10,355.0,1,1
215,11,537.0,1,1
215,12,854.0,1,1
215,13,784.0,1,1
215,14,939.0,1,1
215,15,858.0,1,1
216,0,509.0,1,1
216,1,338.0,1,1
216,2,233.0,1,1
216,3,212.0,1,1
216,4,266.0,1,1
216,5,633.0,1,1
216,6,503.0,1,1
216,7,235.0,1,1
216,8,126.0,1,1
216,9,355.0,1,1
216,10,345.0,1,1
216,11,497.0,1,1
216,12,739.0,1,1
216,13,843.0,1,1
216,14,649.0,1,1
216,15,703.0,1,1
217,0,536.0,1,1
217,1,275.0,1,1
217,2,208.0,1,1
217,3,166.0,1,1
217,4,138.0,1,1
217,5,115.0,1,1
217,6,114.0,1,1
217,7,145.0,1,1
217,8,176.0,1,1
217,9,132.0,1,1
217,10,377.0,1,1
217,11,553.0,1,1
217,12,330.0,1,1
217,13,354.0,1,1
217,14,133.0,1,1
217,15,375.0,1,1
218,0,315.0,1,1
218,1,145.0,1,1
218,2,123.0,1,1
218,3,246.0,1,1
218,4,197.0,1,1
218,5,117.0,1,1
218,6,94.0,1,1
218,7,151.0,1,1
218,8,144.0,1,1
218,9,190.0,1,1
218,10,332.0,1,1
218,11,337.0,1,1
218,12,417.0,1,1
218,13,344.0,1,1
218,14,210.0,1,1
218,15,506.0,1,1
219,0,115.0,1,1
219,1,77.0,1,1
219,2,48.0,1,1
219,3,137.0,1,1
219,4,109.0,1,1
219,5,78.0,1,1
219,6,55.0,1,1
219,7,100.0,1,1
219,8,101.0,1,1
219,9,91.0,1,1
219,10,274.0,1,1
219,11,231.0,1,1
219,12,362.0,1,1
219,13,300.0,1,1
219,14,80.0,1,1
219,15,403.0,1,1
220,0,55.0,1,1
220,1,75.0,1,1
220,2,23.0,1,1
220,3,146.0,1,1
220,4,101.0,1,1
220,5,42.0,1,1
220,6,28.0,1,1
220,7,59.0,1,1
220,8,61.0,1,1
220,9,74.0,1,1
220,10,271.0,1,1
220,11,117.0,1,1
220,12,327.0,1,1
220,13,209.0,1,1
220,14,78.0,1,1
220,15,325.0,1,1
221,0,40.0,1,1
221,1,41.0,1,1
221,2,8.0,1,1
221,3,81.0,1,1
221,4,56.0,1,1
221,5,10.0,1,1
221,6,6.0,1,1
221,7,21.0,1,1
221,8,31.0,1,1
221,9,26.0,1,1
221,10,228.0,1,1
221,11,91.0,1,1
221,12,345.0,1,1
221,13,93.0,1,1
221,14,22.0,1,1
221,15,249.0,1,1
222,0,46.0,1,1
222,1,33.0,1,1
222,2,16.0,1,1
222,3,41.0,1,1
222,4,26.0,1,1
222,5,5.0,1,1
222,6,3.0,1,1
222,7,8.0,1,1
222,8,20.0,1,1
222,9,10.0,1,1
222,10,218.0,1,1
222,11,57.0,1,1
222,12,273.0,1,1
222,13,48.0,1,1
222,14,8.0,1,1
222,15,153.0,1,1
223,0,22.0,1,1
223,1,29.0,1,1
223,2,12.0,1,1
223,3,24.0,1,1
223,4,14.0,1,1
223,5,2.0,1,1
223,6,1.0,1,1
223,7,4.0,1,1
223,8,10.0,1,1
223,9,6.0,1,1
223,10,112.0,1,1
223,11,47.0,1,1
223,12,177.0,1,1
223,13,25.0,1,1
223,14,4.0,1,1
223,15,99.0,1,1
224,0,88.0,1,1
224,1,53.0,1,1
224,2,19.0,1,1
224,3,54.0,1,1
224,4,33.0,1,1
224,5,14.0,1,1
224,6,12.0,1,1
224,7,18.0,1,1
224,8,18.0,1,1
224,9,28.0,1,1
224,10,162.0,1,1
224,11,109.0,1,1
224,12,182.0,1,1
224,13,71.0,1,1
224,14,32.0,1,1
224,15,184.0,1,1
225,0,111.0,1,1
225,1,124.0,1,1
225,2,40.0,1,1
225,3,139.0,1,1
225,4,136.0,1,1
225,5,113.0,1,1
225,6,76.0,1,1
225,7,90.0,1,1
225,8,105.0,1,1
225,9,131.0,1,1
225,10,238.0,1,1
225,11,299.0,1,1
225,12,514.0,1,1
225,13,207.0,1,1
225,14,121.0,1,1
225,15,457.0,1,1
226,0,198.0,1,1
226,1,188.0,1,1
226,2,60.0,1,1
226,3,190.0,1,1
226,4,203.0,1,1
226,5,220.0,1,1
226,6,165.0,1,1
226,7,181.0,1,1
226,8,149.0,1,1
226,9,184.0,1,1
226,10,334.0,1,1
226,11,435.0,1,1
226,12,584.0,1,1
226,13,333.0,1,1
226,14,249.0,1,1
226,15,588.0,1,1
227,0,300.0,1,1
227,1,178.0,1,1
227,2,51.0,1,1
227,3,72.0,1,1
227,4,50.0,1,1
227,5,118.0,1,1
227,6,97.0,1,1
227,7,79.0,1,1
227,8,49.0,1,1
227,9,85.0,1,1
227,10,0.0,1,1
227,11,370.0,1,1
227,12,182.0,1,1
227,13,132.0,1,1
227,14,143.0,1,1
227,15,234.0,1,1
228,0,309.0,1,1
228,1,192.0,1,1
228,2,116.0,1,1
228,3,189.0,1,1
228,4,147.0,1,1
228,5,105.0,1,1
228,6,50.0,1,1
228,7,65.0,1,1
228,8,70.0,1,1
228,9,153.0,1,1
228,10,473.0,1,1
228,11,409.0,1,1
228,12,426.0,1,1
228,13,173.0,1,1
228,14,226.0,1,1
228,15,476.0,1,1
229,0,314.0,1,1
229,1,179.0,1,1
229,2,108.0,1,1
229,3,291.0,1,1
229,4,269.0,1,1
229,5,160.0,1,1
229,6,84.0,1,1
229,7,159.0,1,1
229,8,134.0,1,1
229,9,321.0,1,1
229,10,712.0,1,1
229,11,437.0,1,1
229,12,618.0,1,1
229,13,354.0,1,1
229,14,258.0,1,1
229,15,637.0,1,1
230,0,821.0,1,1
230,1,364.0,1,1
230,2,227.0,1,1
230,3,307.0,1,1
230,4,284.0,1,1
230,5,293.0,1,1
230,6,163.0,1,1
230,7,193.0,1,1
230,8,230.0,1,1
230,9,212.0,1,1
230,10,669.0,1,1
230,11,502.0,1,1
230,12,400.0,1,1
230,13,503.0,1,1
230,14,243.0,1,1
230,15,486.0,1,1
231,0,776.0,1,1
231,1,298.0,1,1
231,2,238.0,1,1
231,3,465.0,1,1
231,4,411.0,1,1
231,5,283.0,1,1
231,6,184.0,1,1
231,7,279.0,1,1
231,8,246.0,1,1
231,9,341.0,1,1
231,10,760.0,1,1
231,11,543.0,1,1
231,12,805.0,1,1
231,13,596.0,1,1
231,14,398.0,1,1
231,15,715.0,1,1
232,0,733.0,1,1
232,1,368.0,1,1
232,2,249.0,1,1
232,3,355.0,1,1
232,4,352.0,1,1
232,5,218.0,1,1
232,6,136.0,1,1
232,7,184.0,1,1
232,8,159.0,1,1
232,9,328.0,1,1
232,10,613.0,1,1
232,11,452.0,1,1
232,12,512.0,1,1
232,13,393.0,1,1
232,14,344.0,1,1
232,15,572.0,1,1
233,0,761.0,1,1
233,1,320.0,1,1
233,2,317.0,1,1
233,3,323.0,1,1
233,4,281.0,1,1
233,5,463.0,1,1
233,6,407.0,1,1
233,7,296.0,1,1
233,8,186.0,1,1
233,9,552.0,1,1
233,10,405.0,1,1
233,11,507.0,1,1
233,12,294.0,1,1
233,13,644.0,1,1
233,14,854.0,1,1
233,15,499.0,1,1
234,0,783.0,1,1
234,1,391.0,1,1
234,2,252.0,1,1
234,3,192.0,1,1
234,4,182.0,1,1
234,5,898.0,1,1
234,6,753.0,1,1
234,7,330.0,1,1
234,8,283.0,1,1
234,9,339.0,1,1
234,10,391.0,1,1
234,11,403.0,1,1
234,12,228.0,1,1
234,13,857.0,1,1
234,14,647.0,1,1
234,15,371.0,1,1
235,0,1037.0,1,1
235,1,430.0,1,1
235,2,154.0,1,1
235,3,285.0,1,1
235,4,219.0,1,1
235,5,1062.0,1,1
235,6,954.0,1,1
235,7,383.0,1,1
235,8,226.0,1,1
235,9,492.0,1,1
235,10,316.0,1,1
235,11,217.0,1,1
235,12,246.0,1,1
235,13,808.0,1,1
235,14,1108.0,1,1
235,15,524.0,1,1
236,0,866.0,1,1
236,1,339.0,1,1
236,2,147.0,1,1
236,3,158.0,1,1
236,4,149.0,1,1
236,5,1123.0,1,1
236,6,735.0,1,1
236,7,255.0,1,1
236,8,217.0,1,1
236,9,304.0,1,1
236,10,397.0,1,1
236,11,427.0,1,1
236,12,189.0,1,1
236,13,615.0,1,1
236,14,593.0,1,1
236,15,317.0,1,1
237,0,808.0,1,1
237,1,425.0,1,1
237,2,229.0,1,1
237,3,258.0,1,1
237,4,197.0,1,1
237,5,239.0,1,1
237,6,160.0,1,1
237,7,222.0,1,1
237,8,138.0,1,1
237,9,264.0,1,1
237,10,427.0,1,1
237,11,602.0,1,1
237,12,395.0,1,1
237,13,548.0,1,1
237,14,344.0,1,1
237,15,528.0,1,1
238,0,733.0,1,1
238,1,462.0,1,1
238,2,298.0,1,1
238,3,265.0,1,1
238,4,213.0,1,1
238,5,377.0,1,1
238,6,247.0,1,1
238,7,250.0,1,1
238,8,130.0,1,1
238,9,483.0,1,1
238,10,513.0,1,1
238,11,803.0,1,1
238,12,301.0,1,1
238,13,447.0,1,1
238,14,789.0,1,1
238,15,511.0,1,1
239,0,636.0,1,1
239,1,436.0,1,1
239,2,266.0,1,1
239,3,428.0,1,1
239,4,365.0,1,1
239,5,624.0,1,1
239,6,607.0,1,1
239,7,426.0,1,1
239,8,227.0,1,1
239,9,742.0,1,1
239,10,390.0,1,1
239,11,697.0,1,1
239,12,337.0,1,1
239,13,732.0,1,1
239,14,1172.0,1,1
239,15,745.0,1,1
240,0,1097.0,1,1
240,1,708.0,1,1
240,2,476.0,1,1
240,3,298.0,1,1
240,4,284.0,1,1
240,5,513.0,1,1
240,6,383.0,1,1
240,7,372.0,1,1
240,8,267.0,1,1
240,9,396.0,1,1
240,10,365.0,1,1
240,11,587.0,1,1
240,12,380.0,1,1
240,13,732.0,1,1
240,14,541.0,1,1
240,15,610.0,1,1
241,0,464.0,1,1
241,1,273.0,1,1
241,2,243.0,1,1
241,3,192.0,1,1
241,4,181.0,1,1
241,5,222.0,1,1
241,6,194.0,1,1
241,7,79.0,1,1
241,8,59.0,1,1
241,9,190.0,1,1
241,10,375.0,1,1
241,11,600.0,1,1
241,12,235.0,1,1
241,13,239.0,1,1
241,14,351.0,1,1
241,15,264.0,1,1
242,0,299.0,1,1
242,1,177.0,1,1
242,2,156.0,1,1
242,3,217.0,1,1
242,4,176.0,1,1
242,5,322.0,1,1
242,6,255.0,1,1
242,7,85.0,1,1
242,8,81.0,1,1
242,9,300.0,1,1
242,10,353.0,1,1
242,11,469.0,1,1
242,12,315.0,1,1
242,13,382.0,1,1
242,14,260.0,1,1
242,15,393.0,1,1
243,0,162.0,1,1
243,1,113.0,1,1
243,2,92.0,1,1
243,3,158.0,1,1
243,4,138.0,1,1
243,5,244.0,1,1
243,6,127.0,1,1
243,7,50.0,1,1
243,8,33.0,1,1
243,9,152.0,1,1
243,10,319.0,1,1
243,11,363.0,1,1
243,12,188.0,1,1
243,13,176.0,1,1
243,14,230.0,1,1
243,15,233.0,1,1
244,0,92.0,1,1
244,1,66.0,1,1
244,2,31.0,1,1
244,3,129.0,1,1
244,4,80.0,1,1
244,5,222.0,1,1
244,6,108.0,1,1
244,7,36.0,1,1
244,8,24.0,1,1
244,9,136.0,1,1
244,10,261.0,1,1
244,11,173.0,1,1
244,12,176.0,1,1
244,13,166.0,1,1
244,14,125.0,1,1
244,15,209.0,1,1
245,0,71.0,1,1
245,1,43.0,1,1
245,2,25.0,1,1
245,3,82.0,1,1
245,4,30.0,1,1
245,5,159.0,1,1
245,6,52.0,1,1
245,7,9.0,1,1
245,8,6.0,1,1
245,9,77.0,1,1
245,10,278.0,1,1
245,11,152.0,1,1
245,12,79.0,1,1
245,13,58.0,1,1
245,14,52.0,1,1
245,15,113.0,1,1
246,0,34.0,1,1
246,1,33.0,1,1
246,2,13.0,1,1
246,3,49.0,1,1
246,4,14.0,1,1
246,5,72.0,1,1
246,6,25.0,1,1
246,7,4.0,1,1
246,8,2.0,1,1
246,9,39.0,1,1
246,10,218.0,1,1
246,11,73.0,1,1
246,12,41.0,1,1
246,13,25.0,1,1
246,14,47.0,1,1
246,15,42.0,1,1
247,0,18.0,1,1
247,1,13.0,1,1
247,2,13.0,1,1
247,3,36.0,1,1
247,4,8.0,1,1
247,5,48.0,1,1
247,6,14.0,1,1
247,7,2.0,1,1
247,8,1.0,1,1
247,9,21.0,1,1
247,10,160.0,1,1
247,11,71.0,1,1
247,12,23.0,1,1
247,13,14.0,1,1
247,14,23.0,1,1
247,15,23.0,1,1
248,0,117.0,1,1
248,1,29.0,1,1
248,2,20.0,1,1
248,3,66.0,1,1
248,4,23.0,1,1
248,5,86.0,1,1
248,6,44.0,1,1
248,7,14.0,1,1
248,8,8.0,1,1
248,9,54.0,1,1
248,10,163.0,1,1
248,11,53.0,1,1
248,12,54.0,1,1
248,13,56.0,1,1
248,14,72.0,1,1
248,15,93.0,1,1
249,0,75.0,1,1
249,1,72.0,1,1
249,2,45.0,1,1
249,3,162.0,1,1
249,4,108.0,1,1
249,5,223.0,1,1
249,6,127.0,1,1
249,7,51.0,1,1
249,8,51.0,1,1
249,9,176.0,1,1
249,10,250.0,1,1
249,11,129.0,1,1
249,12,171.0,1,1
249,13,231.0,1,1
249,14,243.0,1,1
249,15,255.0,1,1
250,0,235.0,1,1
250,1,106.0,1,1
250,2,52.0,1,1
250,3,232.0,1,1
250,4,156.0,1,1
250,5,269.0,1,1
250,6,281.0,1,1
250,7,131.0,1,1
250,8,123.0,1,1
250,9,266.0,1,1
250,10,307.0,1,1
250,11,182.0,1,1
250,12,323.0,1,1
250,13,478.0,1,1
250,14,552.0,1,1
250,15,322.0,1,1
251,0,360.0,1,1
251,1,178.0,1,1
251,2,76.0,1,1
251,3,94.0,1,1
251,4,58.0,1,1
251,5,93.0,1,1
251,6,86.0,1,1
251,7,50.0,1,1
251,8,67.0,1,1
251,9,98.0,1,1
251,10,0.0,1,1
251,11,211.0,1,1
251,12,118.0,1,1
251,13,164.0,1,1
251,14,224.0,1,1
251,15,153.0,1,1
252,0,262.0,1,1
252,1,195.0,1,1
252,2,60.0,1,1
252,3,138.0,1,1
252,4,75.0,1,1
252,5,224.0,1,1
252,6,193.0,1,1
252,7,68.0,1,1
252,8,59.0,1,1
252,9,280.0,1,1
252,10,429.0,1,1
252,11,254.0,1,1
252,12,219.0,1,1
252,13,288.0,1,1
252,14,190.0,1,1
252,15,326.0,1,1
253,0,652.0,1,1
253,1,210.0,1,1
253,2,125.0,1,1
253,3,234.0,1,1
253,4,159.0,1,1
253,5,372.0,1,1
253,6,271.0,1,1
253,7,90.0,1,1
253,8,90.0,1,1
253,9,372.0,1,1
253,10,463.0,1,1
253,11,383.0,1,1
253,12,309.0,1,1
253,13,509.0,1,1
253,14,342.0,1,1
253,15,496.0,1,1
254,0,516.0,1,1
254,1,327.0,1,1
254,2,163.0,1,1
254,3,210.0,1,1
254,4,243.0,1,1
254,5,342.0,1,1
254,6,234.0,1,1
254,7,137.0,1,1
254,8,121.0,1,1
254,9,310.0,1,1
254,10,528.0,1,1
254,11,477.0,1,1
254,12,365.0,1,1
254,13,461.0,1,1
254,14,458.0,1,1
254,15,405.0,1,1
255,0,570.0,1,1
255,1,306.0,1,1
255,2,115.0,1,1
255,3,321.0,1,1
255,4,299.0,1,1
255,5,577.0,1,1
255,6,348.0,1,1
255,7,157.0,1,1
255,8,150.0,1,1
255,9,596.0,1,1
255,10,317.0,1,1
255,11,320.0,1,1
255,12,562.0,1,1
255,13,604.0,1,1
255,14,440.0,1,1
255,15,600.0,1,1
256,0,613.0,1,1
256,1,308.0,1,1
256,2,170.0,1,1
256,3,236.0,1,1
256,4,207.0,1,1
256,5,422.0,1,1
256,6,280.0,1,1
256,7,111.0,1,1
256,8,107.0,1,1
256,9,360.0,1,1
256,10,431.0,1,1
256,11,485.0,1,1
256,12,350.0,1,1
256,13,433.0,1,1
256,14,336.0,1,1
256,15,523.0,1,1
257,0,705.0,1,1
257,1,297.0,1,1
257,2,199.0,1,1
257,3,280.0,1,1
257,4,327.0,1,1
257,5,407.0,1,1
257,6,403.0,1,1
257,7,309.0,1,1
257,8,274.0,1,1
257,9,398.0,1,1
257,10,418.0,1,1
257,11,506.0,1,1
257,12,658.0,1,1
257,13,617.0,1,1
257,14,473.0,1,1
257,15,808.0,1,1
258,0,501.0,1,1
258,1,241.0,1,1
258,2,87.0,1,1
258,3,258.0,1,1
258,4,366.0,1,1
258,5,243.0,1,1
258,6,274.0,1,1
258,7,544.0,1,1
258,8,389.0,1,1
258,9,204.0,1,1
258,10,443.0,1,1
258,11,306.0,1,1
258,12,462.0,1,1
258,13,712.0,1,1
258,14,961.0,1,1
258,15,601.0,1,1
259,0,798.0,1,1
259,1,344.0,1,1
259,2,143.0,1,1
259,3,297.0,1,1
259,4,428.0,1,1
259,5,300.0,1,1
259,6,468.0,1,1
259,7,668.0,1,1
259,8,564.0,1,1
259,9,323.0,1,1
259,10,360.0,1,1
259,11,455.0,1,1
259,12,673.0,1,1
259,13,1054.0,1,1
259,14,974.0,1,1
259,15,762.0,1,1
260,0,756.0,1,1
260,1,278.0,1,1
260,2,150.0,1,1
260,3,191.0,1,1
260,4,257.0,1,1
260,5,181.0,1,1
260,6,238.0,1,1
260,7,501.0,1,1
260,8,442.0,1,1
260,9,173.0,1,1
260,10,462.0,1,1
260,11,382.0,1,1
260,12,337.0,1,1
260,13,720.0,1,1
260,14,1027.0,1,1
260,15,525.0,1,1
261,0,814.0,1,1
261,1,386.0,1,1
261,2,200.0,1,1
261,3,253.0,1,1
261,4,214.0,1,1
261,5,325.0,1,1
261,6,275.0,1,1
261,7,200.0,1,1
261,8,143.0,1,1
261,9,296.0,1,1
261,10,330.0,1,1
261,11,425.0,1,1
261,12,390.0,1,1
261,13,557.0,1,1
261,14,447.0,1,1
261,15,535.0,1,1
262,0,545.0,1,1
262,1,277.0,1,1
262,2,166.0,1,1
262,3,241.0,1,1
262,4,206.0,1,1
262,5,290.0,1,1
262,6,368.0,1,1
262,7,286.0,1,1
262,8,252.0,1,1
262,9,407.0,1,1
262,10,354.0,1,1
262,11,330.0,1,1
262,12,471.0,1,1
262,13,628.0,1,1
262,14,455.0,1,1
262,15,744.0,1,1
263,0,521.0,1,1
263,1,310.0,1,1
263,2,186.0,1,1
263,3,336.0,1,1
263,4,507.0,1,1
263,5,430.0,1,1
263,6,698.0,1,1
263,7,445.0,1,1
263,8,361.0,1,1
263,9,547.0,1,1
263,10,335.0,1,1
263,11,400.0,1,1
263,12,919.0,1,1
263,13,828.0,1,1
263,14,690.0,1,1
263,15,845.0,1,1
264,0,711.0,1,1
264,1,424.0,1,1
264,2,276.0,1,1
264,3,267.0,1,1
264,4,303.0,1,1
264,5,361.0,1,1
264,6,352.0,1,1
264,7,300.0,1,1
264,8,300.0,1,1
264,9,308.0,1,1
264,10,374.0,1,1
264,11,473.0,1,1
264,12,418.0,1,1
264,13,850.0,1,1
264,14,743.0,1,1
264,15,745.0,1,1
265,0,458.0,1,1
265,1,375.0,1,1
265,2,270.0,1,1
265,3,155.0,1,1
265,4,157.0,1,1
265,5,218.0,1,1
265,6,284.0,1,1
265,7,244.0,1,1
265,8,147.0,1,1
265,9,213.0,1,1
265,10,364.0,1,1
265,11,358.0,1,1
265,12,461.0,1,1
265,13,428.0,1,1
265,14,362.0,1,1
265,15,379.0,1,1
266,0,256.0,1,1
266,1,113.0,1,1
266,2,103.0,1,1
266,3,150.0,1,1
266,4,145.0,1,1
266,5,245.0,1,1
266,6,224.0,1,1
266,7,184.0,1,1
266,8,105.0,1,1
266,9,183.0,1,1
266,10,279.0,1,1
266,11,192.0,1,1
266,12,258.0,1,1
266,13,399.0,1,1
266,14,277.0,1,1
266,15,269.0,1,1
267,0,126.0,1,1
267,1,55.0,1,1
267,2,40.0,1,1
267,3,114.0,1,1
267,4,85.0,1,1
267,5,137.0,1,1
267,6,248.0,1,1
267,7,138.0,1,1
267,8,54.0,1,1
267,9,196.0,1,1
267,10,263.0,1,1
267,11,138.0,1,1
267,12,466.0,1,1
267,13,400.0,1,1
267,14,260.0,1,1
267,15,284.0,1,1
268,0,62.0,1,1
268,1,43.0,1,1
268,2,28.0,1,1
268,3,88.0,1,1
268,4,70.0,1,1
268,5,127.0,1,1
268,6,196.0,1,1
268,7,124.0,1,1
268,8,34.0,1,1
268,9,133.0,1,1
268,10,223.0,1,1
268,11,86.0,1,1
268,12,305.0,1,1
268,13,369.0,1,1
268,14,227.0,1,1
268,15,181.0,1,1
269,0,28.0,1,1
269,1,19.0,1,1
269,2,8.0,1,1
269,3,39.0,1,1
269,4,38.0,1,1
269,5,72.0,1,1
269,6,100.0,1,1
269,7,87.0,1,1
269,8,16.0,1,1
269,9,89.0,1,1
269,10,196.0,1,1
269,11,56.0,1,1
269,12,320.0,1,1
269,13,274.0,1,1
269,14,125.0,1,1
269,15,62.0,1,1
270,0,37.0,1,1
270,1,26.0,1,1
270,2,13.0,1,1
270,3,21.0,1,1
270,4,22.0,1,1
270,5,43.0,1,1
270,6,96.0,1,1
270,7,82.0,1,1
270,8,11.0,1,1
270,9,64.0,1,1
270,10,196.0,1,1
270,11,61.0,1,1
270,12,412.0,1,1
270,13,226.0,1,1
270,14,112.0,1,1
270,15,53.0,1,1
271,0,31.0,1,1
271,1,21.0,1,1
271,2,11.0,1,1
271,3,12.0,1,1
271,4,12.0,1,1
271,5,25.0,1,1
271,6,68.0,1,1
271,7,46.0,1,1
271,8,6.0,1,1
271,9,47.0,1,1
271,10,140.0,1,1
271,11,64.0,1,1
271,12,262.0,1,1
271,13,175.0,1,1
271,14,107.0,1,1
271,15,38.0,1,1
272,0,201.0,1,1
272,1,89.0,1,1
272,2,39.0,1,1
272,3,68.0,1,1
272,4,49.0,1,1
272,5,93.0,1,1
272,6,177.0,1,1
272,7,106.0,1,1
272,8,37.0,1,1
272,9,81.0,1,1
272,10,271.0,1,1
272,11,115.0,1,1
272,12,336.0,1,1
272,13,337.0,1,1
272,14,282.0,1,1
272,15,143.0,1,1
273,0,366.0,1,1
273,1,400.0,1,1
273,2,54.0,1,1
273,3,244.0,1,1
273,4,151.0,1,1
273,5,481.0,1,1
273,6,537.0,1,1
273,7,429.0,1,1
273,8,144.0,1,1
273,9,302.0,1,1
273,10,524.0,1,1
273,11,321.0,1,1
273,12,1185.0,1,1
273,13,743.0,1,1
273,14,827.0,1,1
273,15,816.0,1,1
274,0,636.0,1,1
274,1,491.0,1,1
274,2,108.0,1,1
274,3,454.0,1,1
274,4,239.0,1,1
274,5,815.0,1,1
274,6,650.0,1,1
274,7,690.0,1,1
274,8,297.0,1,1
274,9,373.0,1,1
274,10,572.0,1,1
274,11,601.0,1,1
274,12,2480.0,1,1
274,13,845.0,1,1
274,14,1147.0,1,1
274,15,842.0,1,1
275,0,456.0,1,1
275,1,318.0,1,1
275,2,82.0,1,1
275,3,151.0,1,1
275,4,107.0,1,1
275,5,275.0,1,1
275,6,425.0,1,1
275,7,210.0,1,1
275,8,146.0,1,1
275,9,122.0,1,1
275,10,0.0,1,1
275,11,430.0,1,1
275,12,214.0,1,1
275,13,507.0,1,1
275,14,602.0,1,1
275,15,902.0,1,1
276,0,404.0,1,1
276,1,273.0,1,1
276,2,130.0,1,1
276,3,134.0,1,1
276,4,128.0,1,1
276,5,393.0,1,1
276,6,262.0,1,1
276,7,182.0,1,1
276,8,91.0,1,1
276,9,148.0,1,1
276,10,450.0,1,1
276,11,407.0,1,1
276,12,411.0,1,1
276,13,574.0,1,1
276,14,329.0,1,1
276,15,290.0,1,1
277,0,528.0,1,1
277,1,339.0,1,1
277,2,124.0,1,1
277,3,252.0,1,1
277,4,196.0,1,1
277,5,672.0,1,1
277,6,253.0,1,1
277,7,266.0,1,1
277,8,141.0,1,1
277,9,287.0,1,1
277,10,387.0,1,1
277,11,379.0,1,1
277,12,490.0,1,1
277,13,663.0,1,1
277,14,527.0,1,1
277,15,360.0,1,1
278,0,543.0,1,1
278,1,336.0,1,1
278,2,115.0,1,1
278,3,147.0,1,1
278,4,165.0,1,1
278,5,254.0,1,1
278,6,315.0,1,1
278,7,192.0,1,1
278,8,109.0,1,1
278,9,224.0,1,1
278,10,321.0,1,1
278,11,511.0,1,1
278,12,281.0,1,1
278,13,512.0,1,1
278,14,385.0,1,1
278,15,640.0,1,1
279,0,551.0,1,1
279,1,347.0,1,1
279,2,131.0,1,1
279,3,274.0,1,1
279,4,218.0,1,1
279,5,456.0,1,1
279,6,358.0,1,1
279,7,286.0,1,1
279,8,148.0,1,1
279,9,340.0,1,1
279,10,353.0,1,1
279,11,500.0,1,1
279,12,435.0,1,1
279,13,683.0,1,1
279,14,560.0,1,1
279,15,622.0,1,1
280,0,619.0,1,1
280,1,379.0,1,1
280,2,149.0,1,1
280,3,263.0,1,1
280,4,189.0,1,1
280,5,424.0,1,1
280,6,268.0,1,1
280,7,237.0,1,1
280,8,119.0,1,1
280,9,249.0,1,1
280,10,396.0,1,1
280,11,509.0,1,1
280,12,391.0,1,1
280,13,598.0,1,1
280,14,446.0,1,1
280,15,467.0,1,1
281,0,699.0,1,1
281,1,452.0,1,1
281,2,220.0,1,1
281,3,235.0,1,1
281,4,283.0,1,1
281,5,320.0,1,1
281,6,303.0,1,1
281,7,171.0,1,1
281,8,193.0,1,1
281,9,200.0,1,1
281,10,369.0,1,1
281,11,480.0,1,1
281,12,100.0,1,1
281,13,460.0,1,1
281,14,282.0,1,1
281,15,587.0,1,1
282,0,972.0,1,1
282,1,494.0,1,1
282,2,230.0,1,1
282,3,177.0,1,1
282,4,210.0,1,1
282,5,214.0,1,1
282,6,509.0,1,1
282,7,143.0,1,1
282,8,257.0,1,1
282,9,229.0,1,1
282,10,524.0,1,1
282,11,399.0,1,1
282,12,114.0,1,1
282,13,466.0,1,1
282,14,288.0,1,1
282,15,903.0,1,1
283,0,1217.0,1,1
283,1,453.0,1,1
283,2,184.0,1,1
283,3,287.0,1,1
283,4,272.0,1,1
283,5,332.0,1,1
283,6,468.0,1,1
283,7,177.0,1,1
283,8,274.0,1,1
283,9,189.0,1,1
283,10,309.0,1,1
283,11,294.0,1,1
283,12,118.0,1,1
283,13,534.0,1,1
283,14,409.0,1,1
283,15,926.0,1,1
284,0,909.0,1,1
284,1,312.0,1,1
284,2,61.0,1,1
284,3,168.0,1,1
284,4,206.0,1,1
284,5,234.0,1,1
284,6,610.0,1,1
284,7,165.0,1,1
284,8,239.0,1,1
284,9,210.0,1,1
284,10,542.0,1,1
284,11,459.0,1,1
284,12,141.0,1,1
284,13,480.0,1,1
284,14,335.0,1,1
284,15,1499.0,1,1
285,0,759.0,1,1
285,1,412.0,1,1
285,2,198.0,1,1
285,3,222.0,1,1
285,4,218.0,1,1
285,5,402.0,1,1
285,6,312.0,1,1
285,7,192.0,1,1
285,8,164.0,1,1
285,9,240.0,1,1
285,10,412.0,1,1
285,11,549.0,1,1
285,12,177.0,1,1
285,13,539.0,1,1
285,14,415.0,1,1
285,15,436.0,1,1
286,0,579.0,1,1
286,1,367.0,1,1
286,2,270.0,1,1
286,3,201.0,1,1
286,4,321.0,1,1
286,5,529.0,1,1
286,6,332.0,1,1
286,7,169.0,1,1
286,8,260.0,1,1
286,9,232.0,1,1
286,10,362.0,1,1
286,11,666.0,1,1
286,12,116.0,1,1
286,13,550.0,1,1
286,14,355.0,1,1
286,15,569.0,1,1
287,0,514.0,1,1
287,1,382.0,1,1
287,2,185.0,1,1
287,3,399.0,1,1
287,4,447.0,1,1
287,5,462.0,1,1
287,6,413.0,1,1
287,7,269.0,1,1
287,8,301.0,1,1
287,9,302.0,1,1
287,10,341.0,1,1
287,11,670.0,1,1
287,12,253.0,1,1
287,13,573.0,1,1
287,14,415.0,1,1
287,15,925.0,1,1
288,0,518.0,1,1
288,1,289.0,1,1
288,2,234.0,1,1
288,3,266.0,1,1
288,4,235.0,1,1
288,5,383.0,1,1
288,6,383.0,1,1
288,7,234.0,1,1
288,8,209.0,1,1
288,9,291.0,1,1
288,10,372.0,1,1
288,11,527.0,1,1
288,12,277.0,1,1
288,13,530.0,1,1
288,14,469.0,1,1
288,15,818.0,1,1
289,0,364.0,1,1
289,1,192.0,1,1
289,2,141.0,1,1
289,3,61.0,1,1
289,4,187.0,1,1
289,5,482.0,1,1
289,6,139.0,1,1
289,7,231.0,1,1
289,8,79.0,1,1
289,9,319.0,1,1
289,10,369.0,1,1
289,11,411.0,1,1
289,12,368.0,1,1
289,13,572.0,1,1
289,14,569.0,1,1
289,15,106.0,1,1
290,0,234.0,1,1
290,1,90.0,1,1
290,2,82.0,1,1
290,3,44.0,1,1
290,4,141.0,1,1
290,5,362.0,1,1
290,6,118.0,1,1
290,7,116.0,1,1
290,8,72.0,1,1
290,9,185.0,1,1
290,10,263.0,1,1
290,11,303.0,1,1
290,12,330.0,1,1
290,13,568.0,1,1
290,14,398.0,1,1
290,15,80.0,1,1
291,0,72.0,1,1
291,1,44.0,1,1
291,2,32.0,1,1
291,3,14.0,1,1
291,4,141.0,1,1
291,5,341.0,1,1
291,6,75.0,1,1
291,7,128.0,1,1
291,8,52.0,1,1
291,9,167.0,1,1
291,10,304.0,1,1
291,11,239.0,1,1
291,12,277.0,1,1
291,13,336.0,1,1
291,14,460.0,1,1
291,15,42.0,1,1
292,0,43.0,1,1
292,1,48.0,1,1
292,2,18.0,1,1
292,3,9.0,1,1
292,4,126.0,1,1
292,5,334.0,1,1
292,6,48.0,1,1
292,7,81.0,1,1
292,8,40.0,1,1
292,9,117.0,1,1
292,10,234.0,1,1
292,11,134.0,1,1
292,12,216.0,1,1
292,13,364.0,1,1
292,14,330.0,1,1
292,15,27.0,1,1
293,0,25.0,1,1
293,1,19.0,1,1
293,2,11.0,1,1
293,3,2.0,1,1
293,4,98.0,1,1
293,5,222.0,1,1
293,6,13.0,1,1
293,7,53.0,1,1
293,8,12.0,1,1
293,9,67.0,1,1
293,10,170.0,1,1
293,11,54.0,1,1
293,12,144.0,1,1
293,13,209.0,1,1
293,14,196.0,1,1
293,15,5.0,1,1
294,0,28.0,1,1
294,1,24.0,1,1
294,2,7.0,1,1
294,3,1.0,1,1
294,4,103.0,1,1
294,5,198.0,1,1
294,6,6.0,1,1
294,7,51.0,1,1
294,8,7.0,1,1
294,9,64.0,1,1
294,10,220.0,1,1
294,11,51.0,1,1
294,12,137.0,1,1
294,13,156.0,1,1
294,14,221.0,1,1
294,15,2.0,1,1
295,0,41.0,1,1
295,1,31.0,1,1
295,2,14.0,1,1
295,3,0.0,1,1
295,4,70.0,1,1
295,5,147.0,1,1
295,6,2.0,1,1
295,7,37.0,1,1
295,8,4.0,1,1
295,9,32.0,1,1
295,10,148.0,1,1
295,11,48.0,1,1
295,12,112.0,1,1
295,13,90.0,1,1
295,14,173.0,1,1
295,15,1.0,1,1
296,0,215.0,1,1
296,1,117.0,1,1
296,2,44.0,1,1
296,3,5.0,1,1
296,4,94.0,1,1
296,5,246.0,1,1
296,6,17.0,1,1
296,7,96.0,1,1
296,8,18.0,1,1
296,9,112.0,1,1
296,10,445.0,1,1
296,11,104.0,1,1
296,12,211.0,1,1
296,13,251.0,1,1
296,14,348.0,1,1
296,15,14.0,1,1
297,0,335.0,1,1
297,1,391.0,1,1
297,2,80.0,1,1
297,3,39.0,1,1
297,4,298.0,1,1
297,5,720.0,1,1
297,6,172.0,1,1
297,7,431.0,1,1
297,8,136.0,1,1
297,9,324.0,1,1
297,10,532.0,1,1
297,11,403.0,1,1
297,12,575.0,1,1
297,13,668.0,1,1
297,14,1011.0,1,1
297,15,164.0,1,1
298,0,574.0,1,1
298,1,547.0,1,1
298,2,177.0,1,1
298,3,107.0,1,1
298,4,400.0,1,1
298,5,809.0,1,1
298,6,284.0,1,1
298,7,922.0,1,1
298,8,140.0,1,1
298,9,594.0,1,1
298,10,596.0,1,1
298,11,562.0,1,1
298,12,682.0,1,1
298,13,990.0,1,1
298,14,1463.0,1,1
298,15,287.0,1,1
299,0,422.0,1,1
299,1,248.0,1,1
299,2,179.0,1,1
299,3,77.0,1,1
299,4,142.0,1,1
299,5,380.0,1,1
299,6,105.0,1,1
299,7,173.0,1,1
299,8,126.0,1,1
299,9,245.0,1,1
299,10,0.0,1,1
299,11,431.0,1,1
299,12,457.0,1,1
299,13,411.0,1,1
299,14,706.0,1,1
299,15,228.0,1,1
300,0,384.0,1,1
300,1,229.0,1,1
300,2,159.0,1,1
300,3,39.0,1,1
300,4,143.0,1,1
300,5,442.0,1,1
300,6,92.0,1,1
300,7,121.0,1,1
300,8,90.0,1,1
300,9,219.0,1,1
300,10,552.0,1,1
300,11,460.0,1,1
300,12,327.0,1,1
300,13,527.0,1,1
300,14,359.0,1,1
300,15,104.0,1,1
301,0,460.0,1,1
301,1,213.0,1,1
301,2,207.0,1,1
301,3,50.0,1,1
301,4,172.0,1,1
301,5,456.0,1,1
301,6,184.0,1,1
301,7,167.0,1,1
301,8,93.0,1,1
301,9,272.0,1,1
301,10,573.0,1,1
301,11,383.0,1,1
301,12,469.0,1,1
301,13,786.0,1,1
301,14,560.0,1,1
301,15,111.0,1,1
302,0,554.0,1,1
302,1,408.0,1,1
302,2,214.0,1,1
302,3,82.0,1,1
302,4,224.0,1,1
302,5,407.0,1,1
302,6,202.0,1,1
302,7,167.0,1,1
302,8,132.0,1,1
302,9,317.0,1,1
302,10,507.0,1,1
302,11,432.0,1,1
302,12,313.0,1,1
302,13,654.0,1,1
302,14,525.0,1,1
302,15,201.0,1,1
303,0,501.0,1,1
303,1,266.0,1,1
303,2,243.0,1,1
303,3,105.0,1,1
303,4,248.0,1,1
303,5,468.0,1,1
303,6,240.0,1,1
303,7,157.0,1,1
303,8,165.0,1,1
303,9,264.0,1,1
303,10,582.0,1,1
303,11,510.0,1,1
303,12,529.0,1,1
303,13,862.0,1,1
303,14,649.0,1,1
303,15,203.0,1,1
304,0,571.0,1,1
304,1,355.0,1,1
304,2,268.0,1,1
304,3,82.0,1,1
304,4,178.0,1,1
304,5,418.0,1,1
304,6,167.0,1,1
304,7,135.0,1,1
304,8,116.0,1,1
304,9,246.0,1,1
304,10,559.0,1,1
304,11,494.0,1,1
304,12,366.0,1,1
304,13,786.0,1,1
304,14,538.0,1,1
304,15,155.0,1,1
305,0,686.0,1,1
305,1,344.0,1,1
305,2,326.0,1,1
305,3,267.0,1,1
305,4,124.0,1,1
305,5,336.0,1,1
305,6,422.0,1,1
305,7,78.0,1,1
305,8,227.0,1,1
305,9,267.0,1,1
305,10,479.0,1,1
305,11,1046.0,1,1
305,12,333.0,1,1
305,13,785.0,1,1
305,14,328.0,1,1
305,15,643.0,1,1
306,0,950.0,1,1
306,1,483.0,1,1
306,2,210.0,1,1
306,3,424.0,1,1
306,4,167.0,1,1
306,5,397.0,1,1
306,6,602.0,1,1
306,7,150.0,1,1
306,8,336.0,1,1
306,9,482.0,1,1
306,10,309.0,1,1
306,11,287.0,1,1
306,12,388.0,1,1
306,13,609.0,1,1
306,14,568.0,1,1
306,15,1094.0,1,1
307,0,1146.0,1,1
307,1,458.0,1,1
307,2,119.0,1,1
307,3,583.0,1,1
307,4,158.0,1,1
307,5,373.0,1,1
307,6,548.0,1,1
307,7,151.0,1,1
307,8,361.0,1,1
307,9,463.0,1,1
307,10,305.0,1,1
307,11,269.0,1,1
307,12,429.0,1,1
307,13,805.0,1,1
307,14,530.0,1,1
307,15,1437.0,1,1
308,0,1009.0,1,1
308,1,336.0,1,1
308,2,50.0,1,1
308,3,444.0,1,1
308,4,199.0,1,1
308,5,472.0,1,1
308,6,746.0,1,1
308,7,262.0,1,1
308,8,454.0,1,1
308,9,675.0,1,1
308,10,661.0,1,1
308,11,431.0,1,1
308,12,403.0,1,1
308,13,550.0,1,1
308,14,683.0,1,1
308,15,1549.0,1,1
309,0,737.0,1,1
309,1,419.0,1,1
309,2,183.0,1,1
309,3,142.0,1,1
309,4,123.0,1,1
309,5,290.0,1,1
309,6,215.0,1,1
309,7,91.0,1,1
309,8,151.0,1,1
309,9,271.0,1,1
309,10,458.0,1,1
309,11,522.0,1,1
309,12,390.0,1,1
309,13,666.0,1,1
309,14,511.0,1,1
309,15,270.0,1,1
310,0,679.0,1,1
310,1,418.0,1,1
310,2,282.0,1,1
310,3,337.0,1,1
310,4,116.0,1,1
310,5,359.0,1,1
310,6,451.0,1,1
310,7,101.0,1,1
310,8,203.0,1,1
310,9,379.0,1,1
310,10,437.0,1,1
310,11,721.0,1,1
310,12,415.0,1,1
310,13,685.0,1,1
310,14,400.0,1,1
310,15,650.0,1,1
311,0,607.0,1,1
311,1,371.0,1,1
311,2,219.0,1,1
311,3,457.0,1,1
311,4,155.0,1,1
311,5,427.0,1,1
311,6,553.0,1,1
311,7,157.0,1,1
311,8,267.0,1,1
311,9,412.0,1,1
311,10,375.0,1,1
311,11,636.0,1,1
311,12,432.0,1,1
311,13,860.0,1,1
311,14,482.0,1,1
311,15,1078.0,1,1
312,0,493.0,1,1
312,1,352.0,1,1
312,2,223.0,1,1
312,3,232.0,1,1
312,4,191.0,1,1
312,5,431.0,1,1
312,6,413.0,1,1
312,7,210.0,1,1
312,8,217.0,1,1
312,9,389.0,1,1
312,10,369.0,1,1
312,11,573.0,1,1
312,12,426.0,1,1
312,13,725.0,1,1
312,14,658.0,1,1
312,15,556.0,1,1
313,0,412.0,1,1
313,1,198.0,1,1
313,2,185.0,1,1
313,3,187.0,1,1
313,4,284.0,1,1
313,5,287.0,1,1
313,6,334.0,1,1
313,7,362.0,1,1
313,8,162.0,1,1
313,9,251.0,1,1
313,10,306.0,1,1
313,11,458.0,1,1
313,12,399.0,1,1
313,13,478.0,1,1
313,14,206.0,1,1
313,15,421.0,1,1
314,0,246.0,1,1
314,1,132.0,1,1
314,2,124.0,1,1
314,3,217.0,1,1
314,4,158.0,1,1
314,5,312.0,1,1
314,6,232.0,1,1
314,7,235.0,1,1
314,8,91.0,1,1
314,9,175.0,1,1
314,10,311.0,1,1
314,11,286.0,1,1
314,12,361.0,1,1
314,13,326.0,1,1
314,14,198.0,1,1
314,15,283.0,1,1
315,0,83.0,1,1
315,1,66.0,1,1
315,2,39.0,1,1
315,3,146.0,1,1
315,4,149.0,1,1
315,5,218.0,1,1
315,6,313.0,1,1
315,7,208.0,1,1
315,8,76.0,1,1
315,9,98.0,1,1
315,10,272.0,1,1
315,11,166.0,1,1
315,12,237.0,1,1
315,13,262.0,1,1
315,14,87.0,1,1
315,15,250.0,1,1
316,0,43.0,1,1
316,1,33.0,1,1
316,2,19.0,1,1
316,3,162.0,1,1
316,4,86.0,1,1
316,5,199.0,1,1
316,6,232.0,1,1
316,7,124.0,1,1
316,8,41.0,1,1
316,9,65.0,1,1
316,10,185.0,1,1
316,11,108.0,1,1
316,12,175.0,1,1
316,13,225.0,1,1
316,14,67.0,1,1
316,15,202.0,1,1
317,0,38.0,1,1
317,1,38.0,1,1
317,2,10.0,1,1
317,3,101.0,1,1
317,4,55.0,1,1
317,5,132.0,1,1
317,6,300.0,1,1
317,7,99.0,1,1
317,8,20.0,1,1
317,9,24.0,1,1
317,10,183.0,1,1
317,11,79.0,1,1
317,12,77.0,1,1
317,13,136.0,1,1
317,14,20.0,1,1
317,15,108.0,1,1
318,0,24.0,1,1
318,1,37.0,1,1
318,2,14.0,1,1
318,3,62.0,1,1
318,4,50.0,1,1
318,5,79.0,1,1
318,6,374.0,1,1
318,7,72.0,1,1
318,8,17.0,1,1
318,9,11.0,1,1
318,10,189.0,1,1
318,11,61.0,1,1
318,12,49.0,1,1
318,13,136.0,1,1
318,14,12.0,1,1
318,15,85.0,1,1
319,0,23.0,1,1
319,1,11.0,1,1
319,2,7.0,1,1
319,3,36.0,1,1
319,4,34.0,1,1
319,5,55.0,1,1
319,6,328.0,1,1
319,7,51.0,1,1
319,8,10.0,1,1
319,9,7.0,1,1
319,10,138.0,1,1
319,11,79.0,1,1
319,12,31.0,1,1
319,13,87.0,1,1
319,14,4.0,1,1
319,15,50.0,1,1
320,0,155.0,1,1
320,1,102.0,1,1
320,2,41.0,1,1
320,3,104.0,1,1
320,4,75.0,1,1
320,5,170.0,1,1
320,6,267.0,1,1
320,7,102.0,1,1
320,8,32.0,1,1
320,9,60.0,1,1
320,10,410.0,1,1
320,11,133.0,1,1
320,12,109.0,1,1
320,13,194.0,1,1
320,14,39.0,1,1
320,15,198.0,1,1
321,0,350.0,1,1
321,1,371.0,1,1
321,2,88.0,1,1
321,3,316.0,1,1
321,4,385.0,1,1
321,5,562.0,1,1
321,6,760.0,1,1
321,7,331.0,1,1
321,8,185.0,1,1
321,9,232.0,1,1
321,10,566.0,1,1
321,11,342.0,1,1
321,12,411.0,1,1
321,13,676.0,1,1
321,14,210.0,1,1
321,15,567.0,1,1
322,0,635.0,1,1
322,1,542.0,1,1
322,2,178.0,1,1
322,3,406.0,1,1
322,4,636.0,1,1
322,5,855.0,1,1
322,6,1091.0,1,1
322,7,510.0,1,1
322,8,370.0,1,1
322,9,450.0,1,1
322,10,666.0,1,1
322,11,669.0,1,1
322,12,616.0,1,1
322,13,926.0,1,1
322,14,442.0,1,1
322,15,1044.0,1,1
323,0,996.0,1,1
323,1,770.0,1,1
323,2,344.0,1,1
323,3,181.0,1,1
323,4,258.0,1,1
323,5,268.0,1,1
323,6,249.0,1,1
323,7,147.0,1,1
323,8,141.0,1,1
323,9,329.0,1,1
323,10,0.0,1,1
323,11,534.0,1,1
323,12,284.0,1,1
323,13,359.0,1,1
323,14,168.0,1,1
323,15,487.0,1,1
324,0,433.0,1,1
324,1,221.0,1,1
324,2,172.0,1,1
324,3,287.0,1,1
324,4,131.0,1,1
324,5,369.0,1,1
324,6,313.0,1,1
324,7,191.0,1,1
324,8,76.0,1,1
324,9,166.0,1,1
324,10,594.0,1,1
324,11,455.0,1,1
324,12,246.0,1,1
324,13,330.0,1,1
324,14,186.0,1,1
324,15,371.0,1,1
325,0,463.0,1,1
325,1,271.0,1,1
325,2,156.0,1,1
325,3,431.0,1,1
325,4,166.0,1,1
325,5,555.0,1,1
325,6,375.0,1,1
325,7,277.0,1,1
325,8,139.0,1,1
325,9,268.0,1,1
325,10,397.0,1,1
325,11,434.0,1,1
325,12,362.0,1,1
325,13,419.0,1,1
325,14,262.0,1,1
325,15,390.0,1,1
326,0,554.0,1,1
326,1,346.0,1,1
326,2,152.0,1,1
326,3,224.0,1,1
326,4,233.0,1,1
326,5,313.0,1,1
326,6,240.0,1,1
326,7,246.0,1,1
326,8,128.0,1,1
326,9,274.0,1,1
326,10,477.0,1,1
326,11,456.0,1,1
326,12,458.0,1,1
326,13,515.0,1,1
326,14,330.0,1,1
326,15,413.0,1,1
327,0,541.0,1,1
327,1,327.0,1,1
327,2,128.0,1,1
327,3,355.0,1,1
327,4,225.0,1,1
327,5,488.0,1,1
327,6,419.0,1,1
327,7,296.0,1,1
327,8,171.0,1,1
327,9,402.0,1,1
327,10,426.0,1,1
327,11,509.0,1,1
327,12,571.0,1,1
327,13,475.0,1,1
327,14,329.0,1,1
327,15,454.0,1,1
328,0,609.0,1,1
328,1,310.0,1,1
328,2,183.0,1,1
328,3,402.0,1,1
328,4,177.0,1,1
328,5,397.0,1,1
328,6,275.0,1,1
328,7,227.0,1,1
328,8,122.0,1,1
328,9,310.0,1,1
328,10,384.0,1,1
328,11,449.0,1,1
328,12,383.0,1,1
328,13,389.0,1,1
328,14,270.0,1,1
328,15,445.0,1,1
329,0,749.0,1,1
329,1,390.0,1,1
329,2,144.0,1,1
329,3,272.0,1,1
329,4,150.0,1,1
329,5,303.0,1,1
329,6,90.0,1,1
329,7,201.0,1,1
329,8,135.0,1,1
329,9,557.0,1,1
329,10,411.0,1,1
329,11,443.0,1,1
329,12,609.0,1,1
329,13,337.0,1,1
329,14,702.0,1,1
329,15,503.0,1,1
330,0,906.0,1,1
330,1,503.0,1,1
330,2,165.0,1,1
330,3,147.0,1,1
330,4,240.0,1,1
330,5,259.0,1,1
330,6,102.0,1,1
330,7,276.0,1,1
330,8,256.0,1,1
330,9,835.0,1,1
330,10,429.0,1,1
330,11,446.0,1,1
330,12,879.0,1,1
330,13,459.0,1,1
330,14,806.0,1,1
330,15,574.0,1,1
331,0,1111.0,1,1
331,1,421.0,1,1
331,2,161.0,1,1
331,3,226.0,1,1
331,4,262.0,1,1
331,5,367.0,1,1
331,6,107.0,1,1
331,7,240.0,1,1
331,8,223.0,1,1
331,9,839.0,1,1
331,10,349.0,1,1
331,11,513.0,1,1
331,12,795.0,1,1
331,13,475.0,1,1
331,14,1028.0,1,1
331,15,835.0,1,1
332,0,2015.0,1,1
332,1,763.0,1,1
332,2,285.0,1,1
332,3,158.0,1,1
332,4,322.0,1,1
332,5,285.0,1,1
332,6,109.0,1,1
332,7,272.0,1,1
332,8,286.0,1,1
332,9,746.0,1,1
332,10,466.0,1,1
332,11,453.0,1,1
332,12,1008.0,1,1
332,13,671.0,1,1
332,14,855.0,1,1
332,15,808.0,1,1
333,0,700.0,1,1
333,1,357.0,1,1
333,2,222.0,1,1
333,3,259.0,1,1
333,4,133.0,1,1
333,5,370.0,1,1
333,6,177.0,1,1
333,7,228.0,1,1
333,8,148.0,1,1
333,9,476.0,1,1
333,10,442.0,1,1
333,11,549.0,1,1
333,12,597.0,1,1
333,13,346.0,1,1
333,14,491.0,1,1
333,15,342.0,1,1
334,0,647.0,1,1
334,1,386.0,1,1
334,2,292.0,1,1
334,3,283.0,1,1
334,4,174.0,1,1
334,5,479.0,1,1
334,6,113.0,1,1
334,7,262.0,1,1
334,8,166.0,1,1
334,9,860.0,1,1
334,10,448.0,1,1
334,11,643.0,1,1
334,12,607.0,1,1
334,13,313.0,1,1
334,14,649.0,1,1
334,15,479.0,1,1
335,0,601.0,1,1
335,1,390.0,1,1
335,2,211.0,1,1
335,3,351.0,1,1
335,4,299.0,1,1
335,5,504.0,1,1
335,6,139.0,1,1
335,7,358.0,1,1
335,8,226.0,1,1
335,9,817.0,1,1
335,10,436.0,1,1
335,11,614.0,1,1
335,12,747.0,1,1
335,13,457.0,1,1
335,14,1126.0,1,1
335,15,757.0,1,1
336,0,503.0,1,1
336,1,275.0,1,1
336,2,220.0,1,1
336,3,292.0,1,1
336,4,288.0,1,1
336,5,452.0,1,1
336,6,223.0,1,1
336,7,323.0,1,1
336,8,222.0,1,1
336,9,606.0,1,1
336,10,348.0,1,1
336,11,483.0,1,1
336,12,657.0,1,1
336,13,561.0,1,1
336,14,598.0,1,1
336,15,565.0,1,1
337,0,382.0,1,1
337,1,192.0,1,1
337,2,185.0,1,1
337,3,211.0,1,1
337,4,234.0,1,1
337,5,521.0,1,1
337,6,370.0,1,1
337,7,180.0,1,1
337,8,56.0,1,1
337,9,345.0,1,1
337,10,301.0,1,1
337,11,456.0,1,1
337,12,281.0,1,1
337,13,475.0,1,1
337,14,587.0,1,1
337,15,348.0,1,1
338,0,250.0,1,1
338,1,105.0,1,1
338,2,121.0,1,1
338,3,181.0,1,1
338,4,145.0,1,1
338,5,367.0,1,1
338,6,314.0,1,1
338,7,158.0,1,1
338,8,47.0,1,1
338,9,259.0,1,1
338,10,283.0,1,1
338,11,313.0,1,1
338,12,176.0,1,1
338,13,338.0,1,1
338,14,334.0,1,1
338,15,409.0,1,1
339,0,77.0,1,1
339,1,70.0,1,1
339,2,43.0,1,1
339,3,162.0,1,1
339,4,114.0,1,1
339,5,451.0,1,1
339,6,306.0,1,1
339,7,161.0,1,1
339,8,24.0,1,1
339,9,283.0,1,1
339,10,254.0,1,1
339,11,157.0,1,1
339,12,90.0,1,1
339,13,281.0,1,1
339,14,371.0,1,1
339,15,285.0,1,1
340,0,61.0,1,1
340,1,22.0,1,1
340,2,21.0,1,1
340,3,139.0,1,1
340,4,95.0,1,1
340,5,316.0,1,1
340,6,233.0,1,1
340,7,130.0,1,1
340,8,14.0,1,1
340,9,235.0,1,1
340,10,219.0,1,1
340,11,84.0,1,1
340,12,61.0,1,1
340,13,156.0,1,1
340,14,227.0,1,1
340,15,240.0,1,1
341,0,25.0,1,1
341,1,16.0,1,1
341,2,9.0,1,1
341,3,126.0,1,1
341,4,69.0,1,1
341,5,325.0,1,1
341,6,220.0,1,1
341,7,122.0,1,1
341,8,3.0,1,1
341,9,221.0,1,1
341,10,187.0,1,1
341,11,46.0,1,1
341,12,19.0,1,1
341,13,51.0,1,1
341,14,90.0,1,1
341,15,151.0,1,1
342,0,25.0,1,1
342,1,24.0,1,1
342,2,5.0,1,1
342,3,115.0,1,1
342,4,61.0,1,1
342,5,332.0,1,1
342,6,205.0,1,1
342,7,94.0,1,1
342,8,1.0,1,1
342,9,220.0,1,1
342,10,198.0,1,1
342,11,40.0,1,1
342,12,10.0,1,1
342,13,32.0,1,1
342,14,126.0,1,1
342,15,151.0,1,1
343,0,40.0,1,1
343,1,20.0,1,1
343,2,15.0,1,1
343,3,102.0,1,1
343,4,41.0,1,1
343,5,265.0,1,1
343,6,132.0,1,1
343,7,65.0,1,1
343,8,1.0,1,1
343,9,191.0,1,1
343,10,106.0,1,1
343,11,64.0,1,1
343,12,5.0,1,1
343,13,18.0,1,1
343,14,81.0,1,1
343,15,83.0,1,1
344,0,158.0,1,1
344,1,96.0,1,1
344,2,40.0,1,1
344,3,136.0,1,1
344,4,97.0,1,1
344,5,278.0,1,1
344,6,244.0,1,1
344,7,134.0,1,1
344,8,8.0,1,1
344,9,228.0,1,1
344,10,447.0,1,1
344,11,138.0,1,1
344,12,29.0,1,1
344,13,109.0,1,1
344,14,180.0,1,1
344,15,176.0,1,1
345,0,326.0,1,1
345,1,369.0,1,1
345,2,78.0,1,1
345,3,288.0,1,1
345,4,264.0,1,1
345,5,707.0,1,1
345,6,581.0,1,1
345,7,354.0,1,1
345,8,73.0,1,1
345,9,592.0,1,1
345,10,489.0,1,1
345,11,361.0,1,1
345,12,195.0,1,1
345,13,496.0,1,1
345,14,928.0,1,1
345,15,667.0,1,1
346,0,600.0,1,1
346,1,527.0,1,1
346,2,171.0,1,1
346,3,378.0,1,1
346,4,402.0,1,1
346,5,751.0,1,1
346,6,1023.0,1,1
346,7,468.0,1,1
346,8,161.0,1,1
346,9,772.0,1,1
346,10,550.0,1,1
346,11,601.0,1,1
346,12,415.0,1,1
346,13,822.0,1,1
346,14,1155.0,1,1
346,15,1279.0,1,1
347,0,413.0,1,1
347,1,242.0,1,1
347,2,192.0,1,1
347,3,149.0,1,1
347,4,142.0,1,1
347,5,232.0,1,1
347,6,241.0,1,1
347,7,125.0,1,1
347,8,120.0,1,1
347,9,333.0,1,1
347,10,0.0,1,1
347,11,526.0,1,1
347,12,197.0,1,1
347,13,529.0,1,1
347,14,959.0,1,1
347,15,474.0,1,1
348,0,493.0,1,1
348,1,234.0,1,1
348,2,177.0,1,1
348,3,175.0,1,1
348,4,148.0,1,1
348,5,426.0,1,1
348,6,405.0,1,1
348,7,243.0,1,1
348,8,38.0,1,1
348,9,324.0,1,1
348,10,568.0,1,1
348,11,381.0,1,1
348,12,135.0,1,1
348,13,289.0,1,1
348,14,269.0,1,1
348,15,468.0,1,1
349,0,542.0,1,1
349,1,250.0,1,1
349,2,184.0,1,1
349,3,240.0,1,1
349,4,197.0,1,1
349,5,477.0,1,1
349,6,535.0,1,1
349,7,327.0,1,1
349,8,57.0,1,1
349,9,459.0,1,1
349,10,588.0,1,1
349,11,431.0,1,1
349,12,206.0,1,1
349,13,372.0,1,1
349,14,451.0,1,1
349,15,643.0,1,1
350,0,531.0,1,1
350,1,278.0,1,1
350,2,183.0,1,1
350,3,186.0,1,1
350,4,174.0,1,1
350,5,371.0,1,1
350,6,299.0,1,1
350,7,142.0,1,1
350,8,67.0,1,1
350,9,322.0,1,1
350,10,515.0,1,1
350,11,495.0,1,1
350,12,284.0,1,1
350,13,525.0,1,1
350,14,695.0,1,1
350,15,356.0,1,1
351,0,567.0,1,1
351,1,314.0,1,1
351,2,204.0,1,1
351,3,240.0,1,1
351,4,188.0,1,1
351,5,534.0,1,1
351,6,485.0,1,1
351,7,273.0,1,1
351,8,99.0,1,1
351,9,467.0,1,1
351,10,609.0,1,1
351,11,467.0,1,1
351,12,264.0,1,1
351,13,625.0,1,1
351,14,688.0,1,1
351,15,627.0,1,1
352,0,659.0,1,1
352,1,332.0,1,1
352,2,163.0,1,1
352,3,212.0,1,1
352,4,172.0,1,1
352,5,394.0,1,1
352,6,392.0,1,1
352,7,256.0,1,1
352,8,72.0,1,1
352,9,355.0,1,1
352,10,470.0,1,1
352,11,468.0,1,1
352,12,201.0,1,1
352,13,409.0,1,1
352,14,452.0,1,1
352,15,476.0,1,1
353,0,739.0,1,1
353,1,398.0,1,1
353,2,271.0,1,1
353,3,120.0,1,1
353,4,139.0,1,1
353,5,232.0,1,1
353,6,235.0,1,1
353,7,124.0,1,1
353,8,214.0,1,1
353,9,166.0,1,1
353,10,451.0,1,1
353,11,465.0,1,1
353,12,425.0,1,1
353,13,1024.0,1,1
353,14,481.0,1,1
353,15,277.0,1,1
354,0,948.0,1,1
354,1,544.0,1,1
354,2,179.0,1,1
354,3,142.0,1,1
354,4,190.0,1,1
354,5,241.0,1,1
354,6,235.0,1,1
354,7,82.0,1,1
354,8,477.0,1,1
354,9,167.0,1,1
354,10,345.0,1,1
354,11,540.0,1,1
354,12,1091.0,1,1
354,13,2100.0,1,1
354,14,1053.0,1,1
354,15,286.0,1,1
355,0,1106.0,1,1
355,1,514.0,1,1
355,2,198.0,1,1
355,3,130.0,1,1
355,4,188.0,1,1
355,5,201.0,1,1
355,6,288.0,1,1
355,7,97.0,1,1
355,8,553.0,1,1
355,9,199.0,1,1
355,10,399.0,1,1
355,11,438.0,1,1
355,12,913.0,1,1
355,13,1817.0,1,1
355,14,1010.0,1,1
355,15,424.0,1,1
356,0,2076.0,1,1
356,1,850.0,1,1
356,2,320.0,1,1
356,3,125.0,1,1
356,4,252.0,1,1
356,5,231.0,1,1
356,6,221.0,1,1
356,7,90.0,1,1
356,8,498.0,1,1
356,9,195.0,1,1
356,10,445.0,1,1
356,11,426.0,1,1
356,12,1241.0,1,1
356,13,2020.0,1,1
356,14,1466.0,1,1
356,15,301.0,1,1
357,0,804.0,1,1
357,1,403.0,1,1
357,2,225.0,1,1
357,3,157.0,1,1
357,4,142.0,1,1
357,5,254.0,1,1
357,6,325.0,1,1
357,7,141.0,1,1
357,8,130.0,1,1
357,9,278.0,1,1
357,10,501.0,1,1
357,11,593.0,1,1
357,12,346.0,1,1
357,13,749.0,1,1
357,14,601.0,1,1
357,15,541.0,1,1
358,0,792.0,1,1
358,1,451.0,1,1
358,2,261.0,1,1
358,3,143.0,1,1
358,4,179.0,1,1
358,5,239.0,1,1
358,6,299.0,1,1
358,7,158.0,1,1
358,8,272.0,1,1
358,9,244.0,1,1
358,10,407.0,1,1
358,11,718.0,1,1
358,12,547.0,1,1
358,13,1167.0,1,1
358,14,435.0,1,1
358,15,333.0,1,1
359,0,642.0,1,1
359,1,453.0,1,1
359,2,225.0,1,1
359,3,162.0,1,1
359,4,203.0,1,1
359,5,340.0,1,1
359,6,407.0,1,1
359,7,188.0,1,1
359,8,383.0,1,1
359,9,236.0,1,1
359,10,387.0,1,1
359,11,655.0,1,1
359,12,600.0,1,1
359,13,1554.0,1,1
359,14,607.0,1,1
359,15,471.0,1,1
360,0,620.0,1,1
360,1,379.0,1,1
360,2,246.0,1,1
360,3,181.0,1,1
360,4,208.0,1,1
360,5,332.0,1,1
360,6,369.0,1,1
360,7,180.0,1,1
360,8,252.0,1,1
360,9,304.0,1,1
360,10,382.0,1,1
360,11,552.0,1,1
360,12,613.0,1,1
360,13,1052.0,1,1
360,14,937.0,1,1
360,15,527.0,1,1
361,0,466.0,1,1
361,1,274.0,1,1
361,2,236.0,1,1
361,3,160.0,1,1
361,4,279.0,1,1
361,5,149.0,1,1
361,6,346.0,1,1
361,7,36.0,1,1
361,8,71.0,1,1
361,9,355.0,1,1
361,10,338.0,1,1
361,11,556.0,1,1
361,12,278.0,1,1
361,13,558.0,1,1
361,14,389.0,1,1
361,15,464.0,1,1
362,0,305.0,1,1
362,1,128.0,1,1
362,2,116.0,1,1
362,3,120.0,1,1
362,4,212.0,1,1
362,5,169.0,1,1
362,6,302.0,1,1
362,7,24.0,1,1
362,8,51.0,1,1
362,9,227.0,1,1
362,10,322.0,1,1
362,11,423.0,1,1
362,12,168.0,1,1
362,13,493.0,1,1
362,14,388.0,1,1
362,15,455.0,1,1
363,0,92.0,1,1
363,1,95.0,1,1
363,2,50.0,1,1
363,3,119.0,1,1
363,4,158.0,1,1
363,5,78.0,1,1
363,6,205.0,1,1
363,7,11.0,1,1
363,8,39.0,1,1
363,9,216.0,1,1
363,10,288.0,1,1
363,11,363.0,1,1
363,12,175.0,1,1
363,13,479.0,1,1
363,14,353.0,1,1
363,15,325.0,1,1
364,0,44.0,1,1
364,1,40.0,1,1
364,2,13.0,1,1
364,3,81.0,1,1
364,4,120.0,1,1
364,5,55.0,1,1
364,6,182.0,1,1
364,7,6.0,1,1
364,8,18.0,1,1
364,9,157.0,1,1
364,10,296.0,1,1
364,11,172.0,1,1
364,12,78.0,1,1
364,13,414.0,1,1
364,14,299.0,1,1
364,15,304.0,1,1
365,0,39.0,1,1
365,1,46.0,1,1
365,2,12.0,1,1
365,3,34.0,1,1
365,4,108.0,1,1
365,5,18.0,1,1
365,6,102.0,1,1
365,7,1.0,1,1
365,8,5.0,1,1
365,9,148.0,1,1
365,10,190.0,1,1
365,11,100.0,1,1
365,12,29.0,1,1
365,13,388.0,1,1
365,14,171.0,1,1
365,15,172.0,1,1
366,0,19.0,1,1
366,1,26.0,1,1
366,2,12.0,1,1
366,3,25.0,1,1
366,4,102.0,1,1
366,5,7.0,1,1
366,6,75.0,1,1
366,7,0.0,1,1
366,8,3.0,1,1
366,9,155.0,1,1
366,10,203.0,1,1
366,11,52.0,1,1
366,12,30.0,1,1
366,13,381.0,1,1
366,14,181.0,1,1
366,15,115.0,1,1
367,0,41.0,1,1
367,1,8.0,1,1
367,2,15.0,1,1
367,3,15.0,1,1
367,4,73.0,1,1
367,5,3.0,1,1
367,6,43.0,1,1
367,7,0.0,1,1
367,8,1.0,1,1
367,9,89.0,1,1
367,10,163.0,1,1
367,11,68.0,1,1
367,12,18.0,1,1
367,13,300.0,1,1
367,14,126.0,1,1
367,15,70.0,1,1
368,0,113.0,1,1
368,1,52.0,1,1
368,2,20.0,1,1
368,3,48.0,1,1
368,4,138.0,1,1
368,5,42.0,1,1
368,6,219.0,1,1
368,7,3.0,1,1
368,8,12.0,1,1
368,9,129.0,1,1
368,10,179.0,1,1
368,11,98.0,1,1
368,12,87.0,1,1
368,13,400.0,1,1
368,14,189.0,1,1
368,15,196.0,1,1
369,0,133.0,1,1
369,1,121.0,1,1
369,2,43.0,1,1
369,3,185.0,1,1
369,4,455.0,1,1
369,5,261.0,1,1
369,6,531.0,1,1
369,7,31.0,1,1
369,8,114.0,1,1
369,9,416.0,1,1
369,10,267.0,1,1
369,11,259.0,1,1
369,12,435.0,1,1
369,13,872.0,1,1
369,14,1051.0,1,1
369,15,661.0,1,1
370,0,249.0,1,1
370,1,182.0,1,1
370,2,52.0,1,1
370,3,315.0,1,1
370,4,874.0,1,1
370,5,496.0,1,1
370,6,909.0,1,1
370,7,80.0,1,1
370,8,215.0,1,1
370,9,647.0,1,1
370,10,417.0,1,1
370,11,384.0,1,1
370,12,854.0,1,1
370,13,1170.0,1,1
370,14,1352.0,1,1
370,15,672.0,1,1
371,0,312.0,1,1
371,1,182.0,1,1
371,2,72.0,1,1
371,3,104.0,1,1
371,4,167.0,1,1
371,5,240.0,1,1
371,6,371.0,1,1
371,7,83.0,1,1
371,8,122.0,1,1
371,9,179.0,1,1
371,10,0.0,1,1
371,11,399.0,1,1
371,12,553.0,1,1
371,13,408.0,1,1
371,14,461.0,1,1
371,15,396.0,1,1
372,0,367.0,1,1
372,1,212.0,1,1
372,2,94.0,1,1
372,3,97.0,1,1
372,4,184.0,1,1
372,5,233.0,1,1
372,6,383.0,1,1
372,7,22.0,1,1
372,8,63.0,1,1
372,9,230.0,1,1
372,10,390.0,1,1
372,11,340.0,1,1
372,12,126.0,1,1
372,13,497.0,1,1
372,14,437.0,1,1
372,15,480.0,1,1
373,0,414.0,1,1
373,1,202.0,1,1
373,2,133.0,1,1
373,3,135.0,1,1
373,4,236.0,1,1
373,5,366.0,1,1
373,6,540.0,1,1
373,7,27.0,1,1
373,8,96.0,1,1
373,9,324.0,1,1
373,10,437.0,1,1
373,11,381.0,1,1
373,12,204.0,1,1
373,13,627.0,1,1
373,14,698.0,1,1
373,15,567.0,1,1
374,0,387.0,1,1
374,1,207.0,1,1
374,2,113.0,1,1
374,3,173.0,1,1
374,4,203.0,1,1
374,5,312.0,1,1
374,6,361.0,1,1
374,7,68.0,1,1
374,8,141.0,1,1
374,9,262.0,1,1
374,10,387.0,1,1
374,11,407.0,1,1
374,12,319.0,1,1
374,13,538.0,1,1
374,14,515.0,1,1
374,15,536.0,1,1
375,0,596.0,1,1
375,1,320.0,1,1
375,2,85.0,1,1
375,3,212.0,1,1
375,4,277.0,1,1
375,5,282.0,1,1
375,6,445.0,1,1
375,7,76.0,1,1
375,8,121.0,1,1
375,9,365.0,1,1
375,10,320.0,1,1
375,11,559.0,1,1
375,12,319.0,1,1
375,13,662.0,1,1
375,14,768.0,1,1
375,15,604.0,1,1
376,0,649.0,1,1
376,1,300.0,1,1
376,2,146.0,1,1
376,3,159.0,1,1
376,4,197.0,1,1
376,5,331.0,1,1
376,6,449.0,1,1
376,7,61.0,1,1
376,8,98.0,1,1
376,9,266.0,1,1
376,10,408.0,1,1
376,11,542.0,1,1
376,12,244.0,1,1
376,13,602.0,1,1
376,14,555.0,1,1
376,15,630.0,1,1
377,0,1130.0,1,1
377,1,549.0,1,1
377,2,249.0,1,1
377,3,242.0,1,1
377,4,99.0,1,1
377,5,551.0,1,1
377,6,329.0,1,1
377,7,212.0,1,1
377,8,230.0,1,1
377,9,175.0,1,1
377,10,292.0,1,1
377,11,438.0,1,1
377,12,305.0,1,1
377,13,326.0,1,1
377,14,276.0,1,1
377,15,835.0,1,1
378,0,754.0,1,1
378,1,421.0,1,1
378,2,116.0,1,1
378,3,396.0,1,1
378,4,129.0,1,1
378,5,541.0,1,1
378,6,300.0,1,1
378,7,608.0,1,1
378,8,383.0,1,1
378,9,217.0,1,1
378,10,263.0,1,1
378,11,468.0,1,1
378,12,776.0,1,1
378,13,382.0,1,1
378,14,317.0,1,1
378,15,746.0,1,1
379,0,778.0,1,1
379,1,389.0,1,1
379,2,129.0,1,1
379,3,408.0,1,1
379,4,146.0,1,1
379,5,811.0,1,1
379,6,508.0,1,1
379,7,767.0,1,1
379,8,431.0,1,1
379,9,187.0,1,1
379,10,406.0,1,1
379,11,510.0,1,1
379,12,723.0,1,1
379,13,341.0,1,1
379,14,322.0,1,1
379,15,893.0,1,1
380,0,627.0,1,1
380,1,266.0,1,1
380,2,125.0,1,1
380,3,402.0,1,1
380,4,153.0,1,1
380,5,737.0,1,1
380,6,358.0,1,1
380,7,1027.0,1,1
380,8,586.0,1,1
380,9,228.0,1,1
380,10,310.0,1,1
380,11,438.0,1,1
380,12,1100.0,1,1
380,13,355.0,1,1
380,14,420.0,1,1
380,15,826.0,1,1
381,0,749.0,1,1
381,1,413.0,1,1
381,2,190.0,1,1
381,3,172.0,1,1
381,4,150.0,1,1
381,5,297.0,1,1
381,6,383.0,1,1
381,7,102.0,1,1
381,8,145.0,1,1
381,9,252.0,1,1
381,10,478.0,1,1
381,11,639.0,1,1
381,12,299.0,1,1
381,13,385.0,1,1
381,14,490.0,1,1
381,15,540.0,1,1
382,0,653.0,1,1
382,1,424.0,1,1
382,2,192.0,1,1
382,3,184.0,1,1
382,4,131.0,1,1
382,5,793.0,1,1
382,6,402.0,1,1
382,7,177.0,1,1
382,8,267.0,1,1
382,9,210.0,1,1
382,10,502.0,1,1
382,11,494.0,1,1
382,12,363.0,1,1
382,13,353.0,1,1
382,14,361.0,1,1
382,15,711.0,1,1
383,0,587.0,1,1
383,1,337.0,1,1
383,2,94.0,1,1
383,3,334.0,1,1
383,4,195.0,1,1
383,5,937.0,1,1
383,6,487.0,1,1
383,7,331.0,1,1
383,8,398.0,1,1
383,9,233.0,1,1
383,10,475.0,1,1
383,11,320.0,1,1
383,12,535.0,1,1
383,13,416.0,1,1
383,14,490.0,1,1
383,15,998.0,1,1
384,0,488.0,1,1
384,1,233.0,1,1
384,2,40.0,1,1
384,3,244.0,1,1
384,4,198.0,1,1
384,5,587.0,1,1
384,6,433.0,1,1
384,7,253.0,1,1
384,8,290.0,1,1
384,9,301.0,1,1
384,10,439.0,1,1
384,11,296.0,1,1
384,12,551.0,1,1
384,13,494.0,1,1
384,14,501.0,1,1
384,15,684.0,1,1
385,0,475.0,1,1
385,1,144.0,1,1
385,2,48.0,1,1
385,3,227.0,1,1
385,4,260.0,1,1
385,5,321.0,1,1
385,6,139.0,1,1
385,7,154.0,1,1
385,8,141.0,1,1
385,9,263.0,1,1
385,10,390.0,1,1
385,11,400.0,1,1
385,12,238.0,1,1
385,13,441.0,1,1
385,14,550.0,1,1
385,15,194.0,1,1
386,0,247.0,1,1
386,1,106.0,1,1
386,2,17.0,1,1
386,3,189.0,1,1
386,4,256.0,1,1
386,5,414.0,1,1
386,6,152.0,1,1
386,7,243.0,1,1
386,8,164.0,1,1
386,9,294.0,1,1
386,10,297.0,1,1
386,11,232.0,1,1
386,12,278.0,1,1
386,13,408.0,1,1
386,14,573.0,1,1
386,15,223.0,1,1
387,0,89.0,1,1
387,1,48.0,1,1
387,2,16.0,1,1
387,3,228.0,1,1
387,4,202.0,1,1
387,5,287.0,1,1
387,6,96.0,1,1
387,7,137.0,1,1
387,8,110.0,1,1
387,9,190.0,1,1
387,10,265.0,1,1
387,11,95.0,1,1
387,12,156.0,1,1
387,13,300.0,1,1
387,14,412.0,1,1
387,15,138.0,1,1
388,0,75.0,1,1
388,1,27.0,1,1
388,2,23.0,1,1
388,3,130.0,1,1
388,4,130.0,1,1
388,5,211.0,1,1
388,6,68.0,1,1
388,7,146.0,1,1
388,8,83.0,1,1
388,9,133.0,1,1
388,10,251.0,1,1
388,11,64.0,1,1
388,12,129.0,1,1
388,13,208.0,1,1
388,14,255.0,1,1
388,15,102.0,1,1
389,0,30.0,1,1
389,1,22.0,1,1
389,2,8.0,1,1
389,3,124.0,1,1
389,4,98.0,1,1
389,5,141.0,1,1
389,6,15.0,1,1
389,7,77.0,1,1
389,8,50.0,1,1
389,9,73.0,1,1
389,10,194.0,1,1
389,11,53.0,1,1
389,12,50.0,1,1
389,13,80.0,1,1
389,14,250.0,1,1
389,15,28.0,1,1
390,0,22.0,1,1
390,1,13.0,1,1
390,2,11.0,1,1
390,3,109.0,1,1
390,4,80.0,1,1
390,5,82.0,1,1
390,6,6.0,1,1
390,7,32.0,1,1
390,8,31.0,1,1
390,9,36.0,1,1
390,10,207.0,1,1
390,11,77.0,1,1
390,12,34.0,1,1
390,13,50.0,1,1
390,14,135.0,1,1
390,15,12.0,1,1
391,0,12.0,1,1
391,1,7.0,1,1
391,2,19.0,1,1
391,3,61.0,1,1
391,4,57.0,1,1
391,5,42.0,1,1
391,6,3.0,1,1
391,7,22.0,1,1
391,8,21.0,1,1
391,9,17.0,1,1
391,10,125.0,1,1
391,11,55.0,1,1
391,12,19.0,1,1
391,13,23.0,1,1
391,14,87.0,1,1
391,15,6.0,1,1
392,0,99.0,1,1
392,1,57.0,1,1
392,2,17.0,1,1
392,3,75.0,1,1
392,4,97.0,1,1
392,5,81.0,1,1
392,6,11.0,1,1
392,7,51.0,1,1
392,8,29.0,1,1
392,9,47.0,1,1
392,10,154.0,1,1
392,11,79.0,1,1
392,12,67.0,1,1
392,13,81.0,1,1
392,14,129.0,1,1
392,15,34.0,1,1
393,0,172.0,1,1
393,1,114.0,1,1
393,2,30.0,1,1
393,3,215.0,1,1
393,4,272.0,1,1
393,5,276.0,1,1
393,6,78.0,1,1
393,7,133.0,1,1
393,8,112.0,1,1
393,9,185.0,1,1
393,10,260.0,1,1
393,11,277.0,1,1
393,12,208.0,1,1
393,13,310.0,1,1
393,14,413.0,1,1
393,15,149.0,1,1
394,0,227.0,1,1
394,1,155.0,1,1
394,2,51.0,1,1
394,3,313.0,1,1
394,4,479.0,1,1
394,5,449.0,1,1
394,6,111.0,1,1
394,7,176.0,1,1
394,8,167.0,1,1
394,9,287.0,1,1
394,10,375.0,1,1
394,11,405.0,1,1
394,12,417.0,1,1
394,13,586.0,1,1
394,14,564.0,1,1
394,15,233.0,1,1
395,0,451.0,1,1
395,1,262.0,1,1
395,2,94.0,1,1
395,3,75.0,1,1
395,4,176.0,1,1
395,5,112.0,1,1
395,6,68.0,1,1
395,7,63.0,1,1
395,8,71.0,1,1
395,9,104.0,1,1
395,10,0.0,1,1
395,11,261.0,1,1
395,12,210.0,1,1
395,13,231.0,1,1
395,14,137.0,1,1
395,15,131.0,1,1
396,0,356.0,1,1
396,1,165.0,1,1
396,2,79.0,1,1
396,3,140.0,1,1
396,4,165.0,1,1
396,5,286.0,1,1
396,6,76.0,1,1
396,7,202.0,1,1
396,8,115.0,1,1
396,9,204.0,1,1
396,10,321.0,1,1
396,11,363.0,1,1
396,12,235.0,1,1
396,13,310.0,1,1
396,14,371.0,1,1
396,15,185.0,1,1
397,0,447.0,1,1
397,1,227.0,1,1
397,2,72.0,1,1
397,3,211.0,1,1
397,4,308.0,1,1
397,5,489.0,1,1
397,6,138.0,1,1
397,7,293.0,1,1
397,8,178.0,1,1
397,9,333.0,1,1
397,10,323.0,1,1
397,11,401.0,1,1
397,12,299.0,1,1
397,13,393.0,1,1
397,14,649.0,1,1
397,15,239.0,1,1
398,0,578.0,1,1
398,1,268.0,1,1
398,2,123.0,1,1
398,3,311.0,1,1
398,4,254.0,1,1
398,5,396.0,1,1
398,6,275.0,1,1
398,7,256.0,1,1
398,8,216.0,1,1
398,9,405.0,1,1
398,10,386.0,1,1
398,11,460.0,1,1
398,12,418.0,1,1
398,13,508.0,1,1
398,14,448.0,1,1
398,15,309.0,1,1
399,0,730.0,1,1
399,1,356.0,1,1
399,2,146.0,1,1
399,3,280.0,1,1
399,4,384.0,1,1
399,5,684.0,1,1
399,6,382.0,1,1
399,7,432.0,1,1
399,8,306.0,1,1
399,9,512.0,1,1
399,10,473.0,1,1
399,11,532.0,1,1
399,12,481.0,1,1
399,13,589.0,1,1
399,14,716.0,1,1
399,15,468.0,1,1
400,0,740.0,1,1
400,1,343.0,1,1
400,2,154.0,1,1
400,3,222.0,1,1
400,4,254.0,1,1
400,5,476.0,1,1
400,6,236.0,1,1
400,7,329.0,1,1
400,8,194.0,1,1
400,9,316.0,1,1
400,10,488.0,1,1
400,11,473.0,1,1
400,12,307.0,1,1
400,13,427.0,1,1
400,14,519.0,1,1
400,15,282.0,1,1
401,0,746.0,1,1
401,1,410.0,1,1
401,2,166.0,1,1
401,3,164.0,1,1
401,4,160.0,1,1
401,5,411.0,1,1
401,6,522.0,1,1
401,7,360.0,1,1
401,8,194.0,1,1
401,9,602.0,1,1
401,10,379.0,1,1
401,11,430.0,1,1
401,12,471.0,1,1
401,13,879.0,1,1
401,14,452.0,1,1
401,15,784.0,1,1
402,0,794.0,1,1
402,1,339.0,1,1
402,2,165.0,1,1
402,3,230.0,1,1
402,4,197.0,1,1
402,5,277.0,1,1
402,6,654.0,1,1
402,7,201.0,1,1
402,8,191.0,1,1
402,9,598.0,1,1
402,10,499.0,1,1
402,11,468.0,1,1
402,12,720.0,1,1
402,13,1074.0,1,1
402,14,401.0,1,1
402,15,995.0,1,1
403,0,942.0,1,1
403,1,393.0,1,1
403,2,185.0,1,1
403,3,204.0,1,1
403,4,244.0,1,1
403,5,372.0,1,1
403,6,774.0,1,1
403,7,313.0,1,1
403,8,231.0,1,1
403,9,600.0,1,1
403,10,426.0,1,1
403,11,0.0,1,1
403,12,893.0,1,1
403,13,1479.0,1,1
403,14,358.0,1,1
403,15,1162.0,1,1
404,0,664.0,1,1
404,1,324.0,1,1
404,2,187.0,1,1
404,3,229.0,1,1
404,4,167.0,1,1
404,5,207.0,1,1
404,6,473.0,1,1
404,7,166.0,1,1
404,8,160.0,1,1
404,9,441.0,1,1
404,10,389.0,1,1
404,11,0.0,1,1
404,12,598.0,1,1
404,13,982.0,1,1
404,14,357.0,1,1
404,15,757.0,1,1
405,0,734.0,1,1
405,1,366.0,1,1
405,2,161.0,1,1
405,3,187.0,1,1
405,4,286.0,1,1
405,5,397.0,1,1
405,6,266.0,1,1
405,7,258.0,1,1
405,8,171.0,1,1
405,9,391.0,1,1
405,10,381.0,1,1
405,11,0.0,1,1
405,12,426.0,1,1
405,13,510.0,1,1
405,14,463.0,1,1
405,15,342.0,1,1
406,0,574.0,1,1
406,1,420.0,1,1
406,2,96.0,1,1
406,3,119.0,1,1
406,4,167.0,1,1
406,5,326.0,1,1
406,6,264.0,1,1
406,7,307.0,1,1
406,8,177.0,1,1
406,9,478.0,1,1
406,10,363.0,1,1
406,11,0.0,1,1
406,12,453.0,1,1
406,13,616.0,1,1
406,14,515.0,1,1
406,15,575.0,1,1
407,0,368.0,1,1
407,1,236.0,1,1
407,2,56.0,1,1
407,3,208.0,1,1
407,4,250.0,1,1
407,5,592.0,1,1
407,6,598.0,1,1
407,7,483.0,1,1
407,8,262.0,1,1
407,9,605.0,1,1
407,10,360.0,1,1
407,11,0.0,1,1
407,12,645.0,1,1
407,13,1276.0,1,1
407,14,636.0,1,1
407,15,928.0,1,1
408,0,518.0,1,1
408,1,297.0,1,1
408,2,90.0,1,1
408,3,270.0,1,1
408,4,285.0,1,1
408,5,439.0,1,1
408,6,480.0,1,1
408,7,294.0,1,1
408,8,214.0,1,1
408,9,526.0,1,1
408,10,364.0,1,1
408,11,0.0,1,1
408,12,525.0,1,1
408,13,837.0,1,1
408,14,589.0,1,1
408,15,568.0,1,1
409,0,455.0,1,1
409,1,246.0,1,1
409,2,111.0,1,1
409,3,173.0,1,1
409,4,202.0,1,1
409,5,189.0,1,1
409,6,217.0,1,1
409,7,93.0,1,1
409,8,118.0,1,1
409,9,239.0,1,1
409,10,272.0,1,1
409,11,0.0,1,1
409,12,281.0,1,1
409,13,351.0,1,1
409,14,329.0,1,1
409,15,217.0,1,1
410,0,349.0,1,1
410,1,161.0,1,1
410,2,112.0,1,1
410,3,186.0,1,1
410,4,210.0,1,1
410,5,190.0,1,1
410,6,262.0,1,1
410,7,190.0,1,1
410,8,103.0,1,1
410,9,308.0,1,1
410,10,327.0,1,1
410,11,0.0,1,1
410,12,417.0,1,1
410,13,428.0,1,1
410,14,444.0,1,1
410,15,242.0,1,1
411,0,132.0,1,1
411,1,98.0,1,1
411,2,32.0,1,1
411,3,145.0,1,1
411,4,258.0,1,1
411,5,125.0,1,1
411,6,206.0,1,1
411,7,69.0,1,1
411,8,77.0,1,1
411,9,208.0,1,1
411,10,281.0,1,1
411,11,0.0,1,1
411,12,185.0,1,1
411,13,399.0,1,1
411,14,302.0,1,1
411,15,132.0,1,1
412,0,78.0,1,1
412,1,68.0,1,1
412,2,22.0,1,1
412,3,125.0,1,1
412,4,205.0,1,1
412,5,103.0,1,1
412,6,188.0,1,1
412,7,76.0,1,1
412,8,46.0,1,1
412,9,181.0,1,1
412,10,272.0,1,1
412,11,0.0,1,1
412,12,189.0,1,1
412,13,322.0,1,1
412,14,288.0,1,1
412,15,81.0,1,1
413,0,42.0,1,1
413,1,11.0,1,1
413,2,8.0,1,1
413,3,90.0,1,1
413,4,213.0,1,1
413,5,38.0,1,1
413,6,87.0,1,1
413,7,31.0,1,1
413,8,16.0,1,1
413,9,137.0,1,1
413,10,226.0,1,1
413,11,0.0,1,1
413,12,94.0,1,1
413,13,185.0,1,1
413,14,191.0,1,1
413,15,25.0,1,1
414,0,35.0,1,1
414,1,20.0,1,1
414,2,3.0,1,1
414,3,51.0,1,1
414,4,224.0,1,1
414,5,19.0,1,1
414,6,47.0,1,1
414,7,11.0,1,1
414,8,11.0,1,1
414,9,76.0,1,1
414,10,137.0,1,1
414,11,0.0,1,1
414,12,34.0,1,1
414,13,113.0,1,1
414,14,106.0,1,1
414,15,13.0,1,1
415,0,28.0,1,1
415,1,14.0,1,1
415,2,14.0,1,1
415,3,37.0,1,1
415,4,143.0,1,1
415,5,9.0,1,1
415,6,28.0,1,1
415,7,6.0,1,1
415,8,6.0,1,1
415,9,41.0,1,1
415,10,151.0,1,1
415,11,0.0,1,1
415,12,18.0,1,1
415,13,73.0,1,1
415,14,65.0,1,1
415,15,5.0,1,1
416,0,104.0,1,1
416,1,52.0,1,1
416,2,20.0,1,1
416,3,62.0,1,1
416,4,157.0,1,1
416,5,36.0,1,1
416,6,66.0,1,1
416,7,25.0,1,1
416,8,25.0,1,1
416,9,83.0,1,1
416,10,143.0,1,1
416,11,0.0,1,1
416,12,72.0,1,1
416,13,171.0,1,1
416,14,146.0,1,1
416,15,35.0,1,1
417,0,123.0,1,1
417,1,70.0,1,1
417,2,36.0,1,1
417,3,121.0,1,1
417,4,288.0,1,1
417,5,134.0,1,1
417,6,178.0,1,1
417,7,71.0,1,1
417,8,74.0,1,1
417,9,215.0,1,1
417,10,177.0,1,1
417,11,0.0,1,1
417,12,196.0,1,1
417,13,392.0,1,1
417,14,312.0,1,1
417,15,158.0,1,1
418,0,169.0,1,1
418,1,91.0,1,1
418,2,30.0,1,1
418,3,153.0,1,1
418,4,450.0,1,1
418,5,224.0,1,1
418,6,253.0,1,1
418,7,127.0,1,1
418,8,164.0,1,1
418,9,353.0,1,1
418,10,240.0,1,1
418,11,0.0,1,1
418,12,358.0,1,1
418,13,571.0,1,1
418,14,455.0,1,1
418,15,314.0,1,1
419,0,178.0,1,1
419,1,79.0,1,1
419,2,62.0,1,1
419,3,79.0,1,1
419,4,101.0,1,1
419,5,90.0,1,1
419,6,112.0,1,1
419,7,47.0,1,1
419,8,74.0,1,1
419,9,75.0,1,1
419,10,0.0,1,1
419,11,0.0,1,1
419,12,98.0,1,1
419,13,219.0,1,1
419,14,147.0,1,1
419,15,151.0,1,1
420,0,234.0,1,1
420,1,158.0,1,1
420,2,63.0,1,1
420,3,133.0,1,1
420,4,211.0,1,1
420,5,171.0,1,1
420,6,159.0,1,1
420,7,135.0,1,1
420,8,61.0,1,1
420,9,249.0,1,1
420,10,307.0,1,1
420,11,0.0,1,1
420,12,330.0,1,1
420,13,440.0,1,1
420,14,407.0,1,1
420,15,213.0,1,1
421,0,297.0,1,1
421,1,152.0,1,1
421,2,48.0,1,1
421,3,172.0,1,1
421,4,229.0,1,1
421,5,238.0,1,1
421,6,291.0,1,1
421,7,221.0,1,1
421,8,93.0,1,1
421,9,323.0,1,1
421,10,312.0,1,1
421,11,0.0,1,1
421,12,445.0,1,1
421,13,549.0,1,1
421,14,522.0,1,1
421,15,261.0,1,1
422,0,496.0,1,1
422,1,261.0,1,1
422,2,122.0,1,1
422,3,206.0,1,1
422,4,221.0,1,1
422,5,318.0,1,1
422,6,360.0,1,1
422,7,185.0,1,1
422,8,150.0,1,1
422,9,271.0,1,1
422,10,345.0,1,1
422,11,0.0,1,1
422,12,365.0,1,1
422,13,691.0,1,1
422,14,498.0,1,1
422,15,355.0,1,1
423,0,525.0,1,1
423,1,289.0,1,1
423,2,106.0,1,1
423,3,291.0,1,1
423,4,295.0,1,1
423,5,320.0,1,1
423,6,508.0,1,1
423,7,306.0,1,1
423,8,166.0,1,1
423,9,375.0,1,1
423,10,385.0,1,1
423,11,0.0,1,1
423,12,556.0,1,1
423,13,652.0,1,1
423,14,692.0,1,1
423,15,385.0,1,1
424,0,664.0,1,1
424,1,321.0,1,1
424,2,158.0,1,1
424,3,211.0,1,1
424,4,217.0,1,1
424,5,289.0,1,1
424,6,358.0,1,1
424,7,256.0,1,1
424,8,118.0,1,1
424,9,310.0,1,1
424,10,516.0,1,1
424,11,0.0,1,1
424,12,493.0,1,1
424,13,542.0,1,1
424,14,583.0,1,1
424,15,288.0,1,1
425,0,665.0,1,1
425,1,339.0,1,1
425,2,152.0,1,1
425,3,239.0,1,1
425,4,128.0,1,1
425,5,653.0,1,1
425,6,378.0,1,1
425,7,384.0,1,1
425,8,194.0,1,1
425,9,321.0,1,1
425,10,553.0,1,1
425,11,0.0,1,1
425,12,774.0,1,1
425,13,529.0,1,1
425,14,520.0,1,1
425,15,829.0,1,1
426,0,708.0,1,1
426,1,316.0,1,1
426,2,135.0,1,1
426,3,193.0,1,1
426,4,139.0,1,1
426,5,541.0,1,1
426,6,325.0,1,1
426,7,216.0,1,1
426,8,328.0,1,1
426,9,232.0,1,1
426,10,493.0,1,1
426,11,0.0,1,1
426,12,484.0,1,1
426,13,564.0,1,1
426,14,358.0,1,1
426,15,1187.0,1,1
427,0,781.0,1,1
427,1,373.0,1,1
427,2,140.0,1,1
427,3,227.0,1,1
427,4,141.0,1,1
427,5,783.0,1,1
427,6,423.0,1,1
427,7,350.0,1,1
427,8,414.0,1,1
427,9,299.0,1,1
427,10,426.0,1,1
427,11,0.0,1,1
427,12,769.0,1,1
427,13,846.0,1,1
427,14,499.0,1,1
427,15,1345.0,1,1
428,0,686.0,1,1
428,1,335.0,1,1
428,2,157.0,1,1
428,3,141.0,1,1
428,4,112.0,1,1
428,5,505.0,1,1
428,6,257.0,1,1
428,7,171.0,1,1
428,8,328.0,1,1
428,9,197.0,1,1
428,10,351.0,1,1
428,11,0.0,1,1
428,12,400.0,1,1
428,13,559.0,1,1
428,14,287.0,1,1
428,15,925.0,1,1
429,0,688.0,1,1
429,1,196.0,1,1
429,2,73.0,1,1
429,3,188.0,1,1
429,4,155.0,1,1
429,5,273.0,1,1
429,6,333.0,1,1
429,7,218.0,1,1
429,8,129.0,1,1
429,9,271.0,1,1
429,10,473.0,1,1
429,11,0.0,1,1
429,12,468.0,1,1
429,13,509.0,1,1
429,14,470.0,1,1
429,15,411.0,1,1
430,0,537.0,1,1
430,1,289.0,1,1
430,2,22.0,1,1
430,3,188.0,1,1
430,4,108.0,1,1
430,5,434.0,1,1
430,6,255.0,1,1
430,7,337.0,1,1
430,8,177.0,1,1
430,9,277.0,1,1
430,10,411.0,1,1
430,11,0.0,1,1
430,12,672.0,1,1
430,13,491.0,1,1
430,14,441.0,1,1
430,15,686.0,1,1
431,0,440.0,1,1
431,1,197.0,1,1
431,2,16.0,1,1
431,3,274.0,1,1
431,4,174.0,1,1
431,5,818.0,1,1
431,6,504.0,1,1
431,7,512.0,1,1
431,8,361.0,1,1
431,9,464.0,1,1
431,10,431.0,1,1
431,11,0.0,1,1
431,12,1027.0,1,1
431,13,709.0,1,1
431,14,697.0,1,1
431,15,1155.0,1,1
432,0,413.0,1,1
432,1,208.0,1,1
432,2,4.0,1,1
432,3,209.0,1,1
432,4,187.0,1,1
432,5,475.0,1,1
432,6,404.0,1,1
432,7,282.0,1,1
432,8,237.0,1,1
432,9,327.0,1,1
432,10,269.0,1,1
432,11,0.0,1,1
432,12,607.0,1,1
432,13,611.0,1,1
432,14,515.0,1,1
432,15,693.0,1,1
433,0,284.0,1,1
433,1,108.0,1,1
433,2,31.0,1,1
433,3,151.0,1,1
433,4,239.0,1,1
433,5,326.0,1,1
433,6,134.0,1,1
433,7,166.0,1,1
433,8,98.0,1,1
433,9,285.0,1,1
433,10,325.0,1,1
433,11,0.0,1,1
433,12,440.0,1,1
433,13,491.0,1,1
433,14,446.0,1,1
433,15,403.0,1,1
434,0,173.0,1,1
434,1,83.0,1,1
434,2,26.0,1,1
434,3,112.0,1,1
434,4,161.0,1,1
434,5,373.0,1,1
434,6,80.0,1,1
434,7,108.0,1,1
434,8,112.0,1,1
434,9,193.0,1,1
434,10,237.0,1,1
434,11,0.0,1,1
434,12,307.0,1,1
434,13,352.0,1,1
434,14,399.0,1,1
434,15,239.0,1,1
435,0,70.0,1,1
435,1,32.0,1,1
435,2,21.0,1,1
435,3,90.0,1,1
435,4,111.0,1,1
435,5,307.0,1,1
435,6,42.0,1,1
435,7,76.0,1,1
435,8,49.0,1,1
435,9,142.0,1,1
435,10,215.0,1,1
435,11,0.0,1,1
435,12,257.0,1,1
435,13,409.0,1,1
435,14,307.0,1,1
435,15,199.0,1,1
436,0,52.0,1,1
436,1,41.0,1,1
436,2,11.0,1,1
436,3,58.0,1,1
436,4,85.0,1,1
436,5,193.0,1,1
436,6,23.0,1,1
436,7,52.0,1,1
436,8,50.0,1,1
436,9,78.0,1,1
436,10,149.0,1,1
436,11,0.0,1,1
436,12,193.0,1,1
436,13,363.0,1,1
436,14,294.0,1,1
436,15,117.0,1,1
437,0,28.0,1,1
437,1,33.0,1,1
437,2,6.0,1,1
437,3,21.0,1,1
437,4,42.0,1,1
437,5,145.0,1,1
437,6,5.0,1,1
437,7,20.0,1,1
437,8,18.0,1,1
437,9,48.0,1,1
437,10,155.0,1,1
437,11,0.0,1,1
437,12,124.0,1,1
437,13,323.0,1,1
437,14,184.0,1,1
437,15,50.0,1,1
438,0,31.0,1,1
438,1,22.0,1,1
438,2,5.0,1,1
438,3,19.0,1,1
438,4,26.0,1,1
438,5,113.0,1,1
438,6,4.0,1,1
438,7,12.0,1,1
438,8,8.0,1,1
438,9,35.0,1,1
438,10,204.0,1,1
438,11,0.0,1,1
438,12,99.0,1,1
438,13,334.0,1,1
438,14,110.0,1,1
438,15,44.0,1,1
439,0,48.0,1,1
439,1,18.0,1,1
439,2,12.0,1,1
439,3,12.0,1,1
439,4,15.0,1,1
439,5,87.0,1,1
439,6,1.0,1,1
439,7,5.0,1,1
439,8,4.0,1,1
439,9,22.0,1,1
439,10,154.0,1,1
439,11,0.0,1,1
439,12,76.0,1,1
439,13,193.0,1,1
439,14,68.0,1,1
439,15,26.0,1,1
440,0,184.0,1,1
440,1,75.0,1,1
440,2,34.0,1,1
440,3,44.0,1,1
440,4,60.0,1,1
440,5,150.0,1,1
440,6,15.0,1,1
440,7,31.0,1,1
440,8,27.0,1,1
440,9,79.0,1,1
440,10,251.0,1,1
440,11,0.0,1,1
440,12,245.0,1,1
440,13,369.0,1,1
440,14,217.0,1,1
440,15,66.0,1,1
441,0,333.0,1,1
441,1,401.0,1,1
441,2,39.0,1,1
441,3,199.0,1,1
441,4,190.0,1,1
441,5,559.0,1,1
441,6,137.0,1,1
441,7,164.0,1,1
441,8,126.0,1,1
441,9,372.0,1,1
441,10,396.0,1,1
441,11,0.0,1,1
441,12,617.0,1,1
441,13,871.0,1,1
441,14,594.0,1,1
441,15,456.0,1,1
442,0,617.0,1,1
442,1,652.0,1,1
442,2,107.0,1,1
442,3,314.0,1,1
442,4,306.0,1,1
442,5,800.0,1,1
442,6,321.0,1,1
442,7,266.0,1,1
442,8,179.0,1,1
442,9,471.0,1,1
442,10,537.0,1,1
442,11,0.0,1,1
442,12,832.0,1,1
442,13,1394.0,1,1
442,14,661.0,1,1
442,15,580.0,1,1
443,0,977.0,1,1
443,1,940.0,1,1
443,2,253.0,1,1
443,3,191.0,1,1
443,4,129.0,1,1
443,5,330.0,1,1
443,6,216.0,1,1
443,7,155.0,1,1
443,8,128.0,1,1
443,9,295.0,1,1
443,10,0.0,1,1
443,11,0.0,1,1
443,12,441.0,1,1
443,13,292.0,1,1
443,14,328.0,1,1
443,15,338.0,1,1
444,0,479.0,1,1
444,1,267.0,1,1
444,2,115.0,1,1
444,3,99.0,1,1
444,4,148.0,1,1
444,5,323.0,1,1
444,6,62.0,1,1
444,7,124.0,1,1
444,8,157.0,1,1
444,9,190.0,1,1
444,10,388.0,1,1
444,11,0.0,1,1
444,12,327.0,1,1
444,13,517.0,1,1
444,14,509.0,1,1
444,15,185.0,1,1
445,0,513.0,1,1
445,1,250.0,1,1
445,2,100.0,1,1
445,3,110.0,1,1
445,4,184.0,1,1
445,5,633.0,1,1
445,6,99.0,1,1
445,7,181.0,1,1
445,8,202.0,1,1
445,9,301.0,1,1
445,10,300.0,1,1
445,11,0.0,1,1
445,12,477.0,1,1
445,13,554.0,1,1
445,14,611.0,1,1
445,15,286.0,1,1
446,0,580.0,1,1
446,1,252.0,1,1
446,2,129.0,1,1
446,3,175.0,1,1
446,4,235.0,1,1
446,5,392.0,1,1
446,6,201.0,1,1
446,7,191.0,1,1
446,8,182.0,1,1
446,9,273.0,1,1
446,10,99.0,1,1
446,11,167.0,1,1
446,12,345.0,1,1
446,13,424.0,1,1
446,14,464.0,1,1
446,15,521.0,1,1
447,0,568.0,1,1
447,1,295.0,1,1
447,2,86.0,1,1
447,3,181.0,1,1
447,4,241.0,1,1
447,5,694.0,1,1
447,6,201.0,1,1
447,7,206.0,1,1
447,8,235.0,1,1
447,9,350.0,1,1
447,10,298.0,1,1
447,11,476.0,1,1
447,12,502.0,1,1
447,13,521.0,1,1
447,14,517.0,1,1
447,15,482.0,1,1
448,0,613.0,1,1
448,1,340.0,1,1
448,2,125.0,1,1
448,3,119.0,1,1
448,4,191.0,1,1
448,5,433.0,1,1
448,6,154.0,1,1
448,7,178.0,1,1
448,8,234.0,1,1
448,9,239.0,1,1
448,10,379.0,1,1
448,11,451.0,1,1
448,12,423.0,1,1
448,13,542.0,1,1
448,14,575.0,1,1
448,15,312.0,1,1
449,0,789.0,1,1
449,1,463.0,1,1
449,2,126.0,1,1
449,3,227.0,1,1
449,4,260.0,1,1
449,5,325.0,1,1
449,6,344.0,1,1
449,7,281.0,1,1
449,8,331.0,1,1
449,9,328.0,1,1
449,10,273.0,1,1
449,11,529.0,1,1
449,12,332.0,1,1
449,13,299.0,1,1
449,14,697.0,1,1
449,15,425.0,1,1
450,0,965.0,1,1
450,1,424.0,1,1
450,2,138.0,1,1
450,3,460.0,1,1
450,4,390.0,1,1
450,5,350.0,1,1
450,6,920.0,1,1
450,7,408.0,1,1
450,8,185.0,1,1
450,9,375.0,1,1
450,10,381.0,1,1
450,11,469.0,1,1
450,12,368.0,1,1
450,13,300.0,1,1
450,14,606.0,1,1
450,15,808.0,1,1
451,0,1020.0,1,1
451,1,388.0,1,1
451,2,144.0,1,1
451,3,416.0,1,1
451,4,398.0,1,1
451,5,383.0,1,1
451,6,792.0,1,1
451,7,435.0,1,1
451,8,331.0,1,1
451,9,370.0,1,1
451,10,392.0,1,1
451,11,564.0,1,1
451,12,395.0,1,1
451,13,344.0,1,1
451,14,668.0,1,1
451,15,664.0,1,1
452,0,745.0,1,1
452,1,246.0,1,1
452,2,124.0,1,1
452,3,526.0,1,1
452,4,383.0,1,1
452,5,298.0,1,1
452,6,1119.0,1,1
452,7,506.0,1,1
452,8,222.0,1,1
452,9,401.0,1,1
452,10,490.0,1,1
452,11,418.0,1,1
452,12,447.0,1,1
452,13,404.0,1,1
452,14,713.0,1,1
452,15,921.0,1,1
453,0,803.0,1,1
453,1,203.0,1,1
453,2,137.0,1,1
453,3,164.0,1,1
453,4,243.0,1,1
453,5,455.0,1,1
453,6,233.0,1,1
453,7,230.0,1,1
453,8,188.0,1,1
453,9,293.0,1,1
453,10,373.0,1,1
453,11,488.0,1,1
453,12,389.0,1,1
453,13,270.0,1,1
453,14,470.0,1,1
453,15,370.0,1,1
454,0,536.0,1,1
454,1,342.0,1,1
454,2,203.0,1,1
454,3,188.0,1,1
454,4,286.0,1,1
454,5,380.0,1,1
454,6,327.0,1,1
454,7,398.0,1,1
454,8,359.0,1,1
454,9,469.0,1,1
454,10,355.0,1,1
454,11,444.0,1,1
454,12,468.0,1,1
454,13,296.0,1,1
454,14,705.0,1,1
454,15,373.0,1,1
455,0,421.0,1,1
455,1,242.0,1,1
455,2,125.0,1,1
455,3,282.0,1,1
455,4,328.0,1,1
455,5,451.0,1,1
455,6,555.0,1,1
455,7,408.0,1,1
455,8,392.0,1,1
455,9,525.0,1,1
455,10,331.0,1,1
455,11,327.0,1,1
455,12,523.0,1,1
455,13,455.0,1,1
455,14,765.0,1,1
455,15,573.0,1,1
456,0,311.0,1,1
456,1,166.0,1,1
456,2,14.0,1,1
456,3,274.0,1,1
456,4,287.0,1,1
456,5,426.0,1,1
456,6,424.0,1,1
456,7,366.0,1,1
456,8,276.0,1,1
456,9,393.0,1,1
456,10,416.0,1,1
456,11,332.0,1,1
456,12,461.0,1,1
456,13,420.0,1,1
456,14,686.0,1,1
456,15,585.0,1,1
457,0,232.0,1,1
457,1,125.0,1,1
457,2,13.0,1,1
457,3,146.0,1,1
457,4,117.0,1,1
457,5,217.0,1,1
457,6,261.0,1,1
457,7,232.0,1,1
457,8,157.0,1,1
457,9,276.0,1,1
457,10,330.0,1,1
457,11,285.0,1,1
457,12,384.0,1,1
457,13,505.0,1,1
457,14,257.0,1,1
457,15,529.0,1,1
458,0,136.0,1,1
458,1,62.0,1,1
458,2,16.0,1,1
458,3,130.0,1,1
458,4,94.0,1,1
458,5,210.0,1,1
458,6,264.0,1,1
458,7,184.0,1,1
458,8,155.0,1,1
458,9,208.0,1,1
458,10,306.0,1,1
458,11,182.0,1,1
458,12,374.0,1,1
458,13,562.0,1,1
458,14,292.0,1,1
458,15,489.0,1,1
459,0,64.0,1,1
459,1,30.0,1,1
459,2,19.0,1,1
459,3,104.0,1,1
459,4,52.0,1,1
459,5,151.0,1,1
459,6,181.0,1,1
459,7,188.0,1,1
459,8,83.0,1,1
459,9,209.0,1,1
459,10,231.0,1,1
459,11,96.0,1,1
459,12,310.0,1,1
459,13,445.0,1,1
459,14,108.0,1,1
459,15,489.0,1,1
460,0,41.0,1,1
460,1,10.0,1,1
460,2,7.0,1,1
460,3,93.0,1,1
460,4,31.0,1,1
460,5,132.0,1,1
460,6,175.0,1,1
460,7,181.0,1,1
460,8,67.0,1,1
460,9,162.0,1,1
460,10,195.0,1,1
460,11,50.0,1,1
460,12,276.0,1,1
460,13,465.0,1,1
460,14,98.0,1,1
460,15,451.0,1,1
461,0,22.0,1,1
461,1,12.0,1,1
461,2,14.0,1,1
461,3,46.0,1,1
461,4,8.0,1,1
461,5,80.0,1,1
461,6,113.0,1,1
461,7,153.0,1,1
461,8,38.0,1,1
461,9,111.0,1,1
461,10,127.0,1,1
461,11,40.0,1,1
461,12,245.0,1,1
461,13,301.0,1,1
461,14,32.0,1,1
461,15,394.0,1,1
462,0,22.0,1,1
462,1,13.0,1,1
462,2,5.0,1,1
462,3,35.0,1,1
462,4,4.0,1,1
462,5,43.0,1,1
462,6,66.0,1,1
462,7,135.0,1,1
462,8,18.0,1,1
462,9,103.0,1,1
462,10,146.0,1,1
462,11,33.0,1,1
462,12,210.0,1,1
462,13,204.0,1,1
462,14,12.0,1,1
462,15,337.0,1,1
463,0,25.0,1,1
463,1,4.0,1,1
463,2,7.0,1,1
463,3,23.0,1,1
463,4,2.0,1,1
463,5,35.0,1,1
463,6,51.0,1,1
463,7,72.0,1,1
463,8,10.0,1,1
463,9,74.0,1,1
463,10,133.0,1,1
463,11,54.0,1,1
463,12,159.0,1,1
463,13,140.0,1,1
463,14,4.0,1,1
463,15,284.0,1,1
464,0,176.0,1,1
464,1,42.0,1,1
464,2,42.0,1,1
464,3,74.0,1,1
464,4,23.0,1,1
464,5,103.0,1,1
464,6,136.0,1,1
464,7,168.0,1,1
464,8,42.0,1,1
464,9,145.0,1,1
464,10,297.0,1,1
464,11,103.0,1,1
464,12,255.0,1,1
464,13,386.0,1,1
464,14,50.0,1,1
464,15,419.0,1,1
465,0,281.0,1,1
465,1,204.0,1,1
465,2,56.0,1,1
465,3,263.0,1,1
465,4,139.0,1,1
465,5,303.0,1,1
465,6,288.0,1,1
465,7,360.0,1,1
465,8,208.0,1,1
465,9,368.0,1,1
465,10,373.0,1,1
465,11,351.0,1,1
465,12,715.0,1,1
465,13,777.0,1,1
465,14,269.0,1,1
465,15,838.0,1,1
466,0,618.0,1,1
466,1,401.0,1,1
466,2,106.0,1,1
466,3,375.0,1,1
466,4,223.0,1,1
466,5,363.0,1,1
466,6,380.0,1,1
466,7,629.0,1,1
466,8,316.0,1,1
466,9,457.0,1,1
466,10,573.0,1,1
466,11,602.0,1,1
466,12,952.0,1,1
466,13,1120.0,1,1
466,14,379.0,1,1
466,15,843.0,1,1
467,0,407.0,1,1
467,1,236.0,1,1
467,2,100.0,1,1
467,3,161.0,1,1
467,4,156.0,1,1
467,5,187.0,1,1
467,6,233.0,1,1
467,7,123.0,1,1
467,8,87.0,1,1
467,9,279.0,1,1
467,10,0.0,1,1
467,11,486.0,1,1
467,12,334.0,1,1
467,13,400.0,1,1
467,14,179.0,1,1
467,15,455.0,1,1
468,0,399.0,1,1
468,1,218.0,1,1
468,2,102.0,1,1
468,3,166.0,1,1
468,4,83.0,1,1
468,5,195.0,1,1
468,6,276.0,1,1
468,7,330.0,1,1
468,8,151.0,1,1
468,9,195.0,1,1
468,10,450.0,1,1
468,11,381.0,1,1
468,12,476.0,1,1
468,13,824.0,1,1
468,14,371.0,1,1
468,15,573.0,1,1
469,0,467.0,1,1
469,1,271.0,1,1
469,2,96.0,1,1
469,3,264.0,1,1
469,4,122.0,1,1
469,5,272.0,1,1
469,6,312.0,1,1
469,7,342.0,1,1
469,8,259.0,1,1
469,9,223.0,1,1
469,10,387.0,1,1
469,11,411.0,1,1
469,12,534.0,1,1
469,13,1033.0,1,1
469,14,447.0,1,1
469,15,629.0,1,1
470,0,539.0,1,1
470,1,299.0,1,1
470,2,106.0,1,1
470,3,163.0,1,1
470,4,114.0,1,1
470,5,211.0,1,1
470,6,300.0,1,1
470,7,204.0,1,1
470,8,133.0,1,1
470,9,279.0,1,1
470,10,326.0,1,1
470,11,476.0,1,1
470,12,385.0,1,1
470,13,555.0,1,1
470,14,345.0,1,1
470,15,594.0,1,1
471,0,475.0,1,1
471,1,320.0,1,1
471,2,101.0,1,1
471,3,275.0,1,1
471,4,165.0,1,1
471,5,306.0,1,1
471,6,399.0,1,1
471,7,317.0,1,1
471,8,232.0,1,1
471,9,308.0,1,1
471,10,333.0,1,1
471,11,460.0,1,1
471,12,524.0,1,1
471,13,912.0,1,1
471,14,427.0,1,1
471,15,773.0,1,1
472,0,601.0,1,1
472,1,248.0,1,1
472,2,204.0,1,1
472,3,255.0,1,1
472,4,133.0,1,1
472,5,275.0,1,1
472,6,306.0,1,1
472,7,280.0,1,1
472,8,202.0,1,1
472,9,255.0,1,1
472,10,300.0,1,1
472,11,449.0,1,1
472,12,451.0,1,1
472,13,880.0,1,1
472,14,446.0,1,1
472,15,581.0,1,1
473,0,734.0,1,1
473,1,311.0,1,1
473,2,156.0,1,1
473,3,236.0,1,1
473,4,308.0,1,1
473,5,279.0,1,1
473,6,379.0,1,1
473,7,179.0,1,1
473,8,162.0,1,1
473,9,248.0,1,1
473,10,323.0,1,1
473,11,487.0,1,1
473,12,280.0,1,1
473,13,644.0,1,1
473,14,1033.0,1,1
473,15,470.0,1,1
474,0,1037.0,1,1
474,1,473.0,1,1
474,2,166.0,1,1
474,3,155.0,1,1
474,4,495.0,1,1
474,5,257.0,1,1
474,6,322.0,1,1
474,7,116.0,1,1
474,8,102.0,1,1
474,9,344.0,1,1
474,10,438.0,1,1
474,11,455.0,1,1
474,12,274.0,1,1
474,13,444.0,1,1
474,14,594.0,1,1
474,15,470.0,1,1
475,0,1082.0,1,1
475,1,434.0,1,1
475,2,149.0,1,1
475,3,224.0,1,1
475,4,521.0,1,1
475,5,282.0,1,1
475,6,381.0,1,1
475,7,163.0,1,1
475,8,148.0,1,1
475,9,325.0,1,1
475,10,451.0,1,1
475,11,439.0,1,1
475,12,319.0,1,1
475,13,634.0,1,1
475,14,860.0,1,1
475,15,456.0,1,1
476,0,1887.0,1,1
476,1,684.0,1,1
476,2,424.0,1,1
476,3,182.0,1,1
476,4,580.0,1,1
476,5,212.0,1,1
476,6,299.0,1,1
476,7,135.0,1,1
476,8,137.0,1,1
476,9,408.0,1,1
476,10,496.0,1,1
476,11,446.0,1,1
476,12,269.0,1,1
476,13,457.0,1,1
476,14,600.0,1,1
476,15,462.0,1,1
477,0,628.0,1,1
477,1,246.0,1,1
477,2,167.0,1,1
477,3,184.0,1,1
477,4,183.0,1,1
477,5,270.0,1,1
477,6,321.0,1,1
477,7,169.0,1,1
477,8,151.0,1,1
477,9,217.0,1,1
477,10,373.0,1,1
477,11,413.0,1,1
477,12,337.0,1,1
477,13,565.0,1,1
477,14,439.0,1,1
477,15,537.0,1,1
478,0,446.0,1,1
478,1,310.0,1,1
478,2,51.0,1,1
478,3,234.0,1,1
478,4,373.0,1,1
478,5,310.0,1,1
478,6,459.0,1,1
478,7,183.0,1,1
478,8,212.0,1,1
478,9,273.0,1,1
478,10,456.0,1,1
478,11,315.0,1,1
478,12,313.0,1,1
478,13,759.0,1,1
478,14,1063.0,1,1
478,15,516.0,1,1
479,0,376.0,1,1
479,1,297.0,1,1
479,2,78.0,1,1
479,3,324.0,1,1
479,4,523.0,1,1
479,5,372.0,1,1
479,6,448.0,1,1
479,7,274.0,1,1
479,8,270.0,1,1
479,9,310.0,1,1
479,10,336.0,1,1
479,11,197.0,1,1
479,12,381.0,1,1
479,13,831.0,1,1
479,14,1476.0,1,1
479,15,526.0,1,1
480,0,375.0,1,1
480,1,191.0,1,1
480,2,107.0,1,1
480,3,243.0,1,1
480,4,315.0,1,1
480,5,281.0,1,1
480,6,356.0,1,1
480,7,212.0,1,1
480,8,234.0,1,1
480,9,313.0,1,1
480,10,322.0,1,1
480,11,231.0,1,1
480,12,410.0,1,1
480,13,702.0,1,1
480,14,674.0,1,1
480,15,572.0,1,1
481,0,284.0,1,1
481,1,134.0,1,1
481,2,105.0,1,1
481,3,190.0,1,1
481,4,184.0,1,1
481,5,408.0,1,1
481,6,265.0,1,1
481,7,186.0,1,1
481,8,60.0,1,1
481,9,245.0,1,1
481,10,268.0,1,1
481,11,214.0,1,1
481,12,221.0,1,1
481,13,690.0,1,1
481,14,476.0,1,1
481,15,387.0,1,1
482,0,217.0,1,1
482,1,90.0,1,1
482,2,57.0,1,1
482,3,164.0,1,1
482,4,160.0,1,1
482,5,242.0,1,1
482,6,245.0,1,1
482,7,105.0,1,1
482,8,32.0,1,1
482,9,168.0,1,1
482,10,222.0,1,1
482,11,142.0,1,1
482,12,328.0,1,1
482,13,390.0,1,1
482,14,310.0,1,1
482,15,397.0,1,1
483,0,91.0,1,1
483,1,58.0,1,1
483,2,24.0,1,1
483,3,130.0,1,1
483,4,206.0,1,1
483,5,339.0,1,1
483,6,192.0,1,1
483,7,122.0,1,1
483,8,24.0,1,1
483,9,133.0,1,1
483,10,276.0,1,1
483,11,112.0,1,1
483,12,248.0,1,1
483,13,347.0,1,1
483,14,291.0,1,1
483,15,336.0,1,1
484,0,41.0,1,1
484,1,30.0,1,1
484,2,6.0,1,1
484,3,118.0,1,1
484,4,176.0,1,1
484,5,273.0,1,1
484,6,156.0,1,1
484,7,79.0,1,1
484,8,11.0,1,1
484,9,94.0,1,1
484,10,237.0,1,1
484,11,59.0,1,1
484,12,177.0,1,1
484,13,286.0,1,1
484,14,199.0,1,1
484,15,298.0,1,1
485,0,34.0,1,1
485,1,15.0,1,1
485,2,13.0,1,1
485,3,78.0,1,1
485,4,211.0,1,1
485,5,291.0,1,1
485,6,75.0,1,1
485,7,35.0,1,1
485,8,2.0,1,1
485,9,46.0,1,1
485,10,241.0,1,1
485,11,62.0,1,1
485,12,85.0,1,1
485,13,207.0,1,1
485,14,109.0,1,1
485,15,124.0,1,1
486,0,23.0,1,1
486,1,18.0,1,1
486,2,21.0,1,1
486,3,57.0,1,1
486,4,227.0,1,1
486,5,318.0,1,1
486,6,42.0,1,1
486,7,43.0,1,1
486,8,1.0,1,1
486,9,41.0,1,1
486,10,221.0,1,1
486,11,52.0,1,1
486,12,38.0,1,1
486,13,186.0,1,1
486,14,78.0,1,1
486,15,118.0,1,1
487,0,10.0,1,1
487,1,11.0,1,1
487,2,14.0,1,1
487,3,35.0,1,1
487,4,145.0,1,1
487,5,256.0,1,1
487,6,27.0,1,1
487,7,27.0,1,1
487,8,1.0,1,1
487,9,32.0,1,1
487,10,130.0,1,1
487,11,53.0,1,1
487,12,23.0,1,1
487,13,124.0,1,1
487,14,32.0,1,1
487,15,74.0,1,1
488,0,135.0,1,1
488,1,44.0,1,1
488,2,47.0,1,1
488,3,77.0,1,1
488,4,146.0,1,1
488,5,335.0,1,1
488,6,95.0,1,1
488,7,68.0,1,1
488,8,7.0,1,1
488,9,83.0,1,1
488,10,300.0,1,1
488,11,141.0,1,1
488,12,87.0,1,1
488,13,290.0,1,1
488,14,127.0,1,1
488,15,200.0,1,1
489,0,252.0,1,1
489,1,216.0,1,1
489,2,76.0,1,1
489,3,242.0,1,1
489,4,420.0,1,1
489,5,802.0,1,1
489,6,279.0,1,1
489,7,313.0,1,1
489,8,87.0,1,1
489,9,566.0,1,1
489,10,286.0,1,1
489,11,382.0,1,1
489,12,395.0,1,1
489,13,925.0,1,1
489,14,599.0,1,1
489,15,807.0,1,1
490,0,617.0,1,1
490,1,448.0,1,1
490,2,89.0,1,1
490,3,314.0,1,1
490,4,740.0,1,1
490,5,1173.0,1,1
490,6,328.0,1,1
490,7,473.0,1,1
490,8,160.0,1,1
490,9,715.0,1,1
490,10,413.0,1,1
490,11,614.0,1,1
490,12,592.0,1,1
490,13,1509.0,1,1
490,14,987.0,1,1
490,15,1121.0,1,1
491,0,337.0,1,1
491,1,229.0,1,1
491,2,105.0,1,1
491,3,137.0,1,1
491,4,83.0,1,1
491,5,263.0,1,1
491,6,220.0,1,1
491,7,260.0,1,1
491,8,114.0,1,1
491,9,479.0,1,1
491,10,0.0,1,1
491,11,388.0,1,1
491,12,167.0,1,1
491,13,453.0,1,1
491,14,383.0,1,1
491,15,687.0,1,1
492,0,433.0,1,1
492,1,180.0,1,1
492,2,97.0,1,1
492,3,148.0,1,1
492,4,225.0,1,1
492,5,454.0,1,1
492,6,255.0,1,1
492,7,93.0,1,1
492,8,26.0,1,1
492,9,157.0,1,1
492,10,371.0,1,1
492,11,390.0,1,1
492,12,273.0,1,1
492,13,451.0,1,1
492,14,269.0,1,1
492,15,499.0,1,1
493,0,534.0,1,1
493,1,200.0,1,1
493,2,110.0,1,1
493,3,220.0,1,1
493,4,253.0,1,1
493,5,521.0,1,1
493,6,338.0,1,1
493,7,148.0,1,1
493,8,38.0,1,1
493,9,241.0,1,1
493,10,434.0,1,1
493,11,356.0,1,1
493,12,586.0,1,1
493,13,577.0,1,1
493,14,460.0,1,1
493,15,613.0,1,1
494,0,915.0,1,1
494,1,382.0,1,1
494,2,197.0,1,1
494,3,209.0,1,1
494,4,145.0,1,1
494,5,223.0,1,1
494,6,277.0,1,1
494,7,227.0,1,1
494,8,94.0,1,1
494,9,237.0,1,1
494,10,373.0,1,1
494,11,494.0,1,1
494,12,383.0,1,1
494,13,422.0,1,1
494,14,719.0,1,1
494,15,580.0,1,1
495,0,601.0,1,1
495,1,303.0,1,1
495,2,148.0,1,1
495,3,265.0,1,1
495,4,273.0,1,1
495,5,488.0,1,1
495,6,431.0,1,1
495,7,185.0,1,1
495,8,95.0,1,1
495,9,322.0,1,1
495,10,535.0,1,1
495,11,415.0,1,1
495,12,731.0,1,1
495,13,537.0,1,1
495,14,534.0,1,1
495,15,759.0,1,1
496,0,654.0,1,1
496,1,236.0,1,1
496,2,154.0,1,1
496,3,205.0,1,1
496,4,203.0,1,1
496,5,364.0,1,1
496,6,367.0,1,1
496,7,152.0,1,1
496,8,61.0,1,1
496,9,230.0,1,1
496,10,476.0,1,1
496,11,455.0,1,1
496,12,500.0,1,1
496,13,437.0,1,1
496,14,553.0,1,1
496,15,555.0,1,1
497,0,749.0,1,1
497,1,298.0,1,1
497,2,166.0,1,1
497,3,186.0,1,1
497,4,58.0,1,1
497,5,127.0,1,1
497,6,626.0,1,1
497,7,130.0,1,1
497,8,192.0,1,1
497,9,183.0,1,1
497,10,413.0,1,1
497,11,436.0,1,1
497,12,431.0,1,1
497,13,399.0,1,1
497,14,483.0,1,1
497,15,511.0,1,1
498,0,994.0,1,1
498,1,376.0,1,1
498,2,165.0,1,1
498,3,200.0,1,1
498,4,47.0,1,1
498,5,115.0,1,1
498,6,507.0,1,1
498,7,282.0,1,1
498,8,701.0,1,1
498,9,261.0,1,1
498,10,444.0,1,1
498,11,457.0,1,1
498,12,316.0,1,1
498,13,420.0,1,1
498,14,526.0,1,1
498,15,651.0,1,1
499,0,1037.0,1,1
499,1,359.0,1,1
499,2,145.0,1,1
499,3,189.0,1,1
499,4,56.0,1,1
499,5,106.0,1,1
499,6,599.0,1,1
499,7,283.0,1,1
499,8,536.0,1,1
499,9,326.0,1,1
499,10,506.0,1,1
499,11,421.0,1,1
499,12,448.0,1,1
499,13,469.0,1,1
499,14,676.0,1,1
499,15,903.0,1,1
500,0,769.0,1,1
500,1,302.0,1,1
500,2,135.0,1,1
500,3,190.0,1,1
500,4,54.0,1,1
500,5,113.0,1,1
500,6,420.0,1,1
500,7,502.0,1,1
500,8,1161.0,1,1
500,9,404.0,1,1
500,10,355.0,1,1
500,11,401.0,1,1
500,12,289.0,1,1
500,13,553.0,1,1
500,14,939.0,1,1
500,15,725.0,1,1
501,0,722.0,1,1
501,1,296.0,1,1
501,2,111.0,1,1
501,3,194.0,1,1
501,4,109.0,1,1
501,5,194.0,1,1
501,6,386.0,1,1
501,7,160.0,1,1
501,8,104.0,1,1
501,9,219.0,1,1
501,10,251.0,1,1
501,11,490.0,1,1
501,12,541.0,1,1
501,13,388.0,1,1
501,14,425.0,1,1
501,15,671.0,1,1
502,0,602.0,1,1
502,1,408.0,1,1
502,2,192.0,1,1
502,3,180.0,1,1
502,4,58.0,1,1
502,5,191.0,1,1
502,6,567.0,1,1
502,7,138.0,1,1
502,8,154.0,1,1
502,9,231.0,1,1
502,10,306.0,1,1
502,11,525.0,1,1
502,12,510.0,1,1
502,13,383.0,1,1
502,14,398.0,1,1
502,15,630.0,1,1
503,0,535.0,1,1
503,1,362.0,1,1
503,2,161.0,1,1
503,3,186.0,1,1
503,4,92.0,1,1
503,5,198.0,1,1
503,6,705.0,1,1
503,7,208.0,1,1
503,8,283.0,1,1
503,9,326.0,1,1
503,10,328.0,1,1
503,11,511.0,1,1
503,12,757.0,1,1
503,13,552.0,1,1
503,14,680.0,1,1
503,15,900.0,1,1
504,0,482.0,1,1
504,1,299.0,1,1
504,2,166.0,1,1
504,3,221.0,1,1
504,4,136.0,1,1
504,5,246.0,1,1
504,6,452.0,1,1
504,7,299.0,1,1
504,8,248.0,1,1
504,9,334.0,1,1
504,10,348.0,1,1
504,11,503.0,1,1
504,12,581.0,1,1
504,13,573.0,1,1
504,14,857.0,1,1
504,15,747.0,1,1
505,0,350.0,1,1
505,1,218.0,1,1
505,2,136.0,1,1
505,3,230.0,1,1
505,4,245.0,1,1
505,5,353.0,1,1
505,6,186.0,1,1
505,7,193.0,1,1
505,8,82.0,1,1
505,9,245.0,1,1
505,10,286.0,1,1
505,11,437.0,1,1
505,12,439.0,1,1
505,13,444.0,1,1
505,14,580.0,1,1
505,15,293.0,1,1
506,0,258.0,1,1
506,1,97.0,1,1
506,2,81.0,1,1
506,3,129.0,1,1
506,4,164.0,1,1
506,5,246.0,1,1
506,6,103.0,1,1
506,7,89.0,1,1
506,8,76.0,1,1
506,9,184.0,1,1
506,10,213.0,1,1
506,11,185.0,1,1
506,12,228.0,1,1
506,13,464.0,1,1
506,14,567.0,1,1
506,15,284.0,1,1
507,0,68.0,1,1
507,1,58.0,1,1
507,2,22.0,1,1
507,3,142.0,1,1
507,4,167.0,1,1
507,5,194.0,1,1
507,6,109.0,1,1
507,7,112.0,1,1
507,8,50.0,1,1
507,9,125.0,1,1
507,10,221.0,1,1
507,11,106.0,1,1
507,12,220.0,1,1
507,13,243.0,1,1
507,14,331.0,1,1
507,15,295.0,1,1
508,0,42.0,1,1
508,1,29.0,1,1
508,2,11.0,1,1
508,3,119.0,1,1
508,4,111.0,1,1
508,5,138.0,1,1
508,6,72.0,1,1
508,7,48.0,1,1
508,8,30.0,1,1
508,9,97.0,1,1
508,10,230.0,1,1
508,11,62.0,1,1
508,12,124.0,1,1
508,13,210.0,1,1
508,14,238.0,1,1
508,15,201.0,1,1
509,0,35.0,1,1
509,1,29.0,1,1
509,2,4.0,1,1
509,3,81.0,1,1
509,4,84.0,1,1
509,5,101.0,1,1
509,6,26.0,1,1
509,7,19.0,1,1
509,8,8.0,1,1
509,9,70.0,1,1
509,10,204.0,1,1
509,11,32.0,1,1
509,12,51.0,1,1
509,13,130.0,1,1
509,14,189.0,1,1
509,15,130.0,1,1
510,0,35.0,1,1
510,1,23.0,1,1
510,2,11.0,1,1
510,3,93.0,1,1
510,4,112.0,1,1
510,5,88.0,1,1
510,6,31.0,1,1
510,7,23.0,1,1
510,8,5.0,1,1
510,9,60.0,1,1
510,10,251.0,1,1
510,11,22.0,1,1
510,12,60.0,1,1
510,13,59.0,1,1
510,14,123.0,1,1
510,15,111.0,1,1
511,0,34.0,1,1
511,1,24.0,1,1
511,2,12.0,1,1
511,3,54.0,1,1
511,4,70.0,1,1
511,5,72.0,1,1
511,6,22.0,1,1
511,7,14.0,1,1
511,8,3.0,1,1
511,9,32.0,1,1
511,10,83.0,1,1
511,11,54.0,1,1
511,12,37.0,1,1
511,13,42.0,1,1
511,14,67.0,1,1
511,15,62.0,1,1
512,0,159.0,1,1
512,1,41.0,1,1
512,2,37.0,1,1
512,3,93.0,1,1
512,4,97.0,1,1
512,5,132.0,1,1
512,6,78.0,1,1
512,7,59.0,1,1
512,8,19.0,1,1
512,9,98.0,1,1
512,10,226.0,1,1
512,11,146.0,1,1
512,12,99.0,1,1
512,13,148.0,1,1
512,14,191.0,1,1
512,15,165.0,1,1
513,0,301.0,1,1
513,1,226.0,1,1
513,2,68.0,1,1
513,3,413.0,1,1
513,4,346.0,1,1
513,5,683.0,1,1
513,6,410.0,1,1
513,7,271.0,1,1
513,8,99.0,1,1
513,9,328.0,1,1
513,10,377.0,1,1
513,11,355.0,1,1
513,12,528.0,1,1
513,13,466.0,1,1
513,14,640.0,1,1
513,15,843.0,1,1
514,0,609.0,1,1
514,1,460.0,1,1
514,2,124.0,1,1
514,3,542.0,1,1
514,4,483.0,1,1
514,5,982.0,1,1
514,6,647.0,1,1
514,7,510.0,1,1
514,8,186.0,1,1
514,9,603.0,1,1
514,10,428.0,1,1
514,11,585.0,1,1
514,12,672.0,1,1
514,13,611.0,1,1
514,14,1005.0,1,1
514,15,1399.0,1,1
515,0,1012.0,1,1
515,1,697.0,1,1
515,2,232.0,1,1
515,3,225.0,1,1
515,4,197.0,1,1
515,5,439.0,1,1
515,6,403.0,1,1
515,7,259.0,1,1
515,8,145.0,1,1
515,9,187.0,1,1
515,10,0.0,1,1
515,11,446.0,1,1
515,12,466.0,1,1
515,13,270.0,1,1
515,14,278.0,1,1
515,15,343.0,1,1
516,0,464.0,1,1
516,1,211.0,1,1
516,2,166.0,1,1
516,3,119.0,1,1
516,4,127.0,1,1
516,5,239.0,1,1
516,6,120.0,1,1
516,7,73.0,1,1
516,8,67.0,1,1
516,9,234.0,1,1
516,10,635.0,1,1
516,11,413.0,1,1
516,12,183.0,1,1
516,13,353.0,1,1
516,14,415.0,1,1
516,15,438.0,1,1
517,0,513.0,1,1
517,1,203.0,1,1
517,2,138.0,1,1
517,3,165.0,1,1
517,4,178.0,1,1
517,5,407.0,1,1
517,6,144.0,1,1
517,7,115.0,1,1
517,8,94.0,1,1
517,9,332.0,1,1
517,10,485.0,1,1
517,11,390.0,1,1
517,12,253.0,1,1
517,13,522.0,1,1
517,14,686.0,1,1
517,15,749.0,1,1
518,0,544.0,1,1
518,1,267.0,1,1
518,2,116.0,1,1
518,3,232.0,1,1
518,4,255.0,1,1
518,5,294.0,1,1
518,6,174.0,1,1
518,7,192.0,1,1
518,8,128.0,1,1
518,9,154.0,1,1
518,10,294.0,1,1
518,11,443.0,1,1
518,12,515.0,1,1
518,13,469.0,1,1
518,14,507.0,1,1
518,15,340.0,1,1
519,0,593.0,1,1
519,1,267.0,1,1
519,2,88.0,1,1
519,3,217.0,1,1
519,4,243.0,1,1
519,5,454.0,1,1
519,6,181.0,1,1
519,7,171.0,1,1
519,8,131.0,1,1
519,9,236.0,1,1
519,10,393.0,1,1
519,11,547.0,1,1
519,12,391.0,1,1
519,13,576.0,1,1
519,14,718.0,1,1
519,15,572.0,1,1
520,0,625.0,1,1
520,1,311.0,1,1
520,2,191.0,1,1
520,3,185.0,1,1
520,4,174.0,1,1
520,5,276.0,1,1
520,6,145.0,1,1
520,7,126.0,1,1
520,8,114.0,1,1
520,9,211.0,1,1
520,10,416.0,1,1
520,11,521.0,1,1
520,12,260.0,1,1
520,13,534.0,1,1
520,14,628.0,1,1
520,15,620.0,1,1
521,0,726.0,1,1
521,1,353.0,1,1
521,2,180.0,1,1
521,3,142.0,1,1
521,4,126.0,1,1
521,5,252.0,1,1
521,6,189.0,1,1
521,7,194.0,1,1
521,8,224.0,1,1
521,9,163.0,1,1
521,10,323.0,1,1
521,11,501.0,1,1
521,12,329.0,1,1
521,13,610.0,1,1
521,14,507.0,1,1
521,15,310.0,1,1
522,0,973.0,1,1
522,1,431.0,1,1
522,2,124.0,1,1
522,3,197.0,1,1
522,4,233.0,1,1
522,5,352.0,1,1
522,6,460.0,1,1
522,7,453.0,1,1
522,8,440.0,1,1
522,9,132.0,1,1
522,10,297.0,1,1
522,11,451.0,1,1
522,12,874.0,1,1
522,13,624.0,1,1
522,14,527.0,1,1
522,15,251.0,1,1
523,0,1206.0,1,1
523,1,358.0,1,1
523,2,96.0,1,1
523,3,180.0,1,1
523,4,203.0,1,1
523,5,357.0,1,1
523,6,437.0,1,1
523,7,421.0,1,1
523,8,444.0,1,1
523,9,191.0,1,1
523,10,331.0,1,1
523,11,373.0,1,1
523,12,656.0,1,1
523,13,620.0,1,1
523,14,515.0,1,1
523,15,354.0,1,1
524,0,971.0,1,1
524,1,201.0,1,1
524,2,17.0,1,1
524,3,299.0,1,1
524,4,247.0,1,1
524,5,429.0,1,1
524,6,758.0,1,1
524,7,655.0,1,1
524,8,571.0,1,1
524,9,147.0,1,1
524,10,431.0,1,1
524,11,456.0,1,1
524,12,1305.0,1,1
524,13,692.0,1,1
524,14,468.0,1,1
524,15,285.0,1,1
525,0,725.0,1,1
525,1,273.0,1,1
525,2,146.0,1,1
525,3,117.0,1,1
525,4,152.0,1,1
525,5,323.0,1,1
525,6,176.0,1,1
525,7,165.0,1,1
525,8,150.0,1,1
525,9,202.0,1,1
525,10,372.0,1,1
525,11,570.0,1,1
525,12,315.0,1,1
525,13,512.0,1,1
525,14,632.0,1,1
525,15,377.0,1,1
526,0,613.0,1,1
526,1,422.0,1,1
526,2,177.0,1,1
526,3,110.0,1,1
526,4,115.0,1,1
526,5,400.0,1,1
526,6,197.0,1,1
526,7,178.0,1,1
526,8,267.0,1,1
526,9,244.0,1,1
526,10,360.0,1,1
526,11,719.0,1,1
526,12,327.0,1,1
526,13,767.0,1,1
526,14,640.0,1,1
526,15,369.0,1,1
527,0,530.0,1,1
527,1,369.0,1,1
527,2,197.0,1,1
527,3,178.0,1,1
527,4,184.0,1,1
527,5,329.0,1,1
527,6,293.0,1,1
527,7,335.0,1,1
527,8,383.0,1,1
527,9,288.0,1,1
527,10,324.0,1,1
527,11,663.0,1,1
527,12,468.0,1,1
527,13,825.0,1,1
527,14,737.0,1,1
527,15,576.0,1,1
528,0,500.0,1,1
528,1,364.0,1,1
528,2,237.0,1,1
528,3,243.0,1,1
528,4,233.0,1,1
528,5,412.0,1,1
528,6,322.0,1,1
528,7,332.0,1,1
528,8,299.0,1,1
528,9,242.0,1,1
528,10,303.0,1,1
528,11,619.0,1,1
528,12,624.0,1,1
528,13,666.0,1,1
528,14,665.0,1,1
528,15,439.0,1,1
529,0,439.0,1,1
529,1,256.0,1,1
529,2,190.0,1,1
529,3,67.0,1,1
529,4,150.0,1,1
529,5,372.0,1,1
529,6,429.0,1,1
529,7,274.0,1,1
529,8,91.0,1,1
529,9,189.0,1,1
529,10,297.0,1,1
529,11,499.0,1,1
529,12,354.0,1,1
529,13,566.0,1,1
529,14,276.0,1,1
529,15,305.0,1,1
530,0,234.0,1,1
530,1,113.0,1,1
530,2,132.0,1,1
530,3,44.0,1,1
530,4,100.0,1,1
530,5,299.0,1,1
530,6,266.0,1,1
530,7,130.0,1,1
530,8,61.0,1,1
530,9,161.0,1,1
530,10,253.0,1,1
530,11,315.0,1,1
530,12,366.0,1,1
530,13,529.0,1,1
530,14,257.0,1,1
530,15,230.0,1,1
531,0,75.0,1,1
531,1,70.0,1,1
531,2,47.0,1,1
531,3,31.0,1,1
531,4,64.0,1,1
531,5,212.0,1,1
531,6,330.0,1,1
531,7,250.0,1,1
531,8,31.0,1,1
531,9,111.0,1,1
531,10,224.0,1,1
531,11,208.0,1,1
531,12,378.0,1,1
531,13,458.0,1,1
531,14,191.0,1,1
531,15,169.0,1,1
532,0,35.0,1,1
532,1,57.0,1,1
532,2,15.0,1,1
532,3,19.0,1,1
532,4,42.0,1,1
532,5,179.0,1,1
532,6,223.0,1,1
532,7,187.0,1,1
532,8,23.0,1,1
532,9,85.0,1,1
532,10,197.0,1,1
532,11,123.0,1,1
532,12,275.0,1,1
532,13,411.0,1,1
532,14,153.0,1,1
532,15,132.0,1,1
533,0,27.0,1,1
533,1,14.0,1,1
533,2,7.0,1,1
533,3,4.0,1,1
533,4,14.0,1,1
533,5,114.0,1,1
533,6,218.0,1,1
533,7,152.0,1,1
533,8,6.0,1,1
533,9,30.0,1,1
533,10,202.0,1,1
533,11,73.0,1,1
533,12,228.0,1,1
533,13,373.0,1,1
533,14,52.0,1,1
533,15,53.0,1,1
534,0,20.0,1,1
534,1,19.0,1,1
534,2,12.0,1,1
534,3,2.0,1,1
534,4,9.0,1,1
534,5,77.0,1,1
534,6,242.0,1,1
534,7,182.0,1,1
534,8,3.0,1,1
534,9,17.0,1,1
534,10,221.0,1,1
534,11,83.0,1,1
534,12,163.0,1,1
534,13,306.0,1,1
534,14,36.0,1,1
534,15,43.0,1,1
535,0,25.0,1,1
535,1,12.0,1,1
535,2,9.0,1,1
535,3,1.0,1,1
535,4,5.0,1,1
535,5,57.0,1,1
535,6,161.0,1,1
535,7,139.0,1,1
535,8,1.0,1,1
535,9,10.0,1,1
535,10,109.0,1,1
535,11,102.0,1,1
535,12,130.0,1,1
535,13,190.0,1,1
535,14,19.0,1,1
535,15,33.0,1,1
536,0,158.0,1,1
536,1,72.0,1,1
536,2,37.0,1,1
536,3,12.0,1,1
536,4,25.0,1,1
536,5,166.0,1,1
536,6,222.0,1,1
536,7,166.0,1,1
536,8,11.0,1,1
536,9,55.0,1,1
536,10,449.0,1,1
536,11,129.0,1,1
536,12,199.0,1,1
536,13,351.0,1,1
536,14,121.0,1,1
536,15,104.0,1,1
537,0,255.0,1,1
537,1,267.0,1,1
537,2,70.0,1,1
537,3,74.0,1,1
537,4,119.0,1,1
537,5,487.0,1,1
537,6,645.0,1,1
537,7,683.0,1,1
537,8,76.0,1,1
537,9,262.0,1,1
537,10,619.0,1,1
537,11,341.0,1,1
537,12,515.0,1,1
537,13,770.0,1,1
537,14,499.0,1,1
537,15,426.0,1,1
538,0,645.0,1,1
538,1,478.0,1,1
538,2,178.0,1,1
538,3,137.0,1,1
538,4,243.0,1,1
538,5,787.0,1,1
538,6,1115.0,1,1
538,7,1021.0,1,1
538,8,120.0,1,1
538,9,416.0,1,1
538,10,704.0,1,1
538,11,563.0,1,1
538,12,646.0,1,1
538,13,1177.0,1,1
538,14,956.0,1,1
538,15,523.0,1,1
539,0,407.0,1,1
539,1,233.0,1,1
539,2,150.0,1,1
539,3,128.0,1,1
539,4,137.0,1,1
539,5,203.0,1,1
539,6,178.0,1,1
539,7,222.0,1,1
539,8,86.0,1,1
539,9,236.0,1,1
539,10,0.0,1,1
539,11,535.0,1,1
539,12,207.0,1,1
539,13,263.0,1,1
539,14,518.0,1,1
539,15,549.0,1,1
540,0,407.0,1,1
540,1,245.0,1,1
540,2,144.0,1,1
540,3,55.0,1,1
540,4,74.0,1,1
540,5,283.0,1,1
540,6,240.0,1,1
540,7,155.0,1,1
540,8,43.0,1,1
540,9,167.0,1,1
540,10,398.0,1,1
540,11,399.0,1,1
540,12,421.0,1,1
540,13,663.0,1,1
540,14,429.0,1,1
540,15,208.0,1,1
541,0,549.0,1,1
541,1,265.0,1,1
541,2,104.0,1,1
541,3,52.0,1,1
541,4,104.0,1,1
541,5,369.0,1,1
541,6,378.0,1,1
541,7,195.0,1,1
541,8,68.0,1,1
541,9,217.0,1,1
541,10,419.0,1,1
541,11,435.0,1,1
541,12,590.0,1,1
541,13,826.0,1,1
541,14,512.0,1,1
541,15,302.0,1,1
542,0,480.0,1,1
542,1,271.0,1,1
542,2,135.0,1,1
542,3,108.0,1,1
542,4,166.0,1,1
542,5,243.0,1,1
542,6,298.0,1,1
542,7,201.0,1,1
542,8,94.0,1,1
542,9,206.0,1,1
542,10,341.0,1,1
542,11,453.0,1,1
542,12,348.0,1,1
542,13,516.0,1,1
542,14,456.0,1,1
542,15,383.0,1,1
543,0,511.0,1,1
543,1,342.0,1,1
543,2,148.0,1,1
543,3,112.0,1,1
543,4,172.0,1,1
543,5,356.0,1,1
543,6,384.0,1,1
543,7,229.0,1,1
543,8,112.0,1,1
543,9,270.0,1,1
543,10,377.0,1,1
543,11,541.0,1,1
543,12,670.0,1,1
543,13,790.0,1,1
543,14,591.0,1,1
543,15,512.0,1,1
544,0,643.0,1,1
544,1,357.0,1,1
544,2,185.0,1,1
544,3,93.0,1,1
544,4,123.0,1,1
544,5,303.0,1,1
544,6,276.0,1,1
544,7,186.0,1,1
544,8,84.0,1,1
544,9,228.0,1,1
544,10,454.0,1,1
544,11,518.0,1,1
544,12,477.0,1,1
544,13,715.0,1,1
544,14,479.0,1,1
544,15,342.0,1,1
545,0,742.0,1,1
545,1,396.0,1,1
545,2,174.0,1,1
545,3,247.0,1,1
545,4,238.0,1,1
545,5,219.0,1,1
545,6,152.0,1,1
545,7,78.0,1,1
545,8,208.0,1,1
545,9,343.0,1,1
545,10,422.0,1,1
545,11,571.0,1,1
545,12,360.0,1,1
545,13,445.0,1,1
545,14,652.0,1,1
545,15,585.0,1,1
546,0,962.0,1,1
546,1,476.0,1,1
546,2,114.0,1,1
546,3,506.0,1,1
546,4,449.0,1,1
546,5,265.0,1,1
546,6,201.0,1,1
546,7,117.0,1,1
546,8,402.0,1,1
546,9,614.0,1,1
546,10,338.0,1,1
546,11,434.0,1,1
546,12,290.0,1,1
546,13,289.0,1,1
546,14,636.0,1,1
546,15,768.0,1,1
547,0,1189.0,1,1
547,1,351.0,1,1
547,2,101.0,1,1
547,3,578.0,1,1
547,4,432.0,1,1
547,5,278.0,1,1
547,6,186.0,1,1
547,7,117.0,1,1
547,8,379.0,1,1
547,9,644.0,1,1
547,10,380.0,1,1
547,11,403.0,1,1
547,12,328.0,1,1
547,13,387.0,1,1
547,14,1028.0,1,1
547,15,834.0,1,1
548,0,863.0,1,1
548,1,272.0,1,1
548,2,107.0,1,1
548,3,721.0,1,1
548,4,484.0,1,1
548,5,292.0,1,1
548,6,210.0,1,1
548,7,189.0,1,1
548,8,539.0,1,1
548,9,809.0,1,1
548,10,556.0,1,1
548,11,482.0,1,1
548,12,257.0,1,1
548,13,308.0,1,1
548,14,726.0,1,1
548,15,855.0,1,1
549,0,539.0,1,1
549,1,248.0,1,1
549,2,118.0,1,1
549,3,128.0,1,1
549,4,218.0,1,1
549,5,247.0,1,1
549,6,231.0,1,1
549,7,99.0,1,1
549,8,137.0,1,1
549,9,301.0,1,1
549,10,375.0,1,1
549,11,616.0,1,1
549,12,409.0,1,1
549,13,418.0,1,1
549,14,544.0,1,1
549,15,492.0,1,1
550,0,671.0,1,1
550,1,491.0,1,1
550,2,222.0,1,1
550,3,238.0,1,1
550,4,274.0,1,1
550,5,276.0,1,1
550,6,163.0,1,1
550,7,69.0,1,1
550,8,201.0,1,1
550,9,541.0,1,1
550,10,354.0,1,1
550,11,768.0,1,1
550,12,488.0,1,1
550,13,473.0,1,1
550,14,734.0,1,1
550,15,585.0,1,1
551,0,594.0,1,1
551,1,406.0,1,1
551,2,203.0,1,1
551,3,408.0,1,1
551,4,389.0,1,1
551,5,339.0,1,1
551,6,246.0,1,1
551,7,111.0,1,1
551,8,261.0,1,1
551,9,574.0,1,1
551,10,333.0,1,1
551,11,673.0,1,1
551,12,555.0,1,1
551,13,639.0,1,1
551,14,1081.0,1,1
551,15,619.0,1,1
552,0,496.0,1,1
552,1,391.0,1,1
552,2,217.0,1,1
552,3,241.0,1,1
552,4,279.0,1,1
552,5,343.0,1,1
552,6,270.0,1,1
552,7,176.0,1,1
552,8,237.0,1,1
552,9,430.0,1,1
552,10,319.0,1,1
552,11,615.0,1,1
552,12,397.0,1,1
552,13,536.0,1,1
552,14,664.0,1,1
552,15,618.0,1,1
553,0,439.0,1,1
553,1,299.0,1,1
553,2,183.0,1,1
553,3,143.0,1,1
553,4,145.0,1,1
553,5,102.0,1,1
553,6,212.0,1,1
553,7,98.0,1,1
553,8,69.0,1,1
553,9,196.0,1,1
553,10,327.0,1,1
553,11,534.0,1,1
553,12,208.0,1,1
553,13,315.0,1,1
553,14,318.0,1,1
553,15,579.0,1,1
554,0,267.0,1,1
554,1,141.0,1,1
554,2,130.0,1,1
554,3,120.0,1,1
554,4,177.0,1,1
554,5,99.0,1,1
554,6,205.0,1,1
554,7,95.0,1,1
554,8,82.0,1,1
554,9,337.0,1,1
554,10,311.0,1,1
554,11,448.0,1,1
554,12,275.0,1,1
554,13,531.0,1,1
554,14,382.0,1,1
554,15,438.0,1,1
555,0,88.0,1,1
555,1,58.0,1,1
555,2,36.0,1,1
555,3,92.0,1,1
555,4,163.0,1,1
555,5,56.0,1,1
555,6,167.0,1,1
555,7,66.0,1,1
555,8,53.0,1,1
555,9,244.0,1,1
555,10,223.0,1,1
555,11,232.0,1,1
555,12,131.0,1,1
555,13,281.0,1,1
555,14,229.0,1,1
555,15,307.0,1,1
556,0,53.0,1,1
556,1,37.0,1,1
556,2,17.0,1,1
556,3,64.0,1,1
556,4,127.0,1,1
556,5,34.0,1,1
556,6,105.0,1,1
556,7,32.0,1,1
556,8,42.0,1,1
556,9,224.0,1,1
556,10,200.0,1,1
556,11,138.0,1,1
556,12,108.0,1,1
556,13,260.0,1,1
556,14,174.0,1,1
556,15,183.0,1,1
557,0,30.0,1,1
557,1,28.0,1,1
557,2,8.0,1,1
557,3,29.0,1,1
557,4,126.0,1,1
557,5,5.0,1,1
557,6,48.0,1,1
557,7,6.0,1,1
557,8,11.0,1,1
557,9,291.0,1,1
557,10,197.0,1,1
557,11,106.0,1,1
557,12,40.0,1,1
557,13,173.0,1,1
557,14,73.0,1,1
557,15,117.0,1,1
558,0,25.0,1,1
558,1,6.0,1,1
558,2,6.0,1,1
558,3,18.0,1,1
558,4,102.0,1,1
558,5,3.0,1,1
558,6,29.0,1,1
558,7,3.0,1,1
558,8,6.0,1,1
558,9,226.0,1,1
558,10,186.0,1,1
558,11,39.0,1,1
558,12,14.0,1,1
558,13,79.0,1,1
558,14,36.0,1,1
558,15,76.0,1,1
559,0,20.0,1,1
559,1,11.0,1,1
559,2,8.0,1,1
559,3,9.0,1,1
559,4,85.0,1,1
559,5,1.0,1,1
559,6,13.0,1,1
559,7,2.0,1,1
559,8,2.0,1,1
559,9,137.0,1,1
559,10,92.0,1,1
559,11,61.0,1,1
559,12,8.0,1,1
559,13,47.0,1,1
559,14,20.0,1,1
559,15,47.0,1,1
560,0,128.0,1,1
560,1,34.0,1,1
560,2,25.0,1,1
560,3,24.0,1,1
560,4,91.0,1,1
560,5,8.0,1,1
560,6,35.0,1,1
560,7,12.0,1,1
560,8,13.0,1,1
560,9,102.0,1,1
560,10,343.0,1,1
560,11,101.0,1,1
560,12,32.0,1,1
560,13,129.0,1,1
560,14,86.0,1,1
560,15,93.0,1,1
561,0,112.0,1,1
561,1,134.0,1,1
561,2,34.0,1,1
561,3,81.0,1,1
561,4,209.0,1,1
561,5,94.0,1,1
561,6,149.0,1,1
561,7,84.0,1,1
561,8,51.0,1,1
561,9,305.0,1,1
561,10,459.0,1,1
561,11,265.0,1,1
561,12,129.0,1,1
561,13,379.0,1,1
561,14,221.0,1,1
561,15,276.0,1,1
562,0,228.0,1,1
562,1,232.0,1,1
562,2,88.0,1,1
562,3,154.0,1,1
562,4,259.0,1,1
562,5,138.0,1,1
562,6,238.0,1,1
562,7,165.0,1,1
562,8,97.0,1,1
562,9,718.0,1,1
562,10,507.0,1,1
562,11,445.0,1,1
562,12,234.0,1,1
562,13,602.0,1,1
562,14,440.0,1,1
562,15,597.0,1,1
563,0,326.0,1,1
563,1,229.0,1,1
563,2,116.0,1,1
563,3,62.0,1,1
563,4,88.0,1,1
563,5,99.0,1,1
563,6,94.0,1,1
563,7,96.0,1,1
563,8,57.0,1,1
563,9,39.0,1,1
563,10,0.0,1,1
563,11,449.0,1,1
563,12,90.0,1,1
563,13,155.0,1,1
563,14,202.0,1,1
563,15,180.0,1,1
564,0,440.0,1,1
564,1,217.0,1,1
564,2,125.0,1,1
564,3,78.0,1,1
564,4,153.0,1,1
564,5,60.0,1,1
564,6,128.0,1,1
564,7,63.0,1,1
564,8,74.0,1,1
564,9,251.0,1,1
564,10,490.0,1,1
564,11,413.0,1,1
564,12,171.0,1,1
564,13,615.0,1,1
564,14,266.0,1,1
564,15,212.0,1,1
565,0,423.0,1,1
565,1,206.0,1,1
565,2,126.0,1,1
565,3,128.0,1,1
565,4,226.0,1,1
565,5,122.0,1,1
565,6,250.0,1,1
565,7,95.0,1,1
565,8,89.0,1,1
565,9,340.0,1,1
565,10,507.0,1,1
565,11,471.0,1,1
565,12,225.0,1,1
565,13,868.0,1,1
565,14,423.0,1,1
565,15,397.0,1,1
566,0,505.0,1,1
566,1,314.0,1,1
566,2,172.0,1,1
566,3,227.0,1,1
566,4,156.0,1,1
566,5,233.0,1,1
566,6,374.0,1,1
566,7,182.0,1,1
566,8,127.0,1,1
566,9,261.0,1,1
566,10,557.0,1,1
566,11,607.0,1,1
566,12,336.0,1,1
566,13,540.0,1,1
566,14,508.0,1,1
566,15,547.0,1,1
567,0,610.0,1,1
567,1,422.0,1,1
567,2,127.0,1,1
567,3,244.0,1,1
567,4,289.0,1,1
567,5,275.0,1,1
567,6,376.0,1,1
567,7,192.0,1,1
567,8,153.0,1,1
567,9,531.0,1,1
567,10,442.0,1,1
567,11,640.0,1,1
567,12,456.0,1,1
567,13,977.0,1,1
567,14,626.0,1,1
567,15,674.0,1,1
568,0,769.0,1,1
568,1,358.0,1,1
568,2,190.0,1,1
568,3,159.0,1,1
568,4,209.0,1,1
568,5,161.0,1,1
568,6,294.0,1,1
568,7,144.0,1,1
568,8,130.0,1,1
568,9,352.0,1,1
568,10,402.0,1,1
568,11,510.0,1,1
568,12,272.0,1,1
568,13,745.0,1,1
568,14,471.0,1,1
568,15,406.0,1,1
569,0,721.0,1,1
569,1,381.0,1,1
569,2,172.0,1,1
569,3,222.0,1,1
569,4,121.0,1,1
569,5,592.0,1,1
569,6,372.0,1,1
569,7,323.0,1,1
569,8,314.0,1,1
569,9,121.0,1,1
569,10,355.0,1,1
569,11,575.0,1,1
569,12,726.0,1,1
569,13,749.0,1,1
569,14,770.0,1,1
569,15,560.0,1,1
570,0,719.0,1,1
570,1,391.0,1,1
570,2,161.0,1,1
570,3,255.0,1,1
570,4,105.0,1,1
570,5,1084.0,1,1
570,6,495.0,1,1
570,7,828.0,1,1
570,8,349.0,1,1
570,9,96.0,1,1
570,10,391.0,1,1
570,11,462.0,1,1
570,12,623.0,1,1
570,13,347.0,1,1
570,14,935.0,1,1
570,15,701.0,1,1
571,0,731.0,1,1
571,1,316.0,1,1
571,2,176.0,1,1
571,3,304.0,1,1
571,4,116.0,1,1
571,5,1124.0,1,1
571,6,541.0,1,1
571,7,828.0,1,1
571,8,553.0,1,1
571,9,105.0,1,1
571,10,359.0,1,1
571,11,463.0,1,1
571,12,837.0,1,1
571,13,639.0,1,1
571,14,1162.0,1,1
571,15,813.0,1,1
572,0,730.0,1,1
572,1,317.0,1,1
572,2,229.0,1,1
572,3,225.0,1,1
572,4,86.0,1,1
572,5,1084.0,1,1
572,6,473.0,1,1
572,7,766.0,1,1
572,8,327.0,1,1
572,9,62.0,1,1
572,10,374.0,1,1
572,11,559.0,1,1
572,12,426.0,1,1
572,13,282.0,1,1
572,14,847.0,1,1
572,15,497.0,1,1
573,0,834.0,1,1
573,1,359.0,1,1
573,2,190.0,1,1
573,3,183.0,1,1
573,4,144.0,1,1
573,5,267.0,1,1
573,6,320.0,1,1
573,7,194.0,1,1
573,8,138.0,1,1
573,9,175.0,1,1
573,10,407.0,1,1
573,11,621.0,1,1
573,12,377.0,1,1
573,13,663.0,1,1
573,14,609.0,1,1
573,15,524.0,1,1
574,0,697.0,1,1
574,1,386.0,1,1
574,2,202.0,1,1
574,3,159.0,1,1
574,4,130.0,1,1
574,5,321.0,1,1
574,6,276.0,1,1
574,7,292.0,1,1
574,8,206.0,1,1
574,9,98.0,1,1
574,10,391.0,1,1
574,11,750.0,1,1
574,12,495.0,1,1
574,13,748.0,1,1
574,14,817.0,1,1
574,15,498.0,1,1
575,0,567.0,1,1
575,1,429.0,1,1
575,2,188.0,1,1
575,3,246.0,1,1
575,4,183.0,1,1
575,5,707.0,1,1
575,6,419.0,1,1
575,7,565.0,1,1
575,8,403.0,1,1
575,9,210.0,1,1
575,10,281.0,1,1
575,11,658.0,1,1
575,12,934.0,1,1
575,13,947.0,1,1
575,14,1013.0,1,1
575,15,803.0,1,1
576,0,739.0,1,1
576,1,679.0,1,1
576,2,132.0,1,1
576,3,256.0,1,1
576,4,151.0,1,1
576,5,558.0,1,1
576,6,450.0,1,1
576,7,413.0,1,1
576,8,249.0,1,1
576,9,185.0,1,1
576,10,328.0,1,1
576,11,649.0,1,1
576,12,526.0,1,1
576,13,680.0,1,1
576,14,855.0,1,1
576,15,638.0,1,1
577,0,570.0,1,1
577,1,693.0,1,1
577,2,144.0,1,1
577,3,194.0,1,1
577,4,147.0,1,1
577,5,298.0,1,1
577,6,220.0,1,1
577,7,128.0,1,1
577,8,127.0,1,1
577,9,240.0,1,1
577,10,310.0,1,1
577,11,574.0,1,1
577,12,274.0,1,1
577,13,338.0,1,1
577,14,354.0,1,1
577,15,390.0,1,1
578,0,338.0,1,1
578,1,231.0,1,1
578,2,188.0,1,1
578,3,257.0,1,1
578,4,172.0,1,1
578,5,397.0,1,1
578,6,291.0,1,1
578,7,179.0,1,1
578,8,115.0,1,1
578,9,224.0,1,1
578,10,284.0,1,1
578,11,447.0,1,1
578,12,450.0,1,1
578,13,397.0,1,1
578,14,437.0,1,1
578,15,505.0,1,1
579,0,159.0,1,1
579,1,80.0,1,1
579,2,48.0,1,1
579,3,187.0,1,1
579,4,123.0,1,1
579,5,336.0,1,1
579,6,178.0,1,1
579,7,106.0,1,1
579,8,85.0,1,1
579,9,156.0,1,1
579,10,291.0,1,1
579,11,394.0,1,1
579,12,253.0,1,1
579,13,318.0,1,1
579,14,428.0,1,1
579,15,269.0,1,1
580,0,84.0,1,1
580,1,58.0,1,1
580,2,25.0,1,1
580,3,108.0,1,1
580,4,89.0,1,1
580,5,277.0,1,1
580,6,152.0,1,1
580,7,90.0,1,1
580,8,68.0,1,1
580,9,105.0,1,1
580,10,221.0,1,1
580,11,203.0,1,1
580,12,299.0,1,1
580,13,255.0,1,1
580,14,286.0,1,1
580,15,253.0,1,1
581,0,37.0,1,1
581,1,18.0,1,1
581,2,7.0,1,1
581,3,119.0,1,1
581,4,60.0,1,1
581,5,292.0,1,1
581,6,86.0,1,1
581,7,42.0,1,1
581,8,40.0,1,1
581,9,57.0,1,1
581,10,193.0,1,1
581,11,83.0,1,1
581,12,218.0,1,1
581,13,112.0,1,1
581,14,229.0,1,1
581,15,178.0,1,1
582,0,32.0,1,1
582,1,22.0,1,1
582,2,19.0,1,1
582,3,84.0,1,1
582,4,31.0,1,1
582,5,188.0,1,1
582,6,49.0,1,1
582,7,17.0,1,1
582,8,30.0,1,1
582,9,30.0,1,1
582,10,199.0,1,1
582,11,46.0,1,1
582,12,108.0,1,1
582,13,71.0,1,1
582,14,185.0,1,1
582,15,94.0,1,1
583,0,31.0,1,1
583,1,10.0,1,1
583,2,15.0,1,1
583,3,62.0,1,1
583,4,19.0,1,1
583,5,152.0,1,1
583,6,30.0,1,1
583,7,8.0,1,1
583,8,17.0,1,1
583,9,16.0,1,1
583,10,115.0,1,1
583,11,57.0,1,1
583,12,62.0,1,1
583,13,45.0,1,1
583,14,129.0,1,1
583,15,51.0,1,1
584,0,88.0,1,1
584,1,29.0,1,1
584,2,22.0,1,1
584,3,63.0,1,1
584,4,44.0,1,1
584,5,163.0,1,1
584,6,67.0,1,1
584,7,28.0,1,1
584,8,31.0,1,1
584,9,41.0,1,1
584,10,181.0,1,1
584,11,58.0,1,1
584,12,130.0,1,1
584,13,95.0,1,1
584,14,167.0,1,1
584,15,108.0,1,1
585,0,103.0,1,1
585,1,56.0,1,1
585,2,27.0,1,1
585,3,205.0,1,1
585,4,163.0,1,1
585,5,364.0,1,1
585,6,211.0,1,1
585,7,97.0,1,1
585,8,80.0,1,1
585,9,141.0,1,1
585,10,233.0,1,1
585,11,106.0,1,1
585,12,321.0,1,1
585,13,343.0,1,1
585,14,556.0,1,1
585,15,286.0,1,1
586,0,129.0,1,1
586,1,76.0,1,1
586,2,60.0,1,1
586,3,294.0,1,1
586,4,237.0,1,1
586,5,436.0,1,1
586,6,320.0,1,1
586,7,138.0,1,1
586,8,124.0,1,1
586,9,186.0,1,1
586,10,291.0,1,1
586,11,182.0,1,1
586,12,426.0,1,1
586,13,455.0,1,1
586,14,692.0,1,1
586,15,566.0,1,1
587,0,242.0,1,1
587,1,108.0,1,1
587,2,63.0,1,1
587,3,83.0,1,1
587,4,80.0,1,1
587,5,140.0,1,1
587,6,135.0,1,1
587,7,55.0,1,1
587,8,48.0,1,1
587,9,83.0,1,1
587,10,0.0,1,1
587,11,288.0,1,1
587,12,116.0,1,1
587,13,272.0,1,1
587,14,228.0,1,1
587,15,120.0,1,1
588,0,314.0,1,1
588,1,147.0,1,1
588,2,74.0,1,1
588,3,158.0,1,1
588,4,177.0,1,1
588,5,326.0,1,1
588,6,297.0,1,1
588,7,138.0,1,1
588,8,74.0,1,1
588,9,142.0,1,1
588,10,325.0,1,1
588,11,268.0,1,1
588,12,418.0,1,1
588,13,298.0,1,1
588,14,477.0,1,1
588,15,375.0,1,1
589,0,329.0,1,1
589,1,137.0,1,1
589,2,71.0,1,1
589,3,290.0,1,1
589,4,275.0,1,1
589,5,463.0,1,1
589,6,414.0,1,1
589,7,211.0,1,1
589,8,122.0,1,1
589,9,236.0,1,1
589,10,293.0,1,1
589,11,358.0,1,1
589,12,624.0,1,1
589,13,446.0,1,1
589,14,824.0,1,1
589,15,535.0,1,1
590,0,481.0,1,1
590,1,222.0,1,1
590,2,136.0,1,1
590,3,232.0,1,1
590,4,205.0,1,1
590,5,367.0,1,1
590,6,380.0,1,1
590,7,223.0,1,1
590,8,169.0,1,1
590,9,309.0,1,1
590,10,382.0,1,1
590,11,407.0,1,1
590,12,414.0,1,1
590,13,660.0,1,1
590,14,525.0,1,1
590,15,467.0,1,1
591,0,620.0,1,1
591,1,336.0,1,1
591,2,123.0,1,1
591,3,382.0,1,1
591,4,291.0,1,1
591,5,667.0,1,1
591,6,545.0,1,1
591,7,291.0,1,1
591,8,172.0,1,1
591,9,372.0,1,1
591,10,396.0,1,1
591,11,437.0,1,1
591,12,645.0,1,1
591,13,747.0,1,1
591,14,975.0,1,1
591,15,657.0,1,1
592,0,571.0,1,1
592,1,363.0,1,1
592,2,127.0,1,1
592,3,245.0,1,1
592,4,248.0,1,1
592,5,413.0,1,1
592,6,404.0,1,1
592,7,215.0,1,1
592,8,134.0,1,1
592,9,279.0,1,1
592,10,371.0,1,1
592,11,412.0,1,1
592,12,605.0,1,1
592,13,508.0,1,1
592,14,621.0,1,1
592,15,444.0,1,1
593,0,725.0,1,1
593,1,272.0,1,1
593,2,121.0,1,1
593,3,142.0,1,1
593,4,272.0,1,1
593,5,258.0,1,1
593,6,496.0,1,1
593,7,363.0,1,1
593,8,114.0,1,1
593,9,395.0,1,1
593,10,350.0,1,1
593,11,473.0,1,1
593,12,517.0,1,1
593,13,701.0,1,1
593,14,402.0,1,1
593,15,381.0,1,1
594,0,773.0,1,1
594,1,369.0,1,1
594,2,176.0,1,1
594,3,141.0,1,1
594,4,178.0,1,1
594,5,223.0,1,1
594,6,352.0,1,1
594,7,198.0,1,1
594,8,161.0,1,1
594,9,422.0,1,1
594,10,442.0,1,1
594,11,496.0,1,1
594,12,241.0,1,1
594,13,837.0,1,1
594,14,341.0,1,1
594,15,368.0,1,1
595,0,864.0,1,1
595,1,338.0,1,1
595,2,110.0,1,1
595,3,140.0,1,1
595,4,258.0,1,1
595,5,239.0,1,1
595,6,511.0,1,1
595,7,330.0,1,1
595,8,184.0,1,1
595,9,434.0,1,1
595,10,337.0,1,1
595,11,461.0,1,1
595,12,350.0,1,1
595,13,974.0,1,1
595,14,405.0,1,1
595,15,520.0,1,1
596,0,693.0,1,1
596,1,320.0,1,1
596,2,77.0,1,1
596,3,100.0,1,1
596,4,145.0,1,1
596,5,174.0,1,1
596,6,287.0,1,1
596,7,167.0,1,1
596,8,168.0,1,1
596,9,361.0,1,1
596,10,457.0,1,1
596,11,402.0,1,1
596,12,222.0,1,1
596,13,831.0,1,1
596,14,282.0,1,1
596,15,345.0,1,1
597,0,712.0,1,1
597,1,324.0,1,1
597,2,140.0,1,1
597,3,202.0,1,1
597,4,204.0,1,1
597,5,347.0,1,1
597,6,390.0,1,1
597,7,223.0,1,1
597,8,124.0,1,1
597,9,292.0,1,1
597,10,454.0,1,1
597,11,487.0,1,1
597,12,385.0,1,1
597,13,490.0,1,1
597,14,521.0,1,1
597,15,484.0,1,1
598,0,670.0,1,1
598,1,454.0,1,1
598,2,234.0,1,1
598,3,154.0,1,1
598,4,251.0,1,1
598,5,274.0,1,1
598,6,468.0,1,1
598,7,268.0,1,1
598,8,104.0,1,1
598,9,305.0,1,1
598,10,303.0,1,1
598,11,649.0,1,1
598,12,427.0,1,1
598,13,561.0,1,1
598,14,409.0,1,1
598,15,418.0,1,1
599,0,635.0,1,1
599,1,419.0,1,1
599,2,175.0,1,1
599,3,213.0,1,1
599,4,355.0,1,1
599,5,325.0,1,1
599,6,574.0,1,1
599,7,482.0,1,1
599,8,154.0,1,1
599,9,471.0,1,1
599,10,291.0,1,1
599,11,487.0,1,1
599,12,605.0,1,1
599,13,825.0,1,1
599,14,580.0,1,1
599,15,566.0,1,1
600,0,524.0,1,1
600,1,306.0,1,1
600,2,176.0,1,1
600,3,204.0,1,1
600,4,256.0,1,1
600,5,331.0,1,1
600,6,458.0,1,1
600,7,283.0,1,1
600,8,172.0,1,1
600,9,388.0,1,1
600,10,334.0,1,1
600,11,513.0,1,1
600,12,449.0,1,1
600,13,809.0,1,1
600,14,505.0,1,1
600,15,548.0,1,1
601,0,367.0,1,1
601,1,186.0,1,1
601,2,148.0,1,1
601,3,130.0,1,1
601,4,158.0,1,1
601,5,369.0,1,1
601,6,279.0,1,1
601,7,71.0,1,1
601,8,127.0,1,1
601,9,273.0,1,1
601,10,105.0,1,1
601,11,141.0,1,1
601,12,347.0,1,1
601,13,261.0,1,1
601,14,442.0,1,1
601,15,205.0,1,1
602,0,294.0,1,1
602,1,112.0,1,1
602,2,73.0,1,1
602,3,109.0,1,1
602,4,119.0,1,1
602,5,214.0,1,1
602,6,212.0,1,1
602,7,50.0,1,1
602,8,81.0,1,1
602,9,238.0,1,1
602,10,270.0,1,1
602,11,247.0,1,1
602,12,304.0,1,1
602,13,217.0,1,1
602,14,337.0,1,1
602,15,117.0,1,1
603,0,107.0,1,1
603,1,56.0,1,1
603,2,33.0,1,1
603,3,93.0,1,1
603,4,60.0,1,1
603,5,202.0,1,1
603,6,127.0,1,1
603,7,37.0,1,1
603,8,73.0,1,1
603,9,192.0,1,1
603,10,282.0,1,1
603,11,241.0,1,1
603,12,206.0,1,1
603,13,157.0,1,1
603,14,357.0,1,1
603,15,147.0,1,1
604,0,48.0,1,1
604,1,30.0,1,1
604,2,9.0,1,1
604,3,71.0,1,1
604,4,51.0,1,1
604,5,131.0,1,1
604,6,95.0,1,1
604,7,19.0,1,1
604,8,48.0,1,1
604,9,133.0,1,1
604,10,228.0,1,1
604,11,136.0,1,1
604,12,190.0,1,1
604,13,102.0,1,1
604,14,341.0,1,1
604,15,51.0,1,1
605,0,31.0,1,1
605,1,24.0,1,1
605,2,7.0,1,1
605,3,21.0,1,1
605,4,16.0,1,1
605,5,79.0,1,1
605,6,42.0,1,1
605,7,4.0,1,1
605,8,17.0,1,1
605,9,94.0,1,1
605,10,187.0,1,1
605,11,65.0,1,1
605,12,80.0,1,1
605,13,22.0,1,1
605,14,275.0,1,1
605,15,8.0,1,1
606,0,28.0,1,1
606,1,17.0,1,1
606,2,8.0,1,1
606,3,15.0,1,1
606,4,8.0,1,1
606,5,78.0,1,1
606,6,35.0,1,1
606,7,2.0,1,1
606,8,14.0,1,1
606,9,77.0,1,1
606,10,175.0,1,1
606,11,69.0,1,1
606,12,64.0,1,1
606,13,18.0,1,1
606,14,313.0,1,1
606,15,11.0,1,1
607,0,35.0,1,1
607,1,18.0,1,1
607,2,8.0,1,1
607,3,8.0,1,1
607,4,3.0,1,1
607,5,44.0,1,1
607,6,22.0,1,1
607,7,1.0,1,1
607,8,8.0,1,1
607,9,63.0,1,1
607,10,120.0,1,1
607,11,72.0,1,1
607,12,35.0,1,1
607,13,8.0,1,1
607,14,258.0,1,1
607,15,6.0,1,1
608,0,174.0,1,1
608,1,78.0,1,1
608,2,34.0,1,1
608,3,40.0,1,1
608,4,23.0,1,1
608,5,72.0,1,1
608,6,83.0,1,1
608,7,9.0,1,1
608,8,42.0,1,1
608,9,150.0,1,1
608,10,329.0,1,1
608,11,145.0,1,1
608,12,141.0,1,1
608,13,70.0,1,1
608,14,370.0,1,1
608,15,41.0,1,1
609,0,296.0,1,1
609,1,282.0,1,1
609,2,72.0,1,1
609,3,171.0,1,1
609,4,108.0,1,1
609,5,322.0,1,1
609,6,277.0,1,1
609,7,74.0,1,1
609,8,183.0,1,1
609,9,512.0,1,1
609,10,444.0,1,1
609,11,349.0,1,1
609,12,434.0,1,1
609,13,437.0,1,1
609,14,816.0,1,1
609,15,508.0,1,1
610,0,603.0,1,1
610,1,426.0,1,1
610,2,97.0,1,1
610,3,255.0,1,1
610,4,200.0,1,1
610,5,473.0,1,1
610,6,503.0,1,1
610,7,131.0,1,1
610,8,251.0,1,1
610,9,976.0,1,1
610,10,485.0,1,1
610,11,624.0,1,1
610,12,679.0,1,1
610,13,838.0,1,1
610,14,1064.0,1,1
610,15,956.0,1,1
611,0,997.0,1,1
611,1,657.0,1,1
611,2,152.0,1,1
611,3,179.0,1,1
611,4,138.0,1,1
611,5,169.0,1,1
611,6,418.0,1,1
611,7,100.0,1,1
611,8,178.0,1,1
611,9,263.0,1,1
611,10,0.0,1,1
611,11,403.0,1,1
611,12,389.0,1,1
611,13,697.0,1,1
611,14,428.0,1,1
611,15,707.0,1,1
612,0,456.0,1,1
612,1,273.0,1,1
612,2,75.0,1,1
612,3,120.0,1,1
612,4,129.0,1,1
612,5,147.0,1,1
612,6,191.0,1,1
612,7,45.0,1,1
612,8,83.0,1,1
612,9,231.0,1,1
612,10,296.0,1,1
612,11,408.0,1,1
612,12,303.0,1,1
612,13,236.0,1,1
612,14,416.0,1,1
612,15,83.0,1,1
613,0,544.0,1,1
613,1,321.0,1,1
613,2,74.0,1,1
613,3,165.0,1,1
613,4,129.0,1,1
613,5,229.0,1,1
613,6,237.0,1,1
613,7,69.0,1,1
613,8,106.0,1,1
613,9,319.0,1,1
613,10,370.0,1,1
613,11,435.0,1,1
613,12,334.0,1,1
613,13,339.0,1,1
613,14,470.0,1,1
613,15,148.0,1,1
614,0,546.0,1,1
614,1,286.0,1,1
614,2,70.0,1,1
614,3,188.0,1,1
614,4,215.0,1,1
614,5,366.0,1,1
614,6,306.0,1,1
614,7,99.0,1,1
614,8,143.0,1,1
614,9,220.0,1,1
614,10,364.0,1,1
614,11,478.0,1,1
614,12,440.0,1,1
614,13,381.0,1,1
614,14,373.0,1,1
614,15,308.0,1,1
615,0,506.0,1,1
615,1,346.0,1,1
615,2,82.0,1,1
615,3,236.0,1,1
615,4,209.0,1,1
615,5,352.0,1,1
615,6,359.0,1,1
615,7,152.0,1,1
615,8,161.0,1,1
615,9,355.0,1,1
615,10,0.0,1,1
615,11,559.0,1,1
615,12,395.0,1,1
615,13,493.0,1,1
615,14,455.0,1,1
615,15,341.0,1,1
616,0,707.0,1,1
616,1,275.0,1,1
616,2,132.0,1,1
616,3,216.0,1,1
616,4,166.0,1,1
616,5,221.0,1,1
616,6,272.0,1,1
616,7,107.0,1,1
616,8,141.0,1,1
616,9,259.0,1,1
616,10,0.0,1,1
616,11,429.0,1,1
616,12,378.0,1,1
616,13,401.0,1,1
616,14,392.0,1,1
616,15,206.0,1,1
617,0,776.0,1,1
617,1,405.0,1,1
617,2,121.0,1,1
617,3,304.0,1,1
617,4,399.0,1,1
617,5,223.0,1,1
617,6,433.0,1,1
617,7,343.0,1,1
617,8,257.0,1,1
617,9,190.0,1,1
617,10,521.0,1,1
617,11,362.0,1,1
617,12,419.0,1,1
617,13,669.0,1,1
617,14,219.0,1,1
617,15,343.0,1,1
618,0,921.0,1,1
618,1,520.0,1,1
618,2,109.0,1,1
618,3,411.0,1,1
618,4,462.0,1,1
618,5,412.0,1,1
618,6,596.0,1,1
618,7,696.0,1,1
618,8,380.0,1,1
618,9,292.0,1,1
618,10,400.0,1,1
618,11,390.0,1,1
618,12,600.0,1,1
618,13,1006.0,1,1
618,14,277.0,1,1
618,15,1598.0,1,1
619,0,1095.0,1,1
619,1,476.0,1,1
619,2,93.0,1,1
619,3,544.0,1,1
619,4,676.0,1,1
619,5,354.0,1,1
619,6,718.0,1,1
619,7,644.0,1,1
619,8,374.0,1,1
619,9,285.0,1,1
619,10,443.0,1,1
619,11,396.0,1,1
619,12,790.0,1,1
619,13,1434.0,1,1
619,14,286.0,1,1
619,15,1251.0,1,1
620,0,1862.0,1,1
620,1,760.0,1,1
620,2,278.0,1,1
620,3,482.0,1,1
620,4,481.0,1,1
620,5,470.0,1,1
620,6,632.0,1,1
620,7,683.0,1,1
620,8,500.0,1,1
620,9,253.0,1,1
620,10,446.0,1,1
620,11,478.0,1,1
620,12,880.0,1,1
620,13,1391.0,1,1
620,14,329.0,1,1
620,15,2960.0,1,1
621,0,627.0,1,1
621,1,287.0,1,1
621,2,109.0,1,1
621,3,244.0,1,1
621,4,254.0,1,1
621,5,253.0,1,1
621,6,399.0,1,1
621,7,200.0,1,1
621,8,145.0,1,1
621,9,265.0,1,1
621,10,454.0,1,1
621,11,459.0,1,1
621,12,345.0,1,1
621,13,570.0,1,1
621,14,321.0,1,1
621,15,319.0,1,1
622,0,695.0,1,1
622,1,345.0,1,1
622,2,25.0,1,1
622,3,318.0,1,1
622,4,365.0,1,1
622,5,223.0,1,1
622,6,497.0,1,1
622,7,355.0,1,1
622,8,217.0,1,1
622,9,240.0,1,1
622,10,481.0,1,1
622,11,575.0,1,1
622,12,385.0,1,1
622,13,656.0,1,1
622,14,282.0,1,1
622,15,365.0,1,1
623,0,456.0,1,1
623,1,236.0,1,1
623,2,53.0,1,1
623,3,430.0,1,1
623,4,523.0,1,1
623,5,317.0,1,1
623,6,654.0,1,1
623,7,462.0,1,1
623,8,328.0,1,1
623,9,325.0,1,1
623,10,356.0,1,1
623,11,353.0,1,1
623,12,582.0,1,1
623,13,1158.0,1,1
623,14,339.0,1,1
623,15,778.0,1,1
624,0,370.0,1,1
624,1,203.0,1,1
624,2,81.0,1,1
624,3,271.0,1,1
624,4,374.0,1,1
624,5,383.0,1,1
624,6,486.0,1,1
624,7,308.0,1,1
624,8,233.0,1,1
624,9,298.0,1,1
624,10,375.0,1,1
624,11,223.0,1,1
624,12,572.0,1,1
624,13,888.0,1,1
624,14,398.0,1,1
624,15,779.0,1,1
625,0,313.0,1,1
625,1,160.0,1,1
625,2,97.0,1,1
625,3,66.0,1,1
625,4,103.0,1,1
625,5,335.0,1,1
625,6,120.0,1,1
625,7,213.0,1,1
625,8,116.0,1,1
625,9,266.0,1,1
625,10,337.0,1,1
625,11,181.0,1,1
625,12,199.0,1,1
625,13,275.0,1,1
625,14,233.0,1,1
625,15,146.0,1,1
626,0,203.0,1,1
626,1,82.0,1,1
626,2,58.0,1,1
626,3,53.0,1,1
626,4,107.0,1,1
626,5,253.0,1,1
626,6,78.0,1,1
626,7,205.0,1,1
626,8,85.0,1,1
626,9,186.0,1,1
626,10,245.0,1,1
626,11,111.0,1,1
626,12,228.0,1,1
626,13,202.0,1,1
626,14,150.0,1,1
626,15,95.0,1,1
627,0,69.0,1,1
627,1,34.0,1,1
627,2,12.0,1,1
627,3,37.0,1,1
627,4,49.0,1,1
627,5,279.0,1,1
627,6,34.0,1,1
627,7,187.0,1,1
627,8,71.0,1,1
627,9,175.0,1,1
627,10,349.0,1,1
627,11,67.0,1,1
627,12,96.0,1,1
627,13,113.0,1,1
627,14,147.0,1,1
627,15,44.0,1,1
628,0,46.0,1,1
628,1,27.0,1,1
628,2,3.0,1,1
628,3,23.0,1,1
628,4,45.0,1,1
628,5,215.0,1,1
628,6,19.0,1,1
628,7,182.0,1,1
628,8,54.0,1,1
628,9,137.0,1,1
628,10,310.0,1,1
628,11,58.0,1,1
628,12,86.0,1,1
628,13,75.0,1,1
628,14,79.0,1,1
628,15,20.0,1,1
629,0,31.0,1,1
629,1,13.0,1,1
629,2,4.0,1,1
629,3,5.0,1,1
629,4,16.0,1,1
629,5,167.0,1,1
629,6,4.0,1,1
629,7,171.0,1,1
629,8,23.0,1,1
629,9,80.0,1,1
629,10,307.0,1,1
629,11,34.0,1,1
629,12,19.0,1,1
629,13,19.0,1,1
629,14,23.0,1,1
629,15,3.0,1,1
630,0,21.0,1,1
630,1,11.0,1,1
630,2,4.0,1,1
630,3,3.0,1,1
630,4,10.0,1,1
630,5,168.0,1,1
630,6,2.0,1,1
630,7,169.0,1,1
630,8,20.0,1,1
630,9,77.0,1,1
630,10,276.0,1,1
630,11,29.0,1,1
630,12,7.0,1,1
630,13,11.0,1,1
630,14,23.0,1,1
630,15,2.0,1,1
631,0,28.0,1,1
631,1,9.0,1,1
631,2,14.0,1,1
631,3,1.0,1,1
631,4,7.0,1,1
631,5,129.0,1,1
631,6,1.0,1,1
631,7,86.0,1,1
631,8,14.0,1,1
631,9,65.0,1,1
631,10,110.0,1,1
631,11,55.0,1,1
631,12,3.0,1,1
631,13,5.0,1,1
631,14,14.0,1,1
631,15,1.0,1,1
632,0,191.0,1,1
632,1,93.0,1,1
632,2,39.0,1,1
632,3,12.0,1,1
632,4,27.0,1,1
632,5,215.0,1,1
632,6,9.0,1,1
632,7,182.0,1,1
632,8,40.0,1,1
632,9,115.0,1,1
632,10,411.0,1,1
632,11,113.0,1,1
632,12,27.0,1,1
632,13,43.0,1,1
632,14,52.0,1,1
632,15,14.0,1,1
633,0,298.0,1,1
633,1,342.0,1,1
633,2,90.0,1,1
633,3,117.0,1,1
633,4,172.0,1,1
633,5,680.0,1,1
633,6,90.0,1,1
633,7,406.0,1,1
633,8,256.0,1,1
633,9,510.0,1,1
633,10,416.0,1,1
633,11,374.0,1,1
633,12,204.0,1,1
633,13,345.0,1,1
633,14,418.0,1,1
633,15,149.0,1,1
634,0,554.0,1,1
634,1,537.0,1,1
634,2,137.0,1,1
634,3,160.0,1,1
634,4,276.0,1,1
634,5,995.0,1,1
634,6,226.0,1,1
634,7,728.0,1,1
634,8,325.0,1,1
634,9,708.0,1,1
634,10,670.0,1,1
634,11,672.0,1,1
634,12,399.0,1,1
634,13,560.0,1,1
634,14,553.0,1,1
634,15,374.0,1,1
635,0,896.0,1,1
635,1,815.0,1,1
635,2,295.0,1,1
635,3,154.0,1,1
635,4,176.0,1,1
635,5,344.0,1,1
635,6,123.0,1,1
635,7,104.0,1,1
635,8,205.0,1,1
635,9,324.0,1,1
635,10,0.0,1,1
635,11,435.0,1,1
635,12,214.0,1,1
635,13,406.0,1,1
635,14,405.0,1,1
635,15,222.0,1,1
636,0,396.0,1,1
636,1,240.0,1,1
636,2,163.0,1,1
636,3,71.0,1,1
636,4,114.0,1,1
636,5,335.0,1,1
636,6,52.0,1,1
636,7,269.0,1,1
636,8,85.0,1,1
636,9,197.0,1,1
636,10,501.0,1,1
636,11,385.0,1,1
636,12,257.0,1,1
636,13,202.0,1,1
636,14,128.0,1,1
636,15,86.0,1,1
637,0,475.0,1,1
637,1,243.0,1,1
637,2,188.0,1,1
637,3,100.0,1,1
637,4,129.0,1,1
637,5,466.0,1,1
637,6,76.0,1,1
637,7,313.0,1,1
637,8,141.0,1,1
637,9,300.0,1,1
637,10,553.0,1,1
637,11,428.0,1,1
637,12,310.0,1,1
637,13,285.0,1,1
637,14,151.0,1,1
637,15,122.0,1,1
638,0,531.0,1,1
638,1,339.0,1,1
638,2,100.0,1,1
638,3,108.0,1,1
638,4,153.0,1,1
638,5,253.0,1,1
638,6,148.0,1,1
638,7,200.0,1,1
638,8,162.0,1,1
638,9,242.0,1,1
638,10,423.0,1,1
638,11,428.0,1,1
638,12,433.0,1,1
638,13,293.0,1,1
638,14,327.0,1,1
638,15,187.0,1,1
639,0,523.0,1,1
639,1,362.0,1,1
639,2,100.0,1,1
639,3,148.0,1,1
639,4,220.0,1,1
639,5,434.0,1,1
639,6,180.0,1,1
639,7,362.0,1,1
639,8,201.0,1,1
639,9,336.0,1,1
639,10,413.0,1,1
639,11,438.0,1,1
639,12,556.0,1,1
639,13,385.0,1,1
639,14,408.0,1,1
639,15,197.0,1,1
640,0,538.0,1,1
640,1,304.0,1,1
640,2,170.0,1,1
640,3,105.0,1,1
640,4,133.0,1,1
640,5,348.0,1,1
640,6,125.0,1,1
640,7,260.0,1,1
640,8,149.0,1,1
640,9,258.0,1,1
640,10,463.0,1,1
640,11,430.0,1,1
640,12,399.0,1,1
640,13,309.0,1,1
640,14,209.0,1,1
640,15,203.0,1,1
641,0,786.0,1,1
641,1,408.0,1,1
641,2,151.0,1,1
641,3,272.0,1,1
641,4,241.0,1,1
641,5,203.0,1,1
641,6,457.0,1,1
641,7,154.0,1,1
641,8,158.0,1,1
641,9,178.0,1,1
641,10,524.0,1,1
641,11,410.0,1,1
641,12,1027.0,1,1
641,13,698.0,1,1
641,14,405.0,1,1
641,15,777.0,1,1
642,0,946.0,1,1
642,1,467.0,1,1
642,2,87.0,1,1
642,3,397.0,1,1
642,4,291.0,1,1
642,5,248.0,1,1
642,6,979.0,1,1
642,7,116.0,1,1
642,8,197.0,1,1
642,9,212.0,1,1
642,10,410.0,1,1
642,11,282.0,1,1
642,12,1082.0,1,1
642,13,1578.0,1,1
642,14,913.0,1,1
642,15,1600.0,1,1
643,0,997.0,1,1
643,1,379.0,1,1
643,2,71.0,1,1
643,3,439.0,1,1
643,4,372.0,1,1
643,5,266.0,1,1
643,6,1017.0,1,1
643,7,128.0,1,1
643,8,217.0,1,1
643,9,278.0,1,1
643,10,401.0,1,1
643,11,470.0,1,1
643,12,1775.0,1,1
643,13,1478.0,1,1
643,14,756.0,1,1
643,15,2011.0,1,1
644,0,760.0,1,1
644,1,335.0,1,1
644,2,102.0,1,1
644,3,471.0,1,1
644,4,293.0,1,1
644,5,296.0,1,1
644,6,1088.0,1,1
644,7,103.0,1,1
644,8,262.0,1,1
644,9,328.0,1,1
644,10,356.0,1,1
644,11,370.0,1,1
644,12,1108.0,1,1
644,13,1886.0,1,1
644,14,1214.0,1,1
644,15,1742.0,1,1
645,0,653.0,1,1
645,1,295.0,1,1
645,2,160.0,1,1
645,3,181.0,1,1
645,4,203.0,1,1
645,5,251.0,1,1
645,6,218.0,1,1
645,7,195.0,1,1
645,8,138.0,1,1
645,9,231.0,1,1
645,10,435.0,1,1
645,11,464.0,1,1
645,12,526.0,1,1
645,13,514.0,1,1
645,14,285.0,1,1
645,15,350.0,1,1
646,0,602.0,1,1
646,1,353.0,1,1
646,2,77.0,1,1
646,3,336.0,1,1
646,4,265.0,1,1
646,5,292.0,1,1
646,6,380.0,1,1
646,7,158.0,1,1
646,8,155.0,1,1
646,9,233.0,1,1
646,10,437.0,1,1
646,11,334.0,1,1
646,12,932.0,1,1
646,13,908.0,1,1
646,14,333.0,1,1
646,15,697.0,1,1
647,0,488.0,1,1
647,1,243.0,1,1
647,2,9.0,1,1
647,3,436.0,1,1
647,4,333.0,1,1
647,5,324.0,1,1
647,6,555.0,1,1
647,7,184.0,1,1
647,8,205.0,1,1
647,9,276.0,1,1
647,10,406.0,1,1
647,11,463.0,1,1
647,12,1444.0,1,1
647,13,937.0,1,1
647,14,657.0,1,1
647,15,1540.0,1,1
648,0,408.0,1,1
648,1,179.0,1,1
648,2,26.0,1,1
648,3,258.0,1,1
648,4,219.0,1,1
648,5,351.0,1,1
648,6,423.0,1,1
648,7,195.0,1,1
648,8,232.0,1,1
648,9,275.0,1,1
648,10,391.0,1,1
648,11,294.0,1,1
648,12,770.0,1,1
648,13,870.0,1,1
648,14,464.0,1,1
648,15,682.0,1,1
649,0,261.0,1,1
649,1,115.0,1,1
649,2,55.0,1,1
649,3,110.0,1,1
649,4,221.0,1,1
649,5,307.0,1,1
649,6,201.0,1,1
649,7,202.0,1,1
649,8,109.0,1,1
649,9,207.0,1,1
649,10,363.0,1,1
649,11,171.0,1,1
649,12,276.0,1,1
649,13,772.0,1,1
649,14,383.0,1,1
649,15,527.0,1,1
650,0,205.0,1,1
650,1,76.0,1,1
650,2,56.0,1,1
650,3,114.0,1,1
650,4,140.0,1,1
650,5,309.0,1,1
650,6,180.0,1,1
650,7,170.0,1,1
650,8,97.0,1,1
650,9,178.0,1,1
650,10,305.0,1,1
650,11,282.0,1,1
650,12,214.0,1,1
650,13,421.0,1,1
650,14,343.0,1,1
650,15,380.0,1,1
651,0,73.0,1,1
651,1,33.0,1,1
651,2,13.0,1,1
651,3,73.0,1,1
651,4,145.0,1,1
651,5,171.0,1,1
651,6,123.0,1,1
651,7,116.0,1,1
651,8,54.0,1,1
651,9,183.0,1,1
651,10,313.0,1,1
651,11,142.0,1,1
651,12,121.0,1,1
651,13,603.0,1,1
651,14,216.0,1,1
651,15,256.0,1,1
652,0,28.0,1,1
652,1,24.0,1,1
652,2,10.0,1,1
652,3,51.0,1,1
652,4,81.0,1,1
652,5,142.0,1,1
652,6,72.0,1,1
652,7,114.0,1,1
652,8,43.0,1,1
652,9,182.0,1,1
652,10,253.0,1,1
652,11,70.0,1,1
652,12,80.0,1,1
652,13,338.0,1,1
652,14,220.0,1,1
652,15,133.0,1,1
653,0,23.0,1,1
653,1,15.0,1,1
653,2,12.0,1,1
653,3,21.0,1,1
653,4,36.0,1,1
653,5,69.0,1,1
653,6,31.0,1,1
653,7,58.0,1,1
653,8,19.0,1,1
653,9,93.0,1,1
653,10,186.0,1,1
653,11,41.0,1,1
653,12,33.0,1,1
653,13,301.0,1,1
653,14,103.0,1,1
653,15,58.0,1,1
654,0,27.0,1,1
654,1,8.0,1,1
654,2,10.0,1,1
654,3,11.0,1,1
654,4,35.0,1,1
654,5,40.0,1,1
654,6,26.0,1,1
654,7,40.0,1,1
654,8,12.0,1,1
654,9,72.0,1,1
654,10,207.0,1,1
654,11,28.0,1,1
654,12,21.0,1,1
654,13,433.0,1,1
654,14,63.0,1,1
654,15,27.0,1,1
655,0,33.0,1,1
655,1,9.0,1,1
655,2,8.0,1,1
655,3,6.0,1,1
655,4,22.0,1,1
655,5,25.0,1,1
655,6,12.0,1,1
655,7,28.0,1,1
655,8,7.0,1,1
655,9,59.0,1,1
655,10,111.0,1,1
655,11,73.0,1,1
655,12,11.0,1,1
655,13,265.0,1,1
655,14,40.0,1,1
655,15,17.0,1,1
656,0,143.0,1,1
656,1,57.0,1,1
656,2,25.0,1,1
656,3,37.0,1,1
656,4,92.0,1,1
656,5,115.0,1,1
656,6,64.0,1,1
656,7,92.0,1,1
656,8,37.0,1,1
656,9,162.0,1,1
656,10,345.0,1,1
656,11,125.0,1,1
656,12,83.0,1,1
656,13,328.0,1,1
656,14,163.0,1,1
656,15,91.0,1,1
657,0,307.0,1,1
657,1,281.0,1,1
657,2,75.0,1,1
657,3,212.0,1,1
657,4,309.0,1,1
657,5,561.0,1,1
657,6,428.0,1,1
657,7,213.0,1,1
657,8,194.0,1,1
657,9,579.0,1,1
657,10,533.0,1,1
657,11,411.0,1,1
657,12,436.0,1,1
657,13,1381.0,1,1
657,14,405.0,1,1
657,15,376.0,1,1
658,0,631.0,1,1
658,1,546.0,1,1
658,2,170.0,1,1
658,3,316.0,1,1
658,4,553.0,1,1
658,5,1128.0,1,1
658,6,775.0,1,1
658,7,313.0,1,1
658,8,277.0,1,1
658,9,788.0,1,1
658,10,484.0,1,1
658,11,725.0,1,1
658,12,812.0,1,1
658,13,2255.0,1,1
658,14,689.0,1,1
658,15,598.0,1,1
659,0,273.0,1,1
659,1,234.0,1,1
659,2,107.0,1,1
659,3,131.0,1,1
659,4,214.0,1,1
659,5,294.0,1,1
659,6,287.0,1,1
659,7,207.0,1,1
659,8,139.0,1,1
659,9,370.0,1,1
659,10,0.0,1,1
659,11,439.0,1,1
659,12,379.0,1,1
659,13,449.0,1,1
659,14,402.0,1,1
659,15,325.0,1,1
660,0,350.0,1,1
660,1,229.0,1,1
660,2,139.0,1,1
660,3,101.0,1,1
660,4,122.0,1,1
660,5,324.0,1,1
660,6,185.0,1,1
660,7,175.0,1,1
660,8,98.0,1,1
660,9,336.0,1,1
660,10,577.0,1,1
660,11,388.0,1,1
660,12,220.0,1,1
660,13,417.0,1,1
660,14,360.0,1,1
660,15,243.0,1,1
661,0,520.0,1,1
661,1,254.0,1,1
661,2,177.0,1,1
661,3,182.0,1,1
661,4,141.0,1,1
661,5,654.0,1,1
661,6,317.0,1,1
661,7,198.0,1,1
661,8,158.0,1,1
661,9,521.0,1,1
661,10,490.0,1,1
661,11,388.0,1,1
661,12,359.0,1,1
661,13,556.0,1,1
661,14,418.0,1,1
661,15,451.0,1,1
662,0,652.0,1,1
662,1,334.0,1,1
662,2,112.0,1,1
662,3,129.0,1,1
662,4,244.0,1,1
662,5,272.0,1,1
662,6,203.0,1,1
662,7,208.0,1,1
662,8,96.0,1,1
662,9,183.0,1,1
662,10,174.0,1,1
662,11,195.0,1,1
662,12,253.0,1,1
662,13,691.0,1,1
662,14,611.0,1,1
662,15,398.0,1,1
663,0,569.0,1,1
663,1,284.0,1,1
663,2,126.0,1,1
663,3,180.0,1,1
663,4,217.0,1,1
663,5,478.0,1,1
663,6,298.0,1,1
663,7,274.0,1,1
663,8,135.0,1,1
663,9,476.0,1,1
663,10,402.0,1,1
663,11,402.0,1,1
663,12,351.0,1,1
663,13,730.0,1,1
663,14,558.0,1,1
663,15,588.0,1,1
664,0,609.0,1,1
664,1,325.0,1,1
664,2,114.0,1,1
664,3,148.0,1,1
664,4,178.0,1,1
664,5,475.0,1,1
664,6,246.0,1,1
664,7,229.0,1,1
664,8,118.0,1,1
664,9,351.0,1,1
664,10,320.0,1,1
664,11,362.0,1,1
664,12,339.0,1,1
664,13,484.0,1,1
664,14,480.0,1,1
664,15,423.0,1,1
665,0,711.0,1,1
665,1,443.0,1,1
665,2,153.0,1,1
665,3,229.0,1,1
665,4,211.0,1,1
665,5,348.0,1,1
665,6,294.0,1,1
665,7,279.0,1,1
665,8,180.0,1,1
665,9,182.0,1,1
665,10,312.0,1,1
665,11,425.0,1,1
665,12,397.0,1,1
665,13,257.0,1,1
665,14,579.0,1,1
665,15,798.0,1,1
666,0,971.0,1,1
666,1,498.0,1,1
666,2,114.0,1,1
666,3,277.0,1,1
666,4,446.0,1,1
666,5,266.0,1,1
666,6,384.0,1,1
666,7,279.0,1,1
666,8,187.0,1,1
666,9,121.0,1,1
666,10,299.0,1,1
666,11,421.0,1,1
666,12,548.0,1,1
666,13,429.0,1,1
666,14,654.0,1,1
666,15,1110.0,1,1
667,0,1115.0,1,1
667,1,467.0,1,1
667,2,105.0,1,1
667,3,288.0,1,1
667,4,406.0,1,1
667,5,432.0,1,1
667,6,437.0,1,1
667,7,393.0,1,1
667,8,245.0,1,1
667,9,184.0,1,1
667,10,479.0,1,1
667,11,421.0,1,1
667,12,608.0,1,1
667,13,358.0,1,1
667,14,922.0,1,1
667,15,976.0,1,1
668,0,825.0,1,1
668,1,311.0,1,1
668,2,101.0,1,1
668,3,315.0,1,1
668,4,544.0,1,1
668,5,348.0,1,1
668,6,495.0,1,1
668,7,313.0,1,1
668,8,233.0,1,1
668,9,146.0,1,1
668,10,483.0,1,1
668,11,420.0,1,1
668,12,667.0,1,1
668,13,565.0,1,1
668,14,780.0,1,1
668,15,835.0,1,1
669,0,686.0,1,1
669,1,244.0,1,1
669,2,190.0,1,1
669,3,207.0,1,1
669,4,174.0,1,1
669,5,384.0,1,1
669,6,290.0,1,1
669,7,215.0,1,1
669,8,131.0,1,1
669,9,277.0,1,1
669,10,328.0,1,1
669,11,402.0,1,1
669,12,435.0,1,1
669,13,343.0,1,1
669,14,525.0,1,1
669,15,715.0,1,1
670,0,667.0,1,1
670,1,427.0,1,1
670,2,221.0,1,1
670,3,277.0,1,1
670,4,191.0,1,1
670,5,512.0,1,1
670,6,353.0,1,1
670,7,316.0,1,1
670,8,200.0,1,1
670,9,300.0,1,1
670,10,324.0,1,1
670,11,446.0,1,1
670,12,577.0,1,1
670,13,304.0,1,1
670,14,625.0,1,1
670,15,1048.0,1,1
671,0,573.0,1,1
671,1,392.0,1,1
671,2,177.0,1,1
671,3,336.0,1,1
671,4,406.0,1,1
671,5,703.0,1,1
671,6,555.0,1,1
671,7,367.0,1,1
671,8,254.0,1,1
671,9,269.0,1,1
671,10,279.0,1,1
671,11,381.0,1,1
671,12,625.0,1,1
671,13,510.0,1,1
671,14,800.0,1,1
671,15,1151.0,1,1
672,0,406.0,1,1
672,1,202.0,1,1
672,2,57.0,1,1
672,3,304.0,1,1
672,4,325.0,1,1
672,5,418.0,1,1
672,6,378.0,1,1
672,7,255.0,1,1
672,8,203.0,1,1
672,9,275.0,1,1
672,10,483.0,1,1
672,11,363.0,1,1
672,12,636.0,1,1
672,13,538.0,1,1
672,14,652.0,1,1
672,15,893.0,1,1
673,0,316.0,1,1
673,1,130.0,1,1
673,2,28.0,1,1
673,3,49.0,1,1
673,4,233.0,1,1
673,5,247.0,1,1
673,6,161.0,1,1
673,7,200.0,1,1
673,8,147.0,1,1
673,9,337.0,1,1
673,10,434.0,1,1
673,11,257.0,1,1
673,12,208.0,1,1
673,13,432.0,1,1
673,14,374.0,1,1
673,15,277.0,1,1
674,0,216.0,1,1
674,1,67.0,1,1
674,2,43.0,1,1
674,3,37.0,1,1
674,4,220.0,1,1
674,5,228.0,1,1
674,6,146.0,1,1
674,7,160.0,1,1
674,8,112.0,1,1
674,9,322.0,1,1
674,10,359.0,1,1
674,11,92.0,1,1
674,12,216.0,1,1
674,13,439.0,1,1
674,14,278.0,1,1
674,15,306.0,1,1
675,0,67.0,1,1
675,1,35.0,1,1
675,2,17.0,1,1
675,3,16.0,1,1
675,4,154.0,1,1
675,5,78.0,1,1
675,6,85.0,1,1
675,7,146.0,1,1
675,8,116.0,1,1
675,9,200.0,1,1
675,10,303.0,1,1
675,11,71.0,1,1
675,12,73.0,1,1
675,13,320.0,1,1
675,14,167.0,1,1
675,15,164.0,1,1
676,0,50.0,1,1
676,1,22.0,1,1
676,2,7.0,1,1
676,3,8.0,1,1
676,4,124.0,1,1
676,5,53.0,1,1
676,6,49.0,1,1
676,7,110.0,1,1
676,8,90.0,1,1
676,9,191.0,1,1
676,10,187.0,1,1
676,11,33.0,1,1
676,12,54.0,1,1
676,13,253.0,1,1
676,14,107.0,1,1
676,15,162.0,1,1
677,0,26.0,1,1
677,1,21.0,1,1
677,2,5.0,1,1
677,3,1.0,1,1
677,4,70.0,1,1
677,5,13.0,1,1
677,6,15.0,1,1
677,7,74.0,1,1
677,8,76.0,1,1
677,9,147.0,1,1
677,10,214.0,1,1
677,11,20.0,1,1
677,12,20.0,1,1
677,13,145.0,1,1
677,14,47.0,1,1
677,15,79.0,1,1
678,0,17.0,1,1
678,1,14.0,1,1
678,2,9.0,1,1
678,3,1.0,1,1
678,4,38.0,1,1
678,5,4.0,1,1
678,6,8.0,1,1
678,7,53.0,1,1
678,8,82.0,1,1
678,9,75.0,1,1
678,10,224.0,1,1
678,11,15.0,1,1
678,12,9.0,1,1
678,13,100.0,1,1
678,14,32.0,1,1
678,15,40.0,1,1
679,0,31.0,1,1
679,1,10.0,1,1
679,2,6.0,1,1
679,3,0.0,1,1
679,4,26.0,1,1
679,5,3.0,1,1
679,6,4.0,1,1
679,7,35.0,1,1
679,8,86.0,1,1
679,9,46.0,1,1
679,10,94.0,1,1
679,11,73.0,1,1
679,12,4.0,1,1
679,13,85.0,1,1
679,14,22.0,1,1
679,15,24.0,1,1
680,0,201.0,1,1
680,1,55.0,1,1
680,2,25.0,1,1
680,3,4.0,1,1
680,4,61.0,1,1
680,5,24.0,1,1
680,6,33.0,1,1
680,7,83.0,1,1
680,8,89.0,1,1
680,9,149.0,1,1
680,10,359.0,1,1
680,11,129.0,1,1
680,12,42.0,1,1
680,13,197.0,1,1
680,14,121.0,1,1
680,15,121.0,1,1
681,0,329.0,1,1
681,1,364.0,1,1
681,2,47.0,1,1
681,3,70.0,1,1
681,4,187.0,1,1
681,5,136.0,1,1
681,6,213.0,1,1
681,7,330.0,1,1
681,8,293.0,1,1
681,9,320.0,1,1
681,10,403.0,1,1
681,11,406.0,1,1
681,12,195.0,1,1
681,13,580.0,1,1
681,14,508.0,1,1
681,15,327.0,1,1
682,0,703.0,1,1
682,1,550.0,1,1
682,2,63.0,1,1
682,3,135.0,1,1
682,4,257.0,1,1
682,5,359.0,1,1
682,6,299.0,1,1
682,7,450.0,1,1
682,8,335.0,1,1
682,9,553.0,1,1
682,10,435.0,1,1
682,11,506.0,1,1
682,12,490.0,1,1
682,13,754.0,1,1
682,14,942.0,1,1
682,15,606.0,1,1
683,0,1129.0,1,1
683,1,851.0,1,1
683,2,141.0,1,1
683,3,125.0,1,1
683,4,102.0,1,1
683,5,225.0,1,1
683,6,251.0,1,1
683,7,173.0,1,1
683,8,142.0,1,1
683,9,143.0,1,1
683,10,0.0,1,1
683,11,419.0,1,1
683,12,276.0,1,1
683,13,447.0,1,1
683,14,595.0,1,1
683,15,210.0,1,1
684,0,390.0,1,1
684,1,235.0,1,1
684,2,95.0,1,1
684,3,41.0,1,1
684,4,156.0,1,1
684,5,110.0,1,1
684,6,137.0,1,1
684,7,140.0,1,1
684,8,112.0,1,1
684,9,389.0,1,1
684,10,386.0,1,1
684,11,369.0,1,1
684,12,218.0,1,1
684,13,388.0,1,1
684,14,291.0,1,1
684,15,379.0,1,1
685,0,390.0,1,1
685,1,207.0,1,1
685,2,78.0,1,1
685,3,48.0,1,1
685,4,248.0,1,1
685,5,213.0,1,1
685,6,248.0,1,1
685,7,231.0,1,1
685,8,146.0,1,1
685,9,482.0,1,1
685,10,448.0,1,1
685,11,419.0,1,1
685,12,356.0,1,1
685,13,541.0,1,1
685,14,349.0,1,1
685,15,507.0,1,1
686,0,530.0,1,1
686,1,354.0,1,1
686,2,89.0,1,1
686,3,91.0,1,1
686,4,248.0,1,1
686,5,212.0,1,1
686,6,176.0,1,1
686,7,235.0,1,1
686,8,104.0,1,1
686,9,286.0,1,1
686,10,324.0,1,1
686,11,472.0,1,1
686,12,315.0,1,1
686,13,476.0,1,1
686,14,320.0,1,1
686,15,327.0,1,1
687,0,616.0,1,1
687,1,253.0,1,1
687,2,87.0,1,1
687,3,104.0,1,1
687,4,355.0,1,1
687,5,456.0,1,1
687,6,272.0,1,1
687,7,263.0,1,1
687,8,164.0,1,1
687,9,533.0,1,1
687,10,319.0,1,1
687,11,455.0,1,1
687,12,381.0,1,1
687,13,775.0,1,1
687,14,476.0,1,1
687,15,537.0,1,1
688,0,611.0,1,1
688,1,312.0,1,1
688,2,80.0,1,1
688,3,71.0,1,1
688,4,274.0,1,1
688,5,300.0,1,1
688,6,228.0,1,1
688,7,219.0,1,1
688,8,123.0,1,1
688,9,407.0,1,1
688,10,297.0,1,1
688,11,351.0,1,1
688,12,377.0,1,1
688,13,550.0,1,1
688,14,383.0,1,1
688,15,427.0,1,1
689,0,763.0,1,1
689,1,410.0,1,1
689,2,128.0,1,1
689,3,286.0,1,1
689,4,336.0,1,1
689,5,659.0,1,1
689,6,517.0,1,1
689,7,196.0,1,1
689,8,62.0,1,1
689,9,374.0,1,1
689,10,309.0,1,1
689,11,400.0,1,1
689,12,543.0,1,1
689,13,653.0,1,1
689,14,511.0,1,1
689,15,554.0,1,1
690,0,959.0,1,1
690,1,490.0,1,1
690,2,95.0,1,1
690,3,633.0,1,1
690,4,302.0,1,1
690,5,895.0,1,1
690,6,715.0,1,1
690,7,223.0,1,1
690,8,73.0,1,1
690,9,191.0,1,1
690,10,339.0,1,1
690,11,370.0,1,1
690,12,455.0,1,1
690,13,751.0,1,1
690,14,878.0,1,1
690,15,460.0,1,1
691,0,1078.0,1,1
691,1,381.0,1,1
691,2,82.0,1,1
691,3,636.0,1,1
691,4,352.0,1,1
691,5,1162.0,1,1
691,6,685.0,1,1
691,7,229.0,1,1
691,8,69.0,1,1
691,9,286.0,1,1
691,10,289.0,1,1
691,11,446.0,1,1
691,12,776.0,1,1
691,13,759.0,1,1
691,14,945.0,1,1
691,15,676.0,1,1
692,0,1933.0,1,1
692,1,712.0,1,1
692,2,194.0,1,1
692,3,770.0,1,1
692,4,251.0,1,1
692,5,696.0,1,1
692,6,723.0,1,1
692,7,328.0,1,1
692,8,81.0,1,1
692,9,181.0,1,1
692,10,322.0,1,1
692,11,396.0,1,1
692,12,521.0,1,1
692,13,633.0,1,1
692,14,969.0,1,1
692,15,478.0,1,1
693,0,814.0,1,1
693,1,324.0,1,1
693,2,81.0,1,1
693,3,122.0,1,1
693,4,274.0,1,1
693,5,455.0,1,1
693,6,365.0,1,1
693,7,208.0,1,1
693,8,91.0,1,1
693,9,337.0,1,1
693,10,304.0,1,1
693,11,484.0,1,1
693,12,437.0,1,1
693,13,602.0,1,1
693,14,412.0,1,1
693,15,513.0,1,1
694,0,592.0,1,1
694,1,384.0,1,1
694,2,112.0,1,1
694,3,286.0,1,1
694,4,318.0,1,1
694,5,916.0,1,1
694,6,778.0,1,1
694,7,220.0,1,1
694,8,74.0,1,1
694,9,484.0,1,1
694,10,317.0,1,1
694,11,645.0,1,1
694,12,832.0,1,1
694,13,706.0,1,1
694,14,761.0,1,1
694,15,796.0,1,1
695,0,554.0,1,1
695,1,395.0,1,1
695,2,71.0,1,1
695,3,517.0,1,1
695,4,453.0,1,1
695,5,1156.0,1,1
695,6,842.0,1,1
695,7,265.0,1,1
695,8,92.0,1,1
695,9,487.0,1,1
695,10,297.0,1,1
695,11,581.0,1,1
695,12,869.0,1,1
695,13,754.0,1,1
695,14,930.0,1,1
695,15,860.0,1,1
696,0,454.0,1,1
696,1,191.0,1,1
696,2,21.0,1,1
696,3,271.0,1,1
696,4,300.0,1,1
696,5,589.0,1,1
696,6,531.0,1,1
696,7,276.0,1,1
696,8,112.0,1,1
696,9,349.0,1,1
696,10,373.0,1,1
696,11,445.0,1,1
696,12,587.0,1,1
696,13,583.0,1,1
696,14,591.0,1,1
696,15,539.0,1,1
697,0,291.0,1,1
697,1,132.0,1,1
697,2,48.0,1,1
697,3,168.0,1,1
697,4,153.0,1,1
697,5,330.0,1,1
697,6,349.0,1,1
697,7,167.0,1,1
697,8,152.0,1,1
697,9,166.0,1,1
697,10,367.0,1,1
697,11,303.0,1,1
697,12,337.0,1,1
697,13,435.0,1,1
697,14,682.0,1,1
697,15,151.0,1,1
698,0,192.0,1,1
698,1,67.0,1,1
698,2,19.0,1,1
698,3,95.0,1,1
698,4,148.0,1,1
698,5,250.0,1,1
698,6,274.0,1,1
698,7,125.0,1,1
698,8,118.0,1,1
698,9,137.0,1,1
698,10,300.0,1,1
698,11,193.0,1,1
698,12,249.0,1,1
698,13,228.0,1,1
698,14,419.0,1,1
698,15,142.0,1,1
699,0,94.0,1,1
699,1,29.0,1,1
699,2,11.0,1,1
699,3,99.0,1,1
699,4,84.0,1,1
699,5,151.0,1,1
699,6,264.0,1,1
699,7,94.0,1,1
699,8,128.0,1,1
699,9,86.0,1,1
699,10,318.0,1,1
699,11,139.0,1,1
699,12,177.0,1,1
699,13,247.0,1,1
699,14,521.0,1,1
699,15,61.0,1,1
700,0,53.0,1,1
700,1,13.0,1,1
700,2,14.0,1,1
700,3,63.0,1,1
700,4,74.0,1,1
700,5,124.0,1,1
700,6,219.0,1,1
700,7,69.0,1,1
700,8,97.0,1,1
700,9,73.0,1,1
700,10,185.0,1,1
700,11,49.0,1,1
700,12,136.0,1,1
700,13,127.0,1,1
700,14,385.0,1,1
700,15,48.0,1,1
701,0,35.0,1,1
701,1,19.0,1,1
701,2,10.0,1,1
701,3,27.0,1,1
701,4,35.0,1,1
701,5,61.0,1,1
701,6,155.0,1,1
701,7,24.0,1,1
701,8,66.0,1,1
701,9,28.0,1,1
701,10,159.0,1,1
701,11,27.0,1,1
701,12,61.0,1,1
701,13,43.0,1,1
701,14,356.0,1,1
701,15,9.0,1,1
702,0,39.0,1,1
702,1,11.0,1,1
702,2,8.0,1,1
702,3,31.0,1,1
702,4,16.0,1,1
702,5,39.0,1,1
702,6,156.0,1,1
702,7,22.0,1,1
702,8,64.0,1,1
702,9,19.0,1,1
702,10,179.0,1,1
702,11,31.0,1,1
702,12,53.0,1,1
702,13,41.0,1,1
702,14,359.0,1,1
702,15,3.0,1,1
703,0,26.0,1,1
703,1,10.0,1,1
703,2,12.0,1,1
703,3,24.0,1,1
703,4,8.0,1,1
703,5,25.0,1,1
703,6,110.0,1,1
703,7,15.0,1,1
703,8,54.0,1,1
703,9,11.0,1,1
703,10,117.0,1,1
703,11,44.0,1,1
703,12,32.0,1,1
703,13,20.0,1,1
703,14,278.0,1,1
703,15,1.0,1,1
704,0,198.0,1,1
704,1,49.0,1,1
704,2,35.0,1,1
704,3,67.0,1,1
704,4,42.0,1,1
704,5,96.0,1,1
704,6,205.0,1,1
704,7,47.0,1,1
704,8,87.0,1,1
704,9,49.0,1,1
704,10,214.0,1,1
704,11,174.0,1,1
704,12,140.0,1,1
704,13,91.0,1,1
704,14,449.0,1,1
704,15,18.0,1,1
705,0,326.0,1,1
705,1,190.0,1,1
705,2,64.0,1,1
705,3,344.0,1,1
705,4,183.0,1,1
705,5,301.0,1,1
705,6,661.0,1,1
705,7,361.0,1,1
705,8,281.0,1,1
705,9,236.0,1,1
705,10,382.0,1,1
705,11,387.0,1,1
705,12,563.0,1,1
705,13,486.0,1,1
705,14,1376.0,1,1
705,15,102.0,1,1
706,0,707.0,1,1
706,1,480.0,1,1
706,2,93.0,1,1
706,3,613.0,1,1
706,4,212.0,1,1
706,5,430.0,1,1
706,6,980.0,1,1
706,7,478.0,1,1
706,8,310.0,1,1
706,9,338.0,1,1
706,10,489.0,1,1
706,11,614.0,1,1
706,12,849.0,1,1
706,13,848.0,1,1
706,14,2461.0,1,1
706,15,194.0,1,1
707,0,1106.0,1,1
707,1,691.0,1,1
707,2,170.0,1,1
707,3,358.0,1,1
707,4,136.0,1,1
707,5,283.0,1,1
707,6,279.0,1,1
707,7,360.0,1,1
707,8,176.0,1,1
707,9,278.0,1,1
707,10,0.0,1,1
707,11,416.0,1,1
707,12,536.0,1,1
707,13,310.0,1,1
707,14,556.0,1,1
707,15,128.0,1,1
708,0,474.0,1,1
708,1,188.0,1,1
708,2,58.0,1,1
708,3,84.0,1,1
708,4,138.0,1,1
708,5,230.0,1,1
708,6,288.0,1,1
708,7,129.0,1,1
708,8,117.0,1,1
708,9,152.0,1,1
708,10,309.0,1,1
708,11,340.0,1,1
708,12,264.0,1,1
708,13,214.0,1,1
708,14,515.0,1,1
708,15,114.0,1,1
709,0,597.0,1,1
709,1,217.0,1,1
709,2,143.0,1,1
709,3,127.0,1,1
709,4,215.0,1,1
709,5,272.0,1,1
709,6,435.0,1,1
709,7,179.0,1,1
709,8,191.0,1,1
709,9,211.0,1,1
709,10,348.0,1,1
709,11,414.0,1,1
709,12,372.0,1,1
709,13,289.0,1,1
709,14,749.0,1,1
709,15,166.0,1,1
710,0,573.0,1,1
710,1,222.0,1,1
710,2,135.0,1,1
710,3,144.0,1,1
710,4,182.0,1,1
710,5,346.0,1,1
710,6,342.0,1,1
710,7,212.0,1,1
710,8,142.0,1,1
710,9,258.0,1,1
710,10,296.0,1,1
710,11,427.0,1,1
710,12,321.0,1,1
710,13,433.0,1,1
710,14,447.0,1,1
710,15,204.0,1,1
711,0,653.0,1,1
711,1,279.0,1,1
711,2,157.0,1,1
711,3,175.0,1,1
711,4,241.0,1,1
711,5,391.0,1,1
711,6,462.0,1,1
711,7,268.0,1,1
711,8,197.0,1,1
711,9,303.0,1,1
711,10,486.0,1,1
711,11,462.0,1,1
711,12,426.0,1,1
711,13,353.0,1,1
711,14,642.0,1,1
711,15,321.0,1,1
712,0,702.0,1,1
712,1,264.0,1,1
712,2,128.0,1,1
712,3,128.0,1,1
712,4,227.0,1,1
712,5,348.0,1,1
712,6,378.0,1,1
712,7,175.0,1,1
712,8,163.0,1,1
712,9,227.0,1,1
712,10,410.0,1,1
712,11,435.0,1,1
712,12,378.0,1,1
712,13,331.0,1,1
712,14,600.0,1,1
712,15,251.0,1,1
713,0,897.0,1,1
713,1,379.0,1,1
713,2,240.0,1,1
713,3,119.0,1,1
713,4,385.0,1,1
713,5,557.0,1,1
713,6,184.0,1,1
713,7,272.0,1,1
713,8,115.0,1,1
713,9,396.0,1,1
713,10,395.0,1,1
713,11,526.0,1,1
713,12,454.0,1,1
713,13,447.0,1,1
713,14,245.0,1,1
713,15,910.0,1,1
714,0,1079.0,1,1
714,1,455.0,1,1
714,2,176.0,1,1
714,3,269.0,1,1
714,4,345.0,1,1
714,5,574.0,1,1
714,6,195.0,1,1
714,7,481.0,1,1
714,8,133.0,1,1
714,9,552.0,1,1
714,10,448.0,1,1
714,11,518.0,1,1
714,12,545.0,1,1
714,13,1106.0,1,1
714,14,296.0,1,1
714,15,940.0,1,1
715,0,1201.0,1,1
715,1,423.0,1,1
715,2,83.0,1,1
715,3,261.0,1,1
715,4,366.0,1,1
715,5,657.0,1,1
715,6,224.0,1,1
715,7,480.0,1,1
715,8,129.0,1,1
715,9,598.0,1,1
715,10,495.0,1,1
715,11,346.0,1,1
715,12,732.0,1,1
715,13,1008.0,1,1
715,14,278.0,1,1
715,15,1365.0,1,1
716,0,2110.0,1,1
716,1,743.0,1,1
716,2,217.0,1,1
716,3,427.0,1,1
716,4,341.0,1,1
716,5,547.0,1,1
716,6,265.0,1,1
716,7,708.0,1,1
716,8,156.0,1,1
716,9,670.0,1,1
716,10,475.0,1,1
716,11,448.0,1,1
716,12,767.0,1,1
716,13,1589.0,1,1
716,14,316.0,1,1
716,15,878.0,1,1
717,0,673.0,1,1
717,1,358.0,1,1
717,2,65.0,1,1
717,3,132.0,1,1
717,4,260.0,1,1
717,5,351.0,1,1
717,6,276.0,1,1
717,7,252.0,1,1
717,8,138.0,1,1
717,9,309.0,1,1
717,10,332.0,1,1
717,11,392.0,1,1
717,12,350.0,1,1
717,13,315.0,1,1
717,14,396.0,1,1
717,15,394.0,1,1
718,0,671.0,1,1
718,1,396.0,1,1
718,2,197.0,1,1
718,3,134.0,1,1
718,4,362.0,1,1
718,5,535.0,1,1
718,6,208.0,1,1
718,7,310.0,1,1
718,8,136.0,1,1
718,9,521.0,1,1
718,10,251.0,1,1
718,11,538.0,1,1
718,12,456.0,1,1
718,13,442.0,1,1
718,14,273.0,1,1
718,15,822.0,1,1
719,0,660.0,1,1
719,1,403.0,1,1
719,2,188.0,1,1
719,3,196.0,1,1
719,4,354.0,1,1
719,5,757.0,1,1
719,6,278.0,1,1
719,7,346.0,1,1
719,8,163.0,1,1
719,9,564.0,1,1
719,10,245.0,1,1
719,11,525.0,1,1
719,12,647.0,1,1
719,13,904.0,1,1
719,14,394.0,1,1
719,15,1257.0,1,1
720,0,538.0,1,1
720,1,326.0,1,1
720,2,195.0,1,1
720,3,238.0,1,1
720,4,330.0,1,1
720,5,444.0,1,1
720,6,378.0,1,1
720,7,391.0,1,1
720,8,170.0,1,1
720,9,425.0,1,1
720,10,286.0,1,1
720,11,501.0,1,1
720,12,593.0,1,1
720,13,647.0,1,1
720,14,510.0,1,1
720,15,561.0,1,1
721,0,418.0,1,1
721,1,245.0,1,1
721,2,149.0,1,1
721,3,111.0,1,1
721,4,164.0,1,1
721,5,222.0,1,1
721,6,97.0,1,1
721,7,137.0,1,1
721,8,48.0,1,1
721,9,213.0,1,1
721,10,214.0,1,1
721,11,527.0,1,1
721,12,118.0,1,1
721,13,219.0,1,1
721,14,336.0,1,1
721,15,273.0,1,1
722,0,308.0,1,1
722,1,123.0,1,1
722,2,126.0,1,1
722,3,145.0,1,1
722,4,202.0,1,1
722,5,335.0,1,1
722,6,143.0,1,1
722,7,157.0,1,1
722,8,71.0,1,1
722,9,252.0,1,1
722,10,219.0,1,1
722,11,355.0,1,1
722,12,105.0,1,1
722,13,259.0,1,1
722,14,563.0,1,1
722,15,268.0,1,1
723,0,89.0,1,1
723,1,60.0,1,1
723,2,53.0,1,1
723,3,97.0,1,1
723,4,201.0,1,1
723,5,214.0,1,1
723,6,77.0,1,1
723,7,93.0,1,1
723,8,21.0,1,1
723,9,166.0,1,1
723,10,166.0,1,1
723,11,279.0,1,1
723,12,57.0,1,1
723,13,182.0,1,1
723,14,337.0,1,1
723,15,170.0,1,1
724,0,70.0,1,1
724,1,47.0,1,1
724,2,18.0,1,1
724,3,94.0,1,1
724,4,186.0,1,1
724,5,155.0,1,1
724,6,64.0,1,1
724,7,80.0,1,1
724,8,15.0,1,1
724,9,149.0,1,1
724,10,178.0,1,1
724,11,166.0,1,1
724,12,35.0,1,1
724,13,147.0,1,1
724,14,325.0,1,1
724,15,119.0,1,1
725,0,42.0,1,1
725,1,29.0,1,1
725,2,17.0,1,1
725,3,61.0,1,1
725,4,175.0,1,1
725,5,113.0,1,1
725,6,26.0,1,1
725,7,37.0,1,1
725,8,3.0,1,1
725,9,85.0,1,1
725,10,141.0,1,1
725,11,68.0,1,1
725,12,8.0,1,1
725,13,45.0,1,1
725,14,267.0,1,1
725,15,40.0,1,1
726,0,41.0,1,1
726,1,23.0,1,1
726,2,13.0,1,1
726,3,36.0,1,1
726,4,133.0,1,1
726,5,50.0,1,1
726,6,11.0,1,1
726,7,17.0,1,1
726,8,1.0,1,1
726,9,61.0,1,1
726,10,146.0,1,1
726,11,69.0,1,1
726,12,2.0,1,1
726,13,24.0,1,1
726,14,144.0,1,1
726,15,21.0,1,1
727,0,54.0,1,1
727,1,15.0,1,1
727,2,12.0,1,1
727,3,25.0,1,1
727,4,86.0,1,1
727,5,25.0,1,1
727,6,6.0,1,1
727,7,8.0,1,1
727,8,0.0,1,1
727,9,41.0,1,1
727,10,117.0,1,1
727,11,58.0,1,1
727,12,1.0,1,1
727,13,14.0,1,1
727,14,82.0,1,1
727,15,10.0,1,1
728,0,116.0,1,1
728,1,49.0,1,1
728,2,30.0,1,1
728,3,53.0,1,1
728,4,98.0,1,1
728,5,56.0,1,1
728,6,29.0,1,1
728,7,23.0,1,1
728,8,3.0,1,1
728,9,87.0,1,1
728,10,175.0,1,1
728,11,117.0,1,1
728,12,6.0,1,1
728,13,58.0,1,1
728,14,148.0,1,1
728,15,47.0,1,1
729,0,170.0,1,1
729,1,126.0,1,1
729,2,25.0,1,1
729,3,95.0,1,1
729,4,210.0,1,1
729,5,186.0,1,1
729,6,95.0,1,1
729,7,71.0,1,1
729,8,30.0,1,1
729,9,194.0,1,1
729,10,281.0,1,1
729,11,281.0,1,1
729,12,43.0,1,1
729,13,277.0,1,1
729,14,433.0,1,1
729,15,150.0,1,1
730,0,299.0,1,1
730,1,176.0,1,1
730,2,54.0,1,1
730,3,139.0,1,1
730,4,301.0,1,1
730,5,313.0,1,1
730,6,170.0,1,1
730,7,110.0,1,1
730,8,89.0,1,1
730,9,256.0,1,1
730,10,346.0,1,1
730,11,432.0,1,1
730,12,114.0,1,1
730,13,421.0,1,1
730,14,661.0,1,1
730,15,332.0,1,1
731,0,317.0,1,1
731,1,190.0,1,1
731,2,77.0,1,1
731,3,67.0,1,1
731,4,63.0,1,1
731,5,64.0,1,1
731,6,75.0,1,1
731,7,41.0,1,1
731,8,34.0,1,1
731,9,142.0,1,1
731,10,0.0,1,1
731,11,494.0,1,1
731,12,37.0,1,1
731,13,332.0,1,1
731,14,149.0,1,1
731,15,181.0,1,1
732,0,367.0,1,1
732,1,212.0,1,1
732,2,93.0,1,1
732,3,130.0,1,1
732,4,196.0,1,1
732,5,247.0,1,1
732,6,187.0,1,1
732,7,99.0,1,1
732,8,70.0,1,1
732,9,185.0,1,1
732,10,359.0,1,1
732,11,344.0,1,1
732,12,78.0,1,1
732,13,250.0,1,1
732,14,532.0,1,1
732,15,202.0,1,1
733,0,426.0,1,1
733,1,232.0,1,1
733,2,98.0,1,1
733,3,159.0,1,1
733,4,256.0,1,1
733,5,414.0,1,1
733,6,217.0,1,1
733,7,148.0,1,1
733,8,77.0,1,1
733,9,253.0,1,1
733,10,298.0,1,1
733,11,461.0,1,1
733,12,109.0,1,1
733,13,404.0,1,1
733,14,790.0,1,1
733,15,295.0,1,1
734,0,507.0,1,1
734,1,310.0,1,1
734,2,128.0,1,1
734,3,161.0,1,1
734,4,263.0,1,1
734,5,311.0,1,1
734,6,190.0,1,1
734,7,197.0,1,1
734,8,116.0,1,1
734,9,318.0,1,1
734,10,288.0,1,1
734,11,535.0,1,1
734,12,258.0,1,1
734,13,427.0,1,1
734,14,460.0,1,1
734,15,505.0,1,1
735,0,707.0,1,1
735,1,355.0,1,1
735,2,95.0,1,1
735,3,233.0,1,1
735,4,375.0,1,1
735,5,540.0,1,1
735,6,298.0,1,1
735,7,227.0,1,1
735,8,167.0,1,1
735,9,346.0,1,1
735,10,218.0,1,1
735,11,541.0,1,1
735,12,239.0,1,1
735,13,711.0,1,1
735,14,770.0,1,1
735,15,561.0,1,1
736,0,701.0,1,1
736,1,389.0,1,1
736,2,162.0,1,1
736,3,162.0,1,1
736,4,289.0,1,1
736,5,385.0,1,1
736,6,227.0,1,1
736,7,177.0,1,1
736,8,112.0,1,1
736,9,290.0,1,1
736,10,330.0,1,1
736,11,502.0,1,1
736,12,199.0,1,1
736,13,441.0,1,1
736,14,638.0,1,1
736,15,373.0,1,1
737,0,656.0,1,1
737,1,404.0,1,1
737,2,164.0,1,1
737,3,181.0,1,1
737,4,173.0,1,1
737,5,504.0,1,1
737,6,375.0,1,1
737,7,282.0,1,1
737,8,363.0,1,1
737,9,312.0,1,1
737,10,290.0,1,1
737,11,526.0,1,1
737,12,810.0,1,1
737,13,936.0,1,1
737,14,384.0,1,1
737,15,617.0,1,1
738,0,786.0,1,1
738,1,383.0,1,1
738,2,135.0,1,1
738,3,144.0,1,1
738,4,120.0,1,1
738,5,260.0,1,1
738,6,267.0,1,1
738,7,289.0,1,1
738,8,378.0,1,1
738,9,355.0,1,1
738,10,346.0,1,1
738,11,479.0,1,1
738,12,1066.0,1,1
738,13,1060.0,1,1
738,14,244.0,1,1
738,15,1067.0,1,1
739,0,868.0,1,1
739,1,370.0,1,1
739,2,86.0,1,1
739,3,201.0,1,1
739,4,166.0,1,1
739,5,348.0,1,1
739,6,424.0,1,1
739,7,321.0,1,1
739,8,552.0,1,1
739,9,414.0,1,1
739,10,293.0,1,1
739,11,489.0,1,1
739,12,1318.0,1,1
739,13,1352.0,1,1
739,14,367.0,1,1
739,15,1211.0,1,1
740,0,938.0,1,1
740,1,278.0,1,1
740,2,16.0,1,1
740,3,118.0,1,1
740,4,108.0,1,1
740,5,208.0,1,1
740,6,203.0,1,1
740,7,227.0,1,1
740,8,266.0,1,1
740,9,322.0,1,1
740,10,341.0,1,1
740,11,459.0,1,1
740,12,688.0,1,1
740,13,963.0,1,1
740,14,245.0,1,1
740,15,1047.0,1,1
741,0,751.0,1,1
741,1,311.0,1,1
741,2,110.0,1,1
741,3,170.0,1,1
741,4,168.0,1,1
741,5,351.0,1,1
741,6,248.0,1,1
741,7,201.0,1,1
741,8,146.0,1,1
741,9,258.0,1,1
741,10,375.0,1,1
741,11,529.0,1,1
741,12,286.0,1,1
741,13,575.0,1,1
741,14,431.0,1,1
741,15,540.0,1,1
742,0,764.0,1,1
742,1,433.0,1,1
742,2,106.0,1,1
742,3,180.0,1,1
742,4,133.0,1,1
742,5,469.0,1,1
742,6,409.0,1,1
742,7,203.0,1,1
742,8,363.0,1,1
742,9,270.0,1,1
742,10,279.0,1,1
742,11,790.0,1,1
742,12,421.0,1,1
742,13,895.0,1,1
742,14,391.0,1,1
742,15,665.0,1,1
743,0,594.0,1,1
743,1,436.0,1,1
743,2,133.0,1,1
743,3,219.0,1,1
743,4,227.0,1,1
743,5,718.0,1,1
743,6,498.0,1,1
743,7,322.0,1,1
743,8,596.0,1,1
743,9,392.0,1,1
743,10,241.0,1,1
743,11,719.0,1,1
743,12,921.0,1,1
743,13,1017.0,1,1
743,14,555.0,1,1
743,15,792.0,1,1
744,0,638.0,1,1
744,1,362.0,1,1
744,2,136.0,1,1
744,3,169.0,1,1
744,4,179.0,1,1
744,5,382.0,1,1
744,6,281.0,1,1
744,7,250.0,1,1
744,8,263.0,1,1
744,9,345.0,1,1
744,10,303.0,1,1
744,11,660.0,1,1
744,12,563.0,1,1
744,13,921.0,1,1
744,14,507.0,1,1
744,15,805.0,1,1
745,0,474.0,1,1
745,1,325.0,1,1
745,2,149.0,1,1
745,3,150.0,1,1
745,4,174.0,1,1
745,5,318.0,1,1
745,6,292.0,1,1
745,7,133.0,1,1
745,8,99.0,1,1
745,9,169.0,1,1
745,10,304.0,1,1
745,11,620.0,1,1
745,12,244.0,1,1
745,13,254.0,1,1
745,14,144.0,1,1
745,15,187.0,1,1
746,0,304.0,1,1
746,1,135.0,1,1
746,2,150.0,1,1
746,3,207.0,1,1
746,4,233.0,1,1
746,5,376.0,1,1
746,6,345.0,1,1
746,7,149.0,1,1
746,8,128.0,1,1
746,9,241.0,1,1
746,10,228.0,1,1
746,11,431.0,1,1
746,12,318.0,1,1
746,13,264.0,1,1
746,14,209.0,1,1
746,15,212.0,1,1
747,0,91.0,1,1
747,1,67.0,1,1
747,2,59.0,1,1
747,3,143.0,1,1
747,4,160.0,1,1
747,5,318.0,1,1
747,6,322.0,1,1
747,7,132.0,1,1
747,8,78.0,1,1
747,9,115.0,1,1
747,10,194.0,1,1
747,11,398.0,1,1
747,12,182.0,1,1
747,13,180.0,1,1
747,14,69.0,1,1
747,15,120.0,1,1
748,0,85.0,1,1
748,1,43.0,1,1
748,2,44.0,1,1
748,3,109.0,1,1
748,4,138.0,1,1
748,5,277.0,1,1
748,6,285.0,1,1
748,7,99.0,1,1
748,8,70.0,1,1
748,9,128.0,1,1
748,10,178.0,1,1
748,11,174.0,1,1
748,12,189.0,1,1
748,13,110.0,1,1
748,14,58.0,1,1
748,15,60.0,1,1
749,0,51.0,1,1
749,1,42.0,1,1
749,2,11.0,1,1
749,3,69.0,1,1
749,4,106.0,1,1
749,5,201.0,1,1
749,6,242.0,1,1
749,7,60.0,1,1
749,8,39.0,1,1
749,9,67.0,1,1
749,10,153.0,1,1
749,11,91.0,1,1
749,12,90.0,1,1
749,13,36.0,1,1
749,14,9.0,1,1
749,15,13.0,1,1
750,0,37.0,1,1
750,1,24.0,1,1
750,2,11.0,1,1
750,3,37.0,1,1
750,4,65.0,1,1
750,5,157.0,1,1
750,6,161.0,1,1
750,7,40.0,1,1
750,8,16.0,1,1
750,9,25.0,1,1
750,10,122.0,1,1
750,11,59.0,1,1
750,12,40.0,1,1
750,13,17.0,1,1
750,14,2.0,1,1
750,15,6.0,1,1
751,0,27.0,1,1
751,1,8.0,1,1
751,2,14.0,1,1
751,3,24.0,1,1
751,4,46.0,1,1
751,5,113.0,1,1
751,6,110.0,1,1
751,7,20.0,1,1
751,8,13.0,1,1
751,9,14.0,1,1
751,10,84.0,1,1
751,11,34.0,1,1
751,12,22.0,1,1
751,13,10.0,1,1
751,14,1.0,1,1
751,15,2.0,1,1
752,0,78.0,1,1
752,1,47.0,1,1
752,2,23.0,1,1
752,3,38.0,1,1
752,4,75.0,1,1
752,5,150.0,1,1
752,6,138.0,1,1
752,7,34.0,1,1
752,8,30.0,1,1
752,9,51.0,1,1
752,10,230.0,1,1
752,11,60.0,1,1
752,12,67.0,1,1
752,13,48.0,1,1
752,14,10.0,1,1
752,15,22.0,1,1
753,0,99.0,1,1
753,1,50.0,1,1
753,2,21.0,1,1
753,3,122.0,1,1
753,4,148.0,1,1
753,5,332.0,1,1
753,6,318.0,1,1
753,7,104.0,1,1
753,8,89.0,1,1
753,9,132.0,1,1
753,10,219.0,1,1
753,11,102.0,1,1
753,12,164.0,1,1
753,13,141.0,1,1
753,14,65.0,1,1
753,15,130.0,1,1
754,0,189.0,1,1
754,1,70.0,1,1
754,2,53.0,1,1
754,3,167.0,1,1
754,4,211.0,1,1
754,5,422.0,1,1
754,6,432.0,1,1
754,7,153.0,1,1
754,8,131.0,1,1
754,9,188.0,1,1
754,10,272.0,1,1
754,11,177.0,1,1
754,12,281.0,1,1
754,13,282.0,1,1
754,14,157.0,1,1
754,15,326.0,1,1
755,0,207.0,1,1
755,1,102.0,1,1
755,2,44.0,1,1
755,3,64.0,1,1
755,4,90.0,1,1
755,5,221.0,1,1
755,6,121.0,1,1
755,7,57.0,1,1
755,8,54.0,1,1
755,9,90.0,1,1
755,10,0.0,1,1
755,11,200.0,1,1
755,12,90.0,1,1
755,13,146.0,1,1
755,14,69.0,1,1
755,15,184.0,1,1
756,0,216.0,1,1
756,1,128.0,1,1
756,2,83.0,1,1
756,3,105.0,1,1
756,4,139.0,1,1
756,5,293.0,1,1
756,6,283.0,1,1
756,7,113.0,1,1
756,8,124.0,1,1
756,9,195.0,1,1
756,10,322.0,1,1
756,11,247.0,1,1
756,12,260.0,1,1
756,13,128.0,1,1
756,14,106.0,1,1
756,15,131.0,1,1
757,0,320.0,1,1
757,1,174.0,1,1
757,2,48.0,1,1
757,3,206.0,1,1
757,4,222.0,1,1
757,5,427.0,1,1
757,6,393.0,1,1
757,7,171.0,1,1
757,8,178.0,1,1
757,9,282.0,1,1
757,10,237.0,1,1
757,11,376.0,1,1
757,12,318.0,1,1
757,13,278.0,1,1
757,14,167.0,1,1
757,15,228.0,1,1
758,0,465.0,1,1
758,1,238.0,1,1
758,2,54.0,1,1
758,3,197.0,1,1
758,4,199.0,1,1
758,5,409.0,1,1
758,6,323.0,1,1
758,7,251.0,1,1
758,8,156.0,1,1
758,9,275.0,1,1
758,10,275.0,1,1
758,11,431.0,1,1
758,12,366.0,1,1
758,13,351.0,1,1
758,14,284.0,1,1
758,15,396.0,1,1
759,0,506.0,1,1
759,1,306.0,1,1
759,2,74.0,1,1
759,3,329.0,1,1
759,4,275.0,1,1
759,5,550.0,1,1
759,6,522.0,1,1
759,7,291.0,1,1
759,8,278.0,1,1
759,9,368.0,1,1
759,10,257.0,1,1
759,11,527.0,1,1
759,12,438.0,1,1
759,13,507.0,1,1
759,14,365.0,1,1
759,15,446.0,1,1
760,0,564.0,1,1
760,1,290.0,1,1
760,2,72.0,1,1
760,3,211.0,1,1
760,4,225.0,1,1
760,5,438.0,1,1
760,6,399.0,1,1
760,7,197.0,1,1
760,8,191.0,1,1
760,9,318.0,1,1
760,10,228.0,1,1
760,11,470.0,1,1
760,12,330.0,1,1
760,13,357.0,1,1
760,14,266.0,1,1
760,15,293.0,1,1
761,0,631.0,1,1
761,1,307.0,1,1
761,2,130.0,1,1
761,3,198.0,1,1
761,4,207.0,1,1
761,5,343.0,1,1
761,6,298.0,1,1
761,7,236.0,1,1
761,8,244.0,1,1
761,9,464.0,1,1
761,10,287.0,1,1
761,11,475.0,1,1
761,12,507.0,1,1
761,13,537.0,1,1
761,14,1046.0,1,1
761,15,838.0,1,1
762,0,732.0,1,1
762,1,316.0,1,1
762,2,103.0,1,1
762,3,189.0,1,1
762,4,185.0,1,1
762,5,299.0,1,1
762,6,224.0,1,1
762,7,228.0,1,1
762,8,183.0,1,1
762,9,317.0,1,1
762,10,330.0,1,1
762,11,524.0,1,1
762,12,508.0,1,1
762,13,693.0,1,1
762,14,1201.0,1,1
762,15,1686.0,1,1
763,0,811.0,1,1
763,1,295.0,1,1
763,2,29.0,1,1
763,3,213.0,1,1
763,4,215.0,1,1
763,5,381.0,1,1
763,6,274.0,1,1
763,7,285.0,1,1
763,8,227.0,1,1
763,9,470.0,1,1
763,10,298.0,1,1
763,11,476.0,1,1
763,12,662.0,1,1
763,13,833.0,1,1
763,14,1922.0,1,1
763,15,2048.0,1,1
764,0,659.0,1,1
764,1,273.0,1,1
764,2,76.0,1,1
764,3,132.0,1,1
764,4,144.0,1,1
764,5,275.0,1,1
764,6,183.0,1,1
764,7,200.0,1,1
764,8,128.0,1,1
764,9,269.0,1,1
764,10,279.0,1,1
764,11,448.0,1,1
764,12,439.0,1,1
764,13,448.0,1,1
764,14,928.0,1,1
764,15,1488.0,1,1
765,0,697.0,1,1
765,1,298.0,1,1
765,2,134.0,1,1
765,3,224.0,1,1
765,4,231.0,1,1
765,5,348.0,1,1
765,6,309.0,1,1
765,7,189.0,1,1
765,8,199.0,1,1
765,9,304.0,1,1
765,10,276.0,1,1
765,11,504.0,1,1
765,12,391.0,1,1
765,13,537.0,1,1
765,14,428.0,1,1
765,15,487.0,1,1
766,0,607.0,1,1
766,1,335.0,1,1
766,2,17.0,1,1
766,3,154.0,1,1
766,4,185.0,1,1
766,5,305.0,1,1
766,6,226.0,1,1
766,7,162.0,1,1
766,8,259.0,1,1
766,9,405.0,1,1
766,10,412.0,1,1
766,11,523.0,1,1
766,12,408.0,1,1
766,13,474.0,1,1
766,14,610.0,1,1
766,15,678.0,1,1
767,0,590.0,1,1
767,1,282.0,1,1
767,2,6.0,1,1
767,3,265.0,1,1
767,4,269.0,1,1
767,5,448.0,1,1
767,6,388.0,1,1
767,7,292.0,1,1
767,8,263.0,1,1
767,9,493.0,1,1
767,10,376.0,1,1
767,11,483.0,1,1
767,12,599.0,1,1
767,13,847.0,1,1
767,14,1469.0,1,1
767,15,1098.0,1,1
768,0,393.0,1,1
768,1,183.0,1,1
768,2,29.0,1,1
768,3,238.0,1,1
768,4,224.0,1,1
768,5,399.0,1,1
768,6,319.0,1,1
768,7,242.0,1,1
768,8,189.0,1,1
768,9,349.0,1,1
768,10,365.0,1,1
768,11,407.0,1,1
768,12,499.0,1,1
768,13,659.0,1,1
768,14,768.0,1,1
768,15,984.0,1,1
769,0,351.0,1,1
769,1,100.0,1,1
769,2,15.0,1,1
769,3,204.0,1,1
769,4,193.0,1,1
769,5,284.0,1,1
769,6,149.0,1,1
769,7,178.0,1,1
769,8,112.0,1,1
769,9,287.0,1,1
769,10,445.0,1,1
769,11,325.0,1,1
769,12,259.0,1,1
769,13,271.0,1,1
769,14,421.0,1,1
769,15,297.0,1,1
770,0,161.0,1,1
770,1,65.0,1,1
770,2,16.0,1,1
770,3,138.0,1,1
770,4,152.0,1,1
770,5,219.0,1,1
770,6,147.0,1,1
770,7,122.0,1,1
770,8,107.0,1,1
770,9,225.0,1,1
770,10,295.0,1,1
770,11,267.0,1,1
770,12,219.0,1,1
770,13,252.0,1,1
770,14,357.0,1,1
770,15,206.0,1,1
771,0,76.0,1,1
771,1,34.0,1,1
771,2,18.0,1,1
771,3,93.0,1,1
771,4,153.0,1,1
771,5,178.0,1,1
771,6,87.0,1,1
771,7,188.0,1,1
771,8,78.0,1,1
771,9,136.0,1,1
771,10,237.0,1,1
771,11,144.0,1,1
771,12,209.0,1,1
771,13,130.0,1,1
771,14,484.0,1,1
771,15,156.0,1,1
772,0,40.0,1,1
772,1,18.0,1,1
772,2,4.0,1,1
772,3,58.0,1,1
772,4,123.0,1,1
772,5,148.0,1,1
772,6,64.0,1,1
772,7,147.0,1,1
772,8,58.0,1,1
772,9,134.0,1,1
772,10,230.0,1,1
772,11,109.0,1,1
772,12,169.0,1,1
772,13,82.0,1,1
772,14,489.0,1,1
772,15,106.0,1,1
773,0,29.0,1,1
773,1,12.0,1,1
773,2,5.0,1,1
773,3,24.0,1,1
773,4,84.0,1,1
773,5,84.0,1,1
773,6,20.0,1,1
773,7,123.0,1,1
773,8,26.0,1,1
773,9,74.0,1,1
773,10,166.0,1,1
773,11,34.0,1,1
773,12,93.0,1,1
773,13,17.0,1,1
773,14,485.0,1,1
773,15,46.0,1,1
774,0,17.0,1,1
774,1,11.0,1,1
774,2,13.0,1,1
774,3,13.0,1,1
774,4,77.0,1,1
774,5,81.0,1,1
774,6,10.0,1,1
774,7,146.0,1,1
774,8,15.0,1,1
774,9,38.0,1,1
774,10,131.0,1,1
774,11,37.0,1,1
774,12,69.0,1,1
774,13,11.0,1,1
774,14,553.0,1,1
774,15,33.0,1,1
775,0,16.0,1,1
775,1,9.0,1,1
775,2,11.0,1,1
775,3,6.0,1,1
775,4,71.0,1,1
775,5,53.0,1,1
775,6,6.0,1,1
775,7,99.0,1,1
775,8,11.0,1,1
775,9,26.0,1,1
775,10,113.0,1,1
775,11,77.0,1,1
775,12,45.0,1,1
775,13,6.0,1,1
775,14,357.0,1,1
775,15,18.0,1,1
776,0,130.0,1,1
776,1,70.0,1,1
776,2,45.0,1,1
776,3,31.0,1,1
776,4,165.0,1,1
776,5,165.0,1,1
776,6,44.0,1,1
776,7,123.0,1,1
776,8,38.0,1,1
776,9,95.0,1,1
776,10,343.0,1,1
776,11,125.0,1,1
776,12,113.0,1,1
776,13,46.0,1,1
776,14,453.0,1,1
776,15,69.0,1,1
777,0,297.0,1,1
777,1,233.0,1,1
777,2,47.0,1,1
777,3,196.0,1,1
777,4,410.0,1,1
777,5,455.0,1,1
777,6,258.0,1,1
777,7,430.0,1,1
777,8,167.0,1,1
777,9,242.0,1,1
777,10,527.0,1,1
777,11,325.0,1,1
777,12,421.0,1,1
777,13,333.0,1,1
777,14,1056.0,1,1
777,15,399.0,1,1
778,0,588.0,1,1
778,1,390.0,1,1
778,2,93.0,1,1
778,3,273.0,1,1
778,4,596.0,1,1
778,5,793.0,1,1
778,6,399.0,1,1
778,7,583.0,1,1
778,8,224.0,1,1
778,9,340.0,1,1
778,10,403.0,1,1
778,11,594.0,1,1
778,12,561.0,1,1
778,13,597.0,1,1
778,14,1862.0,1,1
778,15,616.0,1,1
779,0,419.0,1,1
779,1,250.0,1,1
779,2,98.0,1,1
779,3,158.0,1,1
779,4,220.0,1,1
779,5,419.0,1,1
779,6,320.0,1,1
779,7,129.0,1,1
779,8,126.0,1,1
779,9,176.0,1,1
779,10,0.0,1,1
779,11,475.0,1,1
779,12,321.0,1,1
779,13,609.0,1,1
779,14,265.0,1,1
779,15,402.0,1,1
780,0,452.0,1,1
780,1,198.0,1,1
780,2,101.0,1,1
780,3,95.0,1,1
780,4,180.0,1,1
780,5,257.0,1,1
780,6,191.0,1,1
780,7,179.0,1,1
780,8,92.0,1,1
780,9,220.0,1,1
780,10,325.0,1,1
780,11,423.0,1,1
780,12,289.0,1,1
780,13,184.0,1,1
780,14,676.0,1,1
780,15,183.0,1,1
781,0,567.0,1,1
781,1,278.0,1,1
781,2,106.0,1,1
781,3,182.0,1,1
781,4,254.0,1,1
781,5,357.0,1,1
781,6,199.0,1,1
781,7,226.0,1,1
781,8,144.0,1,1
781,9,298.0,1,1
781,10,303.0,1,1
781,11,491.0,1,1
781,12,298.0,1,1
781,13,288.0,1,1
781,14,831.0,1,1
781,15,265.0,1,1
782,0,630.0,1,1
782,1,329.0,1,1
782,2,83.0,1,1
782,3,227.0,1,1
782,4,166.0,1,1
782,5,237.0,1,1
782,6,226.0,1,1
782,7,166.0,1,1
782,8,120.0,1,1
782,9,228.0,1,1
782,10,297.0,1,1
782,11,519.0,1,1
782,12,321.0,1,1
782,13,383.0,1,1
782,14,329.0,1,1
782,15,413.0,1,1
783,0,570.0,1,1
783,1,361.0,1,1
783,2,101.0,1,1
783,3,272.0,1,1
783,4,249.0,1,1
783,5,331.0,1,1
783,6,342.0,1,1
783,7,212.0,1,1
783,8,186.0,1,1
783,9,329.0,1,1
783,10,381.0,1,1
783,11,469.0,1,1
783,12,411.0,1,1
783,13,576.0,1,1
783,14,775.0,1,1
783,15,458.0,1,1
784,0,669.0,1,1
784,1,342.0,1,1
784,2,115.0,1,1
784,3,223.0,1,1
784,4,223.0,1,1
784,5,290.0,1,1
784,6,267.0,1,1
784,7,171.0,1,1
784,8,138.0,1,1
784,9,277.0,1,1
784,10,284.0,1,1
784,11,488.0,1,1
784,12,301.0,1,1
784,13,390.0,1,1
784,14,637.0,1,1
784,15,283.0,1,1
785,0,732.0,1,1
785,1,428.0,1,1
785,2,169.0,1,1
785,3,379.0,1,1
785,4,121.0,1,1
785,5,232.0,1,1
785,6,590.0,1,1
785,7,74.0,1,1
785,8,187.0,1,1
785,9,447.0,1,1
785,10,294.0,1,1
785,11,542.0,1,1
785,12,371.0,1,1
785,13,788.0,1,1
785,14,189.0,1,1
785,15,489.0,1,1
786,0,913.0,1,1
786,1,442.0,1,1
786,2,160.0,1,1
786,3,432.0,1,1
786,4,137.0,1,1
786,5,241.0,1,1
786,6,837.0,1,1
786,7,80.0,1,1
786,8,231.0,1,1
786,9,372.0,1,1
786,10,458.0,1,1
786,11,488.0,1,1
786,12,444.0,1,1
786,13,1156.0,1,1
786,14,142.0,1,1
786,15,897.0,1,1
787,0,1045.0,1,1
787,1,440.0,1,1
787,2,165.0,1,1
787,3,448.0,1,1
787,4,182.0,1,1
787,5,324.0,1,1
787,6,923.0,1,1
787,7,86.0,1,1
787,8,215.0,1,1
787,9,410.0,1,1
787,10,372.0,1,1
787,11,574.0,1,1
787,12,563.0,1,1
787,13,1607.0,1,1
787,14,167.0,1,1
787,15,799.0,1,1
788,0,1876.0,1,1
788,1,714.0,1,1
788,2,286.0,1,1
788,3,448.0,1,1
788,4,175.0,1,1
788,5,297.0,1,1
788,6,809.0,1,1
788,7,101.0,1,1
788,8,222.0,1,1
788,9,327.0,1,1
788,10,345.0,1,1
788,11,463.0,1,1
788,12,524.0,1,1
788,13,1306.0,1,1
788,14,144.0,1,1
788,15,1141.0,1,1
789,0,646.0,1,1
789,1,259.0,1,1
789,2,82.0,1,1
789,3,297.0,1,1
789,4,149.0,1,1
789,5,318.0,1,1
789,6,352.0,1,1
789,7,101.0,1,1
789,8,189.0,1,1
789,9,316.0,1,1
789,10,337.0,1,1
789,11,510.0,1,1
789,12,349.0,1,1
789,13,518.0,1,1
789,14,293.0,1,1
789,15,432.0,1,1
790,0,588.0,1,1
790,1,310.0,1,1
790,2,195.0,1,1
790,3,328.0,1,1
790,4,159.0,1,1
790,5,292.0,1,1
790,6,654.0,1,1
790,7,83.0,1,1
790,8,234.0,1,1
790,9,560.0,1,1
790,10,253.0,1,1
790,11,463.0,1,1
790,12,404.0,1,1
790,13,811.0,1,1
790,14,208.0,1,1
790,15,581.0,1,1
791,0,544.0,1,1
791,1,367.0,1,1
791,2,181.0,1,1
791,3,463.0,1,1
791,4,201.0,1,1
791,5,355.0,1,1
791,6,791.0,1,1
791,7,134.0,1,1
791,8,242.0,1,1
791,9,529.0,1,1
791,10,257.0,1,1
791,11,449.0,1,1
791,12,508.0,1,1
791,13,1485.0,1,1
791,14,259.0,1,1
791,15,567.0,1,1
792,0,530.0,1,1
792,1,245.0,1,1
792,2,123.0,1,1
792,3,369.0,1,1
792,4,196.0,1,1
792,5,381.0,1,1
792,6,505.0,1,1
792,7,151.0,1,1
792,8,216.0,1,1
792,9,358.0,1,1
792,10,261.0,1,1
792,11,414.0,1,1
792,12,419.0,1,1
792,13,883.0,1,1
792,14,331.0,1,1
792,15,674.0,1,1
793,0,382.0,1,1
793,1,222.0,1,1
793,2,148.0,1,1
793,3,239.0,1,1
793,4,173.0,1,1
793,5,454.0,1,1
793,6,290.0,1,1
793,7,233.0,1,1
793,8,73.0,1,1
793,9,215.0,1,1
793,10,245.0,1,1
793,11,388.0,1,1
793,12,339.0,1,1
793,13,652.0,1,1
793,14,296.0,1,1
793,15,535.0,1,1
794,0,243.0,1,1
794,1,112.0,1,1
794,2,117.0,1,1
794,3,195.0,1,1
794,4,112.0,1,1
794,5,329.0,1,1
794,6,218.0,1,1
794,7,230.0,1,1
794,8,87.0,1,1
794,9,236.0,1,1
794,10,334.0,1,1
794,11,295.0,1,1
794,12,299.0,1,1
794,13,330.0,1,1
794,14,185.0,1,1
794,15,354.0,1,1
795,0,69.0,1,1
795,1,54.0,1,1
795,2,52.0,1,1
795,3,219.0,1,1
795,4,142.0,1,1
795,5,298.0,1,1
795,6,288.0,1,1
795,7,144.0,1,1
795,8,54.0,1,1
795,9,149.0,1,1
795,10,211.0,1,1
795,11,205.0,1,1
795,12,215.0,1,1
795,13,448.0,1,1
795,14,135.0,1,1
795,15,392.0,1,1
796,0,56.0,1,1
796,1,21.0,1,1
796,2,12.0,1,1
796,3,182.0,1,1
796,4,104.0,1,1
796,5,221.0,1,1
796,6,241.0,1,1
796,7,125.0,1,1
796,8,38.0,1,1
796,9,146.0,1,1
796,10,158.0,1,1
796,11,90.0,1,1
796,12,207.0,1,1
796,13,270.0,1,1
796,14,84.0,1,1
796,15,272.0,1,1
797,0,29.0,1,1
797,1,13.0,1,1
797,2,9.0,1,1
797,3,155.0,1,1
797,4,61.0,1,1
797,5,201.0,1,1
797,6,220.0,1,1
797,7,90.0,1,1
797,8,13.0,1,1
797,9,92.0,1,1
797,10,155.0,1,1
797,11,55.0,1,1
797,12,133.0,1,1
797,13,138.0,1,1
797,14,24.0,1,1
797,15,198.0,1,1
798,0,14.0,1,1
798,1,13.0,1,1
798,2,19.0,1,1
798,3,161.0,1,1
798,4,61.0,1,1
798,5,194.0,1,1
798,6,262.0,1,1
798,7,55.0,1,1
798,8,5.0,1,1
798,9,54.0,1,1
798,10,140.0,1,1
798,11,35.0,1,1
798,12,76.0,1,1
798,13,206.0,1,1
798,14,18.0,1,1
798,15,227.0,1,1
799,0,19.0,1,1
799,1,10.0,1,1
799,2,5.0,1,1
799,3,140.0,1,1
799,4,45.0,1,1
799,5,143.0,1,1
799,6,228.0,1,1
799,7,36.0,1,1
799,8,3.0,1,1
799,9,35.0,1,1
799,10,86.0,1,1
799,11,67.0,1,1
799,12,45.0,1,1
799,13,116.0,1,1
799,14,11.0,1,1
799,15,175.0,1,1
800,0,96.0,1,1
800,1,42.0,1,1
800,2,25.0,1,1
800,3,171.0,1,1
800,4,96.0,1,1
800,5,226.0,1,1
800,6,322.0,1,1
800,7,90.0,1,1
800,8,15.0,1,1
800,9,92.0,1,1
800,10,182.0,1,1
800,11,83.0,1,1
800,12,156.0,1,1
800,13,292.0,1,1
800,14,58.0,1,1
800,15,308.0,1,1
801,0,155.0,1,1
801,1,103.0,1,1
801,2,37.0,1,1
801,3,346.0,1,1
801,4,421.0,1,1
801,5,606.0,1,1
801,6,688.0,1,1
801,7,230.0,1,1
801,8,103.0,1,1
801,9,275.0,1,1
801,10,236.0,1,1
801,11,281.0,1,1
801,12,644.0,1,1
801,13,1327.0,1,1
801,14,412.0,1,1
801,15,1218.0,1,1
802,0,263.0,1,1
802,1,158.0,1,1
802,2,37.0,1,1
802,3,355.0,1,1
802,4,510.0,1,1
802,5,954.0,1,1
802,6,1051.0,1,1
802,7,296.0,1,1
802,8,120.0,1,1
802,9,303.0,1,1
802,10,274.0,1,1
802,11,388.0,1,1
802,12,1097.0,1,1
802,13,2368.0,1,1
802,14,741.0,1,1
802,15,1449.0,1,1
803,0,287.0,1,1
803,1,170.0,1,1
803,2,56.0,1,1
803,3,211.0,1,1
803,4,221.0,1,1
803,5,276.0,1,1
803,6,312.0,1,1
803,7,141.0,1,1
803,8,58.0,1,1
803,9,176.0,1,1
803,10,0.0,1,1
803,11,399.0,1,1
803,12,197.0,1,1
803,13,852.0,1,1
803,14,582.0,1,1
803,15,784.0,1,1
804,0,346.0,1,1
804,1,212.0,1,1
804,2,58.0,1,1
804,3,203.0,1,1
804,4,108.0,1,1
804,5,300.0,1,1
804,6,297.0,1,1
804,7,193.0,1,1
804,8,107.0,1,1
804,9,248.0,1,1
804,10,229.0,1,1
804,11,437.0,1,1
804,12,479.0,1,1
804,13,324.0,1,1
804,14,162.0,1,1
804,15,350.0,1,1
805,0,409.0,1,1
805,1,224.0,1,1
805,2,76.0,1,1
805,3,257.0,1,1
805,4,136.0,1,1
805,5,404.0,1,1
805,6,366.0,1,1
805,7,269.0,1,1
805,8,167.0,1,1
805,9,264.0,1,1
805,10,290.0,1,1
805,11,429.0,1,1
805,12,725.0,1,1
805,13,420.0,1,1
805,14,261.0,1,1
805,15,504.0,1,1
806,0,520.0,1,1
806,1,262.0,1,1
806,2,83.0,1,1
806,3,231.0,1,1
806,4,208.0,1,1
806,5,391.0,1,1
806,6,217.0,1,1
806,7,278.0,1,1
806,8,106.0,1,1
806,9,247.0,1,1
806,10,301.0,1,1
806,11,0.0,1,1
806,12,248.0,1,1
806,13,643.0,1,1
806,14,355.0,1,1
806,15,499.0,1,1
807,0,570.0,1,1
807,1,311.0,1,1
807,2,112.0,1,1
807,3,309.0,1,1
807,4,235.0,1,1
807,5,444.0,1,1
807,6,341.0,1,1
807,7,350.0,1,1
807,8,209.0,1,1
807,9,309.0,1,1
807,10,293.0,1,1
807,11,1066.0,1,1
807,12,497.0,1,1
807,13,561.0,1,1
807,14,467.0,1,1
807,15,497.0,1,1
808,0,605.0,1,1
808,1,288.0,1,1
808,2,156.0,1,1
808,3,232.0,1,1
808,4,161.0,1,1
808,5,345.0,1,1
808,6,299.0,1,1
808,7,308.0,1,1
808,8,165.0,1,1
808,9,243.0,1,1
808,10,289.0,1,1
808,11,532.0,1,1
808,12,462.0,1,1
808,13,481.0,1,1
808,14,316.0,1,1
808,15,419.0,1,1
809,0,666.0,1,1
809,1,293.0,1,1
809,2,142.0,1,1
809,3,168.0,1,1
809,4,155.0,1,1
809,5,240.0,1,1
809,6,109.0,1,1
809,7,332.0,1,1
809,8,308.0,1,1
809,9,350.0,1,1
809,10,307.0,1,1
809,11,445.0,1,1
809,12,263.0,1,1
809,13,353.0,1,1
809,14,611.0,1,1
809,15,260.0,1,1
810,0,774.0,1,1
810,1,331.0,1,1
810,2,146.0,1,1
810,3,181.0,1,1
810,4,249.0,1,1
810,5,295.0,1,1
810,6,133.0,1,1
810,7,310.0,1,1
810,8,200.0,1,1
810,9,315.0,1,1
810,10,319.0,1,1
810,11,479.0,1,1
810,12,172.0,1,1
810,13,591.0,1,1
810,14,1300.0,1,1
810,15,446.0,1,1
811,0,766.0,1,1
811,1,313.0,1,1
811,2,92.0,1,1
811,3,171.0,1,1
811,4,213.0,1,1
811,5,295.0,1,1
811,6,147.0,1,1
811,7,303.0,1,1
811,8,243.0,1,1
811,9,338.0,1,1
811,10,303.0,1,1
811,11,423.0,1,1
811,12,242.0,1,1
811,13,754.0,1,1
811,14,1206.0,1,1
811,15,341.0,1,1
812,0,739.0,1,1
812,1,332.0,1,1
812,2,161.0,1,1
812,3,193.0,1,1
812,4,330.0,1,1
812,5,286.0,1,1
812,6,160.0,1,1
812,7,285.0,1,1
812,8,185.0,1,1
812,9,296.0,1,1
812,10,408.0,1,1
812,11,462.0,1,1
812,12,247.0,1,1
812,13,996.0,1,1
812,14,1488.0,1,1
812,15,561.0,1,1
813,0,724.0,1,1
813,1,299.0,1,1
813,2,196.0,1,1
813,3,199.0,1,1
813,4,129.0,1,1
813,5,309.0,1,1
813,6,194.0,1,1
813,7,302.0,1,1
813,8,184.0,1,1
813,9,263.0,1,1
813,10,370.0,1,1
813,11,566.0,1,1
813,12,286.0,1,1
813,13,378.0,1,1
813,14,518.0,1,1
813,15,351.0,1,1
814,0,693.0,1,1
814,1,492.0,1,1
814,2,180.0,1,1
814,3,183.0,1,1
814,4,115.0,1,1
814,5,283.0,1,1
814,6,148.0,1,1
814,7,367.0,1,1
814,8,370.0,1,1
814,9,343.0,1,1
814,10,312.0,1,1
814,11,622.0,1,1
814,12,417.0,1,1
814,13,261.0,1,1
814,14,628.0,1,1
814,15,284.0,1,1
815,0,636.0,1,1
815,1,416.0,1,1
815,2,188.0,1,1
815,3,201.0,1,1
815,4,181.0,1,1
815,5,370.0,1,1
815,6,169.0,1,1
815,7,424.0,1,1
815,8,450.0,1,1
815,9,383.0,1,1
815,10,243.0,1,1
815,11,665.0,1,1
815,12,477.0,1,1
815,13,668.0,1,1
815,14,774.0,1,1
815,15,335.0,1,1
816,0,503.0,1,1
816,1,336.0,1,1
816,2,177.0,1,1
816,3,207.0,1,1
816,4,194.0,1,1
816,5,398.0,1,1
816,6,230.0,1,1
816,7,301.0,1,1
816,8,197.0,1,1
816,9,319.0,1,1
816,10,261.0,1,1
816,11,605.0,1,1
816,12,393.0,1,1
816,13,759.0,1,1
816,14,767.0,1,1
816,15,511.0,1,1
817,0,408.0,1,1
817,1,192.0,1,1
817,2,184.0,1,1
817,3,161.0,1,1
817,4,164.0,1,1
817,5,216.0,1,1
817,6,158.0,1,1
817,7,100.0,1,1
817,8,202.0,1,1
817,9,63.0,1,1
817,10,231.0,1,1
817,11,526.0,1,1
817,12,327.0,1,1
817,13,381.0,1,1
817,14,583.0,1,1
817,15,615.0,1,1
818,0,203.0,1,1
818,1,117.0,1,1
818,2,100.0,1,1
818,3,124.0,1,1
818,4,66.0,1,1
818,5,222.0,1,1
818,6,94.0,1,1
818,7,86.0,1,1
818,8,159.0,1,1
818,9,43.0,1,1
818,10,237.0,1,1
818,11,346.0,1,1
818,12,247.0,1,1
818,13,281.0,1,1
818,14,377.0,1,1
818,15,334.0,1,1
819,0,80.0,1,1
819,1,62.0,1,1
819,2,29.0,1,1
819,3,68.0,1,1
819,4,45.0,1,1
819,5,128.0,1,1
819,6,62.0,1,1
819,7,47.0,1,1
819,8,154.0,1,1
819,9,23.0,1,1
819,10,213.0,1,1
819,11,272.0,1,1
819,12,262.0,1,1
819,13,180.0,1,1
819,14,354.0,1,1
819,15,438.0,1,1
820,0,71.0,1,1
820,1,38.0,1,1
820,2,11.0,1,1
820,3,39.0,1,1
820,4,21.0,1,1
820,5,101.0,1,1
820,6,36.0,1,1
820,7,36.0,1,1
820,8,142.0,1,1
820,9,12.0,1,1
820,10,159.0,1,1
820,11,216.0,1,1
820,12,221.0,1,1
820,13,140.0,1,1
820,14,258.0,1,1
820,15,324.0,1,1
821,0,25.0,1,1
821,1,16.0,1,1
821,2,2.0,1,1
821,3,13.0,1,1
821,4,4.0,1,1
821,5,35.0,1,1
821,6,6.0,1,1
821,7,8.0,1,1
821,8,105.0,1,1
821,9,2.0,1,1
821,10,151.0,1,1
821,11,105.0,1,1
821,12,134.0,1,1
821,13,56.0,1,1
821,14,184.0,1,1
821,15,350.0,1,1
822,0,15.0,1,1
822,1,22.0,1,1
822,2,10.0,1,1
822,3,10.0,1,1
822,4,2.0,1,1
822,5,18.0,1,1
822,6,6.0,1,1
822,7,5.0,1,1
822,8,106.0,1,1
822,9,0.0,1,1
822,10,135.0,1,1
822,11,96.0,1,1
822,12,121.0,1,1
822,13,37.0,1,1
822,14,162.0,1,1
822,15,433.0,1,1
823,0,20.0,1,1
823,1,10.0,1,1
823,2,19.0,1,1
823,3,5.0,1,1
823,4,1.0,1,1
823,5,11.0,1,1
823,6,2.0,1,1
823,7,3.0,1,1
823,8,87.0,1,1
823,9,0.0,1,1
823,10,82.0,1,1
823,11,115.0,1,1
823,12,94.0,1,1
823,13,19.0,1,1
823,14,89.0,1,1
823,15,370.0,1,1
824,0,146.0,1,1
824,1,45.0,1,1
824,2,39.0,1,1
824,3,33.0,1,1
824,4,9.0,1,1
824,5,78.0,1,1
824,6,16.0,1,1
824,7,17.0,1,1
824,8,130.0,1,1
824,9,4.0,1,1
824,10,327.0,1,1
824,11,124.0,1,1
824,12,264.0,1,1
824,13,97.0,1,1
824,14,227.0,1,1
824,15,398.0,1,1
825,0,330.0,1,1
825,1,253.0,1,1
825,2,54.0,1,1
825,3,221.0,1,1
825,4,106.0,1,1
825,5,273.0,1,1
825,6,183.0,1,1
825,7,132.0,1,1
825,8,274.0,1,1
825,9,51.0,1,1
825,10,460.0,1,1
825,11,378.0,1,1
825,12,650.0,1,1
825,13,398.0,1,1
825,14,957.0,1,1
825,15,816.0,1,1
826,0,662.0,1,1
826,1,427.0,1,1
826,2,134.0,1,1
826,3,527.0,1,1
826,4,188.0,1,1
826,5,506.0,1,1
826,6,260.0,1,1
826,7,190.0,1,1
826,8,351.0,1,1
826,9,100.0,1,1
826,10,542.0,1,1
826,11,606.0,1,1
826,12,871.0,1,1
826,13,601.0,1,1
826,14,1314.0,1,1
826,15,1159.0,1,1
827,0,435.0,1,1
827,1,287.0,1,1
827,2,120.0,1,1
827,3,325.0,1,1
827,4,77.0,1,1
827,5,261.0,1,1
827,6,264.0,1,1
827,7,181.0,1,1
827,8,175.0,1,1
827,9,65.0,1,1
827,10,0.0,1,1
827,11,507.0,1,1
827,12,425.0,1,1
827,13,450.0,1,1
827,14,532.0,1,1
827,15,393.0,1,1
828,0,436.0,1,1
828,1,238.0,1,1
828,2,126.0,1,1
828,3,108.0,1,1
828,4,41.0,1,1
828,5,262.0,1,1
828,6,82.0,1,1
828,7,96.0,1,1
828,8,157.0,1,1
828,9,53.0,1,1
828,10,364.0,1,1
828,11,399.0,1,1
828,12,364.0,1,1
828,13,283.0,1,1
828,14,390.0,1,1
828,15,332.0,1,1
829,0,509.0,1,1
829,1,272.0,1,1
829,2,145.0,1,1
829,3,215.0,1,1
829,4,74.0,1,1
829,5,326.0,1,1
829,6,118.0,1,1
829,7,105.0,1,1
829,8,168.0,1,1
829,9,68.0,1,1
829,10,394.0,1,1
829,11,412.0,1,1
829,12,341.0,1,1
829,13,387.0,1,1
829,14,571.0,1,1
829,15,392.0,1,1
830,0,604.0,1,1
830,1,359.0,1,1
830,2,107.0,1,1
830,3,180.0,1,1
830,4,143.0,1,1
830,5,299.0,1,1
830,6,294.0,1,1
830,7,150.0,1,1
830,8,161.0,1,1
830,9,107.0,1,1
830,10,318.0,1,1
830,11,476.0,1,1
830,12,374.0,1,1
830,13,518.0,1,1
830,14,536.0,1,1
830,15,369.0,1,1
831,0,535.0,1,1
831,1,321.0,1,1
831,2,131.0,1,1
831,3,242.0,1,1
831,4,115.0,1,1
831,5,423.0,1,1
831,6,281.0,1,1
831,7,201.0,1,1
831,8,245.0,1,1
831,9,105.0,1,1
831,10,349.0,1,1
831,11,503.0,1,1
831,12,377.0,1,1
831,13,563.0,1,1
831,14,547.0,1,1
831,15,477.0,1,1
832,0,661.0,1,1
832,1,301.0,1,1
832,2,182.0,1,1
832,3,206.0,1,1
832,4,98.0,1,1
832,5,366.0,1,1
832,6,176.0,1,1
832,7,139.0,1,1
832,8,167.0,1,1
832,9,93.0,1,1
832,10,377.0,1,1
832,11,417.0,1,1
832,12,352.0,1,1
832,13,414.0,1,1
832,14,533.0,1,1
832,15,338.0,1,1
833,0,853.0,1,1
833,1,374.0,1,1
833,2,228.0,1,1
833,3,234.0,1,1
833,4,227.0,1,1
833,5,444.0,1,1
833,6,410.0,1,1
833,7,370.0,1,1
833,8,154.0,1,1
833,9,545.0,1,1
833,10,473.0,1,1
833,11,517.0,1,1
833,12,288.0,1,1
833,13,838.0,1,1
833,14,383.0,1,1
833,15,214.0,1,1
834,0,979.0,1,1
834,1,385.0,1,1
834,2,103.0,1,1
834,3,310.0,1,1
834,4,663.0,1,1
834,5,414.0,1,1
834,6,872.0,1,1
834,7,584.0,1,1
834,8,166.0,1,1
834,9,936.0,1,1
834,10,495.0,1,1
834,11,463.0,1,1
834,12,367.0,1,1
834,13,1224.0,1,1
834,14,487.0,1,1
834,15,316.0,1,1
835,0,1140.0,1,1
835,1,398.0,1,1
835,2,122.0,1,1
835,3,480.0,1,1
835,4,486.0,1,1
835,5,585.0,1,1
835,6,1017.0,1,1
835,7,685.0,1,1
835,8,185.0,1,1
835,9,1111.0,1,1
835,10,525.0,1,1
835,11,506.0,1,1
835,12,419.0,1,1
835,13,1259.0,1,1
835,14,514.0,1,1
835,15,251.0,1,1
836,0,942.0,1,1
836,1,250.0,1,1
836,2,57.0,1,1
836,3,405.0,1,1
836,4,981.0,1,1
836,5,492.0,1,1
836,6,1334.0,1,1
836,7,686.0,1,1
836,8,157.0,1,1
836,9,1063.0,1,1
836,10,342.0,1,1
836,11,430.0,1,1
836,12,489.0,1,1
836,13,1372.0,1,1
836,14,701.0,1,1
836,15,309.0,1,1
837,0,664.0,1,1
837,1,313.0,1,1
837,2,148.0,1,1
837,3,268.0,1,1
837,4,138.0,1,1
837,5,310.0,1,1
837,6,263.0,1,1
837,7,228.0,1,1
837,8,179.0,1,1
837,9,193.0,1,1
837,10,278.0,1,1
837,11,621.0,1,1
837,12,292.0,1,1
837,13,677.0,1,1
837,14,406.0,1,1
837,15,291.0,1,1
838,0,598.0,1,1
838,1,338.0,1,1
838,2,116.0,1,1
838,3,320.0,1,1
838,4,209.0,1,1
838,5,557.0,1,1
838,6,329.0,1,1
838,7,353.0,1,1
838,8,155.0,1,1
838,9,556.0,1,1
838,10,318.0,1,1
838,11,517.0,1,1
838,12,290.0,1,1
838,13,944.0,1,1
838,14,465.0,1,1
838,15,247.0,1,1
839,0,502.0,1,1
839,1,240.0,1,1
839,2,20.0,1,1
839,3,444.0,1,1
839,4,388.0,1,1
839,5,724.0,1,1
839,6,719.0,1,1
839,7,519.0,1,1
839,8,194.0,1,1
839,9,840.0,1,1
839,10,438.0,1,1
839,11,481.0,1,1
839,12,426.0,1,1
839,13,946.0,1,1
839,14,626.0,1,1
839,15,292.0,1,1
840,0,378.0,1,1
840,1,182.0,1,1
840,2,5.0,1,1
840,3,363.0,1,1
840,4,384.0,1,1
840,5,429.0,1,1
840,6,551.0,1,1
840,7,321.0,1,1
840,8,180.0,1,1
840,9,416.0,1,1
840,10,395.0,1,1
840,11,410.0,1,1
840,12,346.0,1,1
840,13,910.0,1,1
840,14,659.0,1,1
840,15,392.0,1,1
841,0,277.0,1,1
841,1,156.0,1,1
841,2,26.0,1,1
841,3,248.0,1,1
841,4,157.0,1,1
841,5,78.0,1,1
841,6,395.0,1,1
841,7,98.0,1,1
841,8,110.0,1,1
841,9,320.0,1,1
841,10,343.0,1,1
841,11,365.0,1,1
841,12,110.0,1,1
841,13,223.0,1,1
841,14,472.0,1,1
841,15,285.0,1,1
842,0,157.0,1,1
842,1,59.0,1,1
842,2,17.0,1,1
842,3,149.0,1,1
842,4,164.0,1,1
842,5,77.0,1,1
842,6,390.0,1,1
842,7,80.0,1,1
842,8,114.0,1,1
842,9,248.0,1,1
842,10,255.0,1,1
842,11,235.0,1,1
842,12,101.0,1,1
842,13,255.0,1,1
842,14,441.0,1,1
842,15,171.0,1,1
843,0,73.0,1,1
843,1,32.0,1,1
843,2,14.0,1,1
843,3,170.0,1,1
843,4,192.0,1,1
843,5,42.0,1,1
843,6,297.0,1,1
843,7,40.0,1,1
843,8,61.0,1,1
843,9,160.0,1,1
843,10,226.0,1,1
843,11,98.0,1,1
843,12,52.0,1,1
843,13,119.0,1,1
843,14,269.0,1,1
843,15,110.0,1,1
844,0,39.0,1,1
844,1,22.0,1,1
844,2,16.0,1,1
844,3,143.0,1,1
844,4,161.0,1,1
844,5,21.0,1,1
844,6,177.0,1,1
844,7,28.0,1,1
844,8,55.0,1,1
844,9,134.0,1,1
844,10,203.0,1,1
844,11,47.0,1,1
844,12,33.0,1,1
844,13,98.0,1,1
844,14,223.0,1,1
844,15,66.0,1,1
845,0,28.0,1,1
845,1,15.0,1,1
845,2,17.0,1,1
845,3,125.0,1,1
845,4,199.0,1,1
845,5,3.0,1,1
845,6,159.0,1,1
845,7,8.0,1,1
845,8,18.0,1,1
845,9,86.0,1,1
845,10,174.0,1,1
845,11,26.0,1,1
845,12,9.0,1,1
845,13,26.0,1,1
845,14,193.0,1,1
845,15,18.0,1,1
846,0,29.0,1,1
846,1,14.0,1,1
846,2,12.0,1,1
846,3,136.0,1,1
846,4,185.0,1,1
846,5,2.0,1,1
846,6,144.0,1,1
846,7,4.0,1,1
846,8,9.0,1,1
846,9,66.0,1,1
846,10,188.0,1,1
846,11,43.0,1,1
846,12,4.0,1,1
846,13,11.0,1,1
846,14,129.0,1,1
846,15,10.0,1,1
847,0,19.0,1,1
847,1,5.0,1,1
847,2,9.0,1,1
847,3,94.0,1,1
847,4,139.0,1,1
847,5,1.0,1,1
847,6,87.0,1,1
847,7,2.0,1,1
847,8,5.0,1,1
847,9,38.0,1,1
847,10,83.0,1,1
847,11,39.0,1,1
847,12,2.0,1,1
847,13,6.0,1,1
847,14,92.0,1,1
847,15,5.0,1,1
848,0,168.0,1,1
848,1,51.0,1,1
848,2,28.0,1,1
848,3,185.0,1,1
848,4,149.0,1,1
848,5,11.0,1,1
848,6,152.0,1,1
848,7,22.0,1,1
848,8,25.0,1,1
848,9,122.0,1,1
848,10,297.0,1,1
848,11,105.0,1,1
848,12,21.0,1,1
848,13,48.0,1,1
848,14,226.0,1,1
848,15,42.0,1,1
849,0,327.0,1,1
849,1,198.0,1,1
849,2,66.0,1,1
849,3,396.0,1,1
849,4,462.0,1,1
849,5,137.0,1,1
849,6,496.0,1,1
849,7,106.0,1,1
849,8,116.0,1,1
849,9,540.0,1,1
849,10,409.0,1,1
849,11,349.0,1,1
849,12,171.0,1,1
849,13,224.0,1,1
849,14,611.0,1,1
849,15,373.0,1,1
850,0,657.0,1,1
850,1,425.0,1,1
850,2,115.0,1,1
850,3,763.0,1,1
850,4,891.0,1,1
850,5,387.0,1,1
850,6,1016.0,1,1
850,7,212.0,1,1
850,8,164.0,1,1
850,9,1048.0,1,1
850,10,507.0,1,1
850,11,616.0,1,1
850,12,336.0,1,1
850,13,552.0,1,1
850,14,1013.0,1,1
850,15,657.0,1,1
851,0,1155.0,1,1
851,1,649.0,1,1
851,2,212.0,1,1
851,3,166.0,1,1
851,4,82.0,1,1
851,5,274.0,1,1
851,6,188.0,1,1
851,7,154.0,1,1
851,8,118.0,1,1
851,9,293.0,1,1
851,10,0.0,1,1
851,11,480.0,1,1
851,12,213.0,1,1
851,13,215.0,1,1
851,14,310.0,1,1
851,15,429.0,1,1
852,0,435.0,1,1
852,1,173.0,1,1
852,2,82.0,1,1
852,3,185.0,1,1
852,4,247.0,1,1
852,5,71.0,1,1
852,6,339.0,1,1
852,7,64.0,1,1
852,8,107.0,1,1
852,9,299.0,1,1
852,10,362.0,1,1
852,11,501.0,1,1
852,12,150.0,1,1
852,13,234.0,1,1
852,14,459.0,1,1
852,15,162.0,1,1
853,0,500.0,1,1
853,1,248.0,1,1
853,2,74.0,1,1
853,3,208.0,1,1
853,4,361.0,1,1
853,5,112.0,1,1
853,6,510.0,1,1
853,7,121.0,1,1
853,8,137.0,1,1
853,9,509.0,1,1
853,10,257.0,1,1
853,11,476.0,1,1
853,12,196.0,1,1
853,13,350.0,1,1
853,14,746.0,1,1
853,15,221.0,1,1
854,0,577.0,1,1
854,1,327.0,1,1
854,2,74.0,1,1
854,3,179.0,1,1
854,4,110.0,1,1
854,5,153.0,1,1
854,6,304.0,1,1
854,7,118.0,1,1
854,8,138.0,1,1
854,9,207.0,1,1
854,10,299.0,1,1
854,11,542.0,1,1
854,12,202.0,1,1
854,13,277.0,1,1
854,14,368.0,1,1
854,15,332.0,1,1
855,0,586.0,1,1
855,1,272.0,1,1
855,2,131.0,1,1
855,3,204.0,1,1
855,4,329.0,1,1
855,5,228.0,1,1
855,6,508.0,1,1
855,7,140.0,1,1
855,8,194.0,1,1
855,9,381.0,1,1
855,10,302.0,1,1
855,11,528.0,1,1
855,12,223.0,1,1
855,13,432.0,1,1
855,14,636.0,1,1
855,15,436.0,1,1
856,0,745.0,1,1
856,1,290.0,1,1
856,2,178.0,1,1
856,3,199.0,1,1
856,4,258.0,1,1
856,5,152.0,1,1
856,6,370.0,1,1
856,7,131.0,1,1
856,8,160.0,1,1
856,9,326.0,1,1
856,10,299.0,1,1
856,11,541.0,1,1
856,12,228.0,1,1
856,13,369.0,1,1
856,14,522.0,1,1
856,15,276.0,1,1
857,0,906.0,1,1
857,1,443.0,1,1
857,2,130.0,1,1
857,3,108.0,1,1
857,4,51.0,1,1
857,5,399.0,1,1
857,6,214.0,1,1
857,7,265.0,1,1
857,8,270.0,1,1
857,9,186.0,1,1
857,10,443.0,1,1
857,11,464.0,1,1
857,12,586.0,1,1
857,13,624.0,1,1
857,14,311.0,1,1
857,15,774.0,1,1
858,0,1053.0,1,1
858,1,414.0,1,1
858,2,145.0,1,1
858,3,130.0,1,1
858,4,42.0,1,1
858,5,1179.0,1,1
858,6,247.0,1,1
858,7,350.0,1,1
858,8,282.0,1,1
858,9,161.0,1,1
858,10,425.0,1,1
858,11,502.0,1,1
858,12,779.0,1,1
858,13,775.0,1,1
858,14,242.0,1,1
858,15,1530.0,1,1
859,0,1195.0,1,1
859,1,419.0,1,1
859,2,209.0,1,1
859,3,133.0,1,1
859,4,42.0,1,1
859,5,1434.0,1,1
859,6,255.0,1,1
859,7,491.0,1,1
859,8,380.0,1,1
859,9,222.0,1,1
859,10,469.0,1,1
859,11,458.0,1,1
859,12,964.0,1,1
859,13,1055.0,1,1
859,14,316.0,1,1
859,15,1606.0,1,1
860,0,970.0,1,1
860,1,313.0,1,1
860,2,213.0,1,1
860,3,165.0,1,1
860,4,45.0,1,1
860,5,1717.0,1,1
860,6,198.0,1,1
860,7,430.0,1,1
860,8,280.0,1,1
860,9,199.0,1,1
860,10,496.0,1,1
860,11,434.0,1,1
860,12,1011.0,1,1
860,13,824.0,1,1
860,14,266.0,1,1
860,15,1669.0,1,1
861,0,670.0,1,1
861,1,267.0,1,1
861,2,170.0,1,1
861,3,112.0,1,1
861,4,118.0,1,1
861,5,252.0,1,1
861,6,338.0,1,1
861,7,200.0,1,1
861,8,188.0,1,1
861,9,270.0,1,1
861,10,413.0,1,1
861,11,565.0,1,1
861,12,278.0,1,1
861,13,409.0,1,1
861,14,448.0,1,1
861,15,468.0,1,1
862,0,516.0,1,1
862,1,314.0,1,1
862,2,80.0,1,1
862,3,106.0,1,1
862,4,80.0,1,1
862,5,535.0,1,1
862,6,284.0,1,1
862,7,372.0,1,1
862,8,288.0,1,1
862,9,311.0,1,1
862,10,339.0,1,1
862,11,419.0,1,1
862,12,753.0,1,1
862,13,827.0,1,1
862,14,481.0,1,1
862,15,751.0,1,1
863,0,534.0,1,1
863,1,332.0,1,1
863,2,111.0,1,1
863,3,170.0,1,1
863,4,101.0,1,1
863,5,823.0,1,1
863,6,383.0,1,1
863,7,450.0,1,1
863,8,382.0,1,1
863,9,373.0,1,1
863,10,340.0,1,1
863,11,272.0,1,1
863,12,931.0,1,1
863,13,1233.0,1,1
863,14,461.0,1,1
863,15,956.0,1,1
864,0,444.0,1,1
864,1,252.0,1,1
864,2,100.0,1,1
864,3,179.0,1,1
864,4,127.0,1,1
864,5,577.0,1,1
864,6,385.0,1,1
864,7,296.0,1,1
864,8,246.0,1,1
864,9,333.0,1,1
864,10,308.0,1,1
864,11,246.0,1,1
864,12,469.0,1,1
864,13,597.0,1,1
864,14,479.0,1,1
864,15,761.0,1,1
865,0,398.0,1,1
865,1,182.0,1,1
865,2,96.0,1,1
865,3,114.0,1,1
865,4,240.0,1,1
865,5,295.0,1,1
865,6,188.0,1,1
865,7,226.0,1,1
865,8,177.0,1,1
865,9,116.0,1,1
865,10,282.0,1,1
865,11,240.0,1,1
865,12,340.0,1,1
865,13,305.0,1,1
865,14,451.0,1,1
865,15,185.0,1,1
866,0,263.0,1,1
866,1,111.0,1,1
866,2,64.0,1,1
866,3,142.0,1,1
866,4,159.0,1,1
866,5,223.0,1,1
866,6,96.0,1,1
866,7,100.0,1,1
866,8,145.0,1,1
866,9,112.0,1,1
866,10,213.0,1,1
866,11,203.0,1,1
866,12,306.0,1,1
866,13,241.0,1,1
866,14,318.0,1,1
866,15,144.0,1,1
867,0,107.0,1,1
867,1,43.0,1,1
867,2,37.0,1,1
867,3,68.0,1,1
867,4,176.0,1,1
867,5,173.0,1,1
867,6,73.0,1,1
867,7,57.0,1,1
867,8,129.0,1,1
867,9,55.0,1,1
867,10,169.0,1,1
867,11,144.0,1,1
867,12,269.0,1,1
867,13,178.0,1,1
867,14,307.0,1,1
867,15,85.0,1,1
868,0,63.0,1,1
868,1,44.0,1,1
868,2,25.0,1,1
868,3,65.0,1,1
868,4,142.0,1,1
868,5,136.0,1,1
868,6,36.0,1,1
868,7,25.0,1,1
868,8,121.0,1,1
868,9,38.0,1,1
868,10,192.0,1,1
868,11,116.0,1,1
868,12,247.0,1,1
868,13,125.0,1,1
868,14,254.0,1,1
868,15,64.0,1,1
869,0,29.0,1,1
869,1,16.0,1,1
869,2,11.0,1,1
869,3,21.0,1,1
869,4,80.0,1,1
869,5,78.0,1,1
869,6,6.0,1,1
869,7,11.0,1,1
869,8,106.0,1,1
869,9,9.0,1,1
869,10,171.0,1,1
869,11,52.0,1,1
869,12,141.0,1,1
869,13,34.0,1,1
869,14,180.0,1,1
869,15,17.0,1,1
870,0,23.0,1,1
870,1,22.0,1,1
870,2,9.0,1,1
870,3,9.0,1,1
870,4,91.0,1,1
870,5,60.0,1,1
870,6,6.0,1,1
870,7,5.0,1,1
870,8,87.0,1,1
870,9,4.0,1,1
870,10,150.0,1,1
870,11,53.0,1,1
870,12,101.0,1,1
870,13,22.0,1,1
870,14,187.0,1,1
870,15,9.0,1,1
871,0,28.0,1,1
871,1,11.0,1,1
871,2,12.0,1,1
871,3,6.0,1,1
871,4,58.0,1,1
871,5,41.0,1,1
871,6,4.0,1,1
871,7,2.0,1,1
871,8,56.0,1,1
871,9,2.0,1,1
871,10,142.0,1,1
871,11,73.0,1,1
871,12,69.0,1,1
871,13,10.0,1,1
871,14,150.0,1,1
871,15,5.0,1,1
872,0,179.0,1,1
872,1,50.0,1,1
872,2,33.0,1,1
872,3,27.0,1,1
872,4,134.0,1,1
872,5,126.0,1,1
872,6,28.0,1,1
872,7,13.0,1,1
872,8,110.0,1,1
872,9,16.0,1,1
872,10,318.0,1,1
872,11,116.0,1,1
872,12,190.0,1,1
872,13,83.0,1,1
872,14,211.0,1,1
872,15,38.0,1,1
873,0,290.0,1,1
873,1,287.0,1,1
873,2,53.0,1,1
873,3,105.0,1,1
873,4,364.0,1,1
873,5,365.0,1,1
873,6,237.0,1,1
873,7,109.0,1,1
873,8,234.0,1,1
873,9,141.0,1,1
873,10,393.0,1,1
873,11,403.0,1,1
873,12,500.0,1,1
873,13,416.0,1,1
873,14,773.0,1,1
873,15,204.0,1,1
874,0,599.0,1,1
874,1,443.0,1,1
874,2,107.0,1,1
874,3,176.0,1,1
874,4,505.0,1,1
874,5,557.0,1,1
874,6,563.0,1,1
874,7,313.0,1,1
874,8,350.0,1,1
874,9,213.0,1,1
874,10,340.0,1,1
874,11,653.0,1,1
874,12,568.0,1,1
874,13,633.0,1,1
874,14,1070.0,1,1
874,15,316.0,1,1
875,0,488.0,1,1
875,1,314.0,1,1
875,2,78.0,1,1
875,3,100.0,1,1
875,4,284.0,1,1
875,5,308.0,1,1
875,6,380.0,1,1
875,7,91.0,1,1
875,8,109.0,1,1
875,9,167.0,1,1
875,10,0.0,1,1
875,11,426.0,1,1
875,12,414.0,1,1
875,13,485.0,1,1
875,14,447.0,1,1
875,15,309.0,1,1
876,0,507.0,1,1
876,1,304.0,1,1
876,2,145.0,1,1
876,3,102.0,1,1
876,4,156.0,1,1
876,5,220.0,1,1
876,6,67.0,1,1
876,7,71.0,1,1
876,8,171.0,1,1
876,9,97.0,1,1
876,10,545.0,1,1
876,11,382.0,1,1
876,12,317.0,1,1
876,13,260.0,1,1
876,14,292.0,1,1
876,15,157.0,1,1
877,0,670.0,1,1
877,1,369.0,1,1
877,2,98.0,1,1
877,3,143.0,1,1
877,4,189.0,1,1
877,5,282.0,1,1
877,6,123.0,1,1
877,7,137.0,1,1
877,8,210.0,1,1
877,9,139.0,1,1
877,10,380.0,1,1
877,11,397.0,1,1
877,12,412.0,1,1
877,13,349.0,1,1
877,14,411.0,1,1
877,15,184.0,1,1
878,0,529.0,1,1
878,1,295.0,1,1
878,2,84.0,1,1
878,3,131.0,1,1
878,4,253.0,1,1
878,5,300.0,1,1
878,6,214.0,1,1
878,7,234.0,1,1
878,8,112.0,1,1
878,9,166.0,1,1
878,10,390.0,1,1
878,11,455.0,1,1
878,12,392.0,1,1
878,13,552.0,1,1
878,14,394.0,1,1
878,15,276.0,1,1
879,0,619.0,1,1
879,1,366.0,1,1
879,2,150.0,1,1
879,3,254.0,1,1
879,4,278.0,1,1
879,5,360.0,1,1
879,6,208.0,1,1
879,7,187.0,1,1
879,8,197.0,1,1
879,9,298.0,1,1
879,10,355.0,1,1
879,11,603.0,1,1
879,12,538.0,1,1
879,13,543.0,1,1
879,14,606.0,1,1
879,15,343.0,1,1
880,0,709.0,1,1
880,1,451.0,1,1
880,2,245.0,1,1
880,3,187.0,1,1
880,4,217.0,1,1
880,5,287.0,1,1
880,6,145.0,1,1
880,7,122.0,1,1
880,8,173.0,1,1
880,9,204.0,1,1
880,10,538.0,1,1
880,11,586.0,1,1
880,12,478.0,1,1
880,13,475.0,1,1
880,14,392.0,1,1
880,15,245.0,1,1
881,0,862.0,1,1
881,1,492.0,1,1
881,2,191.0,1,1
881,3,333.0,1,1
881,4,245.0,1,1
881,5,347.0,1,1
881,6,216.0,1,1
881,7,266.0,1,1
881,8,133.0,1,1
881,9,537.0,1,1
881,10,391.0,1,1
881,11,561.0,1,1
881,12,442.0,1,1
881,13,953.0,1,1
881,14,289.0,1,1
881,15,746.0,1,1
882,0,1084.0,1,1
882,1,444.0,1,1
882,2,88.0,1,1
882,3,285.0,1,1
882,4,356.0,1,1
882,5,445.0,1,1
882,6,755.0,1,1
882,7,436.0,1,1
882,8,101.0,1,1
882,9,761.0,1,1
882,10,402.0,1,1
882,11,464.0,1,1
882,12,392.0,1,1
882,13,1417.0,1,1
882,14,389.0,1,1
882,15,1049.0,1,1
883,0,1353.0,1,1
883,1,343.0,1,1
883,2,39.0,1,1
883,3,409.0,1,1
883,4,383.0,1,1
883,5,479.0,1,1
883,6,885.0,1,1
883,7,413.0,1,1
883,8,109.0,1,1
883,9,865.0,1,1
883,10,290.0,1,1
883,11,426.0,1,1
883,12,457.0,1,1
883,13,1525.0,1,1
883,14,413.0,1,1
883,15,1226.0,1,1
884,0,1119.0,1,1
884,1,332.0,1,1
884,2,14.0,1,1
884,3,202.0,1,1
884,4,485.0,1,1
884,5,517.0,1,1
884,6,1290.0,1,1
884,7,527.0,1,1
884,8,90.0,1,1
884,9,662.0,1,1
884,10,642.0,1,1
884,11,408.0,1,1
884,12,444.0,1,1
884,13,1768.0,1,1
884,14,484.0,1,1
884,15,1152.0,1,1
885,0,948.0,1,1
885,1,318.0,1,1
885,2,100.0,1,1
885,3,241.0,1,1
885,4,194.0,1,1
885,5,301.0,1,1
885,6,224.0,1,1
885,7,225.0,1,1
885,8,145.0,1,1
885,9,310.0,1,1
885,10,459.0,1,1
885,11,527.0,1,1
885,12,354.0,1,1
885,13,611.0,1,1
885,14,361.0,1,1
885,15,408.0,1,1
886,0,818.0,1,1
886,1,481.0,1,1
886,2,126.0,1,1
886,3,268.0,1,1
886,4,216.0,1,1
886,5,389.0,1,1
886,6,224.0,1,1
886,7,376.0,1,1
886,8,134.0,1,1
886,9,433.0,1,1
886,10,335.0,1,1
886,11,758.0,1,1
886,12,461.0,1,1
886,13,891.0,1,1
886,14,316.0,1,1
886,15,807.0,1,1
887,0,696.0,1,1
887,1,452.0,1,1
887,2,140.0,1,1
887,3,411.0,1,1
887,4,286.0,1,1
887,5,405.0,1,1
887,6,393.0,1,1
887,7,497.0,1,1
887,8,171.0,1,1
887,9,629.0,1,1
887,10,246.0,1,1
887,11,681.0,1,1
887,12,529.0,1,1
887,13,1263.0,1,1
887,14,365.0,1,1
887,15,1024.0,1,1
888,0,618.0,1,1
888,1,408.0,1,1
888,2,143.0,1,1
888,3,257.0,1,1
888,4,289.0,1,1
888,5,409.0,1,1
888,6,542.0,1,1
888,7,414.0,1,1
888,8,152.0,1,1
888,9,384.0,1,1
888,10,261.0,1,1
888,11,601.0,1,1
888,12,494.0,1,1
888,13,939.0,1,1
888,14,469.0,1,1
888,15,599.0,1,1
889,0,467.0,1,1
889,1,316.0,1,1
889,2,175.0,1,1
889,3,59.0,1,1
889,4,107.0,1,1
889,5,311.0,1,1
889,6,281.0,1,1
889,7,74.0,1,1
889,8,141.0,1,1
889,9,202.0,1,1
889,10,276.0,1,1
889,11,644.0,1,1
889,12,265.0,1,1
889,13,321.0,1,1
889,14,426.0,1,1
889,15,441.0,1,1
890,0,359.0,1,1
890,1,178.0,1,1
890,2,109.0,1,1
890,3,64.0,1,1
890,4,112.0,1,1
890,5,247.0,1,1
890,6,291.0,1,1
890,7,110.0,1,1
890,8,166.0,1,1
890,9,290.0,1,1
890,10,234.0,1,1
890,11,473.0,1,1
890,12,265.0,1,1
890,13,272.0,1,1
890,14,499.0,1,1
890,15,524.0,1,1
891,0,174.0,1,1
891,1,115.0,1,1
891,2,66.0,1,1
891,3,40.0,1,1
891,4,49.0,1,1
891,5,177.0,1,1
891,6,290.0,1,1
891,7,42.0,1,1
891,8,122.0,1,1
891,9,201.0,1,1
891,10,205.0,1,1
891,11,382.0,1,1
891,12,291.0,1,1
891,13,170.0,1,1
891,14,349.0,1,1
891,15,414.0,1,1
892,0,102.0,1,1
892,1,45.0,1,1
892,2,37.0,1,1
892,3,23.0,1,1
892,4,38.0,1,1
892,5,106.0,1,1
892,6,169.0,1,1
892,7,35.0,1,1
892,8,124.0,1,1
892,9,200.0,1,1
892,10,189.0,1,1
892,11,141.0,1,1
892,12,204.0,1,1
892,13,94.0,1,1
892,14,272.0,1,1
892,15,388.0,1,1
893,0,67.0,1,1
893,1,38.0,1,1
893,2,11.0,1,1
893,3,4.0,1,1
893,4,13.0,1,1
893,5,34.0,1,1
893,6,106.0,1,1
893,7,9.0,1,1
893,8,78.0,1,1
893,9,119.0,1,1
893,10,177.0,1,1
893,11,93.0,1,1
893,12,141.0,1,1
893,13,26.0,1,1
893,14,153.0,1,1
893,15,318.0,1,1
894,0,41.0,1,1
894,1,22.0,1,1
894,2,18.0,1,1
894,3,2.0,1,1
894,4,4.0,1,1
894,5,21.0,1,1
894,6,75.0,1,1
894,7,4.0,1,1
894,8,56.0,1,1
894,9,50.0,1,1
894,10,167.0,1,1
894,11,70.0,1,1
894,12,120.0,1,1
894,13,14.0,1,1
894,14,86.0,1,1
894,15,169.0,1,1
895,0,31.0,1,1
895,1,16.0,1,1
895,2,11.0,1,1
895,3,1.0,1,1
895,4,2.0,1,1
895,5,11.0,1,1
895,6,43.0,1,1
895,7,2.0,1,1
895,8,36.0,1,1
895,9,39.0,1,1
895,10,157.0,1,1
895,11,64.0,1,1
895,12,74.0,1,1
895,13,7.0,1,1
895,14,55.0,1,1
895,15,130.0,1,1
896,0,134.0,1,1
896,1,51.0,1,1
896,2,32.0,1,1
896,3,5.0,1,1
896,4,14.0,1,1
896,5,34.0,1,1
896,6,77.0,1,1
896,7,12.0,1,1
896,8,51.0,1,1
896,9,77.0,1,1
896,10,229.0,1,1
896,11,126.0,1,1
896,12,132.0,1,1
896,13,28.0,1,1
896,14,94.0,1,1
896,15,200.0,1,1
897,0,158.0,1,1
897,1,103.0,1,1
897,2,56.0,1,1
897,3,46.0,1,1
897,4,60.0,1,1
897,5,163.0,1,1
897,6,226.0,1,1
897,7,49.0,1,1
897,8,152.0,1,1
897,9,195.0,1,1
897,10,299.0,1,1
897,11,304.0,1,1
897,12,299.0,1,1
897,13,155.0,1,1
897,14,288.0,1,1
897,15,514.0,1,1
898,0,245.0,1,1
898,1,180.0,1,1
898,2,75.0,1,1
898,3,87.0,1,1
898,4,130.0,1,1
898,5,300.0,1,1
898,6,316.0,1,1
898,7,119.0,1,1
898,8,178.0,1,1
898,9,234.0,1,1
898,10,340.0,1,1
898,11,385.0,1,1
898,12,556.0,1,1
898,13,299.0,1,1
898,14,377.0,1,1
898,15,705.0,1,1
899,0,327.0,1,1
899,1,191.0,1,1
899,2,64.0,1,1
899,3,42.0,1,1
899,4,45.0,1,1
899,5,148.0,1,1
899,6,128.0,1,1
899,7,64.0,1,1
899,8,73.0,1,1
899,9,92.0,1,1
899,10,0.0,1,1
899,11,375.0,1,1
899,12,130.0,1,1
899,13,145.0,1,1
899,14,149.0,1,1
899,15,195.0,1,1
900,0,345.0,1,1
900,1,209.0,1,1
900,2,110.0,1,1
900,3,40.0,1,1
900,4,105.0,1,1
900,5,113.0,1,1
900,6,143.0,1,1
900,7,105.0,1,1
900,8,127.0,1,1
900,9,181.0,1,1
900,10,452.0,1,1
900,11,440.0,1,1
900,12,219.0,1,1
900,13,119.0,1,1
900,14,271.0,1,1
900,15,457.0,1,1
901,0,472.0,1,1
901,1,227.0,1,1
901,2,91.0,1,1
901,3,71.0,1,1
901,4,158.0,1,1
901,5,258.0,1,1
901,6,326.0,1,1
901,7,118.0,1,1
901,8,176.0,1,1
901,9,301.0,1,1
901,10,462.0,1,1
901,11,448.0,1,1
901,12,286.0,1,1
901,13,232.0,1,1
901,14,520.0,1,1
901,15,656.0,1,1
902,0,596.0,1,1
902,1,293.0,1,1
902,2,101.0,1,1
902,3,141.0,1,1
902,4,156.0,1,1
902,5,424.0,1,1
902,6,373.0,1,1
902,7,151.0,1,1
902,8,232.0,1,1
902,9,268.0,1,1
902,10,352.0,1,1
902,11,486.0,1,1
902,12,429.0,1,1
902,13,420.0,1,1
902,14,464.0,1,1
902,15,430.0,1,1
903,0,760.0,1,1
903,1,426.0,1,1
903,2,138.0,1,1
903,3,150.0,1,1
903,4,182.0,1,1
903,5,496.0,1,1
903,6,444.0,1,1
903,7,209.0,1,1
903,8,304.0,1,1
903,9,468.0,1,1
903,10,425.0,1,1
903,11,524.0,1,1
903,12,365.0,1,1
903,13,495.0,1,1
903,14,820.0,1,1
903,15,808.0,1,1
904,0,797.0,1,1
904,1,442.0,1,1
904,2,101.0,1,1
904,3,102.0,1,1
904,4,160.0,1,1
904,5,293.0,1,1
904,6,310.0,1,1
904,7,171.0,1,1
904,8,208.0,1,1
904,9,335.0,1,1
904,10,373.0,1,1
904,11,571.0,1,1
904,12,291.0,1,1
904,13,293.0,1,1
904,14,559.0,1,1
904,15,628.0,1,1
905,0,736.0,1,1
905,1,456.0,1,1
905,2,186.0,1,1
905,3,355.0,1,1
905,4,421.0,1,1
905,5,515.0,1,1
905,6,334.0,1,1
905,7,404.0,1,1
905,8,185.0,1,1
905,9,326.0,1,1
905,10,422.0,1,1
905,11,497.0,1,1
905,12,199.0,1,1
905,13,718.0,1,1
905,14,628.0,1,1
905,15,413.0,1,1
906,0,777.0,1,1
906,1,404.0,1,1
906,2,160.0,1,1
906,3,513.0,1,1
906,4,357.0,1,1
906,5,1007.0,1,1
906,6,562.0,1,1
906,7,420.0,1,1
906,8,189.0,1,1
906,9,217.0,1,1
906,10,375.0,1,1
906,11,579.0,1,1
906,12,305.0,1,1
906,13,1303.0,1,1
906,14,467.0,1,1
906,15,280.0,1,1
907,0,870.0,1,1
907,1,452.0,1,1
907,2,102.0,1,1
907,3,732.0,1,1
907,4,516.0,1,1
907,5,915.0,1,1
907,6,425.0,1,1
907,7,745.0,1,1
907,8,218.0,1,1
907,9,274.0,1,1
907,10,434.0,1,1
907,11,495.0,1,1
907,12,366.0,1,1
907,13,1382.0,1,1
907,14,539.0,1,1
907,15,365.0,1,1
908,0,887.0,1,1
908,1,424.0,1,1
908,2,184.0,1,1
908,3,457.0,1,1
908,4,304.0,1,1
908,5,900.0,1,1
908,6,434.0,1,1
908,7,343.0,1,1
908,8,142.0,1,1
908,9,151.0,1,1
908,10,524.0,1,1
908,11,535.0,1,1
908,12,306.0,1,1
908,13,989.0,1,1
908,14,304.0,1,1
908,15,242.0,1,1
909,0,783.0,1,1
909,1,408.0,1,1
909,2,184.0,1,1
909,3,142.0,1,1
909,4,233.0,1,1
909,5,343.0,1,1
909,6,360.0,1,1
909,7,178.0,1,1
909,8,162.0,1,1
909,9,318.0,1,1
909,10,574.0,1,1
909,11,516.0,1,1
909,12,264.0,1,1
909,13,364.0,1,1
909,14,436.0,1,1
909,15,432.0,1,1
910,0,792.0,1,1
910,1,420.0,1,1
910,2,140.0,1,1
910,3,187.0,1,1
910,4,471.0,1,1
910,5,386.0,1,1
910,6,271.0,1,1
910,7,323.0,1,1
910,8,126.0,1,1
910,9,274.0,1,1
910,10,293.0,1,1
910,11,738.0,1,1
910,12,177.0,1,1
910,13,486.0,1,1
910,14,455.0,1,1
910,15,395.0,1,1
911,0,743.0,1,1
911,1,448.0,1,1
911,2,170.0,1,1
911,3,512.0,1,1
911,4,573.0,1,1
911,5,680.0,1,1
911,6,394.0,1,1
911,7,556.0,1,1
911,8,213.0,1,1
911,9,403.0,1,1
911,10,241.0,1,1
911,11,706.0,1,1
911,12,318.0,1,1
911,13,1164.0,1,1
911,14,836.0,1,1
911,15,581.0,1,1
912,0,608.0,1,1
912,1,398.0,1,1
912,2,177.0,1,1
912,3,341.0,1,1
912,4,346.0,1,1
912,5,655.0,1,1
912,6,469.0,1,1
912,7,294.0,1,1
912,8,200.0,1,1
912,9,309.0,1,1
912,10,312.0,1,1
912,11,406.0,1,1
912,12,341.0,1,1
912,13,740.0,1,1
912,14,521.0,1,1
912,15,493.0,1,1
913,0,485.0,1,1
913,1,300.0,1,1
913,2,183.0,1,1
913,3,132.0,1,1
913,4,100.0,1,1
913,5,208.0,1,1
913,6,185.0,1,1
913,7,131.0,1,1
913,8,159.0,1,1
913,9,254.0,1,1
913,10,298.0,1,1
913,11,306.0,1,1
913,12,149.0,1,1
913,13,515.0,1,1
913,14,398.0,1,1
913,15,335.0,1,1
914,0,358.0,1,1
914,1,172.0,1,1
914,2,106.0,1,1
914,3,225.0,1,1
914,4,77.0,1,1
914,5,343.0,1,1
914,6,275.0,1,1
914,7,188.0,1,1
914,8,148.0,1,1
914,9,221.0,1,1
914,10,290.0,1,1
914,11,413.0,1,1
914,12,116.0,1,1
914,13,585.0,1,1
914,14,370.0,1,1
914,15,534.0,1,1
915,0,148.0,1,1
915,1,91.0,1,1
915,2,59.0,1,1
915,3,175.0,1,1
915,4,52.0,1,1
915,5,140.0,1,1
915,6,157.0,1,1
915,7,147.0,1,1
915,8,146.0,1,1
915,9,190.0,1,1
915,10,218.0,1,1
915,11,295.0,1,1
915,12,46.0,1,1
915,13,473.0,1,1
915,14,269.0,1,1
915,15,317.0,1,1
916,0,78.0,1,1
916,1,78.0,1,1
916,2,38.0,1,1
916,3,147.0,1,1
916,4,27.0,1,1
916,5,100.0,1,1
916,6,145.0,1,1
916,7,131.0,1,1
916,8,101.0,1,1
916,9,109.0,1,1
916,10,210.0,1,1
916,11,192.0,1,1
916,12,22.0,1,1
916,13,353.0,1,1
916,14,198.0,1,1
916,15,285.0,1,1
917,0,44.0,1,1
917,1,21.0,1,1
917,2,14.0,1,1
917,3,129.0,1,1
917,4,6.0,1,1
917,5,49.0,1,1
917,6,83.0,1,1
917,7,159.0,1,1
917,8,77.0,1,1
917,9,63.0,1,1
917,10,199.0,1,1
917,11,138.0,1,1
917,12,4.0,1,1
917,13,265.0,1,1
917,14,145.0,1,1
917,15,178.0,1,1
918,0,53.0,1,1
918,1,27.0,1,1
918,2,11.0,1,1
918,3,71.0,1,1
918,4,5.0,1,1
918,5,24.0,1,1
918,6,37.0,1,1
918,7,126.0,1,1
918,8,78.0,1,1
918,9,35.0,1,1
918,10,151.0,1,1
918,11,63.0,1,1
918,12,2.0,1,1
918,13,158.0,1,1
918,14,137.0,1,1
918,15,109.0,1,1
919,0,17.0,1,1
919,1,8.0,1,1
919,2,15.0,1,1
919,3,38.0,1,1
919,4,2.0,1,1
919,5,10.0,1,1
919,6,21.0,1,1
919,7,94.0,1,1
919,8,55.0,1,1
919,9,21.0,1,1
919,10,149.0,1,1
919,11,41.0,1,1
919,12,1.0,1,1
919,13,92.0,1,1
919,14,67.0,1,1
919,15,71.0,1,1
920,0,73.0,1,1
920,1,31.0,1,1
920,2,24.0,1,1
920,3,59.0,1,1
920,4,14.0,1,1
920,5,47.0,1,1
920,6,64.0,1,1
920,7,77.0,1,1
920,8,84.0,1,1
920,9,44.0,1,1
920,10,210.0,1,1
920,11,54.0,1,1
920,12,8.0,1,1
920,13,131.0,1,1
920,14,92.0,1,1
920,15,183.0,1,1
921,0,91.0,1,1
921,1,75.0,1,1
921,2,32.0,1,1
921,3,191.0,1,1
921,4,68.0,1,1
921,5,184.0,1,1
921,6,137.0,1,1
921,7,181.0,1,1
921,8,155.0,1,1
921,9,213.0,1,1
921,10,251.0,1,1
921,11,153.0,1,1
921,12,108.0,1,1
921,13,384.0,1,1
921,14,349.0,1,1
921,15,326.0,1,1
922,0,160.0,1,1
922,1,86.0,1,1
922,2,58.0,1,1
922,3,226.0,1,1
922,4,160.0,1,1
922,5,386.0,1,1
922,6,201.0,1,1
922,7,231.0,1,1
922,8,231.0,1,1
922,9,319.0,1,1
922,10,381.0,1,1
922,11,232.0,1,1
922,12,298.0,1,1
922,13,686.0,1,1
922,14,616.0,1,1
922,15,567.0,1,1
923,0,227.0,1,1
923,1,119.0,1,1
923,2,48.0,1,1
923,3,45.0,1,1
923,4,92.0,1,1
923,5,168.0,1,1
923,6,81.0,1,1
923,7,59.0,1,1
923,8,113.0,1,1
923,9,97.0,1,1
923,10,0.0,1,1
923,11,182.0,1,1
923,12,124.0,1,1
923,13,149.0,1,1
923,14,160.0,1,1
923,15,258.0,1,1
924,0,347.0,1,1
924,1,175.0,1,1
924,2,87.0,1,1
924,3,238.0,1,1
924,4,52.0,1,1
924,5,241.0,1,1
924,6,206.0,1,1
924,7,156.0,1,1
924,8,116.0,1,1
924,9,119.0,1,1
924,10,378.0,1,1
924,11,335.0,1,1
924,12,77.0,1,1
924,13,385.0,1,1
924,14,302.0,1,1
924,15,439.0,1,1
925,0,418.0,1,1
925,1,197.0,1,1
925,2,94.0,1,1
925,3,354.0,1,1
925,4,89.0,1,1
925,5,437.0,1,1
925,6,346.0,1,1
925,7,229.0,1,1
925,8,165.0,1,1
925,9,225.0,1,1
925,10,389.0,1,1
925,11,403.0,1,1
925,12,138.0,1,1
925,13,538.0,1,1
925,14,409.0,1,1
925,15,693.0,1,1
926,0,607.0,1,1
926,1,236.0,1,1
926,2,138.0,1,1
926,3,215.0,1,1
926,4,157.0,1,1
926,5,360.0,1,1
926,6,267.0,1,1
926,7,182.0,1,1
926,8,181.0,1,1
926,9,307.0,1,1
926,10,367.0,1,1
926,11,470.0,1,1
926,12,268.0,1,1
926,13,598.0,1,1
926,14,427.0,1,1
926,15,498.0,1,1
927,0,643.0,1,1
927,1,266.0,1,1
927,2,200.0,1,1
927,3,464.0,1,1
927,4,152.0,1,1
927,5,456.0,1,1
927,6,409.0,1,1
927,7,324.0,1,1
927,8,220.0,1,1
927,9,368.0,1,1
927,10,460.0,1,1
927,11,490.0,1,1
927,12,307.0,1,1
927,13,846.0,1,1
927,14,541.0,1,1
927,15,807.0,1,1
928,0,675.0,1,1
928,1,382.0,1,1
928,2,119.0,1,1
928,3,322.0,1,1
928,4,111.0,1,1
928,5,416.0,1,1
928,6,331.0,1,1
928,7,234.0,1,1
928,8,165.0,1,1
928,9,280.0,1,1
928,10,408.0,1,1
928,11,456.0,1,1
928,12,163.0,1,1
928,13,607.0,1,1
928,14,364.0,1,1
928,15,612.0,1,1
929,0,1209.0,1,1
929,1,639.0,1,1
929,2,185.0,1,1
929,3,198.0,1,1
929,4,218.0,1,1
929,5,539.0,1,1
929,6,490.0,1,1
929,7,100.0,1,1
929,8,148.0,1,1
929,9,367.0,1,1
929,10,310.0,1,1
929,11,548.0,1,1
929,12,556.0,1,1
929,13,633.0,1,1
929,14,312.0,1,1
929,15,660.0,1,1
930,0,857.0,1,1
930,1,366.0,1,1
930,2,105.0,1,1
930,3,85.0,1,1
930,4,558.0,1,1
930,5,410.0,1,1
930,6,299.0,1,1
930,7,89.0,1,1
930,8,193.0,1,1
930,9,436.0,1,1
930,10,201.0,1,1
930,11,410.0,1,1
930,12,1555.0,1,1
930,13,441.0,1,1
930,14,306.0,1,1
930,15,496.0,1,1
931,0,790.0,1,1
931,1,421.0,1,1
931,2,168.0,1,1
931,3,115.0,1,1
931,4,615.0,1,1
931,5,692.0,1,1
931,6,447.0,1,1
931,7,88.0,1,1
931,8,201.0,1,1
931,9,379.0,1,1
931,10,489.0,1,1
931,11,490.0,1,1
931,12,1281.0,1,1
931,13,592.0,1,1
931,14,354.0,1,1
931,15,703.0,1,1
932,0,792.0,1,1
932,1,259.0,1,1
932,2,82.0,1,1
932,3,66.0,1,1
932,4,577.0,1,1
932,5,401.0,1,1
932,6,240.0,1,1
932,7,60.0,1,1
932,8,173.0,1,1
932,9,302.0,1,1
932,10,381.0,1,1
932,11,398.0,1,1
932,12,1592.0,1,1
932,13,287.0,1,1
932,14,266.0,1,1
932,15,422.0,1,1
933,0,702.0,1,1
933,1,289.0,1,1
933,2,65.0,1,1
933,3,171.0,1,1
933,4,169.0,1,1
933,5,428.0,1,1
933,6,335.0,1,1
933,7,135.0,1,1
933,8,159.0,1,1
933,9,206.0,1,1
933,10,245.0,1,1
933,11,573.0,1,1
933,12,268.0,1,1
933,13,554.0,1,1
933,14,322.0,1,1
933,15,674.0,1,1
934,0,708.0,1,1
934,1,435.0,1,1
934,2,162.0,1,1
934,3,182.0,1,1
934,4,187.0,1,1
934,5,559.0,1,1
934,6,433.0,1,1
934,7,101.0,1,1
934,8,135.0,1,1
934,9,227.0,1,1
934,10,287.0,1,1
934,11,838.0,1,1
934,12,492.0,1,1
934,13,433.0,1,1
934,14,259.0,1,1
934,15,656.0,1,1
935,0,599.0,1,1
935,1,425.0,1,1
935,2,176.0,1,1
935,3,258.0,1,1
935,4,329.0,1,1
935,5,790.0,1,1
935,6,625.0,1,1
935,7,138.0,1,1
935,8,196.0,1,1
935,9,477.0,1,1
935,10,256.0,1,1
935,11,507.0,1,1
935,12,764.0,1,1
935,13,939.0,1,1
935,14,506.0,1,1
935,15,783.0,1,1
936,0,593.0,1,1
936,1,368.0,1,1
936,2,183.0,1,1
936,3,180.0,1,1
936,4,337.0,1,1
936,5,647.0,1,1
936,6,406.0,1,1
936,7,133.0,1,1
936,8,199.0,1,1
936,9,357.0,1,1
936,10,300.0,1,1
936,11,622.0,1,1
936,12,602.0,1,1
936,13,559.0,1,1
936,14,453.0,1,1
936,15,659.0,1,1
937,0,421.0,1,1
937,1,249.0,1,1
937,2,218.0,1,1
937,3,192.0,1,1
937,4,158.0,1,1
937,5,335.0,1,1
937,6,288.0,1,1
937,7,230.0,1,1
937,8,167.0,1,1
937,9,117.0,1,1
937,10,239.0,1,1
937,11,495.0,1,1
937,12,244.0,1,1
937,13,417.0,1,1
937,14,380.0,1,1
937,15,414.0,1,1
938,0,675.0,1,1
938,1,362.0,1,1
938,2,306.0,1,1
938,3,167.0,1,1
938,4,144.0,1,1
938,5,300.0,1,1
938,6,257.0,1,1
938,7,166.0,1,1
938,8,107.0,1,1
938,9,96.0,1,1
938,10,177.0,1,1
938,11,360.0,1,1
938,12,234.0,1,1
938,13,408.0,1,1
938,14,376.0,1,1
938,15,354.0,1,1
939,0,769.0,1,1
939,1,421.0,1,1
939,2,351.0,1,1
939,3,130.0,1,1
939,4,172.0,1,1
939,5,334.0,1,1
939,6,233.0,1,1
939,7,152.0,1,1
939,8,109.0,1,1
939,9,44.0,1,1
939,10,174.0,1,1
939,11,228.0,1,1
939,12,123.0,1,1
939,13,415.0,1,1
939,14,180.0,1,1
939,15,215.0,1,1
940,0,814.0,1,1
940,1,451.0,1,1
940,2,366.0,1,1
940,3,114.0,1,1
940,4,152.0,1,1
940,5,300.0,1,1
940,6,202.0,1,1
940,7,123.0,1,1
940,8,75.0,1,1
940,9,29.0,1,1
940,10,127.0,1,1
940,11,131.0,1,1
940,12,113.0,1,1
940,13,311.0,1,1
940,14,151.0,1,1
940,15,178.0,1,1
941,0,842.0,1,1
941,1,464.0,1,1
941,2,373.0,1,1
941,3,87.0,1,1
941,4,131.0,1,1
941,5,283.0,1,1
941,6,135.0,1,1
941,7,87.0,1,1
941,8,56.0,1,1
941,9,6.0,1,1
941,10,121.0,1,1
941,11,134.0,1,1
941,12,42.0,1,1
941,13,162.0,1,1
941,14,54.0,1,1
941,15,126.0,1,1
942,0,876.0,1,1
942,1,476.0,1,1
942,2,384.0,1,1
942,3,62.0,1,1
942,4,114.0,1,1
942,5,306.0,1,1
942,6,81.0,1,1
942,7,70.0,1,1
942,8,47.0,1,1
942,9,2.0,1,1
942,10,116.0,1,1
942,11,44.0,1,1
942,12,25.0,1,1
942,13,113.0,1,1
942,14,25.0,1,1
942,15,104.0,1,1
943,0,917.0,1,1
943,1,485.0,1,1
943,2,390.0,1,1
943,3,46.0,1,1
943,4,92.0,1,1
943,5,247.0,1,1
943,6,66.0,1,1
943,7,55.0,1,1
943,8,36.0,1,1
943,9,1.0,1,1
943,10,54.0,1,1
943,11,41.0,1,1
943,12,14.0,1,1
943,13,86.0,1,1
943,14,14.0,1,1
943,15,65.0,1,1
944,0,961.0,1,1
944,1,510.0,1,1
944,2,416.0,1,1
944,3,93.0,1,1
944,4,136.0,1,1
944,5,286.0,1,1
944,6,154.0,1,1
944,7,127.0,1,1
944,8,77.0,1,1
944,9,11.0,1,1
944,10,162.0,1,1
944,11,113.0,1,1
944,12,75.0,1,1
944,13,315.0,1,1
944,14,48.0,1,1
944,15,205.0,1,1
945,0,1097.0,1,1
945,1,598.0,1,1
945,2,449.0,1,1
945,3,224.0,1,1
945,4,424.0,1,1
945,5,637.0,1,1
945,6,513.0,1,1
945,7,354.0,1,1
945,8,279.0,1,1
945,9,106.0,1,1
945,10,190.0,1,1
945,11,230.0,1,1
945,12,321.0,1,1
945,13,929.0,1,1
945,14,252.0,1,1
945,15,614.0,1,1
946,0,1282.0,1,1
946,1,743.0,1,1
946,2,489.0,1,1
946,3,299.0,1,1
946,4,692.0,1,1
946,5,806.0,1,1
946,6,804.0,1,1
946,7,441.0,1,1
946,8,451.0,1,1
946,9,233.0,1,1
946,10,311.0,1,1
946,11,329.0,1,1
946,12,436.0,1,1
946,13,1330.0,1,1
946,14,345.0,1,1
946,15,963.0,1,1
947,0,1606.0,1,1
947,1,882.0,1,1
947,2,525.0,1,1
947,3,153.0,1,1
947,4,154.0,1,1
947,5,277.0,1,1
947,6,206.0,1,1
947,7,258.0,1,1
947,8,127.0,1,1
947,9,142.0,1,1
947,10,0.0,1,1
947,11,352.0,1,1
947,12,305.0,1,1
947,13,626.0,1,1
947,14,236.0,1,1
947,15,451.0,1,1
948,0,481.0,1,1
948,1,279.0,1,1
948,2,97.0,1,1
948,3,195.0,1,1
948,4,227.0,1,1
948,5,343.0,1,1
948,6,285.0,1,1
948,7,176.0,1,1
948,8,111.0,1,1
948,9,68.0,1,1
948,10,423.0,1,1
948,11,436.0,1,1
948,12,260.0,1,1
948,13,549.0,1,1
948,14,204.0,1,1
948,15,371.0,1,1
949,0,575.0,1,1
949,1,365.0,1,1
949,2,90.0,1,1
949,3,249.0,1,1
949,4,321.0,1,1
949,5,409.0,1,1
949,6,419.0,1,1
949,7,227.0,1,1
949,8,204.0,1,1
949,9,121.0,1,1
949,10,384.0,1,1
949,11,486.0,1,1
949,12,273.0,1,1
949,13,896.0,1,1
949,14,344.0,1,1
949,15,560.0,1,1
950,0,675.0,1,1
950,1,407.0,1,1
950,2,110.0,1,1
950,3,174.0,1,1
950,4,159.0,1,1
950,5,294.0,1,1
950,6,228.0,1,1
950,7,221.0,1,1
950,8,110.0,1,1
950,9,157.0,1,1
950,10,377.0,1,1
950,11,540.0,1,1
950,12,338.0,1,1
950,13,470.0,1,1
950,14,440.0,1,1
950,15,361.0,1,1
951,0,824.0,1,1
951,1,433.0,1,1
951,2,143.0,1,1
951,3,264.0,1,1
951,4,318.0,1,1
951,5,489.0,1,1
951,6,434.0,1,1
951,7,234.0,1,1
951,8,168.0,1,1
951,9,187.0,1,1
951,10,332.0,1,1
951,11,554.0,1,1
951,12,385.0,1,1
951,13,759.0,1,1
951,14,732.0,1,1
951,15,441.0,1,1
952,0,887.0,1,1
952,1,493.0,1,1
952,2,125.0,1,1
952,3,202.0,1,1
952,4,255.0,1,1
952,5,352.0,1,1
952,6,333.0,1,1
952,7,208.0,1,1
952,8,148.0,1,1
952,9,142.0,1,1
952,10,364.0,1,1
952,11,626.0,1,1
952,12,309.0,1,1
952,13,698.0,1,1
952,14,430.0,1,1
952,15,437.0,1,1
953,0,975.0,1,1
953,1,511.0,1,1
953,2,118.0,1,1
953,3,181.0,1,1
953,4,88.0,1,1
953,5,208.0,1,1
953,6,225.0,1,1
953,7,181.0,1,1
953,8,84.0,1,1
953,9,458.0,1,1
953,10,364.0,1,1
953,11,587.0,1,1
953,12,608.0,1,1
953,13,536.0,1,1
953,14,894.0,1,1
953,15,316.0,1,1
954,0,950.0,1,1
954,1,483.0,1,1
954,2,95.0,1,1
954,3,120.0,1,1
954,4,71.0,1,1
954,5,199.0,1,1
954,6,194.0,1,1
954,7,235.0,1,1
954,8,95.0,1,1
954,9,796.0,1,1
954,10,470.0,1,1
954,11,358.0,1,1
954,12,653.0,1,1
954,13,556.0,1,1
954,14,995.0,1,1
954,15,274.0,1,1
955,0,1095.0,1,1
955,1,369.0,1,1
955,2,38.0,1,1
955,3,179.0,1,1
955,4,95.0,1,1
955,5,204.0,1,1
955,6,233.0,1,1
955,7,249.0,1,1
955,8,98.0,1,1
955,9,967.0,1,1
955,10,220.0,1,1
955,11,452.0,1,1
955,12,769.0,1,1
955,13,700.0,1,1
955,14,991.0,1,1
955,15,375.0,1,1
956,0,950.0,1,1
956,1,296.0,1,1
956,2,8.0,1,1
956,3,122.0,1,1
956,4,80.0,1,1
956,5,191.0,1,1
956,6,202.0,1,1
956,7,280.0,1,1
956,8,121.0,1,1
956,9,1029.0,1,1
956,10,604.0,1,1
956,11,484.0,1,1
956,12,839.0,1,1
956,13,609.0,1,1
956,14,685.0,1,1
956,15,364.0,1,1
957,0,776.0,1,1
957,1,291.0,1,1
957,2,77.0,1,1
957,3,185.0,1,1
957,4,159.0,1,1
957,5,278.0,1,1
957,6,233.0,1,1
957,7,187.0,1,1
957,8,103.0,1,1
957,9,279.0,1,1
957,10,285.0,1,1
957,11,573.0,1,1
957,12,320.0,1,1
957,13,614.0,1,1
957,14,511.0,1,1
957,15,389.0,1,1
958,0,808.0,1,1
958,1,446.0,1,1
958,2,154.0,1,1
958,3,246.0,1,1
958,4,112.0,1,1
958,5,214.0,1,1
958,6,291.0,1,1
958,7,242.0,1,1
958,8,110.0,1,1
958,9,541.0,1,1
958,10,65.0,1,1
958,11,166.0,1,1
958,12,592.0,1,1
958,13,756.0,1,1
958,14,691.0,1,1
958,15,481.0,1,1
959,0,670.0,1,1
959,1,420.0,1,1
959,2,158.0,1,1
959,3,267.0,1,1
959,4,128.0,1,1
959,5,269.0,1,1
959,6,351.0,1,1
959,7,253.0,1,1
959,8,156.0,1,1
959,9,750.0,1,1
959,10,275.0,1,1
959,11,752.0,1,1
959,12,729.0,1,1
959,13,838.0,1,1
959,14,957.0,1,1
959,15,513.0,1,1
960,0,662.0,1,1
960,1,407.0,1,1
960,2,184.0,1,1
960,3,204.0,1,1
960,4,175.0,1,1
960,5,298.0,1,1
960,6,312.0,1,1
960,7,284.0,1,1
960,8,144.0,1,1
960,9,519.0,1,1
960,10,262.0,1,1
960,11,717.0,1,1
960,12,530.0,1,1
960,13,735.0,1,1
960,14,729.0,1,1
960,15,503.0,1,1
961,0,593.0,1,1
961,1,335.0,1,1
961,2,227.0,1,1
961,3,121.0,1,1
961,4,257.0,1,1
961,5,146.0,1,1
961,6,178.0,1,1
961,7,113.0,1,1
961,8,130.0,1,1
961,9,136.0,1,1
961,10,239.0,1,1
961,11,668.0,1,1
961,12,216.0,1,1
961,13,302.0,1,1
961,14,168.0,1,1
961,15,148.0,1,1
962,0,404.0,1,1
962,1,212.0,1,1
962,2,187.0,1,1
962,3,103.0,1,1
962,4,137.0,1,1
962,5,119.0,1,1
962,6,184.0,1,1
962,7,66.0,1,1
962,8,82.0,1,1
962,9,114.0,1,1
962,10,230.0,1,1
962,11,552.0,1,1
962,12,304.0,1,1
962,13,277.0,1,1
962,14,94.0,1,1
962,15,113.0,1,1
963,0,145.0,1,1
963,1,101.0,1,1
963,2,64.0,1,1
963,3,78.0,1,1
963,4,169.0,1,1
963,5,110.0,1,1
963,6,153.0,1,1
963,7,44.0,1,1
963,8,83.0,1,1
963,9,66.0,1,1
963,10,231.0,1,1
963,11,389.0,1,1
963,12,138.0,1,1
963,13,133.0,1,1
963,14,65.0,1,1
963,15,76.0,1,1
964,0,69.0,1,1
964,1,55.0,1,1
964,2,43.0,1,1
964,3,84.0,1,1
964,4,117.0,1,1
964,5,57.0,1,1
964,6,121.0,1,1
964,7,26.0,1,1
964,8,42.0,1,1
964,9,40.0,1,1
964,10,192.0,1,1
964,11,272.0,1,1
964,12,147.0,1,1
964,13,116.0,1,1
964,14,31.0,1,1
964,15,46.0,1,1
965,0,66.0,1,1
965,1,36.0,1,1
965,2,9.0,1,1
965,3,41.0,1,1
965,4,102.0,1,1
965,5,17.0,1,1
965,6,53.0,1,1
965,7,7.0,1,1
965,8,18.0,1,1
965,9,13.0,1,1
965,10,164.0,1,1
965,11,161.0,1,1
965,12,57.0,1,1
965,13,45.0,1,1
965,14,6.0,1,1
965,15,8.0,1,1
966,0,40.0,1,1
966,1,28.0,1,1
966,2,11.0,1,1
966,3,33.0,1,1
966,4,120.0,1,1
966,5,8.0,1,1
966,6,33.0,1,1
966,7,6.0,1,1
966,8,19.0,1,1
966,9,8.0,1,1
966,10,151.0,1,1
966,11,106.0,1,1
966,12,21.0,1,1
966,13,21.0,1,1
966,14,4.0,1,1
966,15,5.0,1,1
967,0,30.0,1,1
967,1,10.0,1,1
967,2,7.0,1,1
967,3,21.0,1,1
967,4,74.0,1,1
967,5,4.0,1,1
967,6,20.0,1,1
967,7,2.0,1,1
967,8,11.0,1,1
967,9,4.0,1,1
967,10,104.0,1,1
967,11,68.0,1,1
967,12,12.0,1,1
967,13,13.0,1,1
967,14,1.0,1,1
967,15,3.0,1,1
968,0,72.0,1,1
968,1,33.0,1,1
968,2,15.0,1,1
968,3,69.0,1,1
968,4,127.0,1,1
968,5,29.0,1,1
968,6,70.0,1,1
968,7,20.0,1,1
968,8,36.0,1,1
968,9,33.0,1,1
968,10,205.0,1,1
968,11,70.0,1,1
968,12,63.0,1,1
968,13,83.0,1,1
968,14,20.0,1,1
968,15,26.0,1,1
969,0,148.0,1,1
969,1,68.0,1,1
969,2,33.0,1,1
969,3,202.0,1,1
969,4,326.0,1,1
969,5,214.0,1,1
969,6,277.0,1,1
969,7,118.0,1,1
969,8,175.0,1,1
969,9,173.0,1,1
969,10,306.0,1,1
969,11,193.0,1,1
969,12,241.0,1,1
969,13,309.0,1,1
969,14,176.0,1,1
969,15,252.0,1,1
970,0,276.0,1,1
970,1,135.0,1,1
970,2,48.0,1,1
970,3,236.0,1,1
970,4,460.0,1,1
970,5,347.0,1,1
970,6,301.0,1,1
970,7,193.0,1,1
970,8,312.0,1,1
970,9,361.0,1,1
970,10,326.0,1,1
970,11,349.0,1,1
970,12,419.0,1,1
970,13,471.0,1,1
970,14,390.0,1,1
970,15,468.0,1,1
971,0,341.0,1,1
971,1,167.0,1,1
971,2,85.0,1,1
971,3,191.0,1,1
971,4,136.0,1,1
971,5,182.0,1,1
971,6,208.0,1,1
971,7,147.0,1,1
971,8,220.0,1,1
971,9,221.0,1,1
971,10,0.0,1,1
971,11,384.0,1,1
971,12,147.0,1,1
971,13,301.0,1,1
971,14,243.0,1,1
971,15,455.0,1,1
972,0,425.0,1,1
972,1,239.0,1,1
972,2,130.0,1,1
972,3,129.0,1,1
972,4,133.0,1,1
972,5,145.0,1,1
972,6,203.0,1,1
972,7,70.0,1,1
972,8,51.0,1,1
972,9,105.0,1,1
972,10,409.0,1,1
972,11,419.0,1,1
972,12,331.0,1,1
972,13,294.0,1,1
972,14,112.0,1,1
972,15,133.0,1,1
973,0,610.0,1,1
973,1,287.0,1,1
973,2,151.0,1,1
973,3,150.0,1,1
973,4,178.0,1,1
973,5,194.0,1,1
973,6,233.0,1,1
973,7,68.0,1,1
973,8,93.0,1,1
973,9,146.0,1,1
973,10,366.0,1,1
973,11,521.0,1,1
973,12,409.0,1,1
973,13,340.0,1,1
973,14,138.0,1,1
973,15,187.0,1,1
974,0,645.0,1,1
974,1,328.0,1,1
974,2,88.0,1,1
974,3,178.0,1,1
974,4,207.0,1,1
974,5,220.0,1,1
974,6,258.0,1,1
974,7,149.0,1,1
974,8,159.0,1,1
974,9,182.0,1,1
974,10,360.0,1,1
974,11,503.0,1,1
974,12,314.0,1,1
974,13,367.0,1,1
974,14,228.0,1,1
974,15,289.0,1,1
975,0,799.0,1,1
975,1,408.0,1,1
975,2,173.0,1,1
975,3,176.0,1,1
975,4,188.0,1,1
975,5,259.0,1,1
975,6,321.0,1,1
975,7,145.0,1,1
975,8,172.0,1,1
975,9,181.0,1,1
975,10,407.0,1,1
975,11,586.0,1,1
975,12,532.0,1,1
975,13,461.0,1,1
975,14,195.0,1,1
975,15,385.0,1,1
976,0,903.0,1,1
976,1,438.0,1,1
976,2,124.0,1,1
976,3,167.0,1,1
976,4,165.0,1,1
976,5,239.0,1,1
976,6,258.0,1,1
976,7,102.0,1,1
976,8,121.0,1,1
976,9,163.0,1,1
976,10,545.0,1,1
976,11,605.0,1,1
976,12,377.0,1,1
976,13,386.0,1,1
976,14,172.0,1,1
976,15,273.0,1,1
977,0,819.0,1,1
977,1,399.0,1,1
977,2,267.0,1,1
977,3,177.0,1,1
977,4,119.0,1,1
977,5,552.0,1,1
977,6,384.0,1,1
977,7,227.0,1,1
977,8,112.0,1,1
977,9,290.0,1,1
977,10,431.0,1,1
977,11,549.0,1,1
977,12,692.0,1,1
977,13,903.0,1,1
977,14,482.0,1,1
977,15,734.0,1,1
978,0,826.0,1,1
978,1,343.0,1,1
978,2,58.0,1,1
978,3,168.0,1,1
978,4,188.0,1,1
978,5,853.0,1,1
978,6,452.0,1,1
978,7,586.0,1,1
978,8,277.0,1,1
978,9,477.0,1,1
978,10,340.0,1,1
978,11,434.0,1,1
978,12,491.0,1,1
978,13,1018.0,1,1
978,14,1344.0,1,1
978,15,1388.0,1,1
979,0,853.0,1,1
979,1,222.0,1,1
979,2,37.0,1,1
979,3,227.0,1,1
979,4,158.0,1,1
979,5,860.0,1,1
979,6,480.0,1,1
979,7,521.0,1,1
979,8,252.0,1,1
979,9,646.0,1,1
979,10,300.0,1,1
979,11,421.0,1,1
979,12,652.0,1,1
979,13,1069.0,1,1
979,14,1340.0,1,1
979,15,1700.0,1,1
980,0,838.0,1,1
980,1,245.0,1,1
980,2,9.0,1,1
980,3,229.0,1,1
980,4,266.0,1,1
980,5,998.0,1,1
980,6,537.0,1,1
980,7,716.0,1,1
980,8,354.0,1,1
980,9,708.0,1,1
980,10,438.0,1,1
980,11,508.0,1,1
980,12,395.0,1,1
980,13,954.0,1,1
980,14,2066.0,1,1
980,15,1769.0,1,1
981,0,624.0,1,1
981,1,254.0,1,1
981,2,112.0,1,1
981,3,150.0,1,1
981,4,125.0,1,1
981,5,306.0,1,1
981,6,238.0,1,1
981,7,157.0,1,1
981,8,144.0,1,1
981,9,204.0,1,1
981,10,339.0,1,1
981,11,541.0,1,1
981,12,488.0,1,1
981,13,507.0,1,1
981,14,295.0,1,1
981,15,441.0,1,1
982,0,725.0,1,1
982,1,417.0,1,1
982,2,160.0,1,1
982,3,179.0,1,1
982,4,122.0,1,1
982,5,627.0,1,1
982,6,387.0,1,1
982,7,208.0,1,1
982,8,123.0,1,1
982,9,356.0,1,1
982,10,213.0,1,1
982,11,749.0,1,1
982,12,828.0,1,1
982,13,970.0,1,1
982,14,669.0,1,1
982,15,749.0,1,1
983,0,666.0,1,1
983,1,458.0,1,1
983,2,197.0,1,1
983,3,207.0,1,1
983,4,157.0,1,1
983,5,843.0,1,1
983,6,512.0,1,1
983,7,323.0,1,1
983,8,182.0,1,1
983,9,535.0,1,1
983,10,248.0,1,1
983,11,707.0,1,1
983,12,926.0,1,1
983,13,989.0,1,1
983,14,1006.0,1,1
983,15,1085.0,1,1
984,0,615.0,1,1
984,1,414.0,1,1
984,2,196.0,1,1
984,3,199.0,1,1
984,4,203.0,1,1
984,5,455.0,1,1
984,6,346.0,1,1
984,7,265.0,1,1
984,8,231.0,1,1
984,9,351.0,1,1
984,10,284.0,1,1
984,11,683.0,1,1
984,12,488.0,1,1
984,13,665.0,1,1
984,14,656.0,1,1
984,15,732.0,1,1
985,0,472.0,1,1
985,1,361.0,1,1
985,2,161.0,1,1
985,3,294.0,1,1
985,4,137.0,1,1
985,5,441.0,1,1
985,6,170.0,1,1
985,7,119.0,1,1
985,8,138.0,1,1
985,9,101.0,1,1
985,10,215.0,1,1
985,11,659.0,1,1
985,12,341.0,1,1
985,13,276.0,1,1
985,14,402.0,1,1
985,15,562.0,1,1
986,0,307.0,1,1
986,1,199.0,1,1
986,2,189.0,1,1
986,3,131.0,1,1
986,4,128.0,1,1
986,5,288.0,1,1
986,6,142.0,1,1
986,7,61.0,1,1
986,8,102.0,1,1
986,9,99.0,1,1
986,10,271.0,1,1
986,11,515.0,1,1
986,12,157.0,1,1
986,13,345.0,1,1
986,14,282.0,1,1
986,15,329.0,1,1
987,0,128.0,1,1
987,1,105.0,1,1
987,2,106.0,1,1
987,3,165.0,1,1
987,4,109.0,1,1
987,5,230.0,1,1
987,6,90.0,1,1
987,7,61.0,1,1
987,8,77.0,1,1
987,9,38.0,1,1
987,10,235.0,1,1
987,11,337.0,1,1
987,12,167.0,1,1
987,13,209.0,1,1
987,14,272.0,1,1
987,15,249.0,1,1
988,0,76.0,1,1
988,1,54.0,1,1
988,2,31.0,1,1
988,3,76.0,1,1
988,4,83.0,1,1
988,5,130.0,1,1
988,6,62.0,1,1
988,7,26.0,1,1
988,8,48.0,1,1
988,9,30.0,1,1
988,10,184.0,1,1
988,11,174.0,1,1
988,12,75.0,1,1
988,13,163.0,1,1
988,14,202.0,1,1
988,15,136.0,1,1
989,0,30.0,1,1
989,1,21.0,1,1
989,2,10.0,1,1
989,3,59.0,1,1
989,4,37.0,1,1
989,5,68.0,1,1
989,6,19.0,1,1
989,7,6.0,1,1
989,8,24.0,1,1
989,9,8.0,1,1
989,10,136.0,1,1
989,11,87.0,1,1
989,12,26.0,1,1
989,13,55.0,1,1
989,14,103.0,1,1
989,15,71.0,1,1
990,0,35.0,1,1
990,1,29.0,1,1
990,2,17.0,1,1
990,3,84.0,1,1
990,4,28.0,1,1
990,5,47.0,1,1
990,6,12.0,1,1
990,7,5.0,1,1
990,8,19.0,1,1
990,9,3.0,1,1
990,10,129.0,1,1
990,11,105.0,1,1
990,12,27.0,1,1
990,13,29.0,1,1
990,14,94.0,1,1
990,15,59.0,1,1
991,0,56.0,1,1
991,1,32.0,1,1
991,2,19.0,1,1
991,3,58.0,1,1
991,4,21.0,1,1
991,5,37.0,1,1
991,6,6.0,1,1
991,7,2.0,1,1
991,8,13.0,1,1
991,9,1.0,1,1
991,10,130.0,1,1
991,11,147.0,1,1
991,12,14.0,1,1
991,13,19.0,1,1
991,14,65.0,1,1
991,15,46.0,1,1
992,0,142.0,1,1
992,1,129.0,1,1
992,2,48.0,1,1
992,3,98.0,1,1
992,4,54.0,1,1
992,5,137.0,1,1
992,6,39.0,1,1
992,7,20.0,1,1
992,8,52.0,1,1
992,9,17.0,1,1
992,10,369.0,1,1
992,11,242.0,1,1
992,12,68.0,1,1
992,13,97.0,1,1
992,14,222.0,1,1
992,15,136.0,1,1
993,0,183.0,1,1
993,1,174.0,1,1
993,2,50.0,1,1
993,3,489.0,1,1
993,4,282.0,1,1
993,5,478.0,1,1
993,6,241.0,1,1
993,7,190.0,1,1
993,8,244.0,1,1
993,9,123.0,1,1
993,10,415.0,1,1
993,11,314.0,1,1
993,12,571.0,1,1
993,13,402.0,1,1
993,14,733.0,1,1
993,15,723.0,1,1
994,0,191.0,1,1
994,1,84.0,1,1
994,2,68.0,1,1
994,3,806.0,1,1
994,4,306.0,1,1
994,5,685.0,1,1
994,6,299.0,1,1
994,7,357.0,1,1
994,8,345.0,1,1
994,9,264.0,1,1
994,10,293.0,1,1
994,11,204.0,1,1
994,12,1224.0,1,1
994,13,579.0,1,1
994,14,1119.0,1,1
994,15,1205.0,1,1
995,0,370.0,1,1
995,1,164.0,1,1
995,2,157.0,1,1
995,3,285.0,1,1
995,4,264.0,1,1
995,5,442.0,1,1
995,6,237.0,1,1
995,7,182.0,1,1
995,8,252.0,1,1
995,9,175.0,1,1
995,10,0.0,1,1
995,11,211.0,1,1
995,12,635.0,1,1
995,13,482.0,1,1
995,14,599.0,1,1
995,15,545.0,1,1
996,0,219.0,1,1
996,1,111.0,1,1
996,2,68.0,1,1
996,3,102.0,1,1
996,4,120.0,1,1
996,5,235.0,1,1
996,6,182.0,1,1
996,7,69.0,1,1
996,8,121.0,1,1
996,9,132.0,1,1
996,10,441.0,1,1
996,11,192.0,1,1
996,12,152.0,1,1
996,13,343.0,1,1
996,14,288.0,1,1
996,15,233.0,1,1
997,0,294.0,1,1
997,1,88.0,1,1
997,2,78.0,1,1
997,3,132.0,1,1
997,4,170.0,1,1
997,5,378.0,1,1
997,6,175.0,1,1
997,7,88.0,1,1
997,8,180.0,1,1
997,9,169.0,1,1
997,10,412.0,1,1
997,11,210.0,1,1
997,12,259.0,1,1
997,13,550.0,1,1
997,14,367.0,1,1
997,15,387.0,1,1
998,0,373.0,1,1
998,1,108.0,1,1
998,2,85.0,1,1
998,3,194.0,1,1
998,4,168.0,1,1
998,5,302.0,1,1
998,6,229.0,1,1
998,7,142.0,1,1
998,8,147.0,1,1
998,9,136.0,1,1
998,10,413.0,1,1
998,11,240.0,1,1
998,12,294.0,1,1
998,13,442.0,1,1
998,14,519.0,1,1
998,15,382.0,1,1
999,0,414.0,1,1
999,1,145.0,1,1
999,2,125.0,1,1
999,3,200.0,1,1
999,4,287.0,1,1
999,5,496.0,1,1
999,6,255.0,1,1
999,7,142.0,1,1
999,8,174.0,1,1
999,9,226.0,1,1
999,10,446.0,1,1
999,11,338.0,1,1
999,12,312.0,1,1
999,13,747.0,1,1
999,14,454.0,1,1
999,15,493.0,1,1
1000,0,525.0,1,1
1000,1,140.0,1,1
1000,2,125.0,1,1
1000,3,126.0,1,1
1000,4,176.0,1,1
1000,5,339.0,1,1
1000,6,213.0,1,1
1000,7,112.0,1,1
1000,8,152.0,1,1
1000,9,214.0,1,1
1000,10,452.0,1,1
1000,11,349.0,1,1
1000,12,217.0,1,1
1000,13,623.0,1,1
1000,14,416.0,1,1
1000,15,339.0,1,1
1001,0,551.0,1,1
1001,1,163.0,1,1
1001,2,132.0,1,1
1001,3,109.0,1,1
1001,4,186.0,1,1
1001,5,449.0,1,1
1001,6,443.0,1,1
1001,7,248.0,1,1
1001,8,196.0,1,1
1001,9,451.0,1,1
1001,10,504.0,1,1
1001,11,399.0,1,1
1001,12,276.0,1,1
1001,13,847.0,1,1
1001,14,447.0,1,1
1001,15,348.0,1,1
1002,0,626.0,1,1
1002,1,172.0,1,1
1002,2,72.0,1,1
1002,3,247.0,1,1
1002,4,251.0,1,1
1002,5,599.0,1,1
1002,6,662.0,1,1
1002,7,633.0,1,1
1002,8,290.0,1,1
1002,9,399.0,1,1
1002,10,533.0,1,1
1002,11,376.0,1,1
1002,12,801.0,1,1
1002,13,692.0,1,1
1002,14,692.0,1,1
1002,15,661.0,1,1
1003,0,704.0,1,1
1003,1,147.0,1,1
1003,2,27.0,1,1
1003,3,197.0,1,1
1003,4,262.0,1,1
1003,5,555.0,1,1
1003,6,687.0,1,1
1003,7,662.0,1,1
1003,8,304.0,1,1
1003,9,606.0,1,1
1003,10,301.0,1,1
1003,11,377.0,1,1
1003,12,688.0,1,1
1003,13,1085.0,1,1
1003,14,680.0,1,1
1003,15,544.0,1,1
1004,0,686.0,1,1
1004,1,155.0,1,1
1004,2,2.0,1,1
1004,3,322.0,1,1
1004,4,301.0,1,1
1004,5,555.0,1,1
1004,6,841.0,1,1
1004,7,1057.0,1,1
1004,8,327.0,1,1
1004,9,485.0,1,1
1004,10,474.0,1,1
1004,11,372.0,1,1
1004,12,1305.0,1,1
1004,13,624.0,1,1
1004,14,1121.0,1,1
1004,15,717.0,1,1
1005,0,593.0,1,1
1005,1,204.0,1,1
1005,2,65.0,1,1
1005,3,112.0,1,1
1005,4,209.0,1,1
1005,5,434.0,1,1
1005,6,259.0,1,1
1005,7,136.0,1,1
1005,8,186.0,1,1
1005,9,262.0,1,1
1005,10,432.0,1,1
1005,11,445.0,1,1
1005,12,304.0,1,1
1005,13,669.0,1,1
1005,14,374.0,1,1
1005,15,359.0,1,1
1006,0,799.0,1,1
1006,1,342.0,1,1
1006,2,143.0,1,1
1006,3,101.0,1,1
1006,4,243.0,1,1
1006,5,604.0,1,1
1006,6,490.0,1,1
1006,7,237.0,1,1
1006,8,260.0,1,1
1006,9,667.0,1,1
1006,10,311.0,1,1
1006,11,677.0,1,1
1006,12,472.0,1,1
1006,13,842.0,1,1
1006,14,425.0,1,1
1006,15,430.0,1,1
1007,0,733.0,1,1
1007,1,426.0,1,1
1007,2,191.0,1,1
1007,3,188.0,1,1
1007,4,252.0,1,1
1007,5,691.0,1,1
1007,6,684.0,1,1
1007,7,484.0,1,1
1007,8,301.0,1,1
1007,9,736.0,1,1
1007,10,350.0,1,1
1007,11,701.0,1,1
1007,12,678.0,1,1
1007,13,1114.0,1,1
1007,14,608.0,1,1
1007,15,668.0,1,1
1008,0,678.0,1,1
1008,1,382.0,1,1
1008,2,187.0,1,1
1008,3,243.0,1,1
1008,4,246.0,1,1
1008,5,608.0,1,1
1008,6,426.0,1,1
1008,7,323.0,1,1
1008,8,247.0,1,1
1008,9,358.0,1,1
1008,10,302.0,1,1
1008,11,655.0,1,1
1008,12,729.0,1,1
1008,13,805.0,1,1
1008,14,654.0,1,1
1008,15,597.0,1,1
1009,0,447.0,1,1
1009,1,281.0,1,1
1009,2,203.0,1,1
1009,3,182.0,1,1
1009,4,135.0,1,1
1009,5,371.0,1,1
1009,6,327.0,1,1
1009,7,172.0,1,1
1009,8,131.0,1,1
1009,9,103.0,1,1
1009,10,295.0,1,1
1009,11,545.0,1,1
1009,12,408.0,1,1
1009,13,235.0,1,1
1009,14,270.0,1,1
1009,15,571.0,1,1
1010,0,300.0,1,1
1010,1,154.0,1,1
1010,2,135.0,1,1
1010,3,156.0,1,1
1010,4,73.0,1,1
1010,5,396.0,1,1
1010,6,336.0,1,1
1010,7,135.0,1,1
1010,8,121.0,1,1
1010,9,72.0,1,1
1010,10,267.0,1,1
1010,11,514.0,1,1
1010,12,338.0,1,1
1010,13,200.0,1,1
1010,14,152.0,1,1
1010,15,439.0,1,1
1011,0,134.0,1,1
1011,1,73.0,1,1
1011,2,46.0,1,1
1011,3,107.0,1,1
1011,4,58.0,1,1
1011,5,295.0,1,1
1011,6,253.0,1,1
1011,7,102.0,1,1
1011,8,85.0,1,1
1011,9,56.0,1,1
1011,10,238.0,1,1
1011,11,461.0,1,1
1011,12,249.0,1,1
1011,13,108.0,1,1
1011,14,99.0,1,1
1011,15,507.0,1,1
1012,0,76.0,1,1
1012,1,37.0,1,1
1012,2,16.0,1,1
1012,3,105.0,1,1
1012,4,26.0,1,1
1012,5,275.0,1,1
1012,6,292.0,1,1
1012,7,78.0,1,1
1012,8,64.0,1,1
1012,9,28.0,1,1
1012,10,162.0,1,1
1012,11,115.0,1,1
1012,12,215.0,1,1
1012,13,78.0,1,1
1012,14,42.0,1,1
1012,15,422.0,1,1
1013,0,41.0,1,1
1013,1,38.0,1,1
1013,2,13.0,1,1
1013,3,54.0,1,1
1013,4,6.0,1,1
1013,5,174.0,1,1
1013,6,268.0,1,1
1013,7,38.0,1,1
1013,8,33.0,1,1
1013,9,5.0,1,1
1013,10,160.0,1,1
1013,11,44.0,1,1
1013,12,118.0,1,1
1013,13,26.0,1,1
1013,14,10.0,1,1
1013,15,501.0,1,1
1014,0,25.0,1,1
1014,1,17.0,1,1
1014,2,9.0,1,1
1014,3,30.0,1,1
1014,4,6.0,1,1
1014,5,107.0,1,1
1014,6,198.0,1,1
1014,7,26.0,1,1
1014,8,27.0,1,1
1014,9,4.0,1,1
1014,10,122.0,1,1
1014,11,53.0,1,1
1014,12,83.0,1,1
1014,13,12.0,1,1
1014,14,5.0,1,1
1014,15,542.0,1,1
1015,0,25.0,1,1
1015,1,8.0,1,1
1015,2,5.0,1,1
1015,3,19.0,1,1
1015,4,3.0,1,1
1015,5,80.0,1,1
1015,6,139.0,1,1
1015,7,17.0,1,1
1015,8,19.0,1,1
1015,9,2.0,1,1
1015,10,64.0,1,1
1015,11,28.0,1,1
1015,12,47.0,1,1
1015,13,6.0,1,1
1015,14,3.0,1,1
1015,15,499.0,1,1
1016,0,75.0,1,1
1016,1,31.0,1,1
1016,2,16.0,1,1
1016,3,53.0,1,1
1016,4,21.0,1,1
1016,5,199.0,1,1
1016,6,254.0,1,1
1016,7,60.0,1,1
1016,8,51.0,1,1
1016,9,11.0,1,1
1016,10,122.0,1,1
1016,11,40.0,1,1
1016,12,136.0,1,1
1016,13,49.0,1,1
1016,14,25.0,1,1
1016,15,490.0,1,1
1017,0,60.0,1,1
1017,1,40.0,1,1
1017,2,19.0,1,1
1017,3,211.0,1,1
1017,4,255.0,1,1
1017,5,487.0,1,1
1017,6,537.0,1,1
1017,7,176.0,1,1
1017,8,243.0,1,1
1017,9,130.0,1,1
1017,10,158.0,1,1
1017,11,77.0,1,1
1017,12,363.0,1,1
1017,13,259.0,1,1
1017,14,266.0,1,1
1017,15,1034.0,1,1
1018,0,115.0,1,1
1018,1,40.0,1,1
1018,2,28.0,1,1
1018,3,258.0,1,1
1018,4,401.0,1,1
1018,5,567.0,1,1
1018,6,715.0,1,1
1018,7,262.0,1,1
1018,8,292.0,1,1
1018,9,169.0,1,1
1018,10,153.0,1,1
1018,11,101.0,1,1
1018,12,485.0,1,1
1018,13,382.0,1,1
1018,14,470.0,1,1
1018,15,1447.0,1,1
1019,0,199.0,1,1
1019,1,61.0,1,1
1019,2,46.0,1,1
1019,3,128.0,1,1
1019,4,386.0,1,1
1019,5,327.0,1,1
1019,6,204.0,1,1
1019,7,178.0,1,1
1019,8,178.0,1,1
1019,9,163.0,1,1
1019,10,0.0,1,1
1019,11,177.0,1,1
1019,12,289.0,1,1
1019,13,300.0,1,1
1019,14,300.0,1,1
1019,15,382.0,1,1
1020,0,260.0,1,1
1020,1,70.0,1,1
1020,2,52.0,1,1
1020,3,136.0,1,1
1020,4,73.0,1,1
1020,5,395.0,1,1
1020,6,520.0,1,1
1020,7,111.0,1,1
1020,8,110.0,1,1
1020,9,43.0,1,1
1020,10,282.0,1,1
1020,11,182.0,1,1
1020,12,306.0,1,1
1020,13,193.0,1,1
1020,14,108.0,1,1
1020,15,497.0,1,1
1021,0,338.0,1,1
1021,1,114.0,1,1
1021,2,35.0,1,1
1021,3,193.0,1,1
1021,4,120.0,1,1
1021,5,597.0,1,1
1021,6,645.0,1,1
1021,7,133.0,1,1
1021,8,174.0,1,1
1021,9,101.0,1,1
1021,10,279.0,1,1
1021,11,260.0,1,1
1021,12,358.0,1,1
1021,13,265.0,1,1
1021,14,261.0,1,1
1021,15,589.0,1,1
1022,0,495.0,1,1
1022,1,226.0,1,1
1022,2,42.0,1,1
1022,3,199.0,1,1
1022,4,135.0,1,1
1022,5,425.0,1,1
1022,6,345.0,1,1
1022,7,181.0,1,1
1022,8,162.0,1,1
1022,9,131.0,1,1
1022,10,300.0,1,1
1022,11,363.0,1,1
1022,12,535.0,1,1
1022,13,316.0,1,1
1022,14,292.0,1,1
1022,15,400.0,1,1
1023,0,583.0,1,1
1023,1,235.0,1,1
1023,2,72.0,1,1
1023,3,288.0,1,1
1023,4,193.0,1,1
1023,5,661.0,1,1
1023,6,615.0,1,1
1023,7,209.0,1,1
1023,8,229.0,1,1
1023,9,171.0,1,1
1023,10,338.0,1,1
1023,11,420.0,1,1
1023,12,524.0,1,1
1023,13,361.0,1,1
1023,14,321.0,1,1
1023,15,711.0,1,1
1024,0,712.0,1,1
1024,1,316.0,1,1
1024,2,122.0,1,1
1024,3,220.0,1,1
1024,4,134.0,1,1
1024,5,555.0,1,1
1024,6,521.0,1,1
1024,7,157.0,1,1
1024,8,162.0,1,1
1024,9,123.0,1,1
1024,10,483.0,1,1
1024,11,407.0,1,1
1024,12,396.0,1,1
1024,13,299.0,1,1
1024,14,258.0,1,1
1024,15,505.0,1,1
1025,0,709.0,1,1
1025,1,293.0,1,1
1025,2,215.0,1,1
1025,3,257.0,1,1
1025,4,230.0,1,1
1025,5,500.0,1,1
1025,6,305.0,1,1
1025,7,242.0,1,1
1025,8,192.0,1,1
1025,9,310.0,1,1
1025,10,416.0,1,1
1025,11,478.0,1,1
1025,12,562.0,1,1
1025,13,691.0,1,1
1025,14,672.0,1,1
1025,15,242.0,1,1
1026,0,787.0,1,1
1026,1,327.0,1,1
1026,2,110.0,1,1
1026,3,187.0,1,1
1026,4,432.0,1,1
1026,5,345.0,1,1
1026,6,162.0,1,1
1026,7,338.0,1,1
1026,8,227.0,1,1
1026,9,699.0,1,1
1026,10,350.0,1,1
1026,11,404.0,1,1
1026,12,678.0,1,1
1026,13,1112.0,1,1
1026,14,1176.0,1,1
1026,15,237.0,1,1
1027,0,786.0,1,1
1027,1,285.0,1,1
1027,2,89.0,1,1
1027,3,231.0,1,1
1027,4,499.0,1,1
1027,5,468.0,1,1
1027,6,236.0,1,1
1027,7,335.0,1,1
1027,8,225.0,1,1
1027,9,638.0,1,1
1027,10,176.0,1,1
1027,11,485.0,1,1
1027,12,716.0,1,1
1027,13,1073.0,1,1
1027,14,1092.0,1,1
1027,15,217.0,1,1
1028,0,946.0,1,1
1028,1,325.0,1,1
1028,2,100.0,1,1
1028,3,165.0,1,1
1028,4,654.0,1,1
1028,5,324.0,1,1
1028,6,186.0,1,1
1028,7,323.0,1,1
1028,8,230.0,1,1
1028,9,899.0,1,1
1028,10,505.0,1,1
1028,11,418.0,1,1
1028,12,567.0,1,1
1028,13,1266.0,1,1
1028,14,1407.0,1,1
1028,15,232.0,1,1
1029,0,847.0,1,1
1029,1,289.0,1,1
1029,2,95.0,1,1
1029,3,180.0,1,1
1029,4,211.0,1,1
1029,5,525.0,1,1
1029,6,293.0,1,1
1029,7,216.0,1,1
1029,8,199.0,1,1
1029,9,232.0,1,1
1029,10,152.0,1,1
1029,11,182.0,1,1
1029,12,481.0,1,1
1029,13,465.0,1,1
1029,14,462.0,1,1
1029,15,318.0,1,1
1030,0,1329.0,1,1
1030,1,559.0,1,1
1030,2,108.0,1,1
1030,3,201.0,1,1
1030,4,257.0,1,1
1030,5,553.0,1,1
1030,6,360.0,1,1
1030,7,236.0,1,1
1030,8,205.0,1,1
1030,9,280.0,1,1
1030,10,206.0,1,1
1030,11,215.0,1,1
1030,12,524.0,1,1
1030,13,892.0,1,1
1030,14,847.0,1,1
1030,15,291.0,1,1
1031,0,538.0,1,1
1031,1,283.0,1,1
1031,2,18.0,1,1
1031,3,308.0,1,1
1031,4,463.0,1,1
1031,5,583.0,1,1
1031,6,365.0,1,1
1031,7,296.0,1,1
1031,8,261.0,1,1
1031,9,419.0,1,1
1031,10,415.0,1,1
1031,11,460.0,1,1
1031,12,629.0,1,1
1031,13,850.0,1,1
1031,14,1089.0,1,1
1031,15,367.0,1,1
1032,0,517.0,1,1
1032,1,303.0,1,1
1032,2,21.0,1,1
1032,3,225.0,1,1
1032,4,371.0,1,1
1032,5,533.0,1,1
1032,6,354.0,1,1
1032,7,272.0,1,1
1032,8,220.0,1,1
1032,9,400.0,1,1
1032,10,355.0,1,1
1032,11,376.0,1,1
1032,12,535.0,1,1
1032,13,688.0,1,1
1032,14,754.0,1,1
1032,15,364.0,1,1
1033,0,387.0,1,1
1033,1,250.0,1,1
1033,2,39.0,1,1
1033,3,130.0,1,1
1033,4,230.0,1,1
1033,5,198.0,1,1
1033,6,212.0,1,1
1033,7,197.0,1,1
1033,8,122.0,1,1
1033,9,168.0,1,1
1033,10,345.0,1,1
1033,11,273.0,1,1
1033,12,236.0,1,1
1033,13,427.0,1,1
1033,14,241.0,1,1
1033,15,553.0,1,1
1034,0,286.0,1,1
1034,1,137.0,1,1
1034,2,74.0,1,1
1034,3,87.0,1,1
1034,4,210.0,1,1
1034,5,236.0,1,1
1034,6,127.0,1,1
1034,7,177.0,1,1
1034,8,71.0,1,1
1034,9,226.0,1,1
1034,10,273.0,1,1
1034,11,196.0,1,1
1034,12,241.0,1,1
1034,13,242.0,1,1
1034,14,179.0,1,1
1034,15,447.0,1,1
1035,0,157.0,1,1
1035,1,64.0,1,1
1035,2,77.0,1,1
1035,3,86.0,1,1
1035,4,145.0,1,1
1035,5,150.0,1,1
1035,6,93.0,1,1
1035,7,91.0,1,1
1035,8,46.0,1,1
1035,9,97.0,1,1
1035,10,201.0,1,1
1035,11,147.0,1,1
1035,12,150.0,1,1
1035,13,203.0,1,1
1035,14,160.0,1,1
1035,15,384.0,1,1
1036,0,73.0,1,1
1036,1,55.0,1,1
1036,2,32.0,1,1
1036,3,59.0,1,1
1036,4,108.0,1,1
1036,5,131.0,1,1
1036,6,41.0,1,1
1036,7,84.0,1,1
1036,8,26.0,1,1
1036,9,100.0,1,1
1036,10,166.0,1,1
1036,11,129.0,1,1
1036,12,122.0,1,1
1036,13,122.0,1,1
1036,14,126.0,1,1
1036,15,327.0,1,1
1037,0,42.0,1,1
1037,1,32.0,1,1
1037,2,10.0,1,1
1037,3,17.0,1,1
1037,4,92.0,1,1
1037,5,65.0,1,1
1037,6,14.0,1,1
1037,7,43.0,1,1
1037,8,7.0,1,1
1037,9,44.0,1,1
1037,10,145.0,1,1
1037,11,80.0,1,1
1037,12,49.0,1,1
1037,13,42.0,1,1
1037,14,40.0,1,1
1037,15,272.0,1,1
1038,0,27.0,1,1
1038,1,31.0,1,1
1038,2,6.0,1,1
1038,3,15.0,1,1
1038,4,67.0,1,1
1038,5,48.0,1,1
1038,6,10.0,1,1
1038,7,26.0,1,1
1038,8,4.0,1,1
1038,9,19.0,1,1
1038,10,125.0,1,1
1038,11,43.0,1,1
1038,12,33.0,1,1
1038,13,37.0,1,1
1038,14,32.0,1,1
1038,15,229.0,1,1
1039,0,20.0,1,1
1039,1,9.0,1,1
1039,2,6.0,1,1
1039,3,8.0,1,1
1039,4,52.0,1,1
1039,5,23.0,1,1
1039,6,4.0,1,1
1039,7,17.0,1,1
1039,8,2.0,1,1
1039,9,11.0,1,1
1039,10,65.0,1,1
1039,11,53.0,1,1
1039,12,21.0,1,1
1039,13,21.0,1,1
1039,14,20.0,1,1
1039,15,185.0,1,1
1040,0,103.0,1,1
1040,1,36.0,1,1
1040,2,12.0,1,1
1040,3,39.0,1,1
1040,4,92.0,1,1
1040,5,110.0,1,1
1040,6,19.0,1,1
1040,7,63.0,1,1
1040,8,17.0,1,1
1040,9,71.0,1,1
1040,10,136.0,1,1
1040,11,60.0,1,1
1040,12,69.0,1,1
1040,13,114.0,1,1
1040,14,82.0,1,1
1040,15,293.0,1,1
1041,0,67.0,1,1
1041,1,44.0,1,1
1041,2,17.0,1,1
1041,3,216.0,1,1
1041,4,300.0,1,1
1041,5,579.0,1,1
1041,6,178.0,1,1
1041,7,192.0,1,1
1041,8,138.0,1,1
1041,9,229.0,1,1
1041,10,127.0,1,1
1041,11,61.0,1,1
1041,12,305.0,1,1
1041,13,508.0,1,1
1041,14,348.0,1,1
1041,15,870.0,1,1
1042,0,143.0,1,1
1042,1,50.0,1,1
1042,2,40.0,1,1
1042,3,337.0,1,1
1042,4,471.0,1,1
1042,5,1040.0,1,1
1042,6,361.0,1,1
1042,7,335.0,1,1
1042,8,198.0,1,1
1042,9,430.0,1,1
1042,10,177.0,1,1
1042,11,97.0,1,1
1042,12,503.0,1,1
1042,13,819.0,1,1
1042,14,466.0,1,1
1042,15,1134.0,1,1
1043,0,169.0,1,1
1043,1,81.0,1,1
1043,2,43.0,1,1
1043,3,271.0,1,1
1043,4,125.0,1,1
1043,5,270.0,1,1
1043,6,159.0,1,1
1043,7,184.0,1,1
1043,8,176.0,1,1
1043,9,151.0,1,1
1043,10,0.0,1,1
1043,11,176.0,1,1
1043,12,349.0,1,1
1043,13,646.0,1,1
1043,14,429.0,1,1
1043,15,406.0,1,1
1044,0,306.0,1,1
1044,1,88.0,1,1
1044,2,27.0,1,1
1044,3,87.0,1,1
1044,4,164.0,1,1
1044,5,324.0,1,1
1044,6,84.0,1,1
1044,7,199.0,1,1
1044,8,67.0,1,1
1044,9,260.0,1,1
1044,10,256.0,1,1
1044,11,214.0,1,1
1044,12,217.0,1,1
1044,13,259.0,1,1
1044,14,205.0,1,1
1044,15,418.0,1,1
1045,0,341.0,1,1
1045,1,153.0,1,1
1045,2,65.0,1,1
1045,3,124.0,1,1
1045,4,260.0,1,1
1045,5,557.0,1,1
1045,6,154.0,1,1
1045,7,229.0,1,1
1045,8,90.0,1,1
1045,9,525.0,1,1
1045,10,0.0,1,1
1045,11,294.0,1,1
1045,12,340.0,1,1
1045,13,314.0,1,1
1045,14,228.0,1,1
1045,15,604.0,1,1
1046,0,491.0,1,1
1046,1,177.0,1,1
1046,2,70.0,1,1
1046,3,201.0,1,1
1046,4,147.0,1,1
1046,5,199.0,1,1
1046,6,305.0,1,1
1046,7,199.0,1,1
1046,8,119.0,1,1
1046,9,171.0,1,1
1046,10,550.0,1,1
1046,11,377.0,1,1
1046,12,348.0,1,1
1046,13,355.0,1,1
1046,14,381.0,1,1
1046,15,473.0,1,1
1047,0,639.0,1,1
1047,1,226.0,1,1
1047,2,60.0,1,1
1047,3,199.0,1,1
1047,4,270.0,1,1
1047,5,434.0,1,1
1047,6,294.0,1,1
1047,7,252.0,1,1
1047,8,147.0,1,1
1047,9,396.0,1,1
1047,10,375.0,1,1
1047,11,474.0,1,1
1047,12,578.0,1,1
1047,13,446.0,1,1
1047,14,433.0,1,1
1047,15,639.0,1,1
1048,0,796.0,1,1
1048,1,322.0,1,1
1048,2,76.0,1,1
1048,3,139.0,1,1
1048,4,187.0,1,1
1048,5,345.0,1,1
1048,6,169.0,1,1
1048,7,207.0,1,1
1048,8,93.0,1,1
1048,9,388.0,1,1
1048,10,347.0,1,1
1048,11,442.0,1,1
1048,12,369.0,1,1
1048,13,350.0,1,1
1048,14,307.0,1,1
1048,15,505.0,1,1
1049,0,844.0,1,1
1049,1,388.0,1,1
1049,2,107.0,1,1
1049,3,212.0,1,1
1049,4,134.0,1,1
1049,5,266.0,1,1
1049,6,286.0,1,1
1049,7,272.0,1,1
1049,8,231.0,1,1
1049,9,382.0,1,1
1049,10,388.0,1,1
1049,11,529.0,1,1
1049,12,467.0,1,1
1049,13,558.0,1,1
1049,14,495.0,1,1
1049,15,353.0,1,1
1050,0,936.0,1,1
1050,1,385.0,1,1
1050,2,115.0,1,1
1050,3,399.0,1,1
1050,4,161.0,1,1
1050,5,179.0,1,1
1050,6,632.0,1,1
1050,7,302.0,1,1
1050,8,565.0,1,1
1050,9,185.0,1,1
1050,10,451.0,1,1
1050,11,560.0,1,1
1050,12,623.0,1,1
1050,13,1046.0,1,1
1050,14,946.0,1,1
1050,15,415.0,1,1
1051,0,900.0,1,1
1051,1,332.0,1,1
1051,2,38.0,1,1
1051,3,447.0,1,1
1051,4,137.0,1,1
1051,5,312.0,1,1
1051,6,549.0,1,1
1051,7,381.0,1,1
1051,8,473.0,1,1
1051,9,371.0,1,1
1051,10,447.0,1,1
1051,11,432.0,1,1
1051,12,698.0,1,1
1051,13,1020.0,1,1
1051,14,1066.0,1,1
1051,15,404.0,1,1
1052,0,989.0,1,1
1052,1,325.0,1,1
1052,2,51.0,1,1
1052,3,542.0,1,1
1052,4,146.0,1,1
1052,5,214.0,1,1
1052,6,789.0,1,1
1052,7,304.0,1,1
1052,8,738.0,1,1
1052,9,173.0,1,1
1052,10,508.0,1,1
1052,11,484.0,1,1
1052,12,577.0,1,1
1052,13,1157.0,1,1
1052,14,1217.0,1,1
1052,15,452.0,1,1
1053,0,909.0,1,1
1053,1,346.0,1,1
1053,2,72.0,1,1
1053,3,210.0,1,1
1053,4,183.0,1,1
1053,5,361.0,1,1
1053,6,269.0,1,1
1053,7,263.0,1,1
1053,8,162.0,1,1
1053,9,392.0,1,1
1053,10,574.0,1,1
1053,11,492.0,1,1
1053,12,565.0,1,1
1053,13,468.0,1,1
1053,14,399.0,1,1
1053,15,432.0,1,1
1054,0,844.0,1,1
1054,1,427.0,1,1
1054,2,138.0,1,1
1054,3,222.0,1,1
1054,4,224.0,1,1
1054,5,328.0,1,1
1054,6,323.0,1,1
1054,7,383.0,1,1
1054,8,279.0,1,1
1054,9,516.0,1,1
1054,10,255.0,1,1
1054,11,662.0,1,1
1054,12,531.0,1,1
1054,13,664.0,1,1
1054,14,499.0,1,1
1054,15,435.0,1,1
1055,0,724.0,1,1
1055,1,414.0,1,1
1055,2,174.0,1,1
1055,3,307.0,1,1
1055,4,229.0,1,1
1055,5,464.0,1,1
1055,6,459.0,1,1
1055,7,362.0,1,1
1055,8,315.0,1,1
1055,9,616.0,1,1
1055,10,222.0,1,1
1055,11,633.0,1,1
1055,12,545.0,1,1
1055,13,1002.0,1,1
1055,14,631.0,1,1
1055,15,436.0,1,1
1056,0,608.0,1,1
1056,1,340.0,1,1
1056,2,142.0,1,1
1056,3,302.0,1,1
1056,4,213.0,1,1
1056,5,387.0,1,1
1056,6,501.0,1,1
1056,7,295.0,1,1
1056,8,292.0,1,1
1056,9,393.0,1,1
1056,10,288.0,1,1
1056,11,627.0,1,1
1056,12,524.0,1,1
1056,13,759.0,1,1
1056,14,556.0,1,1
1056,15,481.0,1,1
1057,0,517.0,1,1
1057,1,261.0,1,1
1057,2,129.0,1,1
1057,3,104.0,1,1
1057,4,95.0,1,1
1057,5,253.0,1,1
1057,6,265.0,1,1
1057,7,220.0,1,1
1057,8,109.0,1,1
1057,9,353.0,1,1
1057,10,319.0,1,1
1057,11,604.0,1,1
1057,12,139.0,1,1
1057,13,512.0,1,1
1057,14,546.0,1,1
1057,15,250.0,1,1
1058,0,216.0,1,1
1058,1,99.0,1,1
1058,2,64.0,1,1
1058,3,165.0,1,1
1058,4,103.0,1,1
1058,5,256.0,1,1
1058,6,354.0,1,1
1058,7,244.0,1,1
1058,8,151.0,1,1
1058,9,345.0,1,1
1058,10,268.0,1,1
1058,11,461.0,1,1
1058,12,183.0,1,1
1058,13,388.0,1,1
1058,14,652.0,1,1
1058,15,268.0,1,1
1059,0,139.0,1,1
1059,1,92.0,1,1
1059,2,58.0,1,1
1059,3,109.0,1,1
1059,4,64.0,1,1
1059,5,140.0,1,1
1059,6,258.0,1,1
1059,7,199.0,1,1
1059,8,105.0,1,1
1059,9,295.0,1,1
1059,10,255.0,1,1
1059,11,321.0,1,1
1059,12,100.0,1,1
1059,13,355.0,1,1
1059,14,375.0,1,1
1059,15,176.0,1,1
1060,0,107.0,1,1
1060,1,70.0,1,1
1060,2,40.0,1,1
1060,3,104.0,1,1
1060,4,43.0,1,1
1060,5,104.0,1,1
1060,6,224.0,1,1
1060,7,173.0,1,1
1060,8,79.0,1,1
1060,9,217.0,1,1
1060,10,206.0,1,1
1060,11,194.0,1,1
1060,12,77.0,1,1
1060,13,212.0,1,1
1060,14,289.0,1,1
1060,15,90.0,1,1
1061,0,50.0,1,1
1061,1,22.0,1,1
1061,2,12.0,1,1
1061,3,70.0,1,1
1061,4,11.0,1,1
1061,5,57.0,1,1
1061,6,206.0,1,1
1061,7,139.0,1,1
1061,8,42.0,1,1
1061,9,252.0,1,1
1061,10,168.0,1,1
1061,11,97.0,1,1
1061,12,22.0,1,1
1061,13,126.0,1,1
1061,14,206.0,1,1
1061,15,32.0,1,1
1062,0,34.0,1,1
1062,1,19.0,1,1
1062,2,12.0,1,1
1062,3,35.0,1,1
1062,4,5.0,1,1
1062,5,29.0,1,1
1062,6,111.0,1,1
1062,7,105.0,1,1
1062,8,26.0,1,1
1062,9,159.0,1,1
1062,10,118.0,1,1
1062,11,77.0,1,1
1062,12,10.0,1,1
1062,13,104.0,1,1
1062,14,124.0,1,1
1062,15,14.0,1,1
1063,0,20.0,1,1
1063,1,4.0,1,1
1063,2,7.0,1,1
1063,3,25.0,1,1
1063,4,3.0,1,1
1063,5,17.0,1,1
1063,6,70.0,1,1
1063,7,77.0,1,1
1063,8,16.0,1,1
1063,9,92.0,1,1
1063,10,87.0,1,1
1063,11,50.0,1,1
1063,12,4.0,1,1
1063,13,63.0,1,1
1063,14,80.0,1,1
1063,15,5.0,1,1
1064,0,71.0,1,1
1064,1,36.0,1,1
1064,2,22.0,1,1
1064,3,45.0,1,1
1064,4,15.0,1,1
1064,5,45.0,1,1
1064,6,130.0,1,1
1064,7,118.0,1,1
1064,8,40.0,1,1
1064,9,131.0,1,1
1064,10,311.0,1,1
1064,11,67.0,1,1
1064,12,22.0,1,1
1064,13,104.0,1,1
1064,14,164.0,1,1
1064,15,26.0,1,1
1065,0,118.0,1,1
1065,1,67.0,1,1
1065,2,41.0,1,1
1065,3,106.0,1,1
1065,4,61.0,1,1
1065,5,162.0,1,1
1065,6,406.0,1,1
1065,7,216.0,1,1
1065,8,114.0,1,1
1065,9,296.0,1,1
1065,10,294.0,1,1
1065,11,78.0,1,1
1065,12,109.0,1,1
1065,13,411.0,1,1
1065,14,485.0,1,1
1065,15,150.0,1,1
1066,0,162.0,1,1
1066,1,79.0,1,1
1066,2,44.0,1,1
1066,3,154.0,1,1
1066,4,129.0,1,1
1066,5,242.0,1,1
1066,6,622.0,1,1
1066,7,275.0,1,1
1066,8,153.0,1,1
1066,9,474.0,1,1
1066,10,206.0,1,1
1066,11,176.0,1,1
1066,12,245.0,1,1
1066,13,725.0,1,1
1066,14,1041.0,1,1
1066,15,291.0,1,1
1067,0,208.0,1,1
1067,1,115.0,1,1
1067,2,54.0,1,1
1067,3,50.0,1,1
1067,4,69.0,1,1
1067,5,131.0,1,1
1067,6,99.0,1,1
1067,7,128.0,1,1
1067,8,86.0,1,1
1067,9,92.0,1,1
1067,10,0.0,1,1
1067,11,264.0,1,1
1067,12,112.0,1,1
1067,13,193.0,1,1
1067,14,243.0,1,1
1067,15,109.0,1,1
1068,0,316.0,1,1
1068,1,149.0,1,1
1068,2,54.0,1,1
1068,3,135.0,1,1
1068,4,66.0,1,1
1068,5,192.0,1,1
1068,6,356.0,1,1
1068,7,190.0,1,1
1068,8,97.0,1,1
1068,9,276.0,1,1
1068,10,332.0,1,1
1068,11,285.0,1,1
1068,12,221.0,1,1
1068,13,192.0,1,1
1068,14,389.0,1,1
1068,15,201.0,1,1
1069,0,436.0,1,1
1069,1,251.0,1,1
1069,2,74.0,1,1
1069,3,201.0,1,1
1069,4,97.0,1,1
1069,5,302.0,1,1
1069,6,510.0,1,1
1069,7,266.0,1,1
1069,8,174.0,1,1
1069,9,403.0,1,1
1069,10,380.0,1,1
1069,11,313.0,1,1
1069,12,235.0,1,1
1069,13,335.0,1,1
1069,14,716.0,1,1
1069,15,370.0,1,1
1070,0,517.0,1,1
1070,1,298.0,1,1
1070,2,69.0,1,1
1070,3,172.0,1,1
1070,4,176.0,1,1
1070,5,299.0,1,1
1070,6,287.0,1,1
1070,7,266.0,1,1
1070,8,169.0,1,1
1070,9,301.0,1,1
1070,10,307.0,1,1
1070,11,458.0,1,1
1070,12,356.0,1,1
1070,13,538.0,1,1
1070,14,595.0,1,1
1070,15,446.0,1,1
1071,0,629.0,1,1
1071,1,325.0,1,1
1071,2,107.0,1,1
1071,3,304.0,1,1
1071,4,214.0,1,1
1071,5,420.0,1,1
1071,6,560.0,1,1
1071,7,342.0,1,1
1071,8,248.0,1,1
1071,9,512.0,1,1
1071,10,443.0,1,1
1071,11,508.0,1,1
1071,12,378.0,1,1
1071,13,626.0,1,1
1071,14,912.0,1,1
1071,15,466.0,1,1
1072,0,750.0,1,1
1072,1,387.0,1,1
1072,2,99.0,1,1
1072,3,208.0,1,1
1072,4,133.0,1,1
1072,5,316.0,1,1
1072,6,420.0,1,1
1072,7,252.0,1,1
1072,8,190.0,1,1
1072,9,339.0,1,1
1072,10,333.0,1,1
1072,11,496.0,1,1
1072,12,288.0,1,1
1072,13,398.0,1,1
1072,14,593.0,1,1
1072,15,388.0,1,1
1073,0,807.0,1,1
1073,1,385.0,1,1
1073,2,89.0,1,1
1073,3,174.0,1,1
1073,4,305.0,1,1
1073,5,493.0,1,1
1073,6,220.0,1,1
1073,7,265.0,1,1
1073,8,226.0,1,1
1073,9,234.0,1,1
1073,10,265.0,1,1
1073,11,545.0,1,1
1073,12,783.0,1,1
1073,13,463.0,1,1
1073,14,442.0,1,1
1073,15,685.0,1,1
1074,0,783.0,1,1
1074,1,368.0,1,1
1074,2,66.0,1,1
1074,3,128.0,1,1
1074,4,381.0,1,1
1074,5,497.0,1,1
1074,6,122.0,1,1
1074,7,251.0,1,1
1074,8,220.0,1,1
1074,9,210.0,1,1
1074,10,326.0,1,1
1074,11,435.0,1,1
1074,12,848.0,1,1
1074,13,690.0,1,1
1074,14,364.0,1,1
1074,15,740.0,1,1
1075,0,940.0,1,1
1075,1,388.0,1,1
1075,2,76.0,1,1
1075,3,155.0,1,1
1075,4,589.0,1,1
1075,5,502.0,1,1
1075,6,194.0,1,1
1075,7,276.0,1,1
1075,8,239.0,1,1
1075,9,220.0,1,1
1075,10,265.0,1,1
1075,11,0.0,1,1
1075,12,1330.0,1,1
1075,13,696.0,1,1
1075,14,537.0,1,1
1075,15,963.0,1,1
1076,0,928.0,1,1
1076,1,320.0,1,1
1076,2,35.0,1,1
1076,3,103.0,1,1
1076,4,356.0,1,1
1076,5,428.0,1,1
1076,6,127.0,1,1
1076,7,225.0,1,1
1076,8,167.0,1,1
1076,9,171.0,1,1
1076,10,12.0,1,1
1076,11,10.0,1,1
1076,12,854.0,1,1
1076,13,493.0,1,1
1076,14,321.0,1,1
1076,15,764.0,1,1
1077,0,763.0,1,1
1077,1,321.0,1,1
1077,2,81.0,1,1
1077,3,167.0,1,1
1077,4,146.0,1,1
1077,5,333.0,1,1
1077,6,257.0,1,1
1077,7,253.0,1,1
1077,8,184.0,1,1
1077,9,292.0,1,1
1077,10,349.0,1,1
1077,11,422.0,1,1
1077,12,349.0,1,1
1077,13,381.0,1,1
1077,14,700.0,1,1
1077,15,481.0,1,1
1078,0,767.0,1,1
1078,1,405.0,1,1
1078,2,130.0,1,1
1078,3,178.0,1,1
1078,4,200.0,1,1
1078,5,489.0,1,1
1078,6,220.0,1,1
1078,7,246.0,1,1
1078,8,173.0,1,1
1078,9,216.0,1,1
1078,10,372.0,1,1
1078,11,789.0,1,1
1078,12,613.0,1,1
1078,13,275.0,1,1
1078,14,456.0,1,1
1078,15,600.0,1,1
1079,0,751.0,1,1
1079,1,468.0,1,1
1079,2,138.0,1,1
1079,3,227.0,1,1
1079,4,413.0,1,1
1079,5,518.0,1,1
1079,6,352.0,1,1
1079,7,310.0,1,1
1079,8,277.0,1,1
1079,9,276.0,1,1
1079,10,292.0,1,1
1079,11,711.0,1,1
1079,12,1001.0,1,1
1079,13,644.0,1,1
1079,14,726.0,1,1
1079,15,1012.0,1,1
1080,0,678.0,1,1
1080,1,391.0,1,1
1080,2,151.0,1,1
1080,3,183.0,1,1
1080,4,280.0,1,1
1080,5,477.0,1,1
1080,6,316.0,1,1
1080,7,280.0,1,1
1080,8,229.0,1,1
1080,9,289.0,1,1
1080,10,327.0,1,1
1080,11,665.0,1,1
1080,12,620.0,1,1
1080,13,586.0,1,1
1080,14,628.0,1,1
1080,15,839.0,1,1
1081,0,605.0,1,1
1081,1,290.0,1,1
1081,2,149.0,1,1
1081,3,106.0,1,1
1081,4,97.0,1,1
1081,5,329.0,1,1
1081,6,212.0,1,1
1081,7,131.0,1,1
1081,8,95.0,1,1
1081,9,234.0,1,1
1081,10,309.0,1,1
1081,11,597.0,1,1
1081,12,557.0,1,1
1081,13,424.0,1,1
1081,14,360.0,1,1
1081,15,419.0,1,1
1082,0,415.0,1,1
1082,1,196.0,1,1
1082,2,114.0,1,1
1082,3,163.0,1,1
1082,4,151.0,1,1
1082,5,349.0,1,1
1082,6,228.0,1,1
1082,7,200.0,1,1
1082,8,127.0,1,1
1082,9,325.0,1,1
1082,10,315.0,1,1
1082,11,453.0,1,1
1082,12,547.0,1,1
1082,13,405.0,1,1
1082,14,412.0,1,1
1082,15,409.0,1,1
1083,0,156.0,1,1
1083,1,83.0,1,1
1083,2,54.0,1,1
1083,3,95.0,1,1
1083,4,92.0,1,1
1083,5,259.0,1,1
1083,6,186.0,1,1
1083,7,89.0,1,1
1083,8,93.0,1,1
1083,9,355.0,1,1
1083,10,253.0,1,1
1083,11,290.0,1,1
1083,12,558.0,1,1
1083,13,261.0,1,1
1083,14,324.0,1,1
1083,15,338.0,1,1
1084,0,99.0,1,1
1084,1,59.0,1,1
1084,2,27.0,1,1
1084,3,74.0,1,1
1084,4,86.0,1,1
1084,5,208.0,1,1
1084,6,125.0,1,1
1084,7,69.0,1,1
1084,8,88.0,1,1
1084,9,268.0,1,1
1084,10,206.0,1,1
1084,11,232.0,1,1
1084,12,386.0,1,1
1084,13,177.0,1,1
1084,14,252.0,1,1
1084,15,240.0,1,1
1085,0,68.0,1,1
1085,1,46.0,1,1
1085,2,11.0,1,1
1085,3,53.0,1,1
1085,4,46.0,1,1
1085,5,135.0,1,1
1085,6,57.0,1,1
1085,7,25.0,1,1
1085,8,61.0,1,1
1085,9,254.0,1,1
1085,10,163.0,1,1
1085,11,93.0,1,1
1085,12,393.0,1,1
1085,13,68.0,1,1
1085,14,164.0,1,1
1085,15,167.0,1,1
1086,0,55.0,1,1
1086,1,22.0,1,1
1086,2,9.0,1,1
1086,3,36.0,1,1
1086,4,25.0,1,1
1086,5,104.0,1,1
1086,6,32.0,1,1
1086,7,6.0,1,1
1086,8,34.0,1,1
1086,9,160.0,1,1
1086,10,138.0,1,1
1086,11,95.0,1,1
1086,12,241.0,1,1
1086,13,35.0,1,1
1086,14,87.0,1,1
1086,15,95.0,1,1
1087,0,29.0,1,1
1087,1,18.0,1,1
1087,2,7.0,1,1
1087,3,25.0,1,1
1087,4,14.0,1,1
1087,5,71.0,1,1
1087,6,16.0,1,1
1087,7,2.0,1,1
1087,8,24.0,1,1
1087,9,110.0,1,1
1087,10,93.0,1,1
1087,11,55.0,1,1
1087,12,152.0,1,1
1087,13,23.0,1,1
1087,14,50.0,1,1
1087,15,60.0,1,1
1088,0,85.0,1,1
1088,1,47.0,1,1
1088,2,26.0,1,1
1088,3,49.0,1,1
1088,4,45.0,1,1
1088,5,100.0,1,1
1088,6,44.0,1,1
1088,7,13.0,1,1
1088,8,43.0,1,1
1088,9,148.0,1,1
1088,10,195.0,1,1
1088,11,62.0,1,1
1088,12,169.0,1,1
1088,13,67.0,1,1
1088,14,100.0,1,1
1088,15,99.0,1,1
1089,0,68.0,1,1
1089,1,68.0,1,1
1089,2,8.0,1,1
1089,3,159.0,1,1
1089,4,115.0,1,1
1089,5,448.0,1,1
1089,6,150.0,1,1
1089,7,76.0,1,1
1089,8,145.0,1,1
1089,9,385.0,1,1
1089,10,313.0,1,1
1089,11,93.0,1,1
1089,12,418.0,1,1
1089,13,359.0,1,1
1089,14,266.0,1,1
1089,15,279.0,1,1
1090,0,110.0,1,1
1090,1,74.0,1,1
1090,2,52.0,1,1
1090,3,290.0,1,1
1090,4,181.0,1,1
1090,5,662.0,1,1
1090,6,220.0,1,1
1090,7,138.0,1,1
1090,8,192.0,1,1
1090,9,523.0,1,1
1090,10,349.0,1,1
1090,11,109.0,1,1
1090,12,602.0,1,1
1090,13,457.0,1,1
1090,14,320.0,1,1
1090,15,367.0,1,1
1091,0,130.0,1,1
1091,1,102.0,1,1
1091,2,71.0,1,1
1091,3,102.0,1,1
1091,4,75.0,1,1
1091,5,216.0,1,1
1091,6,87.0,1,1
1091,7,38.0,1,1
1091,8,64.0,1,1
1091,9,74.0,1,1
1091,10,0.0,1,1
1091,11,212.0,1,1
1091,12,97.0,1,1
1091,13,225.0,1,1
1091,14,123.0,1,1
1091,15,151.0,1,1
1092,0,176.0,1,1
1092,1,135.0,1,1
1092,2,111.0,1,1
1092,3,151.0,1,1
1092,4,173.0,1,1
1092,5,269.0,1,1
1092,6,161.0,1,1
1092,7,97.0,1,1
1092,8,133.0,1,1
1092,9,370.0,1,1
1092,10,484.0,1,1
1092,11,249.0,1,1
1092,12,406.0,1,1
1092,13,243.0,1,1
1092,14,345.0,1,1
1092,15,290.0,1,1
1093,0,281.0,1,1
1093,1,166.0,1,1
1093,2,105.0,1,1
1093,3,276.0,1,1
1093,4,225.0,1,1
1093,5,410.0,1,1
1093,6,229.0,1,1
1093,7,218.0,1,1
1093,8,242.0,1,1
1093,9,465.0,1,1
1093,10,533.0,1,1
1093,11,328.0,1,1
1093,12,536.0,1,1
1093,13,391.0,1,1
1093,14,451.0,1,1
1093,15,479.0,1,1
1094,0,517.0,1,1
1094,1,267.0,1,1
1094,2,111.0,1,1
1094,3,154.0,1,1
1094,4,170.0,1,1
1094,5,537.0,1,1
1094,6,367.0,1,1
1094,7,201.0,1,1
1094,8,126.0,1,1
1094,9,325.0,1,1
1094,10,364.0,1,1
1094,11,405.0,1,1
1094,12,513.0,1,1
1094,13,465.0,1,1
1094,14,512.0,1,1
1094,15,538.0,1,1
1095,0,530.0,1,1
1095,1,330.0,1,1
1095,2,134.0,1,1
1095,3,303.0,1,1
1095,4,298.0,1,1
1095,5,626.0,1,1
1095,6,408.0,1,1
1095,7,346.0,1,1
1095,8,278.0,1,1
1095,9,621.0,1,1
1095,10,429.0,1,1
1095,11,515.0,1,1
1095,12,721.0,1,1
1095,13,711.0,1,1
1095,14,629.0,1,1
1095,15,655.0,1,1
1096,0,574.0,1,1
1096,1,323.0,1,1
1096,2,184.0,1,1
1096,3,241.0,1,1
1096,4,208.0,1,1
1096,5,433.0,1,1
1096,6,300.0,1,1
1096,7,239.0,1,1
1096,8,240.0,1,1
1096,9,466.0,1,1
1096,10,538.0,1,1
1096,11,527.0,1,1
1096,12,547.0,1,1
1096,13,488.0,1,1
1096,14,517.0,1,1
1096,15,518.0,1,1
1097,0,616.0,1,1
1097,1,325.0,1,1
1097,2,219.0,1,1
1097,3,167.0,1,1
1097,4,269.0,1,1
1097,5,260.0,1,1
1097,6,476.0,1,1
1097,7,561.0,1,1
1097,8,153.0,1,1
1097,9,220.0,1,1
1097,10,504.0,1,1
1097,11,515.0,1,1
1097,12,459.0,1,1
1097,13,875.0,1,1
1097,14,787.0,1,1
1097,15,600.0,1,1
1098,0,674.0,1,1
1098,1,310.0,1,1
1098,2,87.0,1,1
1098,3,137.0,1,1
1098,4,172.0,1,1
1098,5,355.0,1,1
1098,6,507.0,1,1
1098,7,292.0,1,1
1098,8,63.0,1,1
1098,9,152.0,1,1
1098,10,473.0,1,1
1098,11,414.0,1,1
1098,12,386.0,1,1
1098,13,1163.0,1,1
1098,14,623.0,1,1
1098,15,603.0,1,1
1099,0,813.0,1,1
1099,1,285.0,1,1
1099,2,37.0,1,1
1099,3,185.0,1,1
1099,4,279.0,1,1
1099,5,516.0,1,1
1099,6,606.0,1,1
1099,7,458.0,1,1
1099,8,107.0,1,1
1099,9,188.0,1,1
1099,10,337.0,1,1
1099,11,404.0,1,1
1099,12,359.0,1,1
1099,13,1098.0,1,1
1099,14,650.0,1,1
1099,15,570.0,1,1
1100,0,833.0,1,1
1100,1,236.0,1,1
1100,2,12.0,1,1
1100,3,110.0,1,1
1100,4,144.0,1,1
1100,5,348.0,1,1
1100,6,382.0,1,1
1100,7,180.0,1,1
1100,8,54.0,1,1
1100,9,119.0,1,1
1100,10,324.0,1,1
1100,11,397.0,1,1
1100,12,290.0,1,1
1100,13,753.0,1,1
1100,14,485.0,1,1
1100,15,515.0,1,1
1101,0,726.0,1,1
1101,1,283.0,1,1
1101,2,89.0,1,1
1101,3,209.0,1,1
1101,4,237.0,1,1
1101,5,402.0,1,1
1101,6,341.0,1,1
1101,7,322.0,1,1
1101,8,134.0,1,1
1101,9,273.0,1,1
1101,10,457.0,1,1
1101,11,367.0,1,1
1101,12,410.0,1,1
1101,13,616.0,1,1
1101,14,467.0,1,1
1101,15,500.0,1,1
1102,0,767.0,1,1
1102,1,438.0,1,1
1102,2,131.0,1,1
1102,3,170.0,1,1
1102,4,285.0,1,1
1102,5,237.0,1,1
1102,6,301.0,1,1
1102,7,329.0,1,1
1102,8,152.0,1,1
1102,9,199.0,1,1
1102,10,301.0,1,1
1102,11,746.0,1,1
1102,12,327.0,1,1
1102,13,564.0,1,1
1102,14,576.0,1,1
1102,15,528.0,1,1
1103,0,737.0,1,1
1103,1,412.0,1,1
1103,2,184.0,1,1
1103,3,229.0,1,1
1103,4,364.0,1,1
1103,5,387.0,1,1
1103,6,603.0,1,1
1103,7,700.0,1,1
1103,8,214.0,1,1
1103,9,321.0,1,1
1103,10,328.0,1,1
1103,11,748.0,1,1
1103,12,600.0,1,1
1103,13,938.0,1,1
1103,14,887.0,1,1
1103,15,710.0,1,1
1104,0,673.0,1,1
1104,1,385.0,1,1
1104,2,152.0,1,1
1104,3,210.0,1,1
1104,4,216.0,1,1
1104,5,468.0,1,1
1104,6,412.0,1,1
1104,7,383.0,1,1
1104,8,141.0,1,1
1104,9,262.0,1,1
1104,10,296.0,1,1
1104,11,603.0,1,1
1104,12,477.0,1,1
1104,13,784.0,1,1
1104,14,609.0,1,1
1104,15,608.0,1,1
1105,0,518.0,1,1
1105,1,250.0,1,1
1105,2,162.0,1,1
1105,3,228.0,1,1
1105,4,196.0,1,1
1105,5,272.0,1,1
1105,6,405.0,1,1
1105,7,201.0,1,1
1105,8,104.0,1,1
1105,9,396.0,1,1
1105,10,312.0,1,1
1105,11,612.0,1,1
1105,12,188.0,1,1
1105,13,442.0,1,1
1105,14,474.0,1,1
1105,15,129.0,1,1
1106,0,354.0,1,1
1106,1,115.0,1,1
1106,2,97.0,1,1
1106,3,150.0,1,1
1106,4,89.0,1,1
1106,5,174.0,1,1
1106,6,273.0,1,1
1106,7,191.0,1,1
1106,8,89.0,1,1
1106,9,259.0,1,1
1106,10,254.0,1,1
1106,11,476.0,1,1
1106,12,148.0,1,1
1106,13,409.0,1,1
1106,14,290.0,1,1
1106,15,87.0,1,1
1107,0,133.0,1,1
1107,1,69.0,1,1
1107,2,31.0,1,1
1107,3,105.0,1,1
1107,4,177.0,1,1
1107,5,145.0,1,1
1107,6,249.0,1,1
1107,7,157.0,1,1
1107,8,59.0,1,1
1107,9,288.0,1,1
1107,10,249.0,1,1
1107,11,316.0,1,1
1107,12,98.0,1,1
1107,13,293.0,1,1
1107,14,279.0,1,1
1107,15,59.0,1,1
1108,0,83.0,1,1
1108,1,31.0,1,1
1108,2,17.0,1,1
1108,3,63.0,1,1
1108,4,100.0,1,1
1108,5,90.0,1,1
1108,6,149.0,1,1
1108,7,135.0,1,1
1108,8,54.0,1,1
1108,9,248.0,1,1
1108,10,195.0,1,1
1108,11,221.0,1,1
1108,12,64.0,1,1
1108,13,196.0,1,1
1108,14,165.0,1,1
1108,15,33.0,1,1
1109,0,45.0,1,1
1109,1,25.0,1,1
1109,2,3.0,1,1
1109,3,32.0,1,1
1109,4,73.0,1,1
1109,5,44.0,1,1
1109,6,111.0,1,1
1109,7,68.0,1,1
1109,8,23.0,1,1
1109,9,266.0,1,1
1109,10,155.0,1,1
1109,11,94.0,1,1
1109,12,21.0,1,1
1109,13,133.0,1,1
1109,14,70.0,1,1
1109,15,6.0,1,1
1110,0,33.0,1,1
1110,1,23.0,1,1
1110,2,8.0,1,1
1110,3,25.0,1,1
1110,4,114.0,1,1
1110,5,36.0,1,1
1110,6,102.0,1,1
1110,7,56.0,1,1
1110,8,12.0,1,1
1110,9,335.0,1,1
1110,10,121.0,1,1
1110,11,95.0,1,1
1110,12,11.0,1,1
1110,13,100.0,1,1
1110,14,62.0,1,1
1110,15,4.0,1,1
1111,0,29.0,1,1
1111,1,9.0,1,1
1111,2,7.0,1,1
1111,3,18.0,1,1
1111,4,70.0,1,1
1111,5,23.0,1,1
1111,6,77.0,1,1
1111,7,33.0,1,1
1111,8,7.0,1,1
1111,9,231.0,1,1
1111,10,118.0,1,1
1111,11,66.0,1,1
1111,12,6.0,1,1
1111,13,64.0,1,1
1111,14,38.0,1,1
1111,15,2.0,1,1
1112,0,186.0,1,1
1112,1,82.0,1,1
1112,2,43.0,1,1
1112,3,53.0,1,1
1112,4,112.0,1,1
1112,5,80.0,1,1
1112,6,168.0,1,1
1112,7,85.0,1,1
1112,8,31.0,1,1
1112,9,336.0,1,1
1112,10,464.0,1,1
1112,11,165.0,1,1
1112,12,43.0,1,1
1112,13,154.0,1,1
1112,14,129.0,1,1
1112,15,22.0,1,1
1113,0,321.0,1,1
1113,1,277.0,1,1
1113,2,54.0,1,1
1113,3,268.0,1,1
1113,4,566.0,1,1
1113,5,312.0,1,1
1113,6,693.0,1,1
1113,7,293.0,1,1
1113,8,96.0,1,1
1113,9,763.0,1,1
1113,10,530.0,1,1
1113,11,371.0,1,1
1113,12,258.0,1,1
1113,13,559.0,1,1
1113,14,532.0,1,1
1113,15,157.0,1,1
1114,0,582.0,1,1
1114,1,458.0,1,1
1114,2,166.0,1,1
1114,3,396.0,1,1
1114,4,1151.0,1,1
1114,5,472.0,1,1
1114,6,1285.0,1,1
1114,7,314.0,1,1
1114,8,150.0,1,1
1114,9,1421.0,1,1
1114,10,667.0,1,1
1114,11,637.0,1,1
1114,12,370.0,1,1
1114,13,1001.0,1,1
1114,14,908.0,1,1
1114,15,350.0,1,1
1115,0,420.0,1,1
1115,1,280.0,1,1
1115,2,112.0,1,1
1115,3,190.0,1,1
1115,4,160.0,1,1
1115,5,279.0,1,1
1115,6,470.0,1,1
1115,7,202.0,1,1
1115,8,91.0,1,1
1115,9,224.0,1,1
1115,10,0.0,1,1
1115,11,505.0,1,1
1115,12,312.0,1,1
1115,13,411.0,1,1
1115,14,449.0,1,1
1115,15,261.0,1,1
1116,0,472.0,1,1
1116,1,280.0,1,1
1116,2,67.0,1,1
1116,3,107.0,1,1
1116,4,117.0,1,1
1116,5,153.0,1,1
1116,6,253.0,1,1
1116,7,194.0,1,1
1116,8,119.0,1,1
1116,9,317.0,1,1
1116,10,391.0,1,1
1116,11,424.0,1,1
1116,12,149.0,1,1
1116,13,350.0,1,1
1116,14,279.0,1,1
1116,15,92.0,1,1
1117,0,582.0,1,1
1117,1,263.0,1,1
1117,2,85.0,1,1
1117,3,140.0,1,1
1117,4,154.0,1,1
1117,5,251.0,1,1
1117,6,449.0,1,1
1117,7,306.0,1,1
1117,8,122.0,1,1
1117,9,375.0,1,1
1117,10,363.0,1,1
1117,11,420.0,1,1
1117,12,211.0,1,1
1117,13,482.0,1,1
1117,14,328.0,1,1
1117,15,95.0,1,1
1118,0,694.0,1,1
1118,1,382.0,1,1
1118,2,79.0,1,1
1118,3,173.0,1,1
1118,4,128.0,1,1
1118,5,236.0,1,1
1118,6,291.0,1,1
1118,7,248.0,1,1
1118,8,152.0,1,1
1118,9,217.0,1,1
1118,10,233.0,1,1
1118,11,530.0,1,1
1118,12,266.0,1,1
1118,13,389.0,1,1
1118,14,492.0,1,1
1118,15,176.0,1,1
1119,0,618.0,1,1
1119,1,354.0,1,1
1119,2,116.0,1,1
1119,3,212.0,1,1
1119,4,145.0,1,1
1119,5,241.0,1,1
1119,6,381.0,1,1
1119,7,321.0,1,1
1119,8,168.0,1,1
1119,9,346.0,1,1
1119,10,464.0,1,1
1119,11,535.0,1,1
1119,12,284.0,1,1
1119,13,643.0,1,1
1119,14,505.0,1,1
1119,15,241.0,1,1
1120,0,676.0,1,1
1120,1,377.0,1,1
1120,2,127.0,1,1
1120,3,147.0,1,1
1120,4,131.0,1,1
1120,5,217.0,1,1
1120,6,331.0,1,1
1120,7,315.0,1,1
1120,8,148.0,1,1
1120,9,320.0,1,1
1120,10,406.0,1,1
1120,11,484.0,1,1
1120,12,280.0,1,1
1120,13,403.0,1,1
1120,14,347.0,1,1
1120,15,152.0,1,1
1121,0,810.0,1,1
1121,1,469.0,1,1
1121,2,118.0,1,1
1121,3,202.0,1,1
1121,4,47.0,1,1
1121,5,221.0,1,1
1121,6,197.0,1,1
1121,7,251.0,1,1
1121,8,278.0,1,1
1121,9,119.0,1,1
1121,10,412.0,1,1
1121,11,490.0,1,1
1121,12,504.0,1,1
1121,13,393.0,1,1
1121,14,547.0,1,1
1121,15,467.0,1,1
1122,0,940.0,1,1
1122,1,542.0,1,1
1122,2,99.0,1,1
1122,3,368.0,1,1
1122,4,86.0,1,1
1122,5,338.0,1,1
1122,6,252.0,1,1
1122,7,193.0,1,1
1122,8,248.0,1,1
1122,9,126.0,1,1
1122,10,529.0,1,1
1122,11,496.0,1,1
1122,12,804.0,1,1
1122,13,444.0,1,1
1122,14,1116.0,1,1
1122,15,1490.0,1,1
1123,0,1123.0,1,1
1123,1,466.0,1,1
1123,2,48.0,1,1
1123,3,286.0,1,1
1123,4,83.0,1,1
1123,5,390.0,1,1
1123,6,282.0,1,1
1123,7,269.0,1,1
1123,8,322.0,1,1
1123,9,126.0,1,1
1123,10,584.0,1,1
1123,11,442.0,1,1
1123,12,946.0,1,1
1123,13,522.0,1,1
1123,14,1098.0,1,1
1123,15,1279.0,1,1
1124,0,1893.0,1,1
1124,1,771.0,1,1
1124,2,159.0,1,1
1124,3,361.0,1,1
1124,4,145.0,1,1
1124,5,442.0,1,1
1124,6,278.0,1,1
1124,7,238.0,1,1
1124,8,241.0,1,1
1124,9,145.0,1,1
1124,10,492.0,1,1
1124,11,424.0,1,1
1124,12,1023.0,1,1
1124,13,389.0,1,1
1124,14,1096.0,1,1
1124,15,1604.0,1,1
1125,0,559.0,1,1
1125,1,272.0,1,1
1125,2,80.0,1,1
1125,3,165.0,1,1
1125,4,63.0,1,1
1125,5,269.0,1,1
1125,6,329.0,1,1
1125,7,244.0,1,1
1125,8,174.0,1,1
1125,9,169.0,1,1
1125,10,416.0,1,1
1125,11,399.0,1,1
1125,12,363.0,1,1
1125,13,518.0,1,1
1125,14,544.0,1,1
1125,15,270.0,1,1
1126,0,618.0,1,1
1126,1,358.0,1,1
1126,2,136.0,1,1
1126,3,238.0,1,1
1126,4,59.0,1,1
1126,5,287.0,1,1
1126,6,269.0,1,1
1126,7,244.0,1,1
1126,8,294.0,1,1
1126,9,119.0,1,1
1126,10,259.0,1,1
1126,11,692.0,1,1
1126,12,518.0,1,1
1126,13,467.0,1,1
1126,14,555.0,1,1
1126,15,463.0,1,1
1127,0,511.0,1,1
1127,1,348.0,1,1
1127,2,153.0,1,1
1127,3,346.0,1,1
1127,4,120.0,1,1
1127,5,332.0,1,1
1127,6,334.0,1,1
1127,7,379.0,1,1
1127,8,362.0,1,1
1127,9,186.0,1,1
1127,10,266.0,1,1
1127,11,554.0,1,1
1127,12,633.0,1,1
1127,13,644.0,1,1
1127,14,878.0,1,1
1127,15,676.0,1,1
1128,0,499.0,1,1
1128,1,309.0,1,1
1128,2,144.0,1,1
1128,3,252.0,1,1
1128,4,141.0,1,1
1128,5,367.0,1,1
1128,6,395.0,1,1
1128,7,298.0,1,1
1128,8,188.0,1,1
1128,9,245.0,1,1
1128,10,267.0,1,1
1128,11,609.0,1,1
1128,12,584.0,1,1
1128,13,546.0,1,1
1128,14,704.0,1,1
1128,15,439.0,1,1
1129,0,376.0,1,1
1129,1,207.0,1,1
1129,2,123.0,1,1
1129,3,135.0,1,1
1129,4,122.0,1,1
1129,5,94.0,1,1
1129,6,349.0,1,1
1129,7,235.0,1,1
1129,8,143.0,1,1
1129,9,230.0,1,1
1129,10,285.0,1,1
1129,11,602.0,1,1
1129,12,262.0,1,1
1129,13,596.0,1,1
1129,14,627.0,1,1
1129,15,311.0,1,1
1130,0,251.0,1,1
1130,1,80.0,1,1
1130,2,72.0,1,1
1130,3,117.0,1,1
1130,4,99.0,1,1
1130,5,80.0,1,1
1130,6,329.0,1,1
1130,7,164.0,1,1
1130,8,123.0,1,1
1130,9,153.0,1,1
1130,10,241.0,1,1
1130,11,358.0,1,1
1130,12,174.0,1,1
1130,13,427.0,1,1
1130,14,362.0,1,1
1130,15,205.0,1,1
1131,0,92.0,1,1
1131,1,66.0,1,1
1131,2,32.0,1,1
1131,3,85.0,1,1
1131,4,68.0,1,1
1131,5,55.0,1,1
1131,6,181.0,1,1
1131,7,240.0,1,1
1131,8,96.0,1,1
1131,9,127.0,1,1
1131,10,218.0,1,1
1131,11,196.0,1,1
1131,12,117.0,1,1
1131,13,487.0,1,1
1131,14,363.0,1,1
1131,15,106.0,1,1
1132,0,57.0,1,1
1132,1,37.0,1,1
1132,2,7.0,1,1
1132,3,55.0,1,1
1132,4,38.0,1,1
1132,5,38.0,1,1
1132,6,133.0,1,1
1132,7,219.0,1,1
1132,8,76.0,1,1
1132,9,94.0,1,1
1132,10,155.0,1,1
1132,11,99.0,1,1
1132,12,71.0,1,1
1132,13,427.0,1,1
1132,14,227.0,1,1
1132,15,70.0,1,1
1133,0,32.0,1,1
1133,1,21.0,1,1
1133,2,10.0,1,1
1133,3,22.0,1,1
1133,4,8.0,1,1
1133,5,9.0,1,1
1133,6,82.0,1,1
1133,7,145.0,1,1
1133,8,50.0,1,1
1133,9,41.0,1,1
1133,10,143.0,1,1
1133,11,59.0,1,1
1133,12,17.0,1,1
1133,13,360.0,1,1
1133,14,135.0,1,1
1133,15,18.0,1,1
1134,0,22.0,1,1
1134,1,16.0,1,1
1134,2,13.0,1,1
1134,3,13.0,1,1
1134,4,5.0,1,1
1134,5,5.0,1,1
1134,6,55.0,1,1
1134,7,145.0,1,1
1134,8,36.0,1,1
1134,9,37.0,1,1
1134,10,123.0,1,1
1134,11,53.0,1,1
1134,12,10.0,1,1
1134,13,350.0,1,1
1134,14,132.0,1,1
1134,15,8.0,1,1
1135,0,22.0,1,1
1135,1,16.0,1,1
1135,2,7.0,1,1
1135,3,8.0,1,1
1135,4,2.0,1,1
1135,5,3.0,1,1
1135,6,26.0,1,1
1135,7,111.0,1,1
1135,8,28.0,1,1
1135,9,25.0,1,1
1135,10,90.0,1,1
1135,11,43.0,1,1
1135,12,5.0,1,1
1135,13,286.0,1,1
1135,14,106.0,1,1
1135,15,4.0,1,1
1136,0,142.0,1,1
1136,1,72.0,1,1
1136,2,42.0,1,1
1136,3,41.0,1,1
1136,4,24.0,1,1
1136,5,22.0,1,1
1136,6,107.0,1,1
1136,7,175.0,1,1
1136,8,75.0,1,1
1136,9,80.0,1,1
1136,10,479.0,1,1
1136,11,146.0,1,1
1136,12,45.0,1,1
1136,13,479.0,1,1
1136,14,188.0,1,1
1136,15,37.0,1,1
1137,0,218.0,1,1
1137,1,256.0,1,1
1137,2,56.0,1,1
1137,3,183.0,1,1
1137,4,181.0,1,1
1137,5,119.0,1,1
1137,6,531.0,1,1
1137,7,383.0,1,1
1137,8,245.0,1,1
1137,9,394.0,1,1
1137,10,570.0,1,1
1137,11,384.0,1,1
1137,12,267.0,1,1
1137,13,818.0,1,1
1137,14,836.0,1,1
1137,15,245.0,1,1
1138,0,474.0,1,1
1138,1,551.0,1,1
1138,2,196.0,1,1
1138,3,268.0,1,1
1138,4,356.0,1,1
1138,5,226.0,1,1
1138,6,866.0,1,1
1138,7,509.0,1,1
1138,8,343.0,1,1
1138,9,615.0,1,1
1138,10,490.0,1,1
1138,11,642.0,1,1
1138,12,503.0,1,1
1138,13,1043.0,1,1
1138,14,943.0,1,1
1138,15,567.0,1,1
1139,0,300.0,1,1
1139,1,318.0,1,1
1139,2,152.0,1,1
1139,3,166.0,1,1
1139,4,209.0,1,1
1139,5,170.0,1,1
1139,6,247.0,1,1
1139,7,131.0,1,1
1139,8,171.0,1,1
1139,9,352.0,1,1
1139,10,0.0,1,1
1139,11,490.0,1,1
1139,12,453.0,1,1
1139,13,472.0,1,1
1139,14,509.0,1,1
1139,15,291.0,1,1
1140,0,372.0,1,1
1140,1,270.0,1,1
1140,2,188.0,1,1
1140,3,105.0,1,1
1140,4,76.0,1,1
1140,5,91.0,1,1
1140,6,366.0,1,1
1140,7,167.0,1,1
1140,8,142.0,1,1
1140,9,155.0,1,1
1140,10,560.0,1,1
1140,11,443.0,1,1
1140,12,164.0,1,1
1140,13,490.0,1,1
1140,14,248.0,1,1
1140,15,189.0,1,1
1141,0,496.0,1,1
1141,1,274.0,1,1
1141,2,132.0,1,1
1141,3,164.0,1,1
1141,4,134.0,1,1
1141,5,94.0,1,1
1141,6,583.0,1,1
1141,7,195.0,1,1
1141,8,152.0,1,1
1141,9,200.0,1,1
1141,10,418.0,1,1
1141,11,457.0,1,1
1141,12,242.0,1,1
1141,13,538.0,1,1
1141,14,424.0,1,1
1141,15,292.0,1,1
1142,0,531.0,1,1
1142,1,338.0,1,1
1142,2,98.0,1,1
1142,3,183.0,1,1
1142,4,157.0,1,1
1142,5,151.0,1,1
1142,6,317.0,1,1
1142,7,270.0,1,1
1142,8,136.0,1,1
1142,9,206.0,1,1
1142,10,360.0,1,1
1142,11,518.0,1,1
1142,12,321.0,1,1
1142,13,454.0,1,1
1142,14,509.0,1,1
1142,15,413.0,1,1
1143,0,537.0,1,1
1143,1,420.0,1,1
1143,2,94.0,1,1
1143,3,224.0,1,1
1143,4,194.0,1,1
1143,5,189.0,1,1
1143,6,438.0,1,1
1143,7,234.0,1,1
1143,8,197.0,1,1
1143,9,280.0,1,1
1143,10,414.0,1,1
1143,11,505.0,1,1
1143,12,379.0,1,1
1143,13,610.0,1,1
1143,14,581.0,1,1
1143,15,520.0,1,1
1144,0,595.0,1,1
1144,1,394.0,1,1
1144,2,90.0,1,1
1144,3,164.0,1,1
1144,4,147.0,1,1
1144,5,141.0,1,1
1144,6,453.0,1,1
1144,7,202.0,1,1
1144,8,172.0,1,1
1144,9,188.0,1,1
1144,10,355.0,1,1
1144,11,538.0,1,1
1144,12,324.0,1,1
1144,13,490.0,1,1
1144,14,434.0,1,1
1144,15,323.0,1,1
1145,0,1195.0,1,1
1145,1,761.0,1,1
1145,2,185.0,1,1
1145,3,279.0,1,1
1145,4,271.0,1,1
1145,5,322.0,1,1
1145,6,330.0,1,1
1145,7,137.0,1,1
1145,8,183.0,1,1
1145,9,221.0,1,1
1145,10,428.0,1,1
1145,11,406.0,1,1
1145,12,595.0,1,1
1145,13,381.0,1,1
1145,14,424.0,1,1
1145,15,847.0,1,1
1146,0,1003.0,1,1
1146,1,492.0,1,1
1146,2,70.0,1,1
1146,3,375.0,1,1
1146,4,464.0,1,1
1146,5,709.0,1,1
1146,6,279.0,1,1
1146,7,199.0,1,1
1146,8,214.0,1,1
1146,9,388.0,1,1
1146,10,435.0,1,1
1146,11,425.0,1,1
1146,12,890.0,1,1
1146,13,414.0,1,1
1146,14,672.0,1,1
1146,15,1159.0,1,1
1147,0,1211.0,1,1
1147,1,400.0,1,1
1147,2,43.0,1,1
1147,3,394.0,1,1
1147,4,738.0,1,1
1147,5,769.0,1,1
1147,6,300.0,1,1
1147,7,166.0,1,1
1147,8,245.0,1,1
1147,9,439.0,1,1
1147,10,397.0,1,1
1147,11,410.0,1,1
1147,12,1260.0,1,1
1147,13,384.0,1,1
1147,14,539.0,1,1
1147,15,1463.0,1,1
1148,0,2168.0,1,1
1148,1,692.0,1,1
1148,2,47.0,1,1
1148,3,366.0,1,1
1148,4,599.0,1,1
1148,5,901.0,1,1
1148,6,329.0,1,1
1148,7,232.0,1,1
1148,8,252.0,1,1
1148,9,427.0,1,1
1148,10,560.0,1,1
1148,11,460.0,1,1
1148,12,1108.0,1,1
1148,13,423.0,1,1
1148,14,708.0,1,1
1148,15,1176.0,1,1
1149,0,643.0,1,1
1149,1,292.0,1,1
1149,2,91.0,1,1
1149,3,232.0,1,1
1149,4,236.0,1,1
1149,5,210.0,1,1
1149,6,355.0,1,1
1149,7,129.0,1,1
1149,8,152.0,1,1
1149,9,235.0,1,1
1149,10,509.0,1,1
1149,11,392.0,1,1
1149,12,447.0,1,1
1149,13,402.0,1,1
1149,14,401.0,1,1
1149,15,647.0,1,1
1150,0,713.0,1,1
1150,1,433.0,1,1
1150,2,127.0,1,1
1150,3,324.0,1,1
1150,4,276.0,1,1
1150,5,339.0,1,1
1150,6,456.0,1,1
1150,7,123.0,1,1
1150,8,201.0,1,1
1150,9,265.0,1,1
1150,10,287.0,1,1
1150,11,705.0,1,1
1150,12,632.0,1,1
1150,13,403.0,1,1
1150,14,369.0,1,1
1150,15,964.0,1,1
1151,0,560.0,1,1
1151,1,407.0,1,1
1151,2,161.0,1,1
1151,3,415.0,1,1
1151,4,506.0,1,1
1151,5,499.0,1,1
1151,6,599.0,1,1
1151,7,179.0,1,1
1151,8,265.0,1,1
1151,9,304.0,1,1
1151,10,369.0,1,1
1151,11,674.0,1,1
1151,12,988.0,1,1
1151,13,488.0,1,1
1151,14,557.0,1,1
1151,15,1102.0,1,1
1152,0,555.0,1,1
1152,1,327.0,1,1
1152,2,145.0,1,1
1152,3,341.0,1,1
1152,4,368.0,1,1
1152,5,305.0,1,1
1152,6,497.0,1,1
1152,7,191.0,1,1
1152,8,192.0,1,1
1152,9,334.0,1,1
1152,10,320.0,1,1
1152,11,693.0,1,1
1152,12,716.0,1,1
1152,13,493.0,1,1
1152,14,660.0,1,1
1152,15,883.0,1,1
1153,0,467.0,1,1
1153,1,251.0,1,1
1153,2,159.0,1,1
1153,3,150.0,1,1
1153,4,149.0,1,1
1153,5,227.0,1,1
1153,6,212.0,1,1
1153,7,143.0,1,1
1153,8,75.0,1,1
1153,9,100.0,1,1
1153,10,273.0,1,1
1153,11,602.0,1,1
1153,12,402.0,1,1
1153,13,463.0,1,1
1153,14,303.0,1,1
1153,15,669.0,1,1
1154,0,234.0,1,1
1154,1,84.0,1,1
1154,2,69.0,1,1
1154,3,108.0,1,1
1154,4,94.0,1,1
1154,5,233.0,1,1
1154,6,216.0,1,1
1154,7,125.0,1,1
1154,8,56.0,1,1
1154,9,91.0,1,1
1154,10,219.0,1,1
1154,11,411.0,1,1
1154,12,294.0,1,1
1154,13,349.0,1,1
1154,14,211.0,1,1
1154,15,580.0,1,1
1155,0,90.0,1,1
1155,1,73.0,1,1
1155,2,31.0,1,1
1155,3,103.0,1,1
1155,4,59.0,1,1
1155,5,179.0,1,1
1155,6,189.0,1,1
1155,7,92.0,1,1
1155,8,23.0,1,1
1155,9,49.0,1,1
1155,10,246.0,1,1
1155,11,237.0,1,1
1155,12,302.0,1,1
1155,13,203.0,1,1
1155,14,205.0,1,1
1155,15,417.0,1,1
1156,0,52.0,1,1
1156,1,42.0,1,1
1156,2,15.0,1,1
1156,3,63.0,1,1
1156,4,34.0,1,1
1156,5,196.0,1,1
1156,6,147.0,1,1
1156,7,84.0,1,1
1156,8,16.0,1,1
1156,9,38.0,1,1
1156,10,192.0,1,1
1156,11,187.0,1,1
1156,12,260.0,1,1
1156,13,154.0,1,1
1156,14,103.0,1,1
1156,15,280.0,1,1
1157,0,18.0,1,1
1157,1,11.0,1,1
1157,2,10.0,1,1
1157,3,21.0,1,1
1157,4,12.0,1,1
1157,5,127.0,1,1
1157,6,112.0,1,1
1157,7,47.0,1,1
1157,8,4.0,1,1
1157,9,10.0,1,1
1157,10,166.0,1,1
1157,11,65.0,1,1
1157,12,176.0,1,1
1157,13,64.0,1,1
1157,14,36.0,1,1
1157,15,228.0,1,1
1158,0,26.0,1,1
1158,1,12.0,1,1
1158,2,9.0,1,1
1158,3,19.0,1,1
1158,4,9.0,1,1
1158,5,83.0,1,1
1158,6,78.0,1,1
1158,7,31.0,1,1
1158,8,1.0,1,1
1158,9,4.0,1,1
1158,10,140.0,1,1
1158,11,87.0,1,1
1158,12,151.0,1,1
1158,13,27.0,1,1
1158,14,23.0,1,1
1158,15,189.0,1,1
1159,0,35.0,1,1
1159,1,15.0,1,1
1159,2,8.0,1,1
1159,3,11.0,1,1
1159,4,5.0,1,1
1159,5,49.0,1,1
1159,6,55.0,1,1
1159,7,20.0,1,1
1159,8,1.0,1,1
1159,9,2.0,1,1
1159,10,64.0,1,1
1159,11,42.0,1,1
1159,12,94.0,1,1
1159,13,14.0,1,1
1159,14,13.0,1,1
1159,15,118.0,1,1
1160,0,140.0,1,1
1160,1,81.0,1,1
1160,2,29.0,1,1
1160,3,55.0,1,1
1160,4,24.0,1,1
1160,5,137.0,1,1
1160,6,132.0,1,1
1160,7,93.0,1,1
1160,8,6.0,1,1
1160,9,18.0,1,1
1160,10,477.0,1,1
1160,11,145.0,1,1
1160,12,213.0,1,1
1160,13,73.0,1,1
1160,14,58.0,1,1
1160,15,263.0,1,1
1161,0,320.0,1,1
1161,1,270.0,1,1
1161,2,59.0,1,1
1161,3,207.0,1,1
1161,4,156.0,1,1
1161,5,438.0,1,1
1161,6,350.0,1,1
1161,7,258.0,1,1
1161,8,57.0,1,1
1161,9,168.0,1,1
1161,10,543.0,1,1
1161,11,340.0,1,1
1161,12,531.0,1,1
1161,13,267.0,1,1
1161,14,525.0,1,1
1161,15,939.0,1,1
1162,0,623.0,1,1
1162,1,524.0,1,1
1162,2,187.0,1,1
1162,3,324.0,1,1
1162,4,276.0,1,1
1162,5,604.0,1,1
1162,6,447.0,1,1
1162,7,398.0,1,1
1162,8,101.0,1,1
1162,9,289.0,1,1
1162,10,752.0,1,1
1162,11,632.0,1,1
1162,12,808.0,1,1
1162,13,379.0,1,1
1162,14,782.0,1,1
1162,15,1370.0,1,1
1163,0,434.0,1,1
1163,1,285.0,1,1
1163,2,150.0,1,1
1163,3,188.0,1,1
1163,4,169.0,1,1
1163,5,190.0,1,1
1163,6,187.0,1,1
1163,7,180.0,1,1
1163,8,51.0,1,1
1163,9,201.0,1,1
1163,10,0.0,1,1
1163,11,523.0,1,1
1163,12,241.0,1,1
1163,13,215.0,1,1
1163,14,333.0,1,1
1163,15,526.0,1,1
1164,0,383.0,1,1
1164,1,250.0,1,1
1164,2,200.0,1,1
1164,3,88.0,1,1
1164,4,84.0,1,1
1164,5,392.0,1,1
1164,6,301.0,1,1
1164,7,197.0,1,1
1164,8,38.0,1,1
1164,9,139.0,1,1
1164,10,642.0,1,1
1164,11,445.0,1,1
1164,12,285.0,1,1
1164,13,246.0,1,1
1164,14,234.0,1,1
1164,15,459.0,1,1
1165,0,603.0,1,1
1165,1,267.0,1,1
1165,2,194.0,1,1
1165,3,115.0,1,1
1165,4,115.0,1,1
1165,5,616.0,1,1
1165,6,369.0,1,1
1165,7,306.0,1,1
1165,8,59.0,1,1
1165,9,148.0,1,1
1165,10,543.0,1,1
1165,11,478.0,1,1
1165,12,412.0,1,1
1165,13,334.0,1,1
1165,14,272.0,1,1
1165,15,706.0,1,1
1166,0,587.0,1,1
1166,1,367.0,1,1
1166,2,94.0,1,1
1166,3,193.0,1,1
1166,4,187.0,1,1
1166,5,218.0,1,1
1166,6,243.0,1,1
1166,7,142.0,1,1
1166,8,94.0,1,1
1166,9,195.0,1,1
1166,10,409.0,1,1
1166,11,481.0,1,1
1166,12,348.0,1,1
1166,13,447.0,1,1
1166,14,477.0,1,1
1166,15,705.0,1,1
1167,0,658.0,1,1
1167,1,356.0,1,1
1167,2,63.0,1,1
1167,3,180.0,1,1
1167,4,197.0,1,1
1167,5,472.0,1,1
1167,6,356.0,1,1
1167,7,235.0,1,1
1167,8,133.0,1,1
1167,9,211.0,1,1
1167,10,397.0,1,1
1167,11,629.0,1,1
1167,12,512.0,1,1
1167,13,488.0,1,1
1167,14,385.0,1,1
1167,15,714.0,1,1
1168,0,753.0,1,1
1168,1,421.0,1,1
1168,2,109.0,1,1
1168,3,148.0,1,1
1168,4,112.0,1,1
1168,5,474.0,1,1
1168,6,296.0,1,1
1168,7,234.0,1,1
1168,8,73.0,1,1
1168,9,183.0,1,1
1168,10,439.0,1,1
1168,11,549.0,1,1
1168,12,396.0,1,1
1168,13,416.0,1,1
1168,14,343.0,1,1
1168,15,620.0,1,1
1169,0,771.0,1,1
1169,1,487.0,1,1
1169,2,200.0,1,1
1169,3,209.0,1,1
1169,4,233.0,1,1
1169,5,342.0,1,1
1169,6,278.0,1,1
1169,7,177.0,1,1
1169,8,295.0,1,1
1169,9,499.0,1,1
1169,10,587.0,1,1
1169,11,487.0,1,1
1169,12,303.0,1,1
1169,13,919.0,1,1
1169,14,531.0,1,1
1169,15,406.0,1,1
1170,0,982.0,1,1
1170,1,491.0,1,1
1170,2,123.0,1,1
1170,3,481.0,1,1
1170,4,553.0,1,1
1170,5,139.0,1,1
1170,6,232.0,1,1
1170,7,119.0,1,1
1170,8,547.0,1,1
1170,9,615.0,1,1
1170,10,625.0,1,1
1170,11,486.0,1,1
1170,12,322.0,1,1
1170,13,965.0,1,1
1170,14,1102.0,1,1
1170,15,511.0,1,1
1171,0,1215.0,1,1
1171,1,462.0,1,1
1171,2,71.0,1,1
1171,3,424.0,1,1
1171,4,458.0,1,1
1171,5,230.0,1,1
1171,6,284.0,1,1
1171,7,193.0,1,1
1171,8,479.0,1,1
1171,9,895.0,1,1
1171,10,319.0,1,1
1171,11,413.0,1,1
1171,12,286.0,1,1
1171,13,1039.0,1,1
1171,14,1017.0,1,1
1171,15,471.0,1,1
1172,0,813.0,1,1
1172,1,356.0,1,1
1172,2,78.0,1,1
1172,3,630.0,1,1
1172,4,626.0,1,1
1172,5,144.0,1,1
1172,6,231.0,1,1
1172,7,138.0,1,1
1172,8,453.0,1,1
1172,9,806.0,1,1
1172,10,482.0,1,1
1172,11,455.0,1,1
1172,12,270.0,1,1
1172,13,761.0,1,1
1172,14,1900.0,1,1
1172,15,695.0,1,1
1173,0,819.0,1,1
1173,1,348.0,1,1
1173,2,72.0,1,1
1173,3,176.0,1,1
1173,4,198.0,1,1
1173,5,289.0,1,1
1173,6,278.0,1,1
1173,7,181.0,1,1
1173,8,157.0,1,1
1173,9,260.0,1,1
1173,10,446.0,1,1
1173,11,573.0,1,1
1173,12,347.0,1,1
1173,13,570.0,1,1
1173,14,331.0,1,1
1173,15,516.0,1,1
1174,0,606.0,1,1
1174,1,312.0,1,1
1174,2,20.0,1,1
1174,3,201.0,1,1
1174,4,312.0,1,1
1174,5,345.0,1,1
1174,6,357.0,1,1
1174,7,234.0,1,1
1174,8,252.0,1,1
1174,9,477.0,1,1
1174,10,352.0,1,1
1174,11,503.0,1,1
1174,12,265.0,1,1
1174,13,777.0,1,1
1174,14,544.0,1,1
1174,15,605.0,1,1
1175,0,409.0,1,1
1175,1,298.0,1,1
1175,2,15.0,1,1
1175,3,317.0,1,1
1175,4,343.0,1,1
1175,5,462.0,1,1
1175,6,373.0,1,1
1175,7,257.0,1,1
1175,8,331.0,1,1
1175,9,647.0,1,1
1175,10,355.0,1,1
1175,11,427.0,1,1
1175,12,361.0,1,1
1175,13,1088.0,1,1
1175,14,978.0,1,1
1175,15,628.0,1,1
1176,0,352.0,1,1
1176,1,227.0,1,1
1176,2,66.0,1,1
1176,3,315.0,1,1
1176,4,286.0,1,1
1176,5,296.0,1,1
1176,6,291.0,1,1
1176,7,233.0,1,1
1176,8,235.0,1,1
1176,9,439.0,1,1
1176,10,275.0,1,1
1176,11,225.0,1,1
1176,12,408.0,1,1
1176,13,802.0,1,1
1176,14,624.0,1,1
1176,15,781.0,1,1
1177,0,323.0,1,1
1177,1,190.0,1,1
1177,2,78.0,1,1
1177,3,112.0,1,1
1177,4,177.0,1,1
1177,5,202.0,1,1
1177,6,234.0,1,1
1177,7,175.0,1,1
1177,8,116.0,1,1
1177,9,242.0,1,1
1177,10,252.0,1,1
1177,11,251.0,1,1
1177,12,407.0,1,1
1177,13,141.0,1,1
1177,14,323.0,1,1
1177,15,431.0,1,1
1178,0,229.0,1,1
1178,1,71.0,1,1
1178,2,46.0,1,1
1178,3,138.0,1,1
1178,4,177.0,1,1
1178,5,189.0,1,1
1178,6,177.0,1,1
1178,7,144.0,1,1
1178,8,137.0,1,1
1178,9,125.0,1,1
1178,10,194.0,1,1
1178,11,183.0,1,1
1178,12,369.0,1,1
1178,13,172.0,1,1
1178,14,307.0,1,1
1178,15,324.0,1,1
1179,0,73.0,1,1
1179,1,52.0,1,1
1179,2,20.0,1,1
1179,3,91.0,1,1
1179,4,145.0,1,1
1179,5,195.0,1,1
1179,6,122.0,1,1
1179,7,202.0,1,1
1179,8,65.0,1,1
1179,9,105.0,1,1
1179,10,203.0,1,1
1179,11,131.0,1,1
1179,12,251.0,1,1
1179,13,80.0,1,1
1179,14,208.0,1,1
1179,15,370.0,1,1
1180,0,59.0,1,1
1180,1,44.0,1,1
1180,2,11.0,1,1
1180,3,99.0,1,1
1180,4,130.0,1,1
1180,5,137.0,1,1
1180,6,67.0,1,1
1180,7,155.0,1,1
1180,8,68.0,1,1
1180,9,51.0,1,1
1180,10,152.0,1,1
1180,11,107.0,1,1
1180,12,212.0,1,1
1180,13,57.0,1,1
1180,14,163.0,1,1
1180,15,306.0,1,1
1181,0,15.0,1,1
1181,1,16.0,1,1
1181,2,6.0,1,1
1181,3,46.0,1,1
1181,4,87.0,1,1
1181,5,34.0,1,1
1181,6,31.0,1,1
1181,7,146.0,1,1
1181,8,36.0,1,1
1181,9,23.0,1,1
1181,10,135.0,1,1
1181,11,42.0,1,1
1181,12,98.0,1,1
1181,13,11.0,1,1
1181,14,101.0,1,1
1181,15,189.0,1,1
1182,0,20.0,1,1
1182,1,15.0,1,1
1182,2,12.0,1,1
1182,3,17.0,1,1
1182,4,62.0,1,1
1182,5,23.0,1,1
1182,6,28.0,1,1
1182,7,180.0,1,1
1182,8,21.0,1,1
1182,9,18.0,1,1
1182,10,131.0,1,1
1182,11,38.0,1,1
1182,12,58.0,1,1
1182,13,5.0,1,1
1182,14,70.0,1,1
1182,15,206.0,1,1
1183,0,24.0,1,1
1183,1,11.0,1,1
1183,2,8.0,1,1
1183,3,12.0,1,1
1183,4,35.0,1,1
1183,5,13.0,1,1
1183,6,14.0,1,1
1183,7,161.0,1,1
1183,8,13.0,1,1
1183,9,7.0,1,1
1183,10,89.0,1,1
1183,11,57.0,1,1
1183,12,43.0,1,1
1183,13,3.0,1,1
1183,14,54.0,1,1
1183,15,163.0,1,1
1184,0,164.0,1,1
1184,1,59.0,1,1
1184,2,18.0,1,1
1184,3,49.0,1,1
1184,4,102.0,1,1
1184,5,56.0,1,1
1184,6,76.0,1,1
1184,7,172.0,1,1
1184,8,52.0,1,1
1184,9,46.0,1,1
1184,10,251.0,1,1
1184,11,138.0,1,1
1184,12,159.0,1,1
1184,13,31.0,1,1
1184,14,160.0,1,1
1184,15,317.0,1,1
1185,0,334.0,1,1
1185,1,297.0,1,1
1185,2,57.0,1,1
1185,3,188.0,1,1
1185,4,213.0,1,1
1185,5,384.0,1,1
1185,6,380.0,1,1
1185,7,565.0,1,1
1185,8,144.0,1,1
1185,9,276.0,1,1
1185,10,398.0,1,1
1185,11,366.0,1,1
1185,12,385.0,1,1
1185,13,299.0,1,1
1185,14,561.0,1,1
1185,15,765.0,1,1
1186,0,744.0,1,1
1186,1,498.0,1,1
1186,2,109.0,1,1
1186,3,213.0,1,1
1186,4,364.0,1,1
1186,5,413.0,1,1
1186,6,768.0,1,1
1186,7,849.0,1,1
1186,8,244.0,1,1
1186,9,578.0,1,1
1186,10,640.0,1,1
1186,11,540.0,1,1
1186,12,581.0,1,1
1186,13,628.0,1,1
1186,14,745.0,1,1
1186,15,1041.0,1,1
1187,0,515.0,1,1
1187,1,289.0,1,1
1187,2,91.0,1,1
1187,3,88.0,1,1
1187,4,101.0,1,1
1187,5,217.0,1,1
1187,6,309.0,1,1
1187,7,185.0,1,1
1187,8,97.0,1,1
1187,9,208.0,1,1
1187,10,0.0,1,1
1187,11,455.0,1,1
1187,12,383.0,1,1
1187,13,536.0,1,1
1187,14,445.0,1,1
1187,15,477.0,1,1
1188,0,432.0,1,1
1188,1,234.0,1,1
1188,2,179.0,1,1
1188,3,188.0,1,1
1188,4,229.0,1,1
1188,5,181.0,1,1
1188,6,164.0,1,1
1188,7,205.0,1,1
1188,8,162.0,1,1
1188,9,142.0,1,1
1188,10,651.0,1,1
1188,11,378.0,1,1
1188,12,255.0,1,1
1188,13,224.0,1,1
1188,14,313.0,1,1
1188,15,348.0,1,1
1189,0,550.0,1,1
1189,1,297.0,1,1
1189,2,172.0,1,1
1189,3,344.0,1,1
1189,4,266.0,1,1
1189,5,226.0,1,1
1189,6,291.0,1,1
1189,7,276.0,1,1
1189,8,207.0,1,1
1189,9,228.0,1,1
1189,10,580.0,1,1
1189,11,474.0,1,1
1189,12,421.0,1,1
1189,13,432.0,1,1
1189,14,403.0,1,1
1189,15,457.0,1,1
1190,0,565.0,1,1
1190,1,325.0,1,1
1190,2,200.0,1,1
1190,3,152.0,1,1
1190,4,184.0,1,1
1190,5,310.0,1,1
1190,6,200.0,1,1
1190,7,133.0,1,1
1190,8,126.0,1,1
1190,9,206.0,1,1
1190,10,586.0,1,1
1190,11,485.0,1,1
1190,12,412.0,1,1
1190,13,266.0,1,1
1190,14,335.0,1,1
1190,15,440.0,1,1
1191,0,614.0,1,1
1191,1,310.0,1,1
1191,2,195.0,1,1
1191,3,333.0,1,1
1191,4,262.0,1,1
1191,5,343.0,1,1
1191,6,268.0,1,1
1191,7,251.0,1,1
1191,8,217.0,1,1
1191,9,221.0,1,1
1191,10,596.0,1,1
1191,11,568.0,1,1
1191,12,580.0,1,1
1191,13,528.0,1,1
1191,14,458.0,1,1
1191,15,517.0,1,1
1192,0,672.0,1,1
1192,1,398.0,1,1
1192,2,150.0,1,1
1192,3,276.0,1,1
1192,4,220.0,1,1
1192,5,261.0,1,1
1192,6,228.0,1,1
1192,7,202.0,1,1
1192,8,188.0,1,1
1192,9,187.0,1,1
1192,10,579.0,1,1
1192,11,486.0,1,1
1192,12,426.0,1,1
1192,13,404.0,1,1
1192,14,378.0,1,1
1192,15,418.0,1,1
1193,0,770.0,1,1
1193,1,503.0,1,1
1193,2,118.0,1,1
1193,3,281.0,1,1
1193,4,200.0,1,1
1193,5,440.0,1,1
1193,6,245.0,1,1
1193,7,48.0,1,1
1193,8,216.0,1,1
1193,9,335.0,1,1
1193,10,389.0,1,1
1193,11,539.0,1,1
1193,12,582.0,1,1
1193,13,618.0,1,1
1193,14,452.0,1,1
1193,15,297.0,1,1
1194,0,910.0,1,1
1194,1,447.0,1,1
1194,2,88.0,1,1
1194,3,122.0,1,1
1194,4,151.0,1,1
1194,5,704.0,1,1
1194,6,400.0,1,1
1194,7,62.0,1,1
1194,8,158.0,1,1
1194,9,440.0,1,1
1194,10,441.0,1,1
1194,11,457.0,1,1
1194,12,737.0,1,1
1194,13,766.0,1,1
1194,14,542.0,1,1
1194,15,467.0,1,1
1195,0,1084.0,1,1
1195,1,488.0,1,1
1195,2,60.0,1,1
1195,3,197.0,1,1
1195,4,231.0,1,1
1195,5,741.0,1,1
1195,6,410.0,1,1
1195,7,62.0,1,1
1195,8,222.0,1,1
1195,9,509.0,1,1
1195,10,438.0,1,1
1195,11,471.0,1,1
1195,12,815.0,1,1
1195,13,1036.0,1,1
1195,14,564.0,1,1
1195,15,457.0,1,1
1196,0,1844.0,1,1
1196,1,853.0,1,1
1196,2,163.0,1,1
1196,3,117.0,1,1
1196,4,148.0,1,1
1196,5,1050.0,1,1
1196,6,446.0,1,1
1196,7,77.0,1,1
1196,8,148.0,1,1
1196,9,496.0,1,1
1196,10,539.0,1,1
1196,11,457.0,1,1
1196,12,609.0,1,1
1196,13,806.0,1,1
1196,14,527.0,1,1
1196,15,526.0,1,1
1197,0,655.0,1,1
1197,1,257.0,1,1
1197,2,164.0,1,1
1197,3,249.0,1,1
1197,4,237.0,1,1
1197,5,259.0,1,1
1197,6,297.0,1,1
1197,7,112.0,1,1
1197,8,190.0,1,1
1197,9,251.0,1,1
1197,10,466.0,1,1
1197,11,471.0,1,1
1197,12,612.0,1,1
1197,13,627.0,1,1
1197,14,392.0,1,1
1197,15,354.0,1,1
1198,0,681.0,1,1
1198,1,353.0,1,1
1198,2,145.0,1,1
1198,3,413.0,1,1
1198,4,221.0,1,1
1198,5,307.0,1,1
1198,6,307.0,1,1
1198,7,73.0,1,1
1198,8,269.0,1,1
1198,9,355.0,1,1
1198,10,379.0,1,1
1198,11,685.0,1,1
1198,12,709.0,1,1
1198,13,1236.0,1,1
1198,14,508.0,1,1
1198,15,299.0,1,1
1199,0,567.0,1,1
1199,1,355.0,1,1
1199,2,112.0,1,1
1199,3,338.0,1,1
1199,4,288.0,1,1
1199,5,630.0,1,1
1199,6,417.0,1,1
1199,7,91.0,1,1
1199,8,286.0,1,1
1199,9,541.0,1,1
1199,10,304.0,1,1
1199,11,667.0,1,1
1199,12,710.0,1,1
1199,13,1298.0,1,1
1199,14,606.0,1,1
1199,15,369.0,1,1
1200,0,515.0,1,1
1200,1,363.0,1,1
1200,2,154.0,1,1
1200,3,221.0,1,1
1200,4,229.0,1,1
1200,5,515.0,1,1
1200,6,394.0,1,1
1200,7,147.0,1,1
1200,8,184.0,1,1
1200,9,406.0,1,1
1200,10,337.0,1,1
1200,11,601.0,1,1
1200,12,695.0,1,1
1200,13,664.0,1,1
1200,14,487.0,1,1
1200,15,453.0,1,1
1201,0,413.0,1,1
1201,1,249.0,1,1
1201,2,122.0,1,1
1201,3,164.0,1,1
1201,4,180.0,1,1
1201,5,255.0,1,1
1201,6,228.0,1,1
1201,7,222.0,1,1
1201,8,187.0,1,1
1201,9,317.0,1,1
1201,10,312.0,1,1
1201,11,553.0,1,1
1201,12,258.0,1,1
1201,13,388.0,1,1
1201,14,427.0,1,1
1201,15,309.0,1,1
1202,0,261.0,1,1
1202,1,124.0,1,1
1202,2,78.0,1,1
1202,3,114.0,1,1
1202,4,185.0,1,1
1202,5,211.0,1,1
1202,6,198.0,1,1
1202,7,162.0,1,1
1202,8,124.0,1,1
1202,9,225.0,1,1
1202,10,225.0,1,1
1202,11,384.0,1,1
1202,12,192.0,1,1
1202,13,165.0,1,1
1202,14,443.0,1,1
1202,15,329.0,1,1
1203,0,96.0,1,1
1203,1,69.0,1,1
1203,2,34.0,1,1
1203,3,77.0,1,1
1203,4,145.0,1,1
1203,5,113.0,1,1
1203,6,214.0,1,1
1203,7,147.0,1,1
1203,8,116.0,1,1
1203,9,200.0,1,1
1203,10,200.0,1,1
1203,11,222.0,1,1
1203,12,126.0,1,1
1203,13,119.0,1,1
1203,14,364.0,1,1
1203,15,240.0,1,1
1204,0,54.0,1,1
1204,1,33.0,1,1
1204,2,7.0,1,1
1204,3,54.0,1,1
1204,4,125.0,1,1
1204,5,82.0,1,1
1204,6,173.0,1,1
1204,7,98.0,1,1
1204,8,75.0,1,1
1204,9,121.0,1,1
1204,10,169.0,1,1
1204,11,218.0,1,1
1204,12,102.0,1,1
1204,13,58.0,1,1
1204,14,296.0,1,1
1204,15,220.0,1,1
1205,0,38.0,1,1
1205,1,28.0,1,1
1205,2,8.0,1,1
1205,3,22.0,1,1
1205,4,101.0,1,1
1205,5,39.0,1,1
1205,6,106.0,1,1
1205,7,65.0,1,1
1205,8,31.0,1,1
1205,9,56.0,1,1
1205,10,165.0,1,1
1205,11,89.0,1,1
1205,12,35.0,1,1
1205,13,13.0,1,1
1205,14,238.0,1,1
1205,15,101.0,1,1
1206,0,26.0,1,1
1206,1,13.0,1,1
1206,2,13.0,1,1
1206,3,14.0,1,1
1206,4,72.0,1,1
1206,5,25.0,1,1
1206,6,92.0,1,1
1206,7,53.0,1,1
1206,8,25.0,1,1
1206,9,46.0,1,1
1206,10,133.0,1,1
1206,11,83.0,1,1
1206,12,25.0,1,1
1206,13,11.0,1,1
1206,14,185.0,1,1
1206,15,71.0,1,1
1207,0,18.0,1,1
1207,1,4.0,1,1
1207,2,7.0,1,1
1207,3,8.0,1,1
1207,4,38.0,1,1
1207,5,16.0,1,1
1207,6,64.0,1,1
1207,7,43.0,1,1
1207,8,14.0,1,1
1207,9,37.0,1,1
1207,10,96.0,1,1
1207,11,63.0,1,1
1207,12,13.0,1,1
1207,13,5.0,1,1
1207,14,122.0,1,1
1207,15,39.0,1,1
1208,0,119.0,1,1
1208,1,63.0,1,1
1208,2,35.0,1,1
1208,3,38.0,1,1
1208,4,101.0,1,1
1208,5,67.0,1,1
1208,6,132.0,1,1
1208,7,100.0,1,1
1208,8,45.0,1,1
1208,9,79.0,1,1
1208,10,435.0,1,1
1208,11,145.0,1,1
1208,12,52.0,1,1
1208,13,37.0,1,1
1208,14,350.0,1,1
1208,15,196.0,1,1
1209,0,299.0,1,1
1209,1,277.0,1,1
1209,2,69.0,1,1
1209,3,146.0,1,1
1209,4,290.0,1,1
1209,5,390.0,1,1
1209,6,504.0,1,1
1209,7,375.0,1,1
1209,8,233.0,1,1
1209,9,506.0,1,1
1209,10,637.0,1,1
1209,11,397.0,1,1
1209,12,342.0,1,1
1209,13,406.0,1,1
1209,14,1067.0,1,1
1209,15,732.0,1,1
1210,0,590.0,1,1
1210,1,500.0,1,1
1210,2,195.0,1,1
1210,3,300.0,1,1
1210,4,637.0,1,1
1210,5,633.0,1,1
1210,6,711.0,1,1
1210,7,514.0,1,1
1210,8,319.0,1,1
1210,9,688.0,1,1
1210,10,783.0,1,1
1210,11,522.0,1,1
1210,12,548.0,1,1
1210,13,784.0,1,1
1210,14,1572.0,1,1
1210,15,1315.0,1,1
1211,0,995.0,1,1
1211,1,755.0,1,1
1211,2,357.0,1,1
1211,3,177.0,1,1
1211,4,76.0,1,1
1211,5,270.0,1,1
1211,6,284.0,1,1
1211,7,262.0,1,1
1211,8,179.0,1,1
1211,9,332.0,1,1
1211,10,0.0,1,1
1211,11,446.0,1,1
1211,12,382.0,1,1
1211,13,487.0,1,1
1211,14,505.0,1,1
1211,15,342.0,1,1
1212,0,463.0,1,1
1212,1,289.0,1,1
1212,2,183.0,1,1
1212,3,85.0,1,1
1212,4,260.0,1,1
1212,5,169.0,1,1
1212,6,198.0,1,1
1212,7,149.0,1,1
1212,8,95.0,1,1
1212,9,173.0,1,1
1212,10,555.0,1,1
1212,11,445.0,1,1
1212,12,214.0,1,1
1212,13,155.0,1,1
1212,14,693.0,1,1
1212,15,464.0,1,1
1213,0,565.0,1,1
1213,1,290.0,1,1
1213,2,197.0,1,1
1213,3,131.0,1,1
1213,4,357.0,1,1
1213,5,282.0,1,1
1213,6,325.0,1,1
1213,7,242.0,1,1
1213,8,128.0,1,1
1213,9,307.0,1,1
1213,10,727.0,1,1
1213,11,446.0,1,1
1213,12,263.0,1,1
1213,13,218.0,1,1
1213,14,1035.0,1,1
1213,15,722.0,1,1
1214,0,528.0,1,1
1214,1,272.0,1,1
1214,2,168.0,1,1
1214,3,181.0,1,1
1214,4,145.0,1,1
1214,5,247.0,1,1
1214,6,364.0,1,1
1214,7,191.0,1,1
1214,8,199.0,1,1
1214,9,251.0,1,1
1214,10,472.0,1,1
1214,11,379.0,1,1
1214,12,348.0,1,1
1214,13,419.0,1,1
1214,14,423.0,1,1
1214,15,441.0,1,1
1215,0,567.0,1,1
1215,1,320.0,1,1
1215,2,199.0,1,1
1215,3,190.0,1,1
1215,4,321.0,1,1
1215,5,326.0,1,1
1215,6,335.0,1,1
1215,7,275.0,1,1
1215,8,215.0,1,1
1215,9,452.0,1,1
1215,10,629.0,1,1
1215,11,594.0,1,1
1215,12,362.0,1,1
1215,13,382.0,1,1
1215,14,682.0,1,1
1215,15,505.0,1,1
1216,0,613.0,1,1
1216,1,393.0,1,1
1216,2,235.0,1,1
1216,3,151.0,1,1
1216,4,260.0,1,1
1216,5,263.0,1,1
1216,6,313.0,1,1
1216,7,210.0,1,1
1216,8,177.0,1,1
1216,9,252.0,1,1
1216,10,618.0,1,1
1216,11,482.0,1,1
1216,12,259.0,1,1
1216,13,240.0,1,1
1216,14,722.0,1,1
1216,15,516.0,1,1
1217,0,720.0,1,1
1217,1,392.0,1,1
1217,2,243.0,1,1
1217,3,213.0,1,1
1217,4,155.0,1,1
1217,5,362.0,1,1
1217,6,164.0,1,1
1217,7,158.0,1,1
1217,8,261.0,1,1
1217,9,356.0,1,1
1217,10,564.0,1,1
1217,11,482.0,1,1
1217,12,371.0,1,1
1217,13,572.0,1,1
1217,14,345.0,1,1
1217,15,422.0,1,1
1218,0,947.0,1,1
1218,1,411.0,1,1
1218,2,109.0,1,1
1218,3,416.0,1,1
1218,4,88.0,1,1
1218,5,422.0,1,1
1218,6,241.0,1,1
1218,7,216.0,1,1
1218,8,342.0,1,1
1218,9,575.0,1,1
1218,10,527.0,1,1
1218,11,498.0,1,1
1218,12,676.0,1,1
1218,13,1892.0,1,1
1218,14,255.0,1,1
1218,15,399.0,1,1
1219,0,1234.0,1,1
1219,1,392.0,1,1
1219,2,68.0,1,1
1219,3,424.0,1,1
1219,4,150.0,1,1
1219,5,419.0,1,1
1219,6,250.0,1,1
1219,7,196.0,1,1
1219,8,404.0,1,1
1219,9,477.0,1,1
1219,10,496.0,1,1
1219,11,469.0,1,1
1219,12,827.0,1,1
1219,13,1535.0,1,1
1219,14,359.0,1,1
1219,15,571.0,1,1
1220,0,2236.0,1,1
1220,1,694.0,1,1
1220,2,88.0,1,1
1220,3,477.0,1,1
1220,4,81.0,1,1
1220,5,438.0,1,1
1220,6,362.0,1,1
1220,7,218.0,1,1
1220,8,369.0,1,1
1220,9,599.0,1,1
1220,10,521.0,1,1
1220,11,428.0,1,1
1220,12,929.0,1,1
1220,13,2778.0,1,1
1220,14,325.0,1,1
1220,15,525.0,1,1
1221,0,709.0,1,1
1221,1,325.0,1,1
1221,2,144.0,1,1
1221,3,212.0,1,1
1221,4,190.0,1,1
1221,5,261.0,1,1
1221,6,276.0,1,1
1221,7,207.0,1,1
1221,8,159.0,1,1
1221,9,357.0,1,1
1221,10,499.0,1,1
1221,11,461.0,1,1
1221,12,349.0,1,1
1221,13,391.0,1,1
1221,14,455.0,1,1
1221,15,446.0,1,1
1222,0,683.0,1,1
1222,1,382.0,1,1
1222,2,135.0,1,1
1222,3,245.0,1,1
1222,4,189.0,1,1
1222,5,371.0,1,1
1222,6,198.0,1,1
1222,7,209.0,1,1
1222,8,158.0,1,1
1222,9,370.0,1,1
1222,10,286.0,1,1
1222,11,713.0,1,1
1222,12,538.0,1,1
1222,13,641.0,1,1
1222,14,498.0,1,1
1222,15,497.0,1,1
1223,0,650.0,1,1
1223,1,400.0,1,1
1223,2,168.0,1,1
1223,3,263.0,1,1
1223,4,292.0,1,1
1223,5,516.0,1,1
1223,6,233.0,1,1
1223,7,238.0,1,1
1223,8,364.0,1,1
1223,9,430.0,1,1
1223,10,321.0,1,1
1223,11,737.0,1,1
1223,12,617.0,1,1
1223,13,912.0,1,1
1223,14,567.0,1,1
1223,15,656.0,1,1
1224,0,561.0,1,1
1224,1,377.0,1,1
1224,2,115.0,1,1
1224,3,320.0,1,1
1224,4,189.0,1,1
1224,5,430.0,1,1
1224,6,349.0,1,1
1224,7,246.0,1,1
1224,8,301.0,1,1
1224,9,457.0,1,1
1224,10,301.0,1,1
1224,11,657.0,1,1
1224,12,552.0,1,1
1224,13,905.0,1,1
1224,14,562.0,1,1
1224,15,555.0,1,1
1225,0,480.0,1,1
1225,1,288.0,1,1
1225,2,152.0,1,1
1225,3,132.0,1,1
1225,4,207.0,1,1
1225,5,259.0,1,1
1225,6,257.0,1,1
1225,7,132.0,1,1
1225,8,107.0,1,1
1225,9,247.0,1,1
1225,10,325.0,1,1
1225,11,610.0,1,1
1225,12,108.0,1,1
1225,13,172.0,1,1
1225,14,385.0,1,1
1225,15,177.0,1,1
1226,0,336.0,1,1
1226,1,158.0,1,1
1226,2,97.0,1,1
1226,3,173.0,1,1
1226,4,174.0,1,1
1226,5,307.0,1,1
1226,6,300.0,1,1
1226,7,172.0,1,1
1226,8,112.0,1,1
1226,9,328.0,1,1
1226,10,255.0,1,1
1226,11,484.0,1,1
1226,12,173.0,1,1
1226,13,157.0,1,1
1226,14,483.0,1,1
1226,15,268.0,1,1
1227,0,139.0,1,1
1227,1,86.0,1,1
1227,2,38.0,1,1
1227,3,106.0,1,1
1227,4,143.0,1,1
1227,5,232.0,1,1
1227,6,229.0,1,1
1227,7,114.0,1,1
1227,8,90.0,1,1
1227,9,217.0,1,1
1227,10,194.0,1,1
1227,11,190.0,1,1
1227,12,71.0,1,1
1227,13,102.0,1,1
1227,14,375.0,1,1
1227,15,90.0,1,1
1228,0,57.0,1,1
1228,1,41.0,1,1
1228,2,20.0,1,1
1228,3,99.0,1,1
1228,4,95.0,1,1
1228,5,211.0,1,1
1228,6,168.0,1,1
1228,7,102.0,1,1
1228,8,79.0,1,1
1228,9,221.0,1,1
1228,10,182.0,1,1
1228,11,149.0,1,1
1228,12,53.0,1,1
1228,13,56.0,1,1
1228,14,282.0,1,1
1228,15,49.0,1,1
1229,0,36.0,1,1
1229,1,41.0,1,1
1229,2,0.0,1,1
1229,3,46.0,1,1
1229,4,58.0,1,1
1229,5,164.0,1,1
1229,6,132.0,1,1
1229,7,44.0,1,1
1229,8,37.0,1,1
1229,9,99.0,1,1
1229,10,171.0,1,1
1229,11,72.0,1,1
1229,12,14.0,1,1
1229,13,12.0,1,1
1229,14,141.0,1,1
1229,15,9.0,1,1
1230,0,31.0,1,1
1230,1,13.0,1,1
1230,2,10.0,1,1
1230,3,21.0,1,1
1230,4,55.0,1,1
1230,5,111.0,1,1
1230,6,93.0,1,1
1230,7,28.0,1,1
1230,8,19.0,1,1
1230,9,47.0,1,1
1230,10,145.0,1,1
1230,11,58.0,1,1
1230,12,4.0,1,1
1230,13,5.0,1,1
1230,14,69.0,1,1
1230,15,2.0,1,1
1231,0,50.0,1,1
1231,1,23.0,1,1
1231,2,17.0,1,1
1231,3,10.0,1,1
1231,4,30.0,1,1
1231,5,73.0,1,1
1231,6,64.0,1,1
1231,7,17.0,1,1
1231,8,10.0,1,1
1231,9,30.0,1,1
1231,10,79.0,1,1
1231,11,58.0,1,1
1231,12,2.0,1,1
1231,13,2.0,1,1
1231,14,36.0,1,1
1231,15,1.0,1,1
1232,0,147.0,1,1
1232,1,60.0,1,1
1232,2,46.0,1,1
1232,3,41.0,1,1
1232,4,61.0,1,1
1232,5,99.0,1,1
1232,6,110.0,1,1
1232,7,40.0,1,1
1232,8,36.0,1,1
1232,9,70.0,1,1
1232,10,250.0,1,1
1232,11,94.0,1,1
1232,12,15.0,1,1
1232,13,22.0,1,1
1232,14,85.0,1,1
1232,15,14.0,1,1
1233,0,279.0,1,1
1233,1,191.0,1,1
1233,2,86.0,1,1
1233,3,99.0,1,1
1233,4,176.0,1,1
1233,5,230.0,1,1
1233,6,272.0,1,1
1233,7,133.0,1,1
1233,8,87.0,1,1
1233,9,172.0,1,1
1233,10,367.0,1,1
1233,11,307.0,1,1
1233,12,75.0,1,1
1233,13,96.0,1,1
1233,14,280.0,1,1
1233,15,81.0,1,1
1234,0,558.0,1,1
1234,1,385.0,1,1
1234,2,152.0,1,1
1234,3,164.0,1,1
1234,4,318.0,1,1
1234,5,364.0,1,1
1234,6,455.0,1,1
1234,7,228.0,1,1
1234,8,133.0,1,1
1234,9,234.0,1,1
1234,10,396.0,1,1
1234,11,422.0,1,1
1234,12,147.0,1,1
1234,13,227.0,1,1
1234,14,393.0,1,1
1234,15,217.0,1,1
1235,0,899.0,1,1
1235,1,599.0,1,1
1235,2,251.0,1,1
1235,3,66.0,1,1
1235,4,117.0,1,1
1235,5,108.0,1,1
1235,6,120.0,1,1
1235,7,104.0,1,1
1235,8,68.0,1,1
1235,9,93.0,1,1
1235,10,0.0,1,1
1235,11,505.0,1,1
1235,12,64.0,1,1
1235,13,127.0,1,1
1235,14,106.0,1,1
1235,15,112.0,1,1
1236,0,1283.0,1,1
1236,1,810.0,1,1
1236,2,340.0,1,1
1236,3,126.0,1,1
1236,4,129.0,1,1
1236,5,213.0,1,1
1236,6,201.0,1,1
1236,7,163.0,1,1
1236,8,95.0,1,1
1236,9,225.0,1,1
1236,10,503.0,1,1
1236,11,400.0,1,1
1236,12,161.0,1,1
1236,13,107.0,1,1
1236,14,310.0,1,1
1236,15,134.0,1,1
1237,0,476.0,1,1
1237,1,251.0,1,1
1237,2,124.0,1,1
1237,3,211.0,1,1
1237,4,176.0,1,1
1237,5,314.0,1,1
1237,6,323.0,1,1
1237,7,203.0,1,1
1237,8,130.0,1,1
1237,9,337.0,1,1
1237,10,520.0,1,1
1237,11,424.0,1,1
1237,12,181.0,1,1
1237,13,228.0,1,1
1237,14,514.0,1,1
1237,15,290.0,1,1
1238,0,565.0,1,1
1238,1,343.0,1,1
1238,2,153.0,1,1
1238,3,201.0,1,1
1238,4,289.0,1,1
1238,5,315.0,1,1
1238,6,267.0,1,1
1238,7,211.0,1,1
1238,8,166.0,1,1
1238,9,337.0,1,1
1238,10,337.0,1,1
1238,11,342.0,1,1
1238,12,178.0,1,1
1238,13,281.0,1,1
1238,14,591.0,1,1
1238,15,285.0,1,1
1239,0,727.0,1,1
1239,1,402.0,1,1
1239,2,109.0,1,1
1239,3,249.0,1,1
1239,4,254.0,1,1
1239,5,490.0,1,1
1239,6,371.0,1,1
1239,7,327.0,1,1
1239,8,159.0,1,1
1239,9,454.0,1,1
1239,10,437.0,1,1
1239,11,579.0,1,1
1239,12,423.0,1,1
1239,13,373.0,1,1
1239,14,827.0,1,1
1239,15,507.0,1,1
1240,0,749.0,1,1
1240,1,321.0,1,1
1240,2,220.0,1,1
1240,3,218.0,1,1
1240,4,186.0,1,1
1240,5,336.0,1,1
1240,6,263.0,1,1
1240,7,204.0,1,1
1240,8,152.0,1,1
1240,9,373.0,1,1
1240,10,608.0,1,1
1240,11,468.0,1,1
1240,12,250.0,1,1
1240,13,278.0,1,1
1240,14,593.0,1,1
1240,15,362.0,1,1
1241,0,516.0,1,1
1241,1,294.0,1,1
1241,2,77.0,1,1
1241,3,284.0,1,1
1241,4,176.0,1,1
1241,5,279.0,1,1
1241,6,249.0,1,1
1241,7,242.0,1,1
1241,8,218.0,1,1
1241,9,422.0,1,1
1241,10,609.0,1,1
1241,11,356.0,1,1
1241,12,896.0,1,1
1241,13,690.0,1,1
1241,14,833.0,1,1
1241,15,1119.0,1,1
1242,0,725.0,1,1
1242,1,360.0,1,1
1242,2,88.0,1,1
1242,3,201.0,1,1
1242,4,257.0,1,1
1242,5,246.0,1,1
1242,6,290.0,1,1
1242,7,219.0,1,1
1242,8,196.0,1,1
1242,9,364.0,1,1
1242,10,465.0,1,1
1242,11,532.0,1,1
1242,12,726.0,1,1
1242,13,1255.0,1,1
1242,14,658.0,1,1
1242,15,1087.0,1,1
1243,0,879.0,1,1
1243,1,304.0,1,1
1243,2,43.0,1,1
1243,3,357.0,1,1
1243,4,326.0,1,1
1243,5,286.0,1,1
1243,6,278.0,1,1
1243,7,391.0,1,1
1243,8,291.0,1,1
1243,9,535.0,1,1
1243,10,488.0,1,1
1243,11,431.0,1,1
1243,12,930.0,1,1
1243,13,1371.0,1,1
1243,14,827.0,1,1
1243,15,1690.0,1,1
1244,0,836.0,1,1
1244,1,338.0,1,1
1244,2,13.0,1,1
1244,3,196.0,1,1
1244,4,262.0,1,1
1244,5,180.0,1,1
1244,6,217.0,1,1
1244,7,219.0,1,1
1244,8,191.0,1,1
1244,9,346.0,1,1
1244,10,510.0,1,1
1244,11,452.0,1,1
1244,12,403.0,1,1
1244,13,1072.0,1,1
1244,14,453.0,1,1
1244,15,928.0,1,1
1245,0,656.0,1,1
1245,1,331.0,1,1
1245,2,96.0,1,1
1245,3,225.0,1,1
1245,4,210.0,1,1
1245,5,287.0,1,1
1245,6,284.0,1,1
1245,7,219.0,1,1
1245,8,138.0,1,1
1245,9,348.0,1,1
1245,10,412.0,1,1
1245,11,471.0,1,1
1245,12,393.0,1,1
1245,13,507.0,1,1
1245,14,579.0,1,1
1245,15,528.0,1,1
1246,0,704.0,1,1
1246,1,435.0,1,1
1246,2,135.0,1,1
1246,3,245.0,1,1
1246,4,144.0,1,1
1246,5,227.0,1,1
1246,6,263.0,1,1
1246,7,221.0,1,1
1246,8,172.0,1,1
1246,9,300.0,1,1
1246,10,302.0,1,1
1246,11,770.0,1,1
1246,12,692.0,1,1
1246,13,699.0,1,1
1246,14,462.0,1,1
1246,15,1080.0,1,1
1247,0,512.0,1,1
1247,1,289.0,1,1
1247,2,111.0,1,1
1247,3,410.0,1,1
1247,4,244.0,1,1
1247,5,362.0,1,1
1247,6,334.0,1,1
1247,7,372.0,1,1
1247,8,266.0,1,1
1247,9,551.0,1,1
1247,10,330.0,1,1
1247,11,813.0,1,1
1247,12,1269.0,1,1
1247,13,917.0,1,1
1247,14,1022.0,1,1
1247,15,1724.0,1,1
1248,0,572.0,1,1
1248,1,365.0,1,1
1248,2,144.0,1,1
1248,3,301.0,1,1
1248,4,285.0,1,1
1248,5,310.0,1,1
1248,6,319.0,1,1
1248,7,287.0,1,1
1248,8,227.0,1,1
1248,9,445.0,1,1
1248,10,291.0,1,1
1248,11,579.0,1,1
1248,12,476.0,1,1
1248,13,858.0,1,1
1248,14,693.0,1,1
1248,15,1141.0,1,1
1249,0,530.0,1,1
1249,1,324.0,1,1
1249,2,174.0,1,1
1249,3,114.0,1,1
1249,4,100.0,1,1
1249,5,222.0,1,1
1249,6,262.0,1,1
1249,7,145.0,1,1
1249,8,56.0,1,1
1249,9,189.0,1,1
1249,10,316.0,1,1
1249,11,650.0,1,1
1249,12,258.0,1,1
1249,13,194.0,1,1
1249,14,262.0,1,1
1249,15,184.0,1,1
1250,0,315.0,1,1
1250,1,172.0,1,1
1250,2,122.0,1,1
1250,3,134.0,1,1
1250,4,149.0,1,1
1250,5,285.0,1,1
1250,6,273.0,1,1
1250,7,181.0,1,1
1250,8,97.0,1,1
1250,9,306.0,1,1
1250,10,268.0,1,1
1250,11,609.0,1,1
1250,12,291.0,1,1
1250,13,461.0,1,1
1250,14,337.0,1,1
1250,15,337.0,1,1
1251,0,116.0,1,1
1251,1,64.0,1,1
1251,2,45.0,1,1
1251,3,108.0,1,1
1251,4,85.0,1,1
1251,5,210.0,1,1
1251,6,227.0,1,1
1251,7,104.0,1,1
1251,8,48.0,1,1
1251,9,209.0,1,1
1251,10,250.0,1,1
1251,11,388.0,1,1
1251,12,218.0,1,1
1251,13,216.0,1,1
1251,14,159.0,1,1
1251,15,176.0,1,1
1252,0,80.0,1,1
1252,1,43.0,1,1
1252,2,18.0,1,1
1252,3,89.0,1,1
1252,4,67.0,1,1
1252,5,173.0,1,1
1252,6,195.0,1,1
1252,7,106.0,1,1
1252,8,50.0,1,1
1252,9,179.0,1,1
1252,10,214.0,1,1
1252,11,287.0,1,1
1252,12,145.0,1,1
1252,13,180.0,1,1
1252,14,133.0,1,1
1252,15,226.0,1,1
1253,0,42.0,1,1
1253,1,23.0,1,1
1253,2,12.0,1,1
1253,3,38.0,1,1
1253,4,33.0,1,1
1253,5,103.0,1,1
1253,6,135.0,1,1
1253,7,61.0,1,1
1253,8,13.0,1,1
1253,9,154.0,1,1
1253,10,159.0,1,1
1253,11,128.0,1,1
1253,12,60.0,1,1
1253,13,131.0,1,1
1253,14,57.0,1,1
1253,15,107.0,1,1
1254,0,29.0,1,1
1254,1,17.0,1,1
1254,2,2.0,1,1
1254,3,26.0,1,1
1254,4,18.0,1,1
1254,5,63.0,1,1
1254,6,101.0,1,1
1254,7,31.0,1,1
1254,8,4.0,1,1
1254,9,98.0,1,1
1254,10,124.0,1,1
1254,11,94.0,1,1
1254,12,26.0,1,1
1254,13,48.0,1,1
1254,14,22.0,1,1
1254,15,51.0,1,1
1255,0,20.0,1,1
1255,1,16.0,1,1
1255,2,18.0,1,1
1255,3,16.0,1,1
1255,4,13.0,1,1
1255,5,41.0,1,1
1255,6,76.0,1,1
1255,7,22.0,1,1
1255,8,2.0,1,1
1255,9,61.0,1,1
1255,10,92.0,1,1
1255,11,52.0,1,1
1255,12,16.0,1,1
1255,13,22.0,1,1
1255,14,12.0,1,1
1255,15,28.0,1,1
1256,0,83.0,1,1
1256,1,35.0,1,1
1256,2,18.0,1,1
1256,3,49.0,1,1
1256,4,35.0,1,1
1256,5,86.0,1,1
1256,6,107.0,1,1
1256,7,56.0,1,1
1256,8,10.0,1,1
1256,9,97.0,1,1
1256,10,299.0,1,1
1256,11,78.0,1,1
1256,12,51.0,1,1
1256,13,92.0,1,1
1256,14,54.0,1,1
1256,15,80.0,1,1
1257,0,94.0,1,1
1257,1,98.0,1,1
1257,2,22.0,1,1
1257,3,117.0,1,1
1257,4,113.0,1,1
1257,5,214.0,1,1
1257,6,245.0,1,1
1257,7,118.0,1,1
1257,8,51.0,1,1
1257,9,275.0,1,1
1257,10,427.0,1,1
1257,11,114.0,1,1
1257,12,197.0,1,1
1257,13,371.0,1,1
1257,14,210.0,1,1
1257,15,260.0,1,1
1258,0,121.0,1,1
1258,1,88.0,1,1
1258,2,66.0,1,1
1258,3,227.0,1,1
1258,4,194.0,1,1
1258,5,324.0,1,1
1258,6,296.0,1,1
1258,7,166.0,1,1
1258,8,78.0,1,1
1258,9,394.0,1,1
1258,10,443.0,1,1
1258,11,174.0,1,1
1258,12,289.0,1,1
1258,13,585.0,1,1
1258,14,350.0,1,1
1258,15,333.0,1,1
1259,0,192.0,1,1
1259,1,143.0,1,1
1259,2,101.0,1,1
1259,3,102.0,1,1
1259,4,92.0,1,1
1259,5,125.0,1,1
1259,6,143.0,1,1
1259,7,87.0,1,1
1259,8,39.0,1,1
1259,9,80.0,1,1
1259,10,0.0,1,1
1259,11,266.0,1,1
1259,12,151.0,1,1
1259,13,103.0,1,1
1259,14,182.0,1,1
1259,15,126.0,1,1
1260,0,296.0,1,1
1260,1,146.0,1,1
1260,2,108.0,1,1
1260,3,131.0,1,1
1260,4,129.0,1,1
1260,5,209.0,1,1
1260,6,189.0,1,1
1260,7,140.0,1,1
1260,8,76.0,1,1
1260,9,296.0,1,1
1260,10,555.0,1,1
1260,11,281.0,1,1
1260,12,244.0,1,1
1260,13,613.0,1,1
1260,14,298.0,1,1
1260,15,355.0,1,1
1261,0,329.0,1,1
1261,1,184.0,1,1
1261,2,130.0,1,1
1261,3,166.0,1,1
1261,4,216.0,1,1
1261,5,347.0,1,1
1261,6,274.0,1,1
1261,7,197.0,1,1
1261,8,134.0,1,1
1261,9,493.0,1,1
1261,10,555.0,1,1
1261,11,359.0,1,1
1261,12,370.0,1,1
1261,13,1279.0,1,1
1261,14,438.0,1,1
1261,15,520.0,1,1
1262,0,447.0,1,1
1262,1,259.0,1,1
1262,2,140.0,1,1
1262,3,187.0,1,1
1262,4,149.0,1,1
1262,5,308.0,1,1
1262,6,329.0,1,1
1262,7,174.0,1,1
1262,8,152.0,1,1
1262,9,228.0,1,1
1262,10,515.0,1,1
1262,11,435.0,1,1
1262,12,389.0,1,1
1262,13,372.0,1,1
1262,14,438.0,1,1
1262,15,491.0,1,1
1263,0,499.0,1,1
1263,1,277.0,1,1
1263,2,184.0,1,1
1263,3,204.0,1,1
1263,4,228.0,1,1
1263,5,452.0,1,1
1263,6,404.0,1,1
1263,7,292.0,1,1
1263,8,245.0,1,1
1263,9,517.0,1,1
1263,10,658.0,1,1
1263,11,499.0,1,1
1263,12,518.0,1,1
1263,13,959.0,1,1
1263,14,646.0,1,1
1263,15,775.0,1,1
1264,0,854.0,1,1
1264,1,489.0,1,1
1264,2,332.0,1,1
1264,3,160.0,1,1
1264,4,217.0,1,1
1264,5,324.0,1,1
1264,6,326.0,1,1
1264,7,214.0,1,1
1264,8,212.0,1,1
1264,9,398.0,1,1
1264,10,693.0,1,1
1264,11,508.0,1,1
1264,12,452.0,1,1
1264,13,811.0,1,1
1264,14,433.0,1,1
1264,15,569.0,1,1
1265,0,576.0,1,1
1265,1,269.0,1,1
1265,2,224.0,1,1
1265,3,228.0,1,1
1265,4,265.0,1,1
1265,5,401.0,1,1
1265,6,299.0,1,1
1265,7,251.0,1,1
1265,8,335.0,1,1
1265,9,283.0,1,1
1265,10,619.0,1,1
1265,11,534.0,1,1
1265,12,827.0,1,1
1265,13,543.0,1,1
1265,14,840.0,1,1
1265,15,485.0,1,1
1266,0,647.0,1,1
1266,1,271.0,1,1
1266,2,61.0,1,1
1266,3,283.0,1,1
1266,4,216.0,1,1
1266,5,335.0,1,1
1266,6,325.0,1,1
1266,7,145.0,1,1
1266,8,178.0,1,1
1266,9,126.0,1,1
1266,10,569.0,1,1
1266,11,466.0,1,1
1266,12,745.0,1,1
1266,13,147.0,1,1
1266,14,627.0,1,1
1266,15,240.0,1,1
1267,0,791.0,1,1
1267,1,273.0,1,1
1267,2,30.0,1,1
1267,3,434.0,1,1
1267,4,346.0,1,1
1267,5,461.0,1,1
1267,6,335.0,1,1
1267,7,233.0,1,1
1267,8,368.0,1,1
1267,9,188.0,1,1
1267,10,0.0,1,1
1267,11,418.0,1,1
1267,12,973.0,1,1
1267,13,335.0,1,1
1267,14,961.0,1,1
1267,15,421.0,1,1
1268,0,831.0,1,1
1268,1,285.0,1,1
1268,2,4.0,1,1
1268,3,335.0,1,1
1268,4,175.0,1,1
1268,5,248.0,1,1
1268,6,221.0,1,1
1268,7,116.0,1,1
1268,8,147.0,1,1
1268,9,110.0,1,1
1268,10,928.0,1,1
1268,11,519.0,1,1
1268,12,589.0,1,1
1268,13,144.0,1,1
1268,14,495.0,1,1
1268,15,238.0,1,1
1269,0,641.0,1,1
1269,1,270.0,1,1
1269,2,48.0,1,1
1269,3,164.0,1,1
1269,4,196.0,1,1
1269,5,350.0,1,1
1269,6,288.0,1,1
1269,7,191.0,1,1
1269,8,165.0,1,1
1269,9,260.0,1,1
1269,10,529.0,1,1
1269,11,507.0,1,1
1269,12,479.0,1,1
1269,13,531.0,1,1
1269,14,521.0,1,1
1269,15,419.0,1,1
1270,0,719.0,1,1
1270,1,381.0,1,1
1270,2,113.0,1,1
1270,3,232.0,1,1
1270,4,236.0,1,1
1270,5,367.0,1,1
1270,6,223.0,1,1
1270,7,221.0,1,1
1270,8,218.0,1,1
1270,9,282.0,1,1
1270,10,303.0,1,1
1270,11,779.0,1,1
1270,12,690.0,1,1
1270,13,703.0,1,1
1270,14,817.0,1,1
1270,15,427.0,1,1
1271,0,705.0,1,1
1271,1,394.0,1,1
1271,2,161.0,1,1
1271,3,338.0,1,1
1271,4,375.0,1,1
1271,5,548.0,1,1
1271,6,334.0,1,1
1271,7,322.0,1,1
1271,8,493.0,1,1
1271,9,446.0,1,1
1271,10,298.0,1,1
1271,11,664.0,1,1
1271,12,1046.0,1,1
1271,13,813.0,1,1
1271,14,926.0,1,1
1271,15,618.0,1,1
1272,0,569.0,1,1
1272,1,312.0,1,1
1272,2,162.0,1,1
1272,3,265.0,1,1
1272,4,248.0,1,1
1272,5,388.0,1,1
1272,6,310.0,1,1
1272,7,213.0,1,1
1272,8,228.0,1,1
1272,9,259.0,1,1
1272,10,306.0,1,1
1272,11,702.0,1,1
1272,12,652.0,1,1
1272,13,596.0,1,1
1272,14,657.0,1,1
1272,15,476.0,1,1
1273,0,460.0,1,1
1273,1,225.0,1,1
1273,2,146.0,1,1
1273,3,108.0,1,1
1273,4,98.0,1,1
1273,5,468.0,1,1
1273,6,260.0,1,1
1273,7,148.0,1,1
1273,8,102.0,1,1
1273,9,180.0,1,1
1273,10,298.0,1,1
1273,11,572.0,1,1
1273,12,187.0,1,1
1273,13,461.0,1,1
1273,14,565.0,1,1
1273,15,521.0,1,1
1274,0,259.0,1,1
1274,1,108.0,1,1
1274,2,68.0,1,1
1274,3,144.0,1,1
1274,4,79.0,1,1
1274,5,264.0,1,1
1274,6,149.0,1,1
1274,7,143.0,1,1
1274,8,97.0,1,1
1274,9,130.0,1,1
1274,10,278.0,1,1
1274,11,499.0,1,1
1274,12,157.0,1,1
1274,13,420.0,1,1
1274,14,399.0,1,1
1274,15,317.0,1,1
1275,0,77.0,1,1
1275,1,68.0,1,1
1275,2,26.0,1,1
1275,3,102.0,1,1
1275,4,39.0,1,1
1275,5,231.0,1,1
1275,6,100.0,1,1
1275,7,71.0,1,1
1275,8,65.0,1,1
1275,9,116.0,1,1
1275,10,238.0,1,1
1275,11,260.0,1,1
1275,12,126.0,1,1
1275,13,475.0,1,1
1275,14,371.0,1,1
1275,15,503.0,1,1
1276,0,45.0,1,1
1276,1,36.0,1,1
1276,2,10.0,1,1
1276,3,99.0,1,1
1276,4,29.0,1,1
1276,5,138.0,1,1
1276,6,62.0,1,1
1276,7,55.0,1,1
1276,8,42.0,1,1
1276,9,78.0,1,1
1276,10,211.0,1,1
1276,11,182.0,1,1
1276,12,70.0,1,1
1276,13,490.0,1,1
1276,14,253.0,1,1
1276,15,426.0,1,1
1277,0,26.0,1,1
1277,1,23.0,1,1
1277,2,12.0,1,1
1277,3,71.0,1,1
1277,4,7.0,1,1
1277,5,72.0,1,1
1277,6,28.0,1,1
1277,7,17.0,1,1
1277,8,16.0,1,1
1277,9,28.0,1,1
1277,10,163.0,1,1
1277,11,115.0,1,1
1277,12,18.0,1,1
1277,13,393.0,1,1
1277,14,170.0,1,1
1277,15,490.0,1,1
1278,0,23.0,1,1
1278,1,20.0,1,1
1278,2,15.0,1,1
1278,3,48.0,1,1
1278,4,3.0,1,1
1278,5,73.0,1,1
1278,6,20.0,1,1
1278,7,10.0,1,1
1278,8,9.0,1,1
1278,9,19.0,1,1
1278,10,125.0,1,1
1278,11,100.0,1,1
1278,12,11.0,1,1
1278,13,428.0,1,1
1278,14,132.0,1,1
1278,15,594.0,1,1
1279,0,36.0,1,1
1279,1,12.0,1,1
1279,2,6.0,1,1
1279,3,28.0,1,1
1279,4,1.0,1,1
1279,5,48.0,1,1
1279,6,9.0,1,1
1279,7,4.0,1,1
1279,8,4.0,1,1
1279,9,11.0,1,1
1279,10,115.0,1,1
1279,11,53.0,1,1
1279,12,6.0,1,1
1279,13,305.0,1,1
1279,14,97.0,1,1
1279,15,440.0,1,1
1280,0,145.0,1,1
1280,1,75.0,1,1
1280,2,32.0,1,1
1280,3,80.0,1,1
1280,4,14.0,1,1
1280,5,123.0,1,1
1280,6,61.0,1,1
1280,7,29.0,1,1
1280,8,29.0,1,1
1280,9,50.0,1,1
1280,10,439.0,1,1
1280,11,185.0,1,1
1280,12,41.0,1,1
1280,13,469.0,1,1
1280,14,258.0,1,1
1280,15,410.0,1,1
1281,0,335.0,1,1
1281,1,288.0,1,1
1281,2,68.0,1,1
1281,3,412.0,1,1
1281,4,78.0,1,1
1281,5,815.0,1,1
1281,6,278.0,1,1
1281,7,139.0,1,1
1281,8,121.0,1,1
1281,9,248.0,1,1
1281,10,494.0,1,1
1281,11,381.0,1,1
1281,12,295.0,1,1
1281,13,1078.0,1,1
1281,14,867.0,1,1
1281,15,1251.0,1,1
1282,0,621.0,1,1
1282,1,489.0,1,1
1282,2,183.0,1,1
1282,3,638.0,1,1
1282,4,170.0,1,1
1282,5,1078.0,1,1
1282,6,549.0,1,1
1282,7,266.0,1,1
1282,8,242.0,1,1
1282,9,257.0,1,1
1282,10,801.0,1,1
1282,11,611.0,1,1
1282,12,444.0,1,1
1282,13,1682.0,1,1
1282,14,1370.0,1,1
1282,15,2284.0,1,1
1283,0,1097.0,1,1
1283,1,767.0,1,1
1283,2,334.0,1,1
1283,3,150.0,1,1
1283,4,89.0,1,1
1283,5,500.0,1,1
1283,6,249.0,1,1
1283,7,112.0,1,1
1283,8,101.0,1,1
1283,9,223.0,1,1
1283,10,0.0,1,1
1283,11,474.0,1,1
1283,12,340.0,1,1
1283,13,368.0,1,1
1283,14,408.0,1,1
1283,15,328.0,1,1
1284,0,466.0,1,1
1284,1,258.0,1,1
1284,2,158.0,1,1
1284,3,281.0,1,1
1284,4,89.0,1,1
1284,5,233.0,1,1
1284,6,193.0,1,1
1284,7,148.0,1,1
1284,8,125.0,1,1
1284,9,124.0,1,1
1284,10,642.0,1,1
1284,11,428.0,1,1
1284,12,151.0,1,1
1284,13,615.0,1,1
1284,14,440.0,1,1
1284,15,493.0,1,1
1285,0,548.0,1,1
1285,1,285.0,1,1
1285,2,221.0,1,1
1285,3,447.0,1,1
1285,4,102.0,1,1
1285,5,343.0,1,1
1285,6,234.0,1,1
1285,7,176.0,1,1
1285,8,191.0,1,1
1285,9,164.0,1,1
1285,10,671.0,1,1
1285,11,396.0,1,1
1285,12,245.0,1,1
1285,13,794.0,1,1
1285,14,776.0,1,1
1285,15,571.0,1,1
1286,0,621.0,1,1
1286,1,321.0,1,1
1286,2,178.0,1,1
1286,3,197.0,1,1
1286,4,118.0,1,1
1286,5,438.0,1,1
1286,6,228.0,1,1
1286,7,156.0,1,1
1286,8,112.0,1,1
1286,9,224.0,1,1
1286,10,565.0,1,1
1286,11,540.0,1,1
1286,12,306.0,1,1
1286,13,460.0,1,1
1286,14,407.0,1,1
1286,15,324.0,1,1
1287,0,1026.0,1,1
1287,1,561.0,1,1
1287,2,341.0,1,1
1287,3,305.0,1,1
1287,4,146.0,1,1
1287,5,399.0,1,1
1287,6,230.0,1,1
1287,7,209.0,1,1
1287,8,170.0,1,1
1287,9,239.0,1,1
1287,10,574.0,1,1
1287,11,491.0,1,1
1287,12,380.0,1,1
1287,13,743.0,1,1
1287,14,570.0,1,1
1287,15,540.0,1,1
1288,0,621.0,1,1
1288,1,352.0,1,1
1288,2,265.0,1,1
1288,3,269.0,1,1
1288,4,107.0,1,1
1288,5,302.0,1,1
1288,6,244.0,1,1
1288,7,199.0,1,1
1288,8,184.0,1,1
1288,9,196.0,1,1
1288,10,593.0,1,1
1288,11,501.0,1,1
1288,12,371.0,1,1
1288,13,655.0,1,1
1288,14,584.0,1,1
1288,15,455.0,1,1
1289,0,811.0,1,1
1289,1,350.0,1,1
1289,2,260.0,1,1
1289,3,127.0,1,1
1289,4,294.0,1,1
1289,5,236.0,1,1
1289,6,394.0,1,1
1289,7,402.0,1,1
1289,8,247.0,1,1
1289,9,330.0,1,1
1289,10,543.0,1,1
1289,11,496.0,1,1
1289,12,667.0,1,1
1289,13,246.0,1,1
1289,14,314.0,1,1
1289,15,125.0,1,1
1290,0,1018.0,1,1
1290,1,431.0,1,1
1290,2,67.0,1,1
1290,3,90.0,1,1
1290,4,268.0,1,1
1290,5,384.0,1,1
1290,6,592.0,1,1
1290,7,357.0,1,1
1290,8,182.0,1,1
1290,9,589.0,1,1
1290,10,602.0,1,1
1290,11,435.0,1,1
1290,12,986.0,1,1
1290,13,220.0,1,1
1290,14,341.0,1,1
1290,15,115.0,1,1
1291,0,1203.0,1,1
1291,1,356.0,1,1
1291,2,16.0,1,1
1291,3,151.0,1,1
1291,4,502.0,1,1
1291,5,436.0,1,1
1291,6,582.0,1,1
1291,7,551.0,1,1
1291,8,290.0,1,1
1291,9,542.0,1,1
1291,10,0.0,1,1
1291,11,411.0,1,1
1291,12,1119.0,1,1
1291,13,235.0,1,1
1291,14,367.0,1,1
1291,15,125.0,1,1
1292,0,1084.0,1,1
1292,1,299.0,1,1
1292,2,8.0,1,1
1292,3,109.0,1,1
1292,4,306.0,1,1
1292,5,701.0,1,1
1292,6,704.0,1,1
1292,7,337.0,1,1
1292,8,187.0,1,1
1292,9,800.0,1,1
1292,10,1025.0,1,1
1292,11,475.0,1,1
1292,12,1344.0,1,1
1292,13,233.0,1,1
1292,14,423.0,1,1
1292,15,149.0,1,1
1293,0,628.0,1,1
1293,1,264.0,1,1
1293,2,71.0,1,1
1293,3,192.0,1,1
1293,4,191.0,1,1
1293,5,276.0,1,1
1293,6,268.0,1,1
1293,7,245.0,1,1
1293,8,179.0,1,1
1293,9,243.0,1,1
1293,10,397.0,1,1
1293,11,420.0,1,1
1293,12,413.0,1,1
1293,13,359.0,1,1
1293,14,399.0,1,1
1293,15,195.0,1,1
1294,0,644.0,1,1
1294,1,384.0,1,1
1294,2,112.0,1,1
1294,3,181.0,1,1
1294,4,355.0,1,1
1294,5,299.0,1,1
1294,6,533.0,1,1
1294,7,370.0,1,1
1294,8,299.0,1,1
1294,9,307.0,1,1
1294,10,357.0,1,1
1294,11,618.0,1,1
1294,12,620.0,1,1
1294,13,267.0,1,1
1294,14,415.0,1,1
1294,15,142.0,1,1
1295,0,561.0,1,1
1295,1,407.0,1,1
1295,2,146.0,1,1
1295,3,182.0,1,1
1295,4,588.0,1,1
1295,5,510.0,1,1
1295,6,615.0,1,1
1295,7,771.0,1,1
1295,8,428.0,1,1
1295,9,377.0,1,1
1295,10,265.0,1,1
1295,11,710.0,1,1
1295,12,1002.0,1,1
1295,13,338.0,1,1
1295,14,554.0,1,1
1295,15,221.0,1,1
1296,0,468.0,1,1
1296,1,284.0,1,1
1296,2,135.0,1,1
1296,3,217.0,1,1
1296,4,230.0,1,1
1296,5,530.0,1,1
1296,6,426.0,1,1
1296,7,275.0,1,1
1296,8,230.0,1,1
1296,9,363.0,1,1
1296,10,271.0,1,1
1296,11,610.0,1,1
1296,12,652.0,1,1
1296,13,382.0,1,1
1296,14,611.0,1,1
1296,15,310.0,1,1
1297,0,424.0,1,1
1297,1,233.0,1,1
1297,2,144.0,1,1
1297,3,66.0,1,1
1297,4,115.0,1,1
1297,5,266.0,1,1
1297,6,236.0,1,1
1297,7,117.0,1,1
1297,8,177.0,1,1
1297,9,161.0,1,1
1297,10,255.0,1,1
1297,11,504.0,1,1
1297,12,242.0,1,1
1297,13,370.0,1,1
1297,14,403.0,1,1
1297,15,376.0,1,1
1298,0,245.0,1,1
1298,1,122.0,1,1
1298,2,67.0,1,1
1298,3,48.0,1,1
1298,4,83.0,1,1
1298,5,224.0,1,1
1298,6,147.0,1,1
1298,7,56.0,1,1
1298,8,101.0,1,1
1298,9,162.0,1,1
1298,10,215.0,1,1
1298,11,394.0,1,1
1298,12,272.0,1,1
1298,13,265.0,1,1
1298,14,343.0,1,1
1298,15,321.0,1,1
1299,0,71.0,1,1
1299,1,75.0,1,1
1299,2,23.0,1,1
1299,3,27.0,1,1
1299,4,58.0,1,1
1299,5,271.0,1,1
1299,6,168.0,1,1
1299,7,69.0,1,1
1299,8,73.0,1,1
1299,9,153.0,1,1
1299,10,193.0,1,1
1299,11,201.0,1,1
1299,12,108.0,1,1
1299,13,294.0,1,1
1299,14,285.0,1,1
1299,15,164.0,1,1
1300,0,38.0,1,1
1300,1,23.0,1,1
1300,2,8.0,1,1
1300,3,16.0,1,1
1300,4,33.0,1,1
1300,5,271.0,1,1
1300,6,120.0,1,1
1300,7,26.0,1,1
1300,8,53.0,1,1
1300,9,157.0,1,1
1300,10,157.0,1,1
1300,11,88.0,1,1
1300,12,70.0,1,1
1300,13,197.0,1,1
1300,14,285.0,1,1
1300,15,122.0,1,1
1301,0,35.0,1,1
1301,1,18.0,1,1
1301,2,4.0,1,1
1301,3,3.0,1,1
1301,4,8.0,1,1
1301,5,214.0,1,1
1301,6,53.0,1,1
1301,7,7.0,1,1
1301,8,21.0,1,1
1301,9,131.0,1,1
1301,10,181.0,1,1
1301,11,46.0,1,1
1301,12,33.0,1,1
1301,13,58.0,1,1
1301,14,145.0,1,1
1301,15,44.0,1,1
1302,0,15.0,1,1
1302,1,15.0,1,1
1302,2,6.0,1,1
1302,3,2.0,1,1
1302,4,5.0,1,1
1302,5,170.0,1,1
1302,6,46.0,1,1
1302,7,6.0,1,1
1302,8,15.0,1,1
1302,9,120.0,1,1
1302,10,117.0,1,1
1302,11,68.0,1,1
1302,12,17.0,1,1
1302,13,52.0,1,1
1302,14,109.0,1,1
1302,15,19.0,1,1
1303,0,21.0,1,1
1303,1,6.0,1,1
1303,2,5.0,1,1
1303,3,1.0,1,1
1303,4,2.0,1,1
1303,5,124.0,1,1
1303,6,33.0,1,1
1303,7,3.0,1,1
1303,8,8.0,1,1
1303,9,77.0,1,1
1303,10,121.0,1,1
1303,11,53.0,1,1
1303,12,14.0,1,1
1303,13,32.0,1,1
1303,14,60.0,1,1
1303,15,8.0,1,1
1304,0,140.0,1,1
1304,1,52.0,1,1
1304,2,36.0,1,1
1304,3,10.0,1,1
1304,4,17.0,1,1
1304,5,230.0,1,1
1304,6,129.0,1,1
1304,7,20.0,1,1
1304,8,35.0,1,1
1304,9,132.0,1,1
1304,10,377.0,1,1
1304,11,157.0,1,1
1304,12,61.0,1,1
1304,13,117.0,1,1
1304,14,281.0,1,1
1304,15,79.0,1,1
1305,0,243.0,1,1
1305,1,271.0,1,1
1305,2,67.0,1,1
1305,3,71.0,1,1
1305,4,141.0,1,1
1305,5,624.0,1,1
1305,6,386.0,1,1
1305,7,193.0,1,1
1305,8,148.0,1,1
1305,9,275.0,1,1
1305,10,589.0,1,1
1305,11,322.0,1,1
1305,12,366.0,1,1
1305,13,657.0,1,1
1305,14,601.0,1,1
1305,15,291.0,1,1
1306,0,478.0,1,1
1306,1,493.0,1,1
1306,2,202.0,1,1
1306,3,167.0,1,1
1306,4,202.0,1,1
1306,5,888.0,1,1
1306,6,709.0,1,1
1306,7,391.0,1,1
1306,8,274.0,1,1
1306,9,357.0,1,1
1306,10,658.0,1,1
1306,11,742.0,1,1
1306,12,685.0,1,1
1306,13,655.0,1,1
1306,14,837.0,1,1
1306,15,551.0,1,1
1307,0,311.0,1,1
1307,1,291.0,1,1
1307,2,198.0,1,1
1307,3,128.0,1,1
1307,4,166.0,1,1
1307,5,197.0,1,1
1307,6,331.0,1,1
1307,7,177.0,1,1
1307,8,136.0,1,1
1307,9,106.0,1,1
1307,10,0.0,1,1
1307,11,524.0,1,1
1307,12,404.0,1,1
1307,13,663.0,1,1
1307,14,480.0,1,1
1307,15,294.0,1,1
1308,0,352.0,1,1
1308,1,238.0,1,1
1308,2,169.0,1,1
1308,3,48.0,1,1
1308,4,79.0,1,1
1308,5,348.0,1,1
1308,6,139.0,1,1
1308,7,42.0,1,1
1308,8,97.0,1,1
1308,9,223.0,1,1
1308,10,686.0,1,1
1308,11,424.0,1,1
1308,12,185.0,1,1
1308,13,257.0,1,1
1308,14,634.0,1,1
1308,15,353.0,1,1
1309,0,370.0,1,1
1309,1,289.0,1,1
1309,2,183.0,1,1
1309,3,57.0,1,1
1309,4,103.0,1,1
1309,5,481.0,1,1
1309,6,174.0,1,1
1309,7,101.0,1,1
1309,8,128.0,1,1
1309,9,309.0,1,1
1309,10,665.0,1,1
1309,11,433.0,1,1
1309,12,330.0,1,1
1309,13,339.0,1,1
1309,14,696.0,1,1
1309,15,473.0,1,1
1310,0,423.0,1,1
1310,1,325.0,1,1
1310,2,171.0,1,1
1310,3,96.0,1,1
1310,4,183.0,1,1
1310,5,279.0,1,1
1310,6,277.0,1,1
1310,7,155.0,1,1
1310,8,175.0,1,1
1310,9,140.0,1,1
1310,10,533.0,1,1
1310,11,481.0,1,1
1310,12,271.0,1,1
1310,13,467.0,1,1
1310,14,476.0,1,1
1310,15,469.0,1,1
1311,0,437.0,1,1
1311,1,370.0,1,1
1311,2,220.0,1,1
1311,3,109.0,1,1
1311,4,157.0,1,1
1311,5,484.0,1,1
1311,6,261.0,1,1
1311,7,118.0,1,1
1311,8,175.0,1,1
1311,9,320.0,1,1
1311,10,613.0,1,1
1311,11,472.0,1,1
1311,12,490.0,1,1
1311,13,633.0,1,1
1311,14,581.0,1,1
1311,15,500.0,1,1
1312,0,491.0,1,1
1312,1,329.0,1,1
1312,2,256.0,1,1
1312,3,89.0,1,1
1312,4,144.0,1,1
1312,5,452.0,1,1
1312,6,216.0,1,1
1312,7,106.0,1,1
1312,8,128.0,1,1
1312,9,254.0,1,1
1312,10,592.0,1,1
1312,11,513.0,1,1
1312,12,317.0,1,1
1312,13,413.0,1,1
1312,14,628.0,1,1
1312,15,465.0,1,1
1313,0,662.0,1,1
1313,1,399.0,1,1
1313,2,271.0,1,1
1313,3,245.0,1,1
1313,4,316.0,1,1
1313,5,202.0,1,1
1313,6,196.0,1,1
1313,7,132.0,1,1
1313,8,168.0,1,1
1313,9,152.0,1,1
1313,10,554.0,1,1
1313,11,588.0,1,1
1313,12,463.0,1,1
1313,13,741.0,1,1
1313,14,646.0,1,1
1313,15,862.0,1,1
1314,0,784.0,1,1
1314,1,415.0,1,1
1314,2,89.0,1,1
1314,3,476.0,1,1
1314,4,662.0,1,1
1314,5,145.0,1,1
1314,6,405.0,1,1
1314,7,424.0,1,1
1314,8,348.0,1,1
1314,9,92.0,1,1
1314,10,559.0,1,1
1314,11,472.0,1,1
1314,12,566.0,1,1
1314,13,1180.0,1,1
1314,14,482.0,1,1
1314,15,901.0,1,1
1315,0,1076.0,1,1
1315,1,360.0,1,1
1315,2,30.0,1,1
1315,3,519.0,1,1
1315,4,637.0,1,1
1315,5,164.0,1,1
1315,6,399.0,1,1
1315,7,349.0,1,1
1315,8,323.0,1,1
1315,9,111.0,1,1
1315,10,545.0,1,1
1315,11,446.0,1,1
1315,12,731.0,1,1
1315,13,1137.0,1,1
1315,14,689.0,1,1
1315,15,1165.0,1,1
1316,0,2036.0,1,1
1316,1,651.0,1,1
1316,2,43.0,1,1
1316,3,631.0,1,1
1316,4,949.0,1,1
1316,5,167.0,1,1
1316,6,582.0,1,1
1316,7,926.0,1,1
1316,8,473.0,1,1
1316,9,89.0,1,1
1316,10,502.0,1,1
1316,11,381.0,1,1
1316,12,565.0,1,1
1316,13,1577.0,1,1
1316,14,594.0,1,1
1316,15,1046.0,1,1
1317,0,622.0,1,1
1317,1,311.0,1,1
1317,2,80.0,1,1
1317,3,116.0,1,1
1317,4,184.0,1,1
1317,5,230.0,1,1
1317,6,205.0,1,1
1317,7,128.0,1,1
1317,8,171.0,1,1
1317,9,161.0,1,1
1317,10,475.0,1,1
1317,11,466.0,1,1
1317,12,377.0,1,1
1317,13,476.0,1,1
1317,14,482.0,1,1
1317,15,674.0,1,1
1318,0,695.0,1,1
1318,1,375.0,1,1
1318,2,118.0,1,1
1318,3,219.0,1,1
1318,4,269.0,1,1
1318,5,221.0,1,1
1318,6,222.0,1,1
1318,7,154.0,1,1
1318,8,234.0,1,1
1318,9,165.0,1,1
1318,10,323.0,1,1
1318,11,721.0,1,1
1318,12,596.0,1,1
1318,13,582.0,1,1
1318,14,752.0,1,1
1318,15,1442.0,1,1
1319,0,616.0,1,1
1319,1,421.0,1,1
1319,2,167.0,1,1
1319,3,351.0,1,1
1319,4,433.0,1,1
1319,5,280.0,1,1
1319,6,296.0,1,1
1319,7,230.0,1,1
1319,8,240.0,1,1
1319,9,168.0,1,1
1319,10,323.0,1,1
1319,11,704.0,1,1
1319,12,743.0,1,1
1319,13,864.0,1,1
1319,14,934.0,1,1
1319,15,1533.0,1,1
1320,0,536.0,1,1
1320,1,387.0,1,1
1320,2,158.0,1,1
1320,3,266.0,1,1
1320,4,469.0,1,1
1320,5,273.0,1,1
1320,6,338.0,1,1
1320,7,347.0,1,1
1320,8,252.0,1,1
1320,9,146.0,1,1
1320,10,297.0,1,1
1320,11,653.0,1,1
1320,12,506.0,1,1
1320,13,766.0,1,1
1320,14,665.0,1,1
1320,15,885.0,1,1
1321,0,437.0,1,1
1321,1,236.0,1,1
1321,2,114.0,1,1
1321,3,190.0,1,1
1321,4,206.0,1,1
1321,5,123.0,1,1
1321,6,252.0,1,1
1321,7,162.0,1,1
1321,8,153.0,1,1
1321,9,246.0,1,1
1321,10,309.0,1,1
1321,11,580.0,1,1
1321,12,275.0,1,1
1321,13,467.0,1,1
1321,14,384.0,1,1
1321,15,346.0,1,1
1322,0,246.0,1,1
1322,1,123.0,1,1
1322,2,64.0,1,1
1322,3,144.0,1,1
1322,4,163.0,1,1
1322,5,85.0,1,1
1322,6,158.0,1,1
1322,7,162.0,1,1
1322,8,116.0,1,1
1322,9,171.0,1,1
1322,10,227.0,1,1
1322,11,394.0,1,1
1322,12,344.0,1,1
1322,13,358.0,1,1
1322,14,250.0,1,1
1322,15,334.0,1,1
1323,0,96.0,1,1
1323,1,51.0,1,1
1323,2,29.0,1,1
1323,3,74.0,1,1
1323,4,146.0,1,1
1323,5,63.0,1,1
1323,6,118.0,1,1
1323,7,105.0,1,1
1323,8,98.0,1,1
1323,9,229.0,1,1
1323,10,226.0,1,1
1323,11,169.0,1,1
1323,12,169.0,1,1
1323,13,367.0,1,1
1323,14,117.0,1,1
1323,15,299.0,1,1
1324,0,48.0,1,1
1324,1,31.0,1,1
1324,2,11.0,1,1
1324,3,59.0,1,1
1324,4,128.0,1,1
1324,5,33.0,1,1
1324,6,73.0,1,1
1324,7,91.0,1,1
1324,8,78.0,1,1
1324,9,192.0,1,1
1324,10,168.0,1,1
1324,11,140.0,1,1
1324,12,177.0,1,1
1324,13,276.0,1,1
1324,14,68.0,1,1
1324,15,272.0,1,1
1325,0,45.0,1,1
1325,1,24.0,1,1
1325,2,5.0,1,1
1325,3,25.0,1,1
1325,4,73.0,1,1
1325,5,6.0,1,1
1325,6,28.0,1,1
1325,7,40.0,1,1
1325,8,46.0,1,1
1325,9,159.0,1,1
1325,10,161.0,1,1
1325,11,98.0,1,1
1325,12,76.0,1,1
1325,13,209.0,1,1
1325,14,25.0,1,1
1325,15,136.0,1,1
1326,0,31.0,1,1
1326,1,16.0,1,1
1326,2,12.0,1,1
1326,3,16.0,1,1
1326,4,54.0,1,1
1326,5,4.0,1,1
1326,6,17.0,1,1
1326,7,19.0,1,1
1326,8,36.0,1,1
1326,9,165.0,1,1
1326,10,133.0,1,1
1326,11,123.0,1,1
1326,12,43.0,1,1
1326,13,208.0,1,1
1326,14,15.0,1,1
1326,15,86.0,1,1
1327,0,27.0,1,1
1327,1,8.0,1,1
1327,2,5.0,1,1
1327,3,9.0,1,1
1327,4,34.0,1,1
1327,5,1.0,1,1
1327,6,11.0,1,1
1327,7,11.0,1,1
1327,8,29.0,1,1
1327,9,103.0,1,1
1327,10,98.0,1,1
1327,11,68.0,1,1
1327,12,29.0,1,1
1327,13,168.0,1,1
1327,14,8.0,1,1
1327,15,53.0,1,1
1328,0,154.0,1,1
1328,1,71.0,1,1
1328,2,30.0,1,1
1328,3,38.0,1,1
1328,4,115.0,1,1
1328,5,15.0,1,1
1328,6,47.0,1,1
1328,7,65.0,1,1
1328,8,64.0,1,1
1328,9,191.0,1,1
1328,10,411.0,1,1
1328,11,131.0,1,1
1328,12,103.0,1,1
1328,13,280.0,1,1
1328,14,57.0,1,1
1328,15,169.0,1,1
1329,0,305.0,1,1
1329,1,261.0,1,1
1329,2,58.0,1,1
1329,3,160.0,1,1
1329,4,257.0,1,1
1329,5,144.0,1,1
1329,6,234.0,1,1
1329,7,204.0,1,1
1329,8,207.0,1,1
1329,9,477.0,1,1
1329,10,617.0,1,1
1329,11,331.0,1,1
1329,12,332.0,1,1
1329,13,701.0,1,1
1329,14,376.0,1,1
1329,15,494.0,1,1
1330,0,614.0,1,1
1330,1,488.0,1,1
1330,2,161.0,1,1
1330,3,276.0,1,1
1330,4,354.0,1,1
1330,5,237.0,1,1
1330,6,422.0,1,1
1330,7,325.0,1,1
1330,8,325.0,1,1
1330,9,764.0,1,1
1330,10,695.0,1,1
1330,11,652.0,1,1
1330,12,529.0,1,1
1330,13,711.0,1,1
1330,14,868.0,1,1
1330,15,601.0,1,1
1331,0,1004.0,1,1
1331,1,734.0,1,1
1331,2,255.0,1,1
1331,3,175.0,1,1
1331,4,186.0,1,1
1331,5,192.0,1,1
1331,6,200.0,1,1
1331,7,156.0,1,1
1331,8,169.0,1,1
1331,9,169.0,1,1
1331,10,0.0,1,1
1331,11,539.0,1,1
1331,12,314.0,1,1
1331,13,422.0,1,1
1331,14,484.0,1,1
1331,15,274.0,1,1
1332,0,415.0,1,1
1332,1,297.0,1,1
1332,2,139.0,1,1
1332,3,116.0,1,1
1332,4,177.0,1,1
1332,5,77.0,1,1
1332,6,118.0,1,1
1332,7,185.0,1,1
1332,8,104.0,1,1
1332,9,276.0,1,1
1332,10,526.0,1,1
1332,11,403.0,1,1
1332,12,356.0,1,1
1332,13,404.0,1,1
1332,14,203.0,1,1
1332,15,378.0,1,1
1333,0,491.0,1,1
1333,1,304.0,1,1
1333,2,125.0,1,1
1333,3,170.0,1,1
1333,4,189.0,1,1
1333,5,100.0,1,1
1333,6,232.0,1,1
1333,7,219.0,1,1
1333,8,147.0,1,1
1333,9,340.0,1,1
1333,10,539.0,1,1
1333,11,410.0,1,1
1333,12,424.0,1,1
1333,13,401.0,1,1
1333,14,383.0,1,1
1333,15,538.0,1,1
1334,0,594.0,1,1
1334,1,396.0,1,1
1334,2,92.0,1,1
1334,3,218.0,1,1
1334,4,236.0,1,1
1334,5,228.0,1,1
1334,6,206.0,1,1
1334,7,231.0,1,1
1334,8,178.0,1,1
1334,9,156.0,1,1
1334,10,481.0,1,1
1334,11,487.0,1,1
1334,12,373.0,1,1
1334,13,408.0,1,1
1334,14,326.0,1,1
1334,15,466.0,1,1
1335,0,568.0,1,1
1335,1,395.0,1,1
1335,2,96.0,1,1
1335,3,255.0,1,1
1335,4,254.0,1,1
1335,5,184.0,1,1
1335,6,296.0,1,1
1335,7,226.0,1,1
1335,8,212.0,1,1
1335,9,291.0,1,1
1335,10,454.0,1,1
1335,11,501.0,1,1
1335,12,590.0,1,1
1335,13,477.0,1,1
1335,14,402.0,1,1
1335,15,626.0,1,1
1336,0,665.0,1,1
1336,1,380.0,1,1
1336,2,107.0,1,1
1336,3,180.0,1,1
1336,4,240.0,1,1
1336,5,161.0,1,1
1336,6,197.0,1,1
1336,7,246.0,1,1
1336,8,156.0,1,1
1336,9,270.0,1,1
1336,10,430.0,1,1
1336,11,503.0,1,1
1336,12,443.0,1,1
1336,13,364.0,1,1
1336,14,294.0,1,1
1336,15,539.0,1,1
1337,0,755.0,1,1
1337,1,496.0,1,1
1337,2,114.0,1,1
1337,3,314.0,1,1
1337,4,287.0,1,1
1337,5,484.0,1,1
1337,6,287.0,1,1
1337,7,372.0,1,1
1337,8,149.0,1,1
1337,9,115.0,1,1
1337,10,341.0,1,1
1337,11,498.0,1,1
1337,12,588.0,1,1
1337,13,310.0,1,1
1337,14,467.0,1,1
1337,15,558.0,1,1
1338,0,969.0,1,1
1338,1,534.0,1,1
1338,2,145.0,1,1
1338,3,535.0,1,1
1338,4,308.0,1,1
1338,5,1306.0,1,1
1338,6,592.0,1,1
1338,7,440.0,1,1
1338,8,186.0,1,1
1338,9,95.0,1,1
1338,10,359.0,1,1
1338,11,508.0,1,1
1338,12,503.0,1,1
1338,13,472.0,1,1
1338,14,751.0,1,1
1338,15,453.0,1,1
1339,0,1024.0,1,1
1339,1,468.0,1,1
1339,2,149.0,1,1
1339,3,474.0,1,1
1339,4,359.0,1,1
1339,5,1335.0,1,1
1339,6,474.0,1,1
1339,7,510.0,1,1
1339,8,224.0,1,1
1339,9,114.0,1,1
1339,10,448.0,1,1
1339,11,515.0,1,1
1339,12,619.0,1,1
1339,13,407.0,1,1
1339,14,892.0,1,1
1339,15,578.0,1,1
1340,0,851.0,1,1
1340,1,341.0,1,1
1340,2,150.0,1,1
1340,3,548.0,1,1
1340,4,385.0,1,1
1340,5,2061.0,1,1
1340,6,597.0,1,1
1340,7,472.0,1,1
1340,8,209.0,1,1
1340,9,100.0,1,1
1340,10,408.0,1,1
1340,11,470.0,1,1
1340,12,508.0,1,1
1340,13,515.0,1,1
1340,14,1002.0,1,1
1340,15,448.0,1,1
1341,0,639.0,1,1
1341,1,287.0,1,1
1341,2,129.0,1,1
1341,3,278.0,1,1
1341,4,187.0,1,1
1341,5,225.0,1,1
1341,6,309.0,1,1
1341,7,262.0,1,1
1341,8,169.0,1,1
1341,9,161.0,1,1
1341,10,250.0,1,1
1341,11,452.0,1,1
1341,12,444.0,1,1
1341,13,346.0,1,1
1341,14,484.0,1,1
1341,15,510.0,1,1
1342,0,709.0,1,1
1342,1,373.0,1,1
1342,2,133.0,1,1
1342,3,402.0,1,1
1342,4,236.0,1,1
1342,5,325.0,1,1
1342,6,428.0,1,1
1342,7,454.0,1,1
1342,8,161.0,1,1
1342,9,132.0,1,1
1342,10,318.0,1,1
1342,11,739.0,1,1
1342,12,726.0,1,1
1342,13,392.0,1,1
1342,14,821.0,1,1
1342,15,537.0,1,1
1343,0,560.0,1,1
1343,1,411.0,1,1
1343,2,191.0,1,1
1343,3,399.0,1,1
1343,4,344.0,1,1
1343,5,637.0,1,1
1343,6,468.0,1,1
1343,7,597.0,1,1
1343,8,214.0,1,1
1343,9,187.0,1,1
1343,10,311.0,1,1
1343,11,689.0,1,1
1343,12,798.0,1,1
1343,13,441.0,1,1
1343,14,838.0,1,1
1343,15,661.0,1,1
1344,0,506.0,1,1
1344,1,329.0,1,1
1344,2,160.0,1,1
1344,3,351.0,1,1
1344,4,274.0,1,1
1344,5,606.0,1,1
1344,6,408.0,1,1
1344,7,377.0,1,1
1344,8,220.0,1,1
1344,9,195.0,1,1
1344,10,287.0,1,1
1344,11,674.0,1,1
1344,12,504.0,1,1
1344,13,429.0,1,1
1344,14,731.0,1,1
1344,15,530.0,1,1
1345,0,422.0,1,1
1345,1,254.0,1,1
1345,2,148.0,1,1
1345,3,142.0,1,1
1345,4,223.0,1,1
1345,5,374.0,1,1
1345,6,301.0,1,1
1345,7,244.0,1,1
1345,8,34.0,1,1
1345,9,233.0,1,1
1345,10,266.0,1,1
1345,11,593.0,1,1
1345,12,295.0,1,1
1345,13,148.0,1,1
1345,14,475.0,1,1
1345,15,145.0,1,1
1346,0,266.0,1,1
1346,1,109.0,1,1
1346,2,72.0,1,1
1346,3,92.0,1,1
1346,4,186.0,1,1
1346,5,228.0,1,1
1346,6,221.0,1,1
1346,7,141.0,1,1
1346,8,19.0,1,1
1346,9,160.0,1,1
1346,10,239.0,1,1
1346,11,369.0,1,1
1346,12,180.0,1,1
1346,13,155.0,1,1
1346,14,254.0,1,1
1346,15,116.0,1,1
1347,0,78.0,1,1
1347,1,69.0,1,1
1347,2,29.0,1,1
1347,3,76.0,1,1
1347,4,203.0,1,1
1347,5,303.0,1,1
1347,6,204.0,1,1
1347,7,214.0,1,1
1347,8,14.0,1,1
1347,9,161.0,1,1
1347,10,200.0,1,1
1347,11,231.0,1,1
1347,12,123.0,1,1
1347,13,71.0,1,1
1347,14,310.0,1,1
1347,15,43.0,1,1
1348,0,50.0,1,1
1348,1,45.0,1,1
1348,2,10.0,1,1
1348,3,49.0,1,1
1348,4,178.0,1,1
1348,5,247.0,1,1
1348,6,146.0,1,1
1348,7,175.0,1,1
1348,8,5.0,1,1
1348,9,130.0,1,1
1348,10,212.0,1,1
1348,11,137.0,1,1
1348,12,69.0,1,1
1348,13,47.0,1,1
1348,14,207.0,1,1
1348,15,31.0,1,1
1349,0,35.0,1,1
1349,1,25.0,1,1
1349,2,1.0,1,1
1349,3,23.0,1,1
1349,4,171.0,1,1
1349,5,151.0,1,1
1349,6,95.0,1,1
1349,7,187.0,1,1
1349,8,1.0,1,1
1349,9,99.0,1,1
1349,10,179.0,1,1
1349,11,100.0,1,1
1349,12,19.0,1,1
1349,13,9.0,1,1
1349,14,150.0,1,1
1349,15,6.0,1,1
1350,0,20.0,1,1
1350,1,17.0,1,1
1350,2,13.0,1,1
1350,3,18.0,1,1
1350,4,175.0,1,1
1350,5,200.0,1,1
1350,6,94.0,1,1
1350,7,246.0,1,1
1350,8,0.0,1,1
1350,9,118.0,1,1
1350,10,119.0,1,1
1350,11,67.0,1,1
1350,12,13.0,1,1
1350,13,4.0,1,1
1350,14,168.0,1,1
1350,15,2.0,1,1
1351,0,26.0,1,1
1351,1,13.0,1,1
1351,2,11.0,1,1
1351,3,9.0,1,1
1351,4,161.0,1,1
1351,5,142.0,1,1
1351,6,91.0,1,1
1351,7,186.0,1,1
1351,8,0.0,1,1
1351,9,75.0,1,1
1351,10,112.0,1,1
1351,11,71.0,1,1
1351,12,7.0,1,1
1351,13,2.0,1,1
1351,14,138.0,1,1
1351,15,1.0,1,1
1352,0,126.0,1,1
1352,1,60.0,1,1
1352,2,29.0,1,1
1352,3,43.0,1,1
1352,4,195.0,1,1
1352,5,229.0,1,1
1352,6,137.0,1,1
1352,7,196.0,1,1
1352,8,2.0,1,1
1352,9,127.0,1,1
1352,10,421.0,1,1
1352,11,149.0,1,1
1352,12,34.0,1,1
1352,13,30.0,1,1
1352,14,275.0,1,1
1352,15,12.0,1,1
1353,0,317.0,1,1
1353,1,289.0,1,1
1353,2,67.0,1,1
1353,3,153.0,1,1
1353,4,443.0,1,1
1353,5,610.0,1,1
1353,6,501.0,1,1
1353,7,525.0,1,1
1353,8,43.0,1,1
1353,9,493.0,1,1
1353,10,488.0,1,1
1353,11,387.0,1,1
1353,12,247.0,1,1
1353,13,193.0,1,1
1353,14,788.0,1,1
1353,15,104.0,1,1
1354,0,609.0,1,1
1354,1,462.0,1,1
1354,2,198.0,1,1
1354,3,274.0,1,1
1354,4,654.0,1,1
1354,5,885.0,1,1
1354,6,647.0,1,1
1354,7,1091.0,1,1
1354,8,91.0,1,1
1354,9,1066.0,1,1
1354,10,692.0,1,1
1354,11,640.0,1,1
1354,12,388.0,1,1
1354,13,514.0,1,1
1354,14,1334.0,1,1
1354,15,245.0,1,1
1355,0,1042.0,1,1
1355,1,744.0,1,1
1355,2,350.0,1,1
1355,3,149.0,1,1
1355,4,151.0,1,1
1355,5,315.0,1,1
1355,6,309.0,1,1
1355,7,142.0,1,1
1355,8,68.0,1,1
1355,9,164.0,1,1
1355,10,0.0,1,1
1355,11,443.0,1,1
1355,12,295.0,1,1
1355,13,285.0,1,1
1355,14,473.0,1,1
1355,15,165.0,1,1
1356,0,454.0,1,1
1356,1,234.0,1,1
1356,2,179.0,1,1
1356,3,122.0,1,1
1356,4,233.0,1,1
1356,5,217.0,1,1
1356,6,164.0,1,1
1356,7,210.0,1,1
1356,8,14.0,1,1
1356,9,157.0,1,1
1356,10,645.0,1,1
1356,11,444.0,1,1
1356,12,102.0,1,1
1356,13,210.0,1,1
1356,14,240.0,1,1
1356,15,103.0,1,1
1357,0,540.0,1,1
1357,1,240.0,1,1
1357,2,221.0,1,1
1357,3,138.0,1,1
1357,4,299.0,1,1
1357,5,284.0,1,1
1357,6,289.0,1,1
1357,7,232.0,1,1
1357,8,27.0,1,1
1357,9,281.0,1,1
1357,10,603.0,1,1
1357,11,461.0,1,1
1357,12,189.0,1,1
1357,13,251.0,1,1
1357,14,321.0,1,1
1357,15,125.0,1,1
1358,0,613.0,1,1
1358,1,340.0,1,1
1358,2,171.0,1,1
1358,3,146.0,1,1
1358,4,133.0,1,1
1358,5,411.0,1,1
1358,6,243.0,1,1
1358,7,142.0,1,1
1358,8,57.0,1,1
1358,9,168.0,1,1
1358,10,439.0,1,1
1358,11,478.0,1,1
1358,12,289.0,1,1
1358,13,251.0,1,1
1358,14,369.0,1,1
1358,15,237.0,1,1
1359,0,536.0,1,1
1359,1,359.0,1,1
1359,2,207.0,1,1
1359,3,152.0,1,1
1359,4,275.0,1,1
1359,5,376.0,1,1
1359,6,342.0,1,1
1359,7,204.0,1,1
1359,8,67.0,1,1
1359,9,315.0,1,1
1359,10,549.0,1,1
1359,11,498.0,1,1
1359,12,411.0,1,1
1359,13,350.0,1,1
1359,14,408.0,1,1
1359,15,274.0,1,1
1360,0,471.0,1,1
1360,1,301.0,1,1
1360,2,184.0,1,1
1360,3,137.0,1,1
1360,4,241.0,1,1
1360,5,280.0,1,1
1360,6,247.0,1,1
1360,7,186.0,1,1
1360,8,42.0,1,1
1360,9,211.0,1,1
1360,10,538.0,1,1
1360,11,351.0,1,1
1360,12,246.0,1,1
1360,13,327.0,1,1
1360,14,279.0,1,1
1360,15,178.0,1,1
1361,0,679.0,1,1
1361,1,433.0,1,1
1361,2,218.0,1,1
1361,3,234.0,1,1
1361,4,93.0,1,1
1361,5,188.0,1,1
1361,6,181.0,1,1
1361,7,57.0,1,1
1361,8,171.0,1,1
1361,9,96.0,1,1
1361,10,452.0,1,1
1361,11,508.0,1,1
1361,12,504.0,1,1
1361,13,786.0,1,1
1361,14,195.0,1,1
1361,15,697.0,1,1
1362,0,914.0,1,1
1362,1,399.0,1,1
1362,2,74.0,1,1
1362,3,354.0,1,1
1362,4,80.0,1,1
1362,5,336.0,1,1
1362,6,278.0,1,1
1362,7,76.0,1,1
1362,8,639.0,1,1
1362,9,106.0,1,1
1362,10,581.0,1,1
1362,11,429.0,1,1
1362,12,1022.0,1,1
1362,13,1212.0,1,1
1362,14,393.0,1,1
1362,15,1445.0,1,1
1363,0,1081.0,1,1
1363,1,374.0,1,1
1363,2,31.0,1,1
1363,3,356.0,1,1
1363,4,90.0,1,1
1363,5,334.0,1,1
1363,6,259.0,1,1
1363,7,70.0,1,1
1363,8,489.0,1,1
1363,9,123.0,1,1
1363,10,558.0,1,1
1363,11,446.0,1,1
1363,12,913.0,1,1
1363,13,1863.0,1,1
1363,14,368.0,1,1
1363,15,1581.0,1,1
1364,0,2016.0,1,1
1364,1,711.0,1,1
1364,2,41.0,1,1
1364,3,421.0,1,1
1364,4,81.0,1,1
1364,5,500.0,1,1
1364,6,311.0,1,1
1364,7,87.0,1,1
1364,8,1051.0,1,1
1364,9,112.0,1,1
1364,10,625.0,1,1
1364,11,442.0,1,1
1364,12,992.0,1,1
1364,13,1349.0,1,1
1364,14,486.0,1,1
1364,15,1743.0,1,1
1365,0,705.0,1,1
1365,1,279.0,1,1
1365,2,83.0,1,1
1365,3,189.0,1,1
1365,4,140.0,1,1
1365,5,234.0,1,1
1365,6,230.0,1,1
1365,7,90.0,1,1
1365,8,87.0,1,1
1365,9,193.0,1,1
1365,10,475.0,1,1
1365,11,506.0,1,1
1365,12,351.0,1,1
1365,13,443.0,1,1
1365,14,278.0,1,1
1365,15,375.0,1,1
1366,0,670.0,1,1
1366,1,365.0,1,1
1366,2,135.0,1,1
1366,3,318.0,1,1
1366,4,107.0,1,1
1366,5,178.0,1,1
1366,6,201.0,1,1
1366,7,59.0,1,1
1366,8,161.0,1,1
1366,9,94.0,1,1
1366,10,297.0,1,1
1366,11,744.0,1,1
1366,12,417.0,1,1
1366,13,1032.0,1,1
1366,14,243.0,1,1
1366,15,734.0,1,1
1367,0,574.0,1,1
1367,1,447.0,1,1
1367,2,160.0,1,1
1367,3,379.0,1,1
1367,4,150.0,1,1
1367,5,261.0,1,1
1367,6,293.0,1,1
1367,7,105.0,1,1
1367,8,259.0,1,1
1367,9,155.0,1,1
1367,10,288.0,1,1
1367,11,744.0,1,1
1367,12,639.0,1,1
1367,13,1417.0,1,1
1367,14,312.0,1,1
1367,15,939.0,1,1
1368,0,550.0,1,1
1368,1,421.0,1,1
1368,2,173.0,1,1
1368,3,254.0,1,1
1368,4,164.0,1,1
1368,5,367.0,1,1
1368,6,327.0,1,1
1368,7,150.0,1,1
1368,8,254.0,1,1
1368,9,200.0,1,1
1368,10,344.0,1,1
1368,11,632.0,1,1
1368,12,635.0,1,1
1368,13,641.0,1,1
1368,14,400.0,1,1
1368,15,692.0,1,1
1369,0,420.0,1,1
1369,1,282.0,1,1
1369,2,134.0,1,1
1369,3,115.0,1,1
1369,4,156.0,1,1
1369,5,357.0,1,1
1369,6,281.0,1,1
1369,7,201.0,1,1
1369,8,68.0,1,1
1369,9,227.0,1,1
1369,10,296.0,1,1
1369,11,613.0,1,1
1369,12,294.0,1,1
1369,13,763.0,1,1
1369,14,290.0,1,1
1369,15,457.0,1,1
1370,0,255.0,1,1
1370,1,143.0,1,1
1370,2,89.0,1,1
1370,3,79.0,1,1
1370,4,130.0,1,1
1370,5,252.0,1,1
1370,6,197.0,1,1
1370,7,140.0,1,1
1370,8,64.0,1,1
1370,9,151.0,1,1
1370,10,216.0,1,1
1370,11,413.0,1,1
1370,12,228.0,1,1
1370,13,421.0,1,1
1370,14,208.0,1,1
1370,15,320.0,1,1
1371,0,82.0,1,1
1371,1,63.0,1,1
1371,2,30.0,1,1
1371,3,42.0,1,1
1371,4,103.0,1,1
1371,5,118.0,1,1
1371,6,235.0,1,1
1371,7,110.0,1,1
1371,8,33.0,1,1
1371,9,160.0,1,1
1371,10,212.0,1,1
1371,11,235.0,1,1
1371,12,116.0,1,1
1371,13,344.0,1,1
1371,14,182.0,1,1
1371,15,236.0,1,1
1372,0,39.0,1,1
1372,1,37.0,1,1
1372,2,16.0,1,1
1372,3,24.0,1,1
1372,4,65.0,1,1
1372,5,90.0,1,1
1372,6,158.0,1,1
1372,7,60.0,1,1
1372,8,18.0,1,1
1372,9,128.0,1,1
1372,10,160.0,1,1
1372,11,191.0,1,1
1372,12,90.0,1,1
1372,13,275.0,1,1
1372,14,93.0,1,1
1372,15,149.0,1,1
1373,0,36.0,1,1
1373,1,24.0,1,1
1373,2,5.0,1,1
1373,3,7.0,1,1
1373,4,25.0,1,1
1373,5,36.0,1,1
1373,6,103.0,1,1
1373,7,25.0,1,1
1373,8,4.0,1,1
1373,9,76.0,1,1
1373,10,160.0,1,1
1373,11,64.0,1,1
1373,12,36.0,1,1
1373,13,178.0,1,1
1373,14,34.0,1,1
1373,15,60.0,1,1
1374,0,21.0,1,1
1374,1,14.0,1,1
1374,2,12.0,1,1
1374,3,4.0,1,1
1374,4,26.0,1,1
1374,5,20.0,1,1
1374,6,91.0,1,1
1374,7,23.0,1,1
1374,8,2.0,1,1
1374,9,74.0,1,1
1374,10,157.0,1,1
1374,11,80.0,1,1
1374,12,18.0,1,1
1374,13,188.0,1,1
1374,14,22.0,1,1
1374,15,49.0,1,1
1375,0,24.0,1,1
1375,1,11.0,1,1
1375,2,6.0,1,1
1375,3,2.0,1,1
1375,4,15.0,1,1
1375,5,11.0,1,1
1375,6,61.0,1,1
1375,7,12.0,1,1
1375,8,1.0,1,1
1375,9,50.0,1,1
1375,10,101.0,1,1
1375,11,69.0,1,1
1375,12,8.0,1,1
1375,13,133.0,1,1
1375,14,12.0,1,1
1375,15,21.0,1,1
1376,0,118.0,1,1
1376,1,72.0,1,1
1376,2,28.0,1,1
1376,3,13.0,1,1
1376,4,60.0,1,1
1376,5,66.0,1,1
1376,6,135.0,1,1
1376,7,54.0,1,1
1376,8,7.0,1,1
1376,9,116.0,1,1
1376,10,362.0,1,1
1376,11,146.0,1,1
1376,12,55.0,1,1
1376,13,267.0,1,1
1376,14,68.0,1,1
1376,15,114.0,1,1
1377,0,276.0,1,1
1377,1,274.0,1,1
1377,2,45.0,1,1
1377,3,110.0,1,1
1377,4,305.0,1,1
1377,5,388.0,1,1
1377,6,408.0,1,1
1377,7,259.0,1,1
1377,8,103.0,1,1
1377,9,353.0,1,1
1377,10,524.0,1,1
1377,11,325.0,1,1
1377,12,220.0,1,1
1377,13,1044.0,1,1
1377,14,336.0,1,1
1377,15,560.0,1,1
1378,0,376.0,1,1
1378,1,385.0,1,1
1378,2,145.0,1,1
1378,3,273.0,1,1
1378,4,531.0,1,1
1378,5,753.0,1,1
1378,6,528.0,1,1
1378,7,435.0,1,1
1378,8,168.0,1,1
1378,9,394.0,1,1
1378,10,657.0,1,1
1378,11,547.0,1,1
1378,12,411.0,1,1
1378,13,1673.0,1,1
1378,14,500.0,1,1
1378,15,995.0,1,1
1379,0,750.0,1,1
1379,1,663.0,1,1
1379,2,317.0,1,1
1379,3,157.0,1,1
1379,4,332.0,1,1
1379,5,385.0,1,1
1379,6,277.0,1,1
1379,7,238.0,1,1
1379,8,123.0,1,1
1379,9,251.0,1,1
1379,10,0.0,1,1
1379,11,473.0,1,1
1379,12,151.0,1,1
1379,13,636.0,1,1
1379,14,348.0,1,1
1379,15,377.0,1,1
1380,0,439.0,1,1
1380,1,263.0,1,1
1380,2,172.0,1,1
1380,3,66.0,1,1
1380,4,112.0,1,1
1380,5,266.0,1,1
1380,6,221.0,1,1
1380,7,113.0,1,1
1380,8,68.0,1,1
1380,9,158.0,1,1
1380,10,676.0,1,1
1380,11,420.0,1,1
1380,12,219.0,1,1
1380,13,422.0,1,1
1380,14,206.0,1,1
1380,15,242.0,1,1
1381,0,536.0,1,1
1381,1,292.0,1,1
1381,2,183.0,1,1
1381,3,112.0,1,1
1381,4,162.0,1,1
1381,5,351.0,1,1
1381,6,293.0,1,1
1381,7,135.0,1,1
1381,8,88.0,1,1
1381,9,214.0,1,1
1381,10,642.0,1,1
1381,11,467.0,1,1
1381,12,298.0,1,1
1381,13,501.0,1,1
1381,14,299.0,1,1
1381,15,389.0,1,1
1382,0,476.0,1,1
1382,1,251.0,1,1
1382,2,128.0,1,1
1382,3,140.0,1,1
1382,4,252.0,1,1
1382,5,263.0,1,1
1382,6,366.0,1,1
1382,7,216.0,1,1
1382,8,121.0,1,1
1382,9,221.0,1,1
1382,10,467.0,1,1
1382,11,404.0,1,1
1382,12,292.0,1,1
1382,13,573.0,1,1
1382,14,316.0,1,1
1382,15,561.0,1,1
1383,0,527.0,1,1
1383,1,384.0,1,1
1383,2,136.0,1,1
1383,3,130.0,1,1
1383,4,227.0,1,1
1383,5,370.0,1,1
1383,6,415.0,1,1
1383,7,218.0,1,1
1383,8,147.0,1,1
1383,9,250.0,1,1
1383,10,552.0,1,1
1383,11,500.0,1,1
1383,12,325.0,1,1
1383,13,560.0,1,1
1383,14,325.0,1,1
1383,15,463.0,1,1
1384,0,644.0,1,1
1384,1,425.0,1,1
1384,2,154.0,1,1
1384,3,94.0,1,1
1384,4,197.0,1,1
1384,5,295.0,1,1
1384,6,301.0,1,1
1384,7,169.0,1,1
1384,8,109.0,1,1
1384,9,214.0,1,1
1384,10,487.0,1,1
1384,11,492.0,1,1
1384,12,260.0,1,1
1384,13,508.0,1,1
1384,14,345.0,1,1
1384,15,471.0,1,1
1385,0,723.0,1,1
1385,1,449.0,1,1
1385,2,116.0,1,1
1385,3,211.0,1,1
1385,4,166.0,1,1
1385,5,472.0,1,1
1385,6,283.0,1,1
1385,7,253.0,1,1
1385,8,314.0,1,1
1385,9,213.0,1,1
1385,10,365.0,1,1
1385,11,471.0,1,1
1385,12,558.0,1,1
1385,13,442.0,1,1
1385,14,577.0,1,1
1385,15,643.0,1,1
1386,0,938.0,1,1
1386,1,398.0,1,1
1386,2,82.0,1,1
1386,3,417.0,1,1
1386,4,312.0,1,1
1386,5,608.0,1,1
1386,6,438.0,1,1
1386,7,592.0,1,1
1386,8,508.0,1,1
1386,9,299.0,1,1
1386,10,673.0,1,1
1386,11,435.0,1,1
1386,12,535.0,1,1
1386,13,586.0,1,1
1386,14,1093.0,1,1
1386,15,1012.0,1,1
1387,0,1153.0,1,1
1387,1,411.0,1,1
1387,2,40.0,1,1
1387,3,453.0,1,1
1387,4,412.0,1,1
1387,5,847.0,1,1
1387,6,406.0,1,1
1387,7,518.0,1,1
1387,8,524.0,1,1
1387,9,302.0,1,1
1387,10,608.0,1,1
1387,11,410.0,1,1
1387,12,650.0,1,1
1387,13,593.0,1,1
1387,14,940.0,1,1
1387,15,1174.0,1,1
1388,0,964.0,1,1
1388,1,336.0,1,1
1388,2,11.0,1,1
1388,3,579.0,1,1
1388,4,509.0,1,1
1388,5,707.0,1,1
1388,6,559.0,1,1
1388,7,623.0,1,1
1388,8,589.0,1,1
1388,9,459.0,1,1
1388,10,553.0,1,1
1388,11,456.0,1,1
1388,12,481.0,1,1
1388,13,691.0,1,1
1388,14,1321.0,1,1
1388,15,1459.0,1,1
1389,0,701.0,1,1
1389,1,318.0,1,1
1389,2,97.0,1,1
1389,3,171.0,1,1
1389,4,176.0,1,1
1389,5,443.0,1,1
1389,6,337.0,1,1
1389,7,205.0,1,1
1389,8,157.0,1,1
1389,9,208.0,1,1
1389,10,525.0,1,1
1389,11,390.0,1,1
1389,12,397.0,1,1
1389,13,376.0,1,1
1389,14,432.0,1,1
1389,15,484.0,1,1
1390,0,663.0,1,1
1390,1,388.0,1,1
1390,2,110.0,1,1
1390,3,312.0,1,1
1390,4,197.0,1,1
1390,5,675.0,1,1
1390,6,345.0,1,1
1390,7,226.0,1,1
1390,8,401.0,1,1
1390,9,229.0,1,1
1390,10,344.0,1,1
1390,11,780.0,1,1
1390,12,616.0,1,1
1390,13,398.0,1,1
1390,14,694.0,1,1
1390,15,489.0,1,1
1391,0,648.0,1,1
1391,1,441.0,1,1
1391,2,106.0,1,1
1391,3,413.0,1,1
1391,4,362.0,1,1
1391,5,725.0,1,1
1391,6,353.0,1,1
1391,7,372.0,1,1
1391,8,582.0,1,1
1391,9,249.0,1,1
1391,10,324.0,1,1
1391,11,760.0,1,1
1391,12,810.0,1,1
1391,13,682.0,1,1
1391,14,829.0,1,1
1391,15,987.0,1,1
1392,0,553.0,1,1
1392,1,397.0,1,1
1392,2,145.0,1,1
1392,3,347.0,1,1
1392,4,318.0,1,1
1392,5,602.0,1,1
1392,6,340.0,1,1
1392,7,343.0,1,1
1392,8,309.0,1,1
1392,9,291.0,1,1
1392,10,329.0,1,1
1392,11,652.0,1,1
1392,12,474.0,1,1
1392,13,712.0,1,1
1392,14,800.0,1,1
1392,15,793.0,1,1
1393,0,507.0,1,1
1393,1,334.0,1,1
1393,2,156.0,1,1
1393,3,108.0,1,1
1393,4,259.0,1,1
1393,5,260.0,1,1
1393,6,177.0,1,1
1393,7,251.0,1,1
1393,8,92.0,1,1
1393,9,332.0,1,1
1393,10,324.0,1,1
1393,11,664.0,1,1
1393,12,358.0,1,1
1393,13,475.0,1,1
1393,14,270.0,1,1
1393,15,153.0,1,1
1394,0,277.0,1,1
1394,1,160.0,1,1
1394,2,112.0,1,1
1394,3,87.0,1,1
1394,4,246.0,1,1
1394,5,248.0,1,1
1394,6,260.0,1,1
1394,7,278.0,1,1
1394,8,153.0,1,1
1394,9,356.0,1,1
1394,10,316.0,1,1
1394,11,548.0,1,1
1394,12,312.0,1,1
1394,13,470.0,1,1
1394,14,350.0,1,1
1394,15,198.0,1,1
1395,0,122.0,1,1
1395,1,84.0,1,1
1395,2,34.0,1,1
1395,3,51.0,1,1
1395,4,136.0,1,1
1395,5,202.0,1,1
1395,6,79.0,1,1
1395,7,213.0,1,1
1395,8,67.0,1,1
1395,9,291.0,1,1
1395,10,241.0,1,1
1395,11,278.0,1,1
1395,12,175.0,1,1
1395,13,384.0,1,1
1395,14,149.0,1,1
1395,15,111.0,1,1
1396,0,51.0,1,1
1396,1,29.0,1,1
1396,2,11.0,1,1
1396,3,34.0,1,1
1396,4,85.0,1,1
1396,5,144.0,1,1
1396,6,80.0,1,1
1396,7,186.0,1,1
1396,8,68.0,1,1
1396,9,260.0,1,1
1396,10,196.0,1,1
1396,11,192.0,1,1
1396,12,138.0,1,1
1396,13,293.0,1,1
1396,14,153.0,1,1
1396,15,83.0,1,1
1397,0,26.0,1,1
1397,1,18.0,1,1
1397,2,2.0,1,1
1397,3,12.0,1,1
1397,4,60.0,1,1
1397,5,81.0,1,1
1397,6,33.0,1,1
1397,7,204.0,1,1
1397,8,34.0,1,1
1397,9,233.0,1,1
1397,10,161.0,1,1
1397,11,80.0,1,1
1397,12,64.0,1,1
1397,13,146.0,1,1
1397,14,51.0,1,1
1397,15,19.0,1,1
1398,0,16.0,1,1
1398,1,9.0,1,1
1398,2,11.0,1,1
1398,3,6.0,1,1
1398,4,32.0,1,1
1398,5,56.0,1,1
1398,6,9.0,1,1
1398,7,157.0,1,1
1398,8,12.0,1,1
1398,9,172.0,1,1
1398,10,118.0,1,1
1398,11,76.0,1,1
1398,12,37.0,1,1
1398,13,90.0,1,1
1398,14,20.0,1,1
1398,15,10.0,1,1
1399,0,13.0,1,1
1399,1,11.0,1,1
1399,2,10.0,1,1
1399,3,3.0,1,1
1399,4,14.0,1,1
1399,5,34.0,1,1
1399,6,4.0,1,1
1399,7,125.0,1,1
1399,8,6.0,1,1
1399,9,126.0,1,1
1399,10,112.0,1,1
1399,11,36.0,1,1
1399,12,21.0,1,1
1399,13,60.0,1,1
1399,14,11.0,1,1
1399,15,4.0,1,1
1400,0,84.0,1,1
1400,1,60.0,1,1
1400,2,35.0,1,1
1400,3,19.0,1,1
1400,4,44.0,1,1
1400,5,73.0,1,1
1400,6,33.0,1,1
1400,7,136.0,1,1
1400,8,23.0,1,1
1400,9,170.0,1,1
1400,10,339.0,1,1
1400,11,124.0,1,1
1400,12,64.0,1,1
1400,13,127.0,1,1
1400,14,48.0,1,1
1400,15,22.0,1,1
1401,0,169.0,1,1
1401,1,144.0,1,1
1401,2,47.0,1,1
1401,3,80.0,1,1
1401,4,137.0,1,1
1401,5,233.0,1,1
1401,6,99.0,1,1
1401,7,242.0,1,1
1401,8,64.0,1,1
1401,9,278.0,1,1
1401,10,478.0,1,1
1401,11,316.0,1,1
1401,12,182.0,1,1
1401,13,463.0,1,1
1401,14,158.0,1,1
1401,15,134.0,1,1
1402,0,400.0,1,1
1402,1,264.0,1,1
1402,2,110.0,1,1
1402,3,182.0,1,1
1402,4,316.0,1,1
1402,5,453.0,1,1
1402,6,237.0,1,1
1402,7,313.0,1,1
1402,8,98.0,1,1
1402,9,368.0,1,1
1402,10,644.0,1,1
1402,11,419.0,1,1
1402,12,357.0,1,1
1402,13,579.0,1,1
1402,14,301.0,1,1
1402,15,256.0,1,1
1403,0,272.0,1,1
1403,1,194.0,1,1
1403,2,146.0,1,1
1403,3,73.0,1,1
1403,4,76.0,1,1
1403,5,157.0,1,1
1403,6,42.0,1,1
1403,7,108.0,1,1
1403,8,40.0,1,1
1403,9,147.0,1,1
1403,10,0.0,1,1
1403,11,434.0,1,1
1403,12,175.0,1,1
1403,13,336.0,1,1
1403,14,146.0,1,1
1403,15,190.0,1,1
1404,0,352.0,1,1
1404,1,223.0,1,1
1404,2,89.0,1,1
1404,3,76.0,1,1
1404,4,140.0,1,1
1404,5,220.0,1,1
1404,6,202.0,1,1
1404,7,206.0,1,1
1404,8,98.0,1,1
1404,9,295.0,1,1
1404,10,506.0,1,1
1404,11,383.0,1,1
1404,12,197.0,1,1
1404,13,377.0,1,1
1404,14,274.0,1,1
1404,15,157.0,1,1
1405,0,435.0,1,1
1405,1,213.0,1,1
1405,2,79.0,1,1
1405,3,106.0,1,1
1405,4,260.0,1,1
1405,5,326.0,1,1
1405,6,334.0,1,1
1405,7,303.0,1,1
1405,8,173.0,1,1
1405,9,343.0,1,1
1405,10,427.0,1,1
1405,11,448.0,1,1
1405,12,306.0,1,1
1405,13,505.0,1,1
1405,14,363.0,1,1
1405,15,215.0,1,1
1406,0,715.0,1,1
1406,1,294.0,1,1
1406,2,156.0,1,1
1406,3,136.0,1,1
1406,4,309.0,1,1
1406,5,292.0,1,1
1406,6,225.0,1,1
1406,7,230.0,1,1
1406,8,146.0,1,1
1406,9,366.0,1,1
1406,10,258.0,1,1
1406,11,505.0,1,1
1406,12,429.0,1,1
1406,13,649.0,1,1
1406,14,414.0,1,1
1406,15,368.0,1,1
1407,0,978.0,1,1
1407,1,373.0,1,1
1407,2,120.0,1,1
1407,3,157.0,1,1
1407,4,283.0,1,1
1407,5,395.0,1,1
1407,6,369.0,1,1
1407,7,357.0,1,1
1407,8,254.0,1,1
1407,9,468.0,1,1
1407,10,475.0,1,1
1407,11,476.0,1,1
1407,12,450.0,1,1
1407,13,958.0,1,1
1407,14,660.0,1,1
1407,15,557.0,1,1
1408,0,711.0,1,1
1408,1,262.0,1,1
1408,2,157.0,1,1
1408,3,117.0,1,1
1408,4,241.0,1,1
1408,5,273.0,1,1
1408,6,324.0,1,1
1408,7,307.0,1,1
1408,8,193.0,1,1
1408,9,367.0,1,1
1408,10,352.0,1,1
1408,11,409.0,1,1
1408,12,391.0,1,1
1408,13,597.0,1,1
1408,14,448.0,1,1
1408,15,322.0,1,1
1409,0,671.0,1,1
1409,1,334.0,1,1
1409,2,86.0,1,1
1409,3,297.0,1,1
1409,4,270.0,1,1
1409,5,349.0,1,1
1409,6,544.0,1,1
1409,7,192.0,1,1
1409,8,270.0,1,1
1409,9,352.0,1,1
1409,10,472.0,1,1
1409,11,543.0,1,1
1409,12,534.0,1,1
1409,13,920.0,1,1
1409,14,797.0,1,1
1409,15,667.0,1,1
1410,0,747.0,1,1
1410,1,344.0,1,1
1410,2,85.0,1,1
1410,3,418.0,1,1
1410,4,320.0,1,1
1410,5,461.0,1,1
1410,6,258.0,1,1
1410,7,152.0,1,1
1410,8,146.0,1,1
1410,9,311.0,1,1
1410,10,457.0,1,1
1410,11,497.0,1,1
1410,12,709.0,1,1
1410,13,1003.0,1,1
1410,14,687.0,1,1
1410,15,739.0,1,1
1411,0,767.0,1,1
1411,1,404.0,1,1
1411,2,127.0,1,1
1411,3,502.0,1,1
1411,4,363.0,1,1
1411,5,564.0,1,1
1411,6,510.0,1,1
1411,7,161.0,1,1
1411,8,210.0,1,1
1411,9,372.0,1,1
1411,10,453.0,1,1
1411,11,361.0,1,1
1411,12,838.0,1,1
1411,13,1023.0,1,1
1411,14,1071.0,1,1
1411,15,1182.0,1,1
1412,0,675.0,1,1
1412,1,325.0,1,1
1412,2,157.0,1,1
1412,3,387.0,1,1
1412,4,362.0,1,1
1412,5,412.0,1,1
1412,6,197.0,1,1
1412,7,118.0,1,1
1412,8,124.0,1,1
1412,9,256.0,1,1
1412,10,289.0,1,1
1412,11,498.0,1,1
1412,12,647.0,1,1
1412,13,779.0,1,1
1412,14,540.0,1,1
1412,15,620.0,1,1
1413,0,669.0,1,1
1413,1,301.0,1,1
1413,2,194.0,1,1
1413,3,165.0,1,1
1413,4,262.0,1,1
1413,5,332.0,1,1
1413,6,368.0,1,1
1413,7,204.0,1,1
1413,8,176.0,1,1
1413,9,326.0,1,1
1413,10,398.0,1,1
1413,11,474.0,1,1
1413,12,430.0,1,1
1413,13,609.0,1,1
1413,14,555.0,1,1
1413,15,476.0,1,1
1414,0,658.0,1,1
1414,1,435.0,1,1
1414,2,113.0,1,1
1414,3,247.0,1,1
1414,4,309.0,1,1
1414,5,374.0,1,1
1414,6,545.0,1,1
1414,7,189.0,1,1
1414,8,234.0,1,1
1414,9,310.0,1,1
1414,10,326.0,1,1
1414,11,732.0,1,1
1414,12,511.0,1,1
1414,13,661.0,1,1
1414,14,799.0,1,1
1414,15,495.0,1,1
1415,0,578.0,1,1
1415,1,445.0,1,1
1415,2,137.0,1,1
1415,3,327.0,1,1
1415,4,435.0,1,1
1415,5,431.0,1,1
1415,6,833.0,1,1
1415,7,253.0,1,1
1415,8,332.0,1,1
1415,9,430.0,1,1
1415,10,314.0,1,1
1415,11,704.0,1,1
1415,12,694.0,1,1
1415,13,974.0,1,1
1415,14,1119.0,1,1
1415,15,957.0,1,1
1416,0,508.0,1,1
1416,1,351.0,1,1
1416,2,142.0,1,1
1416,3,264.0,1,1
1416,4,403.0,1,1
1416,5,412.0,1,1
1416,6,400.0,1,1
1416,7,221.0,1,1
1416,8,219.0,1,1
1416,9,352.0,1,1
1416,10,252.0,1,1
1416,11,788.0,1,1
1416,12,602.0,1,1
1416,13,876.0,1,1
1416,14,694.0,1,1
1416,15,707.0,1,1
1417,0,413.0,1,1
1417,1,238.0,1,1
1417,2,142.0,1,1
1417,3,129.0,1,1
1417,4,140.0,1,1
1417,5,238.0,1,1
1417,6,181.0,1,1
1417,7,155.0,1,1
1417,8,111.0,1,1
1417,9,74.0,1,1
1417,10,293.0,1,1
1417,11,578.0,1,1
1417,12,360.0,1,1
1417,13,620.0,1,1
1417,14,253.0,1,1
1417,15,409.0,1,1
1418,0,238.0,1,1
1418,1,174.0,1,1
1418,2,82.0,1,1
1418,3,176.0,1,1
1418,4,153.0,1,1
1418,5,360.0,1,1
1418,6,294.0,1,1
1418,7,150.0,1,1
1418,8,161.0,1,1
1418,9,66.0,1,1
1418,10,275.0,1,1
1418,11,533.0,1,1
1418,12,425.0,1,1
1418,13,521.0,1,1
1418,14,363.0,1,1
1418,15,572.0,1,1
1419,0,343.0,1,1
1419,1,230.0,1,1
1419,2,124.0,1,1
1419,3,176.0,1,1
1419,4,126.0,1,1
1419,5,200.0,1,1
1419,6,155.0,1,1
1419,7,82.0,1,1
1419,8,105.0,1,1
1419,9,43.0,1,1
1419,10,227.0,1,1
1419,11,291.0,1,1
1419,12,280.0,1,1
1419,13,419.0,1,1
1419,14,219.0,1,1
1419,15,356.0,1,1
1420,0,404.0,1,1
1420,1,258.0,1,1
1420,2,143.0,1,1
1420,3,140.0,1,1
1420,4,90.0,1,1
1420,5,192.0,1,1
1420,6,140.0,1,1
1420,7,48.0,1,1
1420,8,99.0,1,1
1420,9,26.0,1,1
1420,10,224.0,1,1
1420,11,244.0,1,1
1420,12,206.0,1,1
1420,13,277.0,1,1
1420,14,206.0,1,1
1420,15,331.0,1,1
1421,0,450.0,1,1
1421,1,279.0,1,1
1421,2,149.0,1,1
1421,3,148.0,1,1
1421,4,44.0,1,1
1421,5,161.0,1,1
1421,6,89.0,1,1
1421,7,11.0,1,1
1421,8,65.0,1,1
1421,9,5.0,1,1
1421,10,187.0,1,1
1421,11,139.0,1,1
1421,12,173.0,1,1
1421,13,230.0,1,1
1421,14,82.0,1,1
1421,15,223.0,1,1
1422,0,479.0,1,1
1422,1,293.0,1,1
1422,2,161.0,1,1
1422,3,128.0,1,1
1422,4,25.0,1,1
1422,5,103.0,1,1
1422,6,49.0,1,1
1422,7,4.0,1,1
1422,8,37.0,1,1
1422,9,2.0,1,1
1422,10,158.0,1,1
1422,11,83.0,1,1
1422,12,109.0,1,1
1422,13,172.0,1,1
1422,14,35.0,1,1
1422,15,110.0,1,1
1423,0,504.0,1,1
1423,1,305.0,1,1
1423,2,171.0,1,1
1423,3,99.0,1,1
1423,4,15.0,1,1
1423,5,55.0,1,1
1423,6,29.0,1,1
1423,7,2.0,1,1
1423,8,21.0,1,1
1423,9,1.0,1,1
1423,10,122.0,1,1
1423,11,67.0,1,1
1423,12,69.0,1,1
1423,13,112.0,1,1
1423,14,17.0,1,1
1423,15,70.0,1,1
1424,0,603.0,1,1
1424,1,349.0,1,1
1424,2,201.0,1,1
1424,3,100.0,1,1
1424,4,38.0,1,1
1424,5,106.0,1,1
1424,6,60.0,1,1
1424,7,15.0,1,1
1424,8,50.0,1,1
1424,9,10.0,1,1
1424,10,216.0,1,1
1424,11,86.0,1,1
1424,12,99.0,1,1
1424,13,145.0,1,1
1424,14,49.0,1,1
1424,15,151.0,1,1
1425,0,718.0,1,1
1425,1,400.0,1,1
1425,2,242.0,1,1
1425,3,326.0,1,1
1425,4,111.0,1,1
1425,5,308.0,1,1
1425,6,188.0,1,1
1425,7,77.0,1,1
1425,8,134.0,1,1
1425,9,64.0,1,1
1425,10,243.0,1,1
1425,11,136.0,1,1
1425,12,296.0,1,1
1425,13,440.0,1,1
1425,14,211.0,1,1
1425,15,289.0,1,1
1426,0,856.0,1,1
1426,1,463.0,1,1
1426,2,286.0,1,1
1426,3,576.0,1,1
1426,4,229.0,1,1
1426,5,439.0,1,1
1426,6,307.0,1,1
1426,7,149.0,1,1
1426,8,163.0,1,1
1426,9,135.0,1,1
1426,10,269.0,1,1
1426,11,130.0,1,1
1426,12,367.0,1,1
1426,13,691.0,1,1
1426,14,274.0,1,1
1426,15,423.0,1,1
1427,0,1096.0,1,1
1427,1,554.0,1,1
1427,2,377.0,1,1
1427,3,84.0,1,1
1427,4,72.0,1,1
1427,5,166.0,1,1
1427,6,105.0,1,1
1427,7,70.0,1,1
1427,8,69.0,1,1
1427,9,97.0,1,1
1427,10,0.0,1,1
1427,11,226.0,1,1
1427,12,137.0,1,1
1427,13,193.0,1,1
1427,14,144.0,1,1
1427,15,153.0,1,1
1428,0,1420.0,1,1
1428,1,683.0,1,1
1428,2,431.0,1,1
1428,3,226.0,1,1
1428,4,86.0,1,1
1428,5,340.0,1,1
1428,6,242.0,1,1
1428,7,88.0,1,1
1428,8,168.0,1,1
1428,9,55.0,1,1
1428,10,330.0,1,1
1428,11,206.0,1,1
1428,12,274.0,1,1
1428,13,320.0,1,1
1428,14,262.0,1,1
1428,15,400.0,1,1
1429,0,1713.0,1,1
1429,1,846.0,1,1
1429,2,501.0,1,1
1429,3,336.0,1,1
1429,4,182.0,1,1
1429,5,438.0,1,1
1429,6,374.0,1,1
1429,7,168.0,1,1
1429,8,226.0,1,1
1429,9,78.0,1,1
1429,10,400.0,1,1
1429,11,264.0,1,1
1429,12,485.0,1,1
1429,13,550.0,1,1
1429,14,414.0,1,1
1429,15,576.0,1,1
1430,0,2152.0,1,1
1430,1,1079.0,1,1
1430,2,575.0,1,1
1430,3,126.0,1,1
1430,4,228.0,1,1
1430,5,406.0,1,1
1430,6,288.0,1,1
1430,7,202.0,1,1
1430,8,213.0,1,1
1430,9,138.0,1,1
1430,10,375.0,1,1
1430,11,377.0,1,1
1430,12,428.0,1,1
1430,13,620.0,1,1
1430,14,552.0,1,1
1430,15,588.0,1,1
1431,0,2720.0,1,1
1431,1,1392.0,1,1
1431,2,651.0,1,1
1431,3,369.0,1,1
1431,4,265.0,1,1
1431,5,496.0,1,1
1431,6,502.0,1,1
1431,7,249.0,1,1
1431,8,258.0,1,1
1431,9,193.0,1,1
1431,10,435.0,1,1
1431,11,557.0,1,1
1431,12,662.0,1,1
1431,13,700.0,1,1
1431,14,654.0,1,1
1431,15,795.0,1,1
1432,0,605.0,1,1
1432,1,326.0,1,1
1432,2,63.0,1,1
1432,3,232.0,1,1
1432,4,194.0,1,1
1432,5,452.0,1,1
1432,6,367.0,1,1
1432,7,199.0,1,1
1432,8,204.0,1,1
1432,9,157.0,1,1
1432,10,282.0,1,1
1432,11,482.0,1,1
1432,12,426.0,1,1
1432,13,517.0,1,1
1432,14,525.0,1,1
1432,15,611.0,1,1
1433,0,652.0,1,1
1433,1,343.0,1,1
1433,2,97.0,1,1
1433,3,78.0,1,1
1433,4,181.0,1,1
1433,5,342.0,1,1
1433,6,382.0,1,1
1433,7,501.0,1,1
1433,8,201.0,1,1
1433,9,407.0,1,1
1433,10,350.0,1,1
1433,11,545.0,1,1
1433,12,426.0,1,1
1433,13,474.0,1,1
1433,14,816.0,1,1
1433,15,679.0,1,1
1434,0,693.0,1,1
1434,1,359.0,1,1
1434,2,120.0,1,1
1434,3,48.0,1,1
1434,4,266.0,1,1
1434,5,280.0,1,1
1434,6,235.0,1,1
1434,7,576.0,1,1
1434,8,135.0,1,1
1434,9,636.0,1,1
1434,10,344.0,1,1
1434,11,480.0,1,1
1434,12,378.0,1,1
1434,13,621.0,1,1
1434,14,635.0,1,1
1434,15,517.0,1,1
1435,0,778.0,1,1
1435,1,362.0,1,1
1435,2,137.0,1,1
1435,3,70.0,1,1
1435,4,310.0,1,1
1435,5,374.0,1,1
1435,6,341.0,1,1
1435,7,770.0,1,1
1435,8,209.0,1,1
1435,9,883.0,1,1
1435,10,414.0,1,1
1435,11,502.0,1,1
1435,12,390.0,1,1
1435,13,538.0,1,1
1435,14,861.0,1,1
1435,15,630.0,1,1
1436,0,631.0,1,1
1436,1,343.0,1,1
1436,2,134.0,1,1
1436,3,44.0,1,1
1436,4,265.0,1,1
1436,5,322.0,1,1
1436,6,178.0,1,1
1436,7,463.0,1,1
1436,8,135.0,1,1
1436,9,619.0,1,1
1436,10,441.0,1,1
1436,11,497.0,1,1
1436,12,284.0,1,1
1436,13,602.0,1,1
1436,14,607.0,1,1
1436,15,447.0,1,1
1437,0,545.0,1,1
1437,1,259.0,1,1
1437,2,53.0,1,1
1437,3,132.0,1,1
1437,4,216.0,1,1
1437,5,335.0,1,1
1437,6,289.0,1,1
1437,7,270.0,1,1
1437,8,166.0,1,1
1437,9,173.0,1,1
1437,10,363.0,1,1
1437,11,439.0,1,1
1437,12,405.0,1,1
1437,13,451.0,1,1
1437,14,411.0,1,1
1437,15,575.0,1,1
1438,0,1039.0,1,1
1438,1,493.0,1,1
1438,2,159.0,1,1
1438,3,89.0,1,1
1438,4,180.0,1,1
1438,5,348.0,1,1
1438,6,340.0,1,1
1438,7,392.0,1,1
1438,8,194.0,1,1
1438,9,252.0,1,1
1438,10,288.0,1,1
1438,11,701.0,1,1
1438,12,417.0,1,1
1438,13,442.0,1,1
1438,14,572.0,1,1
1438,15,583.0,1,1
1439,0,652.0,1,1
1439,1,439.0,1,1
1439,2,165.0,1,1
1439,3,138.0,1,1
1439,4,281.0,1,1
1439,5,445.0,1,1
1439,6,566.0,1,1
1439,7,756.0,1,1
1439,8,234.0,1,1
1439,9,563.0,1,1
1439,10,333.0,1,1
1439,11,660.0,1,1
1439,12,541.0,1,1
1439,13,653.0,1,1
1439,14,999.0,1,1
1439,15,805.0,1,1
1440,0,544.0,1,1
1440,1,328.0,1,1
1440,2,139.0,1,1
1440,3,133.0,1,1
1440,4,296.0,1,1
1440,5,437.0,1,1
1440,6,331.0,1,1
1440,7,444.0,1,1
1440,8,212.0,1,1
1440,9,298.0,1,1
1440,10,321.0,1,1
1440,11,611.0,1,1
1440,12,441.0,1,1
1440,13,671.0,1,1
1440,14,701.0,1,1
1440,15,632.0,1,1
1441,0,418.0,1,1
1441,1,212.0,1,1
1441,2,135.0,1,1
1441,3,62.0,1,1
1441,4,191.0,1,1
1441,5,341.0,1,1
1441,6,154.0,1,1
1441,7,240.0,1,1
1441,8,139.0,1,1
1441,9,208.0,1,1
1441,10,248.0,1,1
1441,11,570.0,1,1
1441,12,173.0,1,1
1441,13,437.0,1,1
1441,14,465.0,1,1
1441,15,460.0,1,1
1442,0,235.0,1,1
1442,1,95.0,1,1
1442,2,67.0,1,1
1442,3,63.0,1,1
1442,4,133.0,1,1
1442,5,312.0,1,1
1442,6,138.0,1,1
1442,7,183.0,1,1
1442,8,120.0,1,1
1442,9,246.0,1,1
1442,10,222.0,1,1
1442,11,461.0,1,1
1442,12,125.0,1,1
1442,13,387.0,1,1
1442,14,358.0,1,1
1442,15,513.0,1,1
1443,0,84.0,1,1
1443,1,38.0,1,1
1443,2,36.0,1,1
1443,3,38.0,1,1
1443,4,103.0,1,1
1443,5,234.0,1,1
1443,6,77.0,1,1
1443,7,141.0,1,1
1443,8,87.0,1,1
1443,9,145.0,1,1
1443,10,218.0,1,1
1443,11,216.0,1,1
1443,12,118.0,1,1
1443,13,341.0,1,1
1443,14,335.0,1,1
1443,15,411.0,1,1
1444,0,57.0,1,1
1444,1,32.0,1,1
1444,2,12.0,1,1
1444,3,23.0,1,1
1444,4,73.0,1,1
1444,5,190.0,1,1
1444,6,55.0,1,1
1444,7,97.0,1,1
1444,8,81.0,1,1
1444,9,158.0,1,1
1444,10,185.0,1,1
1444,11,205.0,1,1
1444,12,76.0,1,1
1444,13,360.0,1,1
1444,14,225.0,1,1
1444,15,321.0,1,1
1445,0,20.0,1,1
1445,1,25.0,1,1
1445,2,6.0,1,1
1445,3,5.0,1,1
1445,4,49.0,1,1
1445,5,154.0,1,1
1445,6,22.0,1,1
1445,7,59.0,1,1
1445,8,61.0,1,1
1445,9,121.0,1,1
1445,10,158.0,1,1
1445,11,104.0,1,1
1445,12,19.0,1,1
1445,13,286.0,1,1
1445,14,101.0,1,1
1445,15,282.0,1,1
1446,0,14.0,1,1
1446,1,13.0,1,1
1446,2,15.0,1,1
1446,3,2.0,1,1
1446,4,43.0,1,1
1446,5,108.0,1,1
1446,6,15.0,1,1
1446,7,60.0,1,1
1446,8,51.0,1,1
1446,9,62.0,1,1
1446,10,103.0,1,1
1446,11,104.0,1,1
1446,12,11.0,1,1
1446,13,236.0,1,1
1446,14,89.0,1,1
1446,15,240.0,1,1
1447,0,22.0,1,1
1447,1,19.0,1,1
1447,2,9.0,1,1
1447,3,1.0,1,1
1447,4,28.0,1,1
1447,5,83.0,1,1
1447,6,9.0,1,1
1447,7,34.0,1,1
1447,8,34.0,1,1
1447,9,36.0,1,1
1447,10,102.0,1,1
1447,11,70.0,1,1
1447,12,6.0,1,1
1447,13,183.0,1,1
1447,14,56.0,1,1
1447,15,137.0,1,1
1448,0,151.0,1,1
1448,1,58.0,1,1
1448,2,18.0,1,1
1448,3,16.0,1,1
1448,4,65.0,1,1
1448,5,159.0,1,1
1448,6,42.0,1,1
1448,7,98.0,1,1
1448,8,65.0,1,1
1448,9,119.0,1,1
1448,10,434.0,1,1
1448,11,190.0,1,1
1448,12,40.0,1,1
1448,13,313.0,1,1
1448,14,146.0,1,1
1448,15,231.0,1,1
1449,0,343.0,1,1
1449,1,314.0,1,1
1449,2,62.0,1,1
1449,3,102.0,1,1
1449,4,224.0,1,1
1449,5,516.0,1,1
1449,6,282.0,1,1
1449,7,429.0,1,1
1449,8,175.0,1,1
1449,9,246.0,1,1
1449,10,592.0,1,1
1449,11,340.0,1,1
1449,12,215.0,1,1
1449,13,669.0,1,1
1449,14,572.0,1,1
1449,15,730.0,1,1
1450,0,588.0,1,1
1450,1,513.0,1,1
1450,2,205.0,1,1
1450,3,198.0,1,1
1450,4,331.0,1,1
1450,5,696.0,1,1
1450,6,412.0,1,1
1450,7,738.0,1,1
1450,8,201.0,1,1
1450,9,306.0,1,1
1450,10,833.0,1,1
1450,11,557.0,1,1
1450,12,357.0,1,1
1450,13,1022.0,1,1
1450,14,878.0,1,1
1450,15,1120.0,1,1
1451,0,455.0,1,1
1451,1,300.0,1,1
1451,2,161.0,1,1
1451,3,147.0,1,1
1451,4,181.0,1,1
1451,5,255.0,1,1
1451,6,306.0,1,1
1451,7,220.0,1,1
1451,8,129.0,1,1
1451,9,128.0,1,1
1451,10,0.0,1,1
1451,11,484.0,1,1
1451,12,182.0,1,1
1451,13,428.0,1,1
1451,14,545.0,1,1
1451,15,306.0,1,1
1452,0,475.0,1,1
1452,1,266.0,1,1
1452,2,202.0,1,1
1452,3,85.0,1,1
1452,4,120.0,1,1
1452,5,259.0,1,1
1452,6,165.0,1,1
1452,7,192.0,1,1
1452,8,117.0,1,1
1452,9,282.0,1,1
1452,10,660.0,1,1
1452,11,431.0,1,1
1452,12,132.0,1,1
1452,13,458.0,1,1
1452,14,284.0,1,1
1452,15,520.0,1,1
1453,0,600.0,1,1
1453,1,289.0,1,1
1453,2,163.0,1,1
1453,3,115.0,1,1
1453,4,176.0,1,1
1453,5,419.0,1,1
1453,6,205.0,1,1
1453,7,282.0,1,1
1453,8,153.0,1,1
1453,9,318.0,1,1
1453,10,496.0,1,1
1453,11,498.0,1,1
1453,12,169.0,1,1
1453,13,507.0,1,1
1453,14,453.0,1,1
1453,15,719.0,1,1
1454,0,695.0,1,1
1454,1,361.0,1,1
1454,2,104.0,1,1
1454,3,99.0,1,1
1454,4,182.0,1,1
1454,5,308.0,1,1
1454,6,206.0,1,1
1454,7,201.0,1,1
1454,8,147.0,1,1
1454,9,250.0,1,1
1454,10,416.0,1,1
1454,11,504.0,1,1
1454,12,301.0,1,1
1454,13,422.0,1,1
1454,14,689.0,1,1
1454,15,468.0,1,1
1455,0,641.0,1,1
1455,1,392.0,1,1
1455,2,111.0,1,1
1455,3,143.0,1,1
1455,4,196.0,1,1
1455,5,481.0,1,1
1455,6,269.0,1,1
1455,7,245.0,1,1
1455,8,183.0,1,1
1455,9,347.0,1,1
1455,10,510.0,1,1
1455,11,607.0,1,1
1455,12,249.0,1,1
1455,13,600.0,1,1
1455,14,708.0,1,1
1455,15,856.0,1,1
1456,0,774.0,1,1
1456,1,427.0,1,1
1456,2,84.0,1,1
1456,3,144.0,1,1
1456,4,165.0,1,1
1456,5,364.0,1,1
1456,6,190.0,1,1
1456,7,172.0,1,1
1456,8,150.0,1,1
1456,9,294.0,1,1
1456,10,391.0,1,1
1456,11,458.0,1,1
1456,12,243.0,1,1
1456,13,477.0,1,1
1456,14,487.0,1,1
1456,15,645.0,1,1
1457,0,797.0,1,1
1457,1,482.0,1,1
1457,2,115.0,1,1
1457,3,222.0,1,1
1457,4,189.0,1,1
1457,5,332.0,1,1
1457,6,364.0,1,1
1457,7,113.0,1,1
1457,8,138.0,1,1
1457,9,286.0,1,1
1457,10,297.0,1,1
1457,11,508.0,1,1
1457,12,414.0,1,1
1457,13,306.0,1,1
1457,14,512.0,1,1
1457,15,390.0,1,1
1458,0,951.0,1,1
1458,1,503.0,1,1
1458,2,53.0,1,1
1458,3,267.0,1,1
1458,4,226.0,1,1
1458,5,374.0,1,1
1458,6,465.0,1,1
1458,7,201.0,1,1
1458,8,128.0,1,1
1458,9,200.0,1,1
1458,10,373.0,1,1
1458,11,470.0,1,1
1458,12,1009.0,1,1
1458,13,260.0,1,1
1458,14,965.0,1,1
1458,15,268.0,1,1
1459,0,1234.0,1,1
1459,1,447.0,1,1
1459,2,18.0,1,1
1459,3,451.0,1,1
1459,4,237.0,1,1
1459,5,306.0,1,1
1459,6,525.0,1,1
1459,7,206.0,1,1
1459,8,139.0,1,1
1459,9,291.0,1,1
1459,10,622.0,1,1
1459,11,442.0,1,1
1459,12,1042.0,1,1
1459,13,358.0,1,1
1459,14,982.0,1,1
1459,15,350.0,1,1
1460,0,2302.0,1,1
1460,1,777.0,1,1
1460,2,20.0,1,1
1460,3,337.0,1,1
1460,4,225.0,1,1
1460,5,304.0,1,1
1460,6,498.0,1,1
1460,7,249.0,1,1
1460,8,127.0,1,1
1460,9,210.0,1,1
1460,10,433.0,1,1
1460,11,398.0,1,1
1460,12,1525.0,1,1
1460,13,276.0,1,1
1460,14,1142.0,1,1
1460,15,243.0,1,1
1461,0,651.0,1,1
1461,1,313.0,1,1
1461,2,64.0,1,1
1461,3,135.0,1,1
1461,4,180.0,1,1
1461,5,392.0,1,1
1461,6,291.0,1,1
1461,7,212.0,1,1
1461,8,140.0,1,1
1461,9,277.0,1,1
1461,10,496.0,1,1
1461,11,406.0,1,1
1461,12,307.0,1,1
1461,13,454.0,1,1
1461,14,624.0,1,1
1461,15,489.0,1,1
1462,0,660.0,1,1
1462,1,340.0,1,1
1462,2,129.0,1,1
1462,3,270.0,1,1
1462,4,204.0,1,1
1462,5,377.0,1,1
1462,6,469.0,1,1
1462,7,174.0,1,1
1462,8,152.0,1,1
1462,9,325.0,1,1
1462,10,296.0,1,1
1462,11,677.0,1,1
1462,12,373.0,1,1
1462,13,350.0,1,1
1462,14,505.0,1,1
1462,15,399.0,1,1
1463,0,565.0,1,1
1463,1,416.0,1,1
1463,2,166.0,1,1
1463,3,479.0,1,1
1463,4,282.0,1,1
1463,5,409.0,1,1
1463,6,522.0,1,1
1463,7,221.0,1,1
1463,8,164.0,1,1
1463,9,367.0,1,1
1463,10,313.0,1,1
1463,11,702.0,1,1
1463,12,550.0,1,1
1463,13,406.0,1,1
1463,14,625.0,1,1
1463,15,565.0,1,1
1464,0,524.0,1,1
1464,1,349.0,1,1
1464,2,161.0,1,1
1464,3,230.0,1,1
1464,4,230.0,1,1
1464,5,392.0,1,1
1464,6,395.0,1,1
1464,7,271.0,1,1
1464,8,150.0,1,1
1464,9,317.0,1,1
1464,10,281.0,1,1
1464,11,644.0,1,1
1464,12,512.0,1,1
1464,13,471.0,1,1
1464,14,807.0,1,1
1464,15,494.0,1,1
1465,0,424.0,1,1
1465,1,292.0,1,1
1465,2,146.0,1,1
1465,3,107.0,1,1
1465,4,220.0,1,1
1465,5,316.0,1,1
1465,6,192.0,1,1
1465,7,203.0,1,1
1465,8,123.0,1,1
1465,9,277.0,1,1
1465,10,311.0,1,1
1465,11,558.0,1,1
1465,12,644.0,1,1
1465,13,382.0,1,1
1465,14,131.0,1,1
1465,15,573.0,1,1
1466,0,222.0,1,1
1466,1,128.0,1,1
1466,2,112.0,1,1
1466,3,133.0,1,1
1466,4,209.0,1,1
1466,5,294.0,1,1
1466,6,145.0,1,1
1466,7,172.0,1,1
1466,8,103.0,1,1
1466,9,199.0,1,1
1466,10,267.0,1,1
1466,11,392.0,1,1
1466,12,269.0,1,1
1466,13,447.0,1,1
1466,14,93.0,1,1
1466,15,487.0,1,1
1467,0,76.0,1,1
1467,1,66.0,1,1
1467,2,24.0,1,1
1467,3,65.0,1,1
1467,4,189.0,1,1
1467,5,173.0,1,1
1467,6,104.0,1,1
1467,7,158.0,1,1
1467,8,78.0,1,1
1467,9,190.0,1,1
1467,10,207.0,1,1
1467,11,200.0,1,1
1467,12,338.0,1,1
1467,13,273.0,1,1
1467,14,57.0,1,1
1467,15,433.0,1,1
1468,0,47.0,1,1
1468,1,40.0,1,1
1468,2,5.0,1,1
1468,3,56.0,1,1
1468,4,209.0,1,1
1468,5,153.0,1,1
1468,6,69.0,1,1
1468,7,135.0,1,1
1468,8,58.0,1,1
1468,9,132.0,1,1
1468,10,191.0,1,1
1468,11,128.0,1,1
1468,12,210.0,1,1
1468,13,297.0,1,1
1468,14,26.0,1,1
1468,15,294.0,1,1
1469,0,33.0,1,1
1469,1,29.0,1,1
1469,2,7.0,1,1
1469,3,28.0,1,1
1469,4,159.0,1,1
1469,5,83.0,1,1
1469,6,27.0,1,1
1469,7,99.0,1,1
1469,8,25.0,1,1
1469,9,100.0,1,1
1469,10,180.0,1,1
1469,11,62.0,1,1
1469,12,126.0,1,1
1469,13,165.0,1,1
1469,14,3.0,1,1
1469,15,228.0,1,1
1470,0,24.0,1,1
1470,1,11.0,1,1
1470,2,0.0,1,1
1470,3,12.0,1,1
1470,4,123.0,1,1
1470,5,54.0,1,1
1470,6,24.0,1,1
1470,7,77.0,1,1
1470,8,18.0,1,1
1470,9,86.0,1,1
1470,10,131.0,1,1
1470,11,76.0,1,1
1470,12,156.0,1,1
1470,13,90.0,1,1
1470,14,2.0,1,1
1470,15,214.0,1,1
1471,0,19.0,1,1
1471,1,10.0,1,1
1471,2,11.0,1,1
1471,3,8.0,1,1
1471,4,99.0,1,1
1471,5,36.0,1,1
1471,6,14.0,1,1
1471,7,61.0,1,1
1471,8,11.0,1,1
1471,9,56.0,1,1
1471,10,157.0,1,1
1471,11,47.0,1,1
1471,12,92.0,1,1
1471,13,50.0,1,1
1471,14,1.0,1,1
1471,15,130.0,1,1
1472,0,160.0,1,1
1472,1,86.0,1,1
1472,2,38.0,1,1
1472,3,44.0,1,1
1472,4,164.0,1,1
1472,5,116.0,1,1
1472,6,62.0,1,1
1472,7,120.0,1,1
1472,8,51.0,1,1
1472,9,132.0,1,1
1472,10,413.0,1,1
1472,11,110.0,1,1
1472,12,174.0,1,1
1472,13,191.0,1,1
1472,14,14.0,1,1
1472,15,334.0,1,1
1473,0,280.0,1,1
1473,1,281.0,1,1
1473,2,61.0,1,1
1473,3,215.0,1,1
1473,4,316.0,1,1
1473,5,326.0,1,1
1473,6,269.0,1,1
1473,7,328.0,1,1
1473,8,182.0,1,1
1473,9,316.0,1,1
1473,10,540.0,1,1
1473,11,331.0,1,1
1473,12,789.0,1,1
1473,13,556.0,1,1
1473,14,200.0,1,1
1473,15,937.0,1,1
1474,0,714.0,1,1
1474,1,640.0,1,1
1474,2,197.0,1,1
1474,3,320.0,1,1
1474,4,351.0,1,1
1474,5,453.0,1,1
1474,6,426.0,1,1
1474,7,443.0,1,1
1474,8,211.0,1,1
1474,9,496.0,1,1
1474,10,761.0,1,1
1474,11,557.0,1,1
1474,12,1220.0,1,1
1474,13,643.0,1,1
1474,14,510.0,1,1
1474,15,1342.0,1,1
1475,0,407.0,1,1
1475,1,295.0,1,1
1475,2,155.0,1,1
1475,3,162.0,1,1
1475,4,152.0,1,1
1475,5,325.0,1,1
1475,6,292.0,1,1
1475,7,215.0,1,1
1475,8,166.0,1,1
1475,9,164.0,1,1
1475,10,0.0,1,1
1475,11,493.0,1,1
1475,12,548.0,1,1
1475,13,307.0,1,1
1475,14,262.0,1,1
1475,15,416.0,1,1
1476,0,403.0,1,1
1476,1,238.0,1,1
1476,2,167.0,1,1
1476,3,141.0,1,1
1476,4,201.0,1,1
1476,5,235.0,1,1
1476,6,130.0,1,1
1476,7,184.0,1,1
1476,8,118.0,1,1
1476,9,194.0,1,1
1476,10,582.0,1,1
1476,11,410.0,1,1
1476,12,243.0,1,1
1476,13,547.0,1,1
1476,14,107.0,1,1
1476,15,562.0,1,1
1477,0,540.0,1,1
1477,1,298.0,1,1
1477,2,173.0,1,1
1477,3,246.0,1,1
1477,4,258.0,1,1
1477,5,356.0,1,1
1477,6,201.0,1,1
1477,7,270.0,1,1
1477,8,144.0,1,1
1477,9,237.0,1,1
1477,10,498.0,1,1
1477,11,424.0,1,1
1477,12,360.0,1,1
1477,13,890.0,1,1
1477,14,138.0,1,1
1477,15,729.0,1,1
1478,0,583.0,1,1
1478,1,284.0,1,1
1478,2,150.0,1,1
1478,3,155.0,1,1
1478,4,246.0,1,1
1478,5,322.0,1,1
1478,6,233.0,1,1
1478,7,190.0,1,1
1478,8,140.0,1,1
1478,9,237.0,1,1
1478,10,349.0,1,1
1478,11,533.0,1,1
1478,12,575.0,1,1
1478,13,478.0,1,1
1478,14,195.0,1,1
1478,15,434.0,1,1
1479,0,544.0,1,1
1479,1,334.0,1,1
1479,2,211.0,1,1
1479,3,204.0,1,1
1479,4,301.0,1,1
1479,5,435.0,1,1
1479,6,235.0,1,1
1479,7,308.0,1,1
1479,8,148.0,1,1
1479,9,276.0,1,1
1479,10,640.0,1,1
1479,11,520.0,1,1
1479,12,507.0,1,1
1479,13,678.0,1,1
1479,14,224.0,1,1
1479,15,656.0,1,1
1480,0,629.0,1,1
1480,1,330.0,1,1
1480,2,217.0,1,1
1480,3,232.0,1,1
1480,4,271.0,1,1
1480,5,380.0,1,1
1480,6,199.0,1,1
1480,7,237.0,1,1
1480,8,140.0,1,1
1480,9,246.0,1,1
1480,10,666.0,1,1
1480,11,441.0,1,1
1480,12,366.0,1,1
1480,13,814.0,1,1
1480,14,216.0,1,1
1480,15,466.0,1,1
1481,0,566.0,1,1
1481,1,251.0,1,1
1481,2,199.0,1,1
1481,3,239.0,1,1
1481,4,178.0,1,1
1481,5,396.0,1,1
1481,6,262.0,1,1
1481,7,155.0,1,1
1481,8,186.0,1,1
1481,9,252.0,1,1
1481,10,388.0,1,1
1481,11,437.0,1,1
1481,12,287.0,1,1
1481,13,706.0,1,1
1481,14,473.0,1,1
1481,15,367.0,1,1
1482,0,970.0,1,1
1482,1,395.0,1,1
1482,2,89.0,1,1
1482,3,192.0,1,1
1482,4,177.0,1,1
1482,5,362.0,1,1
1482,6,399.0,1,1
1482,7,136.0,1,1
1482,8,223.0,1,1
1482,9,339.0,1,1
1482,10,540.0,1,1
1482,11,421.0,1,1
1482,12,537.0,1,1
1482,13,356.0,1,1
1482,14,1036.0,1,1
1482,15,456.0,1,1
1483,0,1245.0,1,1
1483,1,368.0,1,1
1483,2,34.0,1,1
1483,3,251.0,1,1
1483,4,179.0,1,1
1483,5,474.0,1,1
1483,6,473.0,1,1
1483,7,170.0,1,1
1483,8,276.0,1,1
1483,9,336.0,1,1
1483,10,569.0,1,1
1483,11,379.0,1,1
1483,12,531.0,1,1
1483,13,616.0,1,1
1483,14,1595.0,1,1
1483,15,442.0,1,1
1484,0,2232.0,1,1
1484,1,681.0,1,1
1484,2,42.0,1,1
1484,3,237.0,1,1
1484,4,182.0,1,1
1484,5,401.0,1,1
1484,6,545.0,1,1
1484,7,139.0,1,1
1484,8,260.0,1,1
1484,9,291.0,1,1
1484,10,564.0,1,1
1484,11,404.0,1,1
1484,12,969.0,1,1
1484,13,411.0,1,1
1484,14,1829.0,1,1
1484,15,449.0,1,1
1485,0,671.0,1,1
1485,1,262.0,1,1
1485,2,72.0,1,1
1485,3,172.0,1,1
1485,4,188.0,1,1
1485,5,396.0,1,1
1485,6,227.0,1,1
1485,7,248.0,1,1
1485,8,159.0,1,1
1485,9,238.0,1,1
1485,10,491.0,1,1
1485,11,437.0,1,1
1485,12,363.0,1,1
1485,13,550.0,1,1
1485,14,229.0,1,1
1485,15,480.0,1,1
1486,0,742.0,1,1
1486,1,390.0,1,1
1486,2,106.0,1,1
1486,3,323.0,1,1
1486,4,189.0,1,1
1486,5,408.0,1,1
1486,6,266.0,1,1
1486,7,201.0,1,1
1486,8,221.0,1,1
1486,9,235.0,1,1
1486,10,322.0,1,1
1486,11,750.0,1,1
1486,12,296.0,1,1
1486,13,752.0,1,1
1486,14,447.0,1,1
1486,15,559.0,1,1
1487,0,686.0,1,1
1487,1,462.0,1,1
1487,2,149.0,1,1
1487,3,313.0,1,1
1487,4,220.0,1,1
1487,5,469.0,1,1
1487,6,390.0,1,1
1487,7,216.0,1,1
1487,8,279.0,1,1
1487,9,340.0,1,1
1487,10,318.0,1,1
1487,11,799.0,1,1
1487,12,407.0,1,1
1487,13,952.0,1,1
1487,14,1189.0,1,1
1487,15,629.0,1,1
1488,0,599.0,1,1
1488,1,380.0,1,1
1488,2,150.0,1,1
1488,3,221.0,1,1
1488,4,212.0,1,1
1488,5,474.0,1,1
1488,6,360.0,1,1
1488,7,240.0,1,1
1488,8,220.0,1,1
1488,9,263.0,1,1
1488,10,276.0,1,1
1488,11,757.0,1,1
1488,12,665.0,1,1
1488,13,673.0,1,1
1488,14,572.0,1,1
1488,15,603.0,1,1
1489,0,484.0,1,1
1489,1,364.0,1,1
1489,2,129.0,1,1
1489,3,162.0,1,1
1489,4,82.0,1,1
1489,5,167.0,1,1
1489,6,322.0,1,1
1489,7,47.0,1,1
1489,8,160.0,1,1
1489,9,388.0,1,1
1489,10,313.0,1,1
1489,11,640.0,1,1
1489,12,400.0,1,1
1489,13,279.0,1,1
1489,14,273.0,1,1
1489,15,392.0,1,1
1490,0,302.0,1,1
1490,1,114.0,1,1
1490,2,77.0,1,1
1490,3,119.0,1,1
1490,4,50.0,1,1
1490,5,158.0,1,1
1490,6,248.0,1,1
1490,7,43.0,1,1
1490,8,118.0,1,1
1490,9,293.0,1,1
1490,10,250.0,1,1
1490,11,479.0,1,1
1490,12,224.0,1,1
1490,13,344.0,1,1
1490,14,259.0,1,1
1490,15,229.0,1,1
1491,0,101.0,1,1
1491,1,53.0,1,1
1491,2,18.0,1,1
1491,3,132.0,1,1
1491,4,24.0,1,1
1491,5,61.0,1,1
1491,6,138.0,1,1
1491,7,19.0,1,1
1491,8,124.0,1,1
1491,9,181.0,1,1
1491,10,193.0,1,1
1491,11,202.0,1,1
1491,12,172.0,1,1
1491,13,271.0,1,1
1491,14,224.0,1,1
1491,15,254.0,1,1
1492,0,40.0,1,1
1492,1,28.0,1,1
1492,2,4.0,1,1
1492,3,97.0,1,1
1492,4,13.0,1,1
1492,5,50.0,1,1
1492,6,98.0,1,1
1492,7,9.0,1,1
1492,8,105.0,1,1
1492,9,129.0,1,1
1492,10,191.0,1,1
1492,11,160.0,1,1
1492,12,109.0,1,1
1492,13,243.0,1,1
1492,14,184.0,1,1
1492,15,139.0,1,1
1493,0,31.0,1,1
1493,1,28.0,1,1
1493,2,3.0,1,1
1493,3,66.0,1,1
1493,4,3.0,1,1
1493,5,11.0,1,1
1493,6,42.0,1,1
1493,7,1.0,1,1
1493,8,101.0,1,1
1493,9,56.0,1,1
1493,10,156.0,1,1
1493,11,103.0,1,1
1493,12,49.0,1,1
1493,13,133.0,1,1
1493,14,87.0,1,1
1493,15,53.0,1,1
1494,0,15.0,1,1
1494,1,18.0,1,1
1494,2,3.0,1,1
1494,3,77.0,1,1
1494,4,1.0,1,1
1494,5,4.0,1,1
1494,6,21.0,1,1
1494,7,0.0,1,1
1494,8,96.0,1,1
1494,9,30.0,1,1
1494,10,137.0,1,1
1494,11,94.0,1,1
1494,12,63.0,1,1
1494,13,89.0,1,1
1494,14,67.0,1,1
1494,15,57.0,1,1
1495,0,35.0,1,1
1495,1,9.0,1,1
1495,2,12.0,1,1
1495,3,53.0,1,1
1495,4,1.0,1,1
1495,5,2.0,1,1
1495,6,10.0,1,1
1495,7,0.0,1,1
1495,8,68.0,1,1
1495,9,15.0,1,1
1495,10,96.0,1,1
1495,11,58.0,1,1
1495,12,28.0,1,1
1495,13,62.0,1,1
1495,14,41.0,1,1
1495,15,36.0,1,1
1496,0,172.0,1,1
1496,1,95.0,1,1
1496,2,53.0,1,1
1496,3,85.0,1,1
1496,4,7.0,1,1
1496,5,27.0,1,1
1496,6,54.0,1,1
1496,7,4.0,1,1
1496,8,108.0,1,1
1496,9,104.0,1,1
1496,10,481.0,1,1
1496,11,122.0,1,1
1496,12,94.0,1,1
1496,13,163.0,1,1
1496,14,167.0,1,1
1496,15,133.0,1,1
1497,0,305.0,1,1
1497,1,302.0,1,1
1497,2,75.0,1,1
1497,3,302.0,1,1
1497,4,66.0,1,1
1497,5,151.0,1,1
1497,6,259.0,1,1
1497,7,61.0,1,1
1497,8,329.0,1,1
1497,9,385.0,1,1
1497,10,530.0,1,1
1497,11,385.0,1,1
1497,12,615.0,1,1
1497,13,851.0,1,1
1497,14,608.0,1,1
1497,15,674.0,1,1
1498,0,646.0,1,1
1498,1,477.0,1,1
1498,2,188.0,1,1
1498,3,445.0,1,1
1498,4,132.0,1,1
1498,5,274.0,1,1
1498,6,486.0,1,1
1498,7,109.0,1,1
1498,8,524.0,1,1
1498,9,821.0,1,1
1498,10,680.0,1,1
1498,11,520.0,1,1
1498,12,1077.0,1,1
1498,13,872.0,1,1
1498,14,1010.0,1,1
1498,15,1307.0,1,1
1499,0,473.0,1,1
1499,1,259.0,1,1
1499,2,172.0,1,1
1499,3,152.0,1,1
1499,4,102.0,1,1
1499,5,187.0,1,1
1499,6,179.0,1,1
1499,7,82.0,1,1
1499,8,116.0,1,1
1499,9,208.0,1,1
1499,10,0.0,1,1
1499,11,442.0,1,1
1499,12,443.0,1,1
1499,13,554.0,1,1
1499,14,527.0,1,1
1499,15,483.0,1,1
1500,0,462.0,1,1
1500,1,260.0,1,1
1500,2,190.0,1,1
1500,3,115.0,1,1
1500,4,46.0,1,1
1500,5,162.0,1,1
1500,6,190.0,1,1
1500,7,32.0,1,1
1500,8,163.0,1,1
1500,9,283.0,1,1
1500,10,646.0,1,1
1500,11,425.0,1,1
1500,12,178.0,1,1
1500,13,486.0,1,1
1500,14,339.0,1,1
1500,15,188.0,1,1
1501,0,614.0,1,1
1501,1,285.0,1,1
1501,2,179.0,1,1
1501,3,146.0,1,1
1501,4,54.0,1,1
1501,5,177.0,1,1
1501,6,331.0,1,1
1501,7,61.0,1,1
1501,8,224.0,1,1
1501,9,435.0,1,1
1501,10,629.0,1,1
1501,11,437.0,1,1
1501,12,278.0,1,1
1501,13,757.0,1,1
1501,14,441.0,1,1
1501,15,280.0,1,1
1502,0,640.0,1,1
1502,1,337.0,1,1
1502,2,206.0,1,1
1502,3,154.0,1,1
1502,4,79.0,1,1
1502,5,218.0,1,1
1502,6,318.0,1,1
1502,7,67.0,1,1
1502,8,115.0,1,1
1502,9,281.0,1,1
1502,10,559.0,1,1
1502,11,489.0,1,1
1502,12,492.0,1,1
1502,13,510.0,1,1
1502,14,312.0,1,1
1502,15,460.0,1,1
1503,0,631.0,1,1
1503,1,368.0,1,1
1503,2,186.0,1,1
1503,3,176.0,1,1
1503,4,103.0,1,1
1503,5,324.0,1,1
1503,6,431.0,1,1
1503,7,112.0,1,1
1503,8,207.0,1,1
1503,9,390.0,1,1
1503,10,455.0,1,1
1503,11,452.0,1,1
1503,12,319.0,1,1
1503,13,707.0,1,1
1503,14,547.0,1,1
1503,15,415.0,1,1
1504,0,615.0,1,1
1504,1,368.0,1,1
1504,2,250.0,1,1
1504,3,127.0,1,1
1504,4,81.0,1,1
1504,5,264.0,1,1
1504,6,286.0,1,1
1504,7,84.0,1,1
1504,8,170.0,1,1
1504,9,365.0,1,1
1504,10,609.0,1,1
1504,11,451.0,1,1
1504,12,286.0,1,1
1504,13,609.0,1,1
1504,14,389.0,1,1
1504,15,293.0,1,1
1505,0,744.0,1,1
1505,1,387.0,1,1
1505,2,287.0,1,1
1505,3,78.0,1,1
1505,4,259.0,1,1
1505,5,685.0,1,1
1505,6,554.0,1,1
1505,7,380.0,1,1
1505,8,77.0,1,1
1505,9,464.0,1,1
1505,10,662.0,1,1
1505,11,432.0,1,1
1505,12,237.0,1,1
1505,13,487.0,1,1
1505,14,418.0,1,1
1505,15,369.0,1,1
1506,0,861.0,1,1
1506,1,368.0,1,1
1506,2,103.0,1,1
1506,3,140.0,1,1
1506,4,535.0,1,1
1506,5,744.0,1,1
1506,6,632.0,1,1
1506,7,673.0,1,1
1506,8,74.0,1,1
1506,9,406.0,1,1
1506,10,581.0,1,1
1506,11,420.0,1,1
1506,12,416.0,1,1
1506,13,382.0,1,1
1506,14,484.0,1,1
1506,15,728.0,1,1
1507,0,1220.0,1,1
1507,1,383.0,1,1
1507,2,37.0,1,1
1507,3,134.0,1,1
1507,4,625.0,1,1
1507,5,1085.0,1,1
1507,6,609.0,1,1
1507,7,698.0,1,1
1507,8,73.0,1,1
1507,9,494.0,1,1
1507,10,575.0,1,1
1507,11,449.0,1,1
1507,12,442.0,1,1
1507,13,529.0,1,1
1507,14,604.0,1,1
1507,15,765.0,1,1
1508,0,2150.0,1,1
1508,1,711.0,1,1
1508,2,42.0,1,1
1508,3,158.0,1,1
1508,4,509.0,1,1
1508,5,834.0,1,1
1508,6,542.0,1,1
1508,7,739.0,1,1
1508,8,80.0,1,1
1508,9,434.0,1,1
1508,10,558.0,1,1
1508,11,396.0,1,1
1508,12,781.0,1,1
1508,13,507.0,1,1
1508,14,549.0,1,1
1508,15,1219.0,1,1
1509,0,646.0,1,1
1509,1,307.0,1,1
1509,2,61.0,1,1
1509,3,119.0,1,1
1509,4,147.0,1,1
1509,5,359.0,1,1
1509,6,511.0,1,1
1509,7,145.0,1,1
1509,8,112.0,1,1
1509,9,419.0,1,1
1509,10,547.0,1,1
1509,11,464.0,1,1
1509,12,242.0,1,1
1509,13,527.0,1,1
1509,14,461.0,1,1
1509,15,306.0,1,1
1510,0,769.0,1,1
1510,1,396.0,1,1
1510,2,125.0,1,1
1510,3,103.0,1,1
1510,4,272.0,1,1
1510,5,755.0,1,1
1510,6,623.0,1,1
1510,7,381.0,1,1
1510,8,96.0,1,1
1510,9,625.0,1,1
1510,10,369.0,1,1
1510,11,728.0,1,1
1510,12,217.0,1,1
1510,13,617.0,1,1
1510,14,527.0,1,1
1510,15,332.0,1,1
1511,0,649.0,1,1
1511,1,416.0,1,1
1511,2,102.0,1,1
1511,3,139.0,1,1
1511,4,436.0,1,1
1511,5,1106.0,1,1
1511,6,711.0,1,1
1511,7,668.0,1,1
1511,8,115.0,1,1
1511,9,875.0,1,1
1511,10,361.0,1,1
1511,11,651.0,1,1
1511,12,445.0,1,1
1511,13,601.0,1,1
1511,14,659.0,1,1
1511,15,727.0,1,1
1512,0,567.0,1,1
1512,1,368.0,1,1
1512,2,174.0,1,1
1512,3,157.0,1,1
1512,4,242.0,1,1
1512,5,517.0,1,1
1512,6,580.0,1,1
1512,7,299.0,1,1
1512,8,146.0,1,1
1512,9,511.0,1,1
1512,10,291.0,1,1
1512,11,675.0,1,1
1512,12,572.0,1,1
1512,13,597.0,1,1
1512,14,519.0,1,1
1512,15,663.0,1,1
1513,0,442.0,1,1
1513,1,243.0,1,1
1513,2,157.0,1,1
1513,3,74.0,1,1
1513,4,140.0,1,1
1513,5,313.0,1,1
1513,6,268.0,1,1
1513,7,171.0,1,1
1513,8,124.0,1,1
1513,9,169.0,1,1
1513,10,318.0,1,1
1513,11,494.0,1,1
1513,12,228.0,1,1
1513,13,478.0,1,1
1513,14,407.0,1,1
1513,15,393.0,1,1
1514,0,288.0,1,1
1514,1,120.0,1,1
1514,2,76.0,1,1
1514,3,95.0,1,1
1514,4,102.0,1,1
1514,5,311.0,1,1
1514,6,160.0,1,1
1514,7,146.0,1,1
1514,8,94.0,1,1
1514,9,132.0,1,1
1514,10,265.0,1,1
1514,11,354.0,1,1
1514,12,266.0,1,1
1514,13,568.0,1,1
1514,14,246.0,1,1
1514,15,287.0,1,1
1515,0,88.0,1,1
1515,1,75.0,1,1
1515,2,33.0,1,1
1515,3,64.0,1,1
1515,4,73.0,1,1
1515,5,221.0,1,1
1515,6,241.0,1,1
1515,7,84.0,1,1
1515,8,53.0,1,1
1515,9,67.0,1,1
1515,10,210.0,1,1
1515,11,189.0,1,1
1515,12,146.0,1,1
1515,13,288.0,1,1
1515,14,247.0,1,1
1515,15,206.0,1,1
1516,0,42.0,1,1
1516,1,18.0,1,1
1516,2,5.0,1,1
1516,3,51.0,1,1
1516,4,52.0,1,1
1516,5,220.0,1,1
1516,6,174.0,1,1
1516,7,64.0,1,1
1516,8,42.0,1,1
1516,9,39.0,1,1
1516,10,174.0,1,1
1516,11,80.0,1,1
1516,12,107.0,1,1
1516,13,234.0,1,1
1516,14,119.0,1,1
1516,15,133.0,1,1
1517,0,26.0,1,1
1517,1,16.0,1,1
1517,2,4.0,1,1
1517,3,18.0,1,1
1517,4,22.0,1,1
1517,5,115.0,1,1
1517,6,169.0,1,1
1517,7,24.0,1,1
1517,8,22.0,1,1
1517,9,11.0,1,1
1517,10,156.0,1,1
1517,11,33.0,1,1
1517,12,44.0,1,1
1517,13,115.0,1,1
1517,14,43.0,1,1
1517,15,50.0,1,1
1518,0,15.0,1,1
1518,1,9.0,1,1
1518,2,2.0,1,1
1518,3,10.0,1,1
1518,4,17.0,1,1
1518,5,67.0,1,1
1518,6,216.0,1,1
1518,7,17.0,1,1
1518,8,16.0,1,1
1518,9,7.0,1,1
1518,10,110.0,1,1
1518,11,53.0,1,1
1518,12,27.0,1,1
1518,13,58.0,1,1
1518,14,30.0,1,1
1518,15,40.0,1,1
1519,0,29.0,1,1
1519,1,15.0,1,1
1519,2,7.0,1,1
1519,3,6.0,1,1
1519,4,11.0,1,1
1519,5,42.0,1,1
1519,6,200.0,1,1
1519,7,11.0,1,1
1519,8,9.0,1,1
1519,9,4.0,1,1
1519,10,140.0,1,1
1519,11,37.0,1,1
1519,12,21.0,1,1
1519,13,36.0,1,1
1519,14,17.0,1,1
1519,15,28.0,1,1
1520,0,156.0,1,1
1520,1,84.0,1,1
1520,2,52.0,1,1
1520,3,38.0,1,1
1520,4,47.0,1,1
1520,5,122.0,1,1
1520,6,208.0,1,1
1520,7,56.0,1,1
1520,8,50.0,1,1
1520,9,29.0,1,1
1520,10,457.0,1,1
1520,11,126.0,1,1
1520,12,79.0,1,1
1520,13,162.0,1,1
1520,14,88.0,1,1
1520,15,114.0,1,1
1521,0,304.0,1,1
1521,1,260.0,1,1
1521,2,66.0,1,1
1521,3,176.0,1,1
1521,4,201.0,1,1
1521,5,326.0,1,1
1521,6,854.0,1,1
1521,7,252.0,1,1
1521,8,192.0,1,1
1521,9,196.0,1,1
1521,10,520.0,1,1
1521,11,308.0,1,1
1521,12,429.0,1,1
1521,13,517.0,1,1
1521,14,509.0,1,1
1521,15,503.0,1,1
1522,0,618.0,1,1
1522,1,417.0,1,1
1522,2,187.0,1,1
1522,3,272.0,1,1
1522,4,400.0,1,1
1522,5,352.0,1,1
1522,6,1561.0,1,1
1522,7,372.0,1,1
1522,8,369.0,1,1
1522,9,353.0,1,1
1522,10,741.0,1,1
1522,11,600.0,1,1
1522,12,543.0,1,1
1522,13,1144.0,1,1
1522,14,689.0,1,1
1522,15,812.0,1,1
1523,0,410.0,1,1
1523,1,277.0,1,1
1523,2,179.0,1,1
1523,3,200.0,1,1
1523,4,202.0,1,1
1523,5,185.0,1,1
1523,6,288.0,1,1
1523,7,327.0,1,1
1523,8,188.0,1,1
1523,9,269.0,1,1
1523,10,0.0,1,1
1523,11,499.0,1,1
1523,12,474.0,1,1
1523,13,292.0,1,1
1523,14,312.0,1,1
1523,15,723.0,1,1
1524,0,444.0,1,1
1524,1,279.0,1,1
1524,2,175.0,1,1
1524,3,147.0,1,1
1524,4,99.0,1,1
1524,5,345.0,1,1
1524,6,231.0,1,1
1524,7,152.0,1,1
1524,8,107.0,1,1
1524,9,88.0,1,1
1524,10,632.0,1,1
1524,11,403.0,1,1
1524,12,280.0,1,1
1524,13,508.0,1,1
1524,14,142.0,1,1
1524,15,242.0,1,1
1525,0,508.0,1,1
1525,1,233.0,1,1
1525,2,210.0,1,1
1525,3,233.0,1,1
1525,4,161.0,1,1
1525,5,442.0,1,1
1525,6,378.0,1,1
1525,7,201.0,1,1
1525,8,143.0,1,1
1525,9,183.0,1,1
1525,10,576.0,1,1
1525,11,395.0,1,1
1525,12,463.0,1,1
1525,13,745.0,1,1
1525,14,308.0,1,1
1525,15,301.0,1,1
1526,0,568.0,1,1
1526,1,324.0,1,1
1526,2,181.0,1,1
1526,3,128.0,1,1
1526,4,159.0,1,1
1526,5,394.0,1,1
1526,6,162.0,1,1
1526,7,218.0,1,1
1526,8,119.0,1,1
1526,9,223.0,1,1
1526,10,572.0,1,1
1526,11,413.0,1,1
1526,12,298.0,1,1
1526,13,468.0,1,1
1526,14,404.0,1,1
1526,15,463.0,1,1
1527,0,546.0,1,1
1527,1,379.0,1,1
1527,2,269.0,1,1
1527,3,206.0,1,1
1527,4,197.0,1,1
1527,5,492.0,1,1
1527,6,311.0,1,1
1527,7,263.0,1,1
1527,8,139.0,1,1
1527,9,237.0,1,1
1527,10,608.0,1,1
1527,11,421.0,1,1
1527,12,545.0,1,1
1527,13,974.0,1,1
1527,14,465.0,1,1
1527,15,667.0,1,1
1528,0,589.0,1,1
1528,1,346.0,1,1
1528,2,284.0,1,1
1528,3,196.0,1,1
1528,4,160.0,1,1
1528,5,462.0,1,1
1528,6,256.0,1,1
1528,7,220.0,1,1
1528,8,137.0,1,1
1528,9,216.0,1,1
1528,10,510.0,1,1
1528,11,457.0,1,1
1528,12,449.0,1,1
1528,13,570.0,1,1
1528,14,330.0,1,1
1528,15,390.0,1,1
1529,0,693.0,1,1
1529,1,406.0,1,1
1529,2,261.0,1,1
1529,3,237.0,1,1
1529,4,200.0,1,1
1529,5,550.0,1,1
1529,6,53.0,1,1
1529,7,366.0,1,1
1529,8,178.0,1,1
1529,9,387.0,1,1
1529,10,534.0,1,1
1529,11,512.0,1,1
1529,12,508.0,1,1
1529,13,588.0,1,1
1529,14,462.0,1,1
1529,15,723.0,1,1
1530,0,863.0,1,1
1530,1,384.0,1,1
1530,2,123.0,1,1
1530,3,197.0,1,1
1530,4,391.0,1,1
1530,5,343.0,1,1
1530,6,71.0,1,1
1530,7,392.0,1,1
1530,8,194.0,1,1
1530,9,530.0,1,1
1530,10,689.0,1,1
1530,11,405.0,1,1
1530,12,568.0,1,1
1530,13,518.0,1,1
1530,14,902.0,1,1
1530,15,1149.0,1,1
1531,0,1161.0,1,1
1531,1,379.0,1,1
1531,2,45.0,1,1
1531,3,295.0,1,1
1531,4,397.0,1,1
1531,5,483.0,1,1
1531,6,72.0,1,1
1531,7,549.0,1,1
1531,8,248.0,1,1
1531,9,666.0,1,1
1531,10,557.0,1,1
1531,11,423.0,1,1
1531,12,693.0,1,1
1531,13,638.0,1,1
1531,14,678.0,1,1
1531,15,1175.0,1,1
1532,0,2264.0,1,1
1532,1,778.0,1,1
1532,2,60.0,1,1
1532,3,238.0,1,1
1532,4,493.0,1,1
1532,5,376.0,1,1
1532,6,92.0,1,1
1532,7,481.0,1,1
1532,8,261.0,1,1
1532,9,639.0,1,1
1532,10,495.0,1,1
1532,11,397.0,1,1
1532,12,595.0,1,1
1532,13,372.0,1,1
1532,14,981.0,1,1
1532,15,1253.0,1,1
1533,0,705.0,1,1
1533,1,376.0,1,1
1533,2,75.0,1,1
1533,3,234.0,1,1
1533,4,213.0,1,1
1533,5,371.0,1,1
1533,6,143.0,1,1
1533,7,259.0,1,1
1533,8,135.0,1,1
1533,9,304.0,1,1
1533,10,484.0,1,1
1533,11,443.0,1,1
1533,12,573.0,1,1
1533,13,700.0,1,1
1533,14,437.0,1,1
1533,15,581.0,1,1
1534,0,738.0,1,1
1534,1,386.0,1,1
1534,2,99.0,1,1
1534,3,345.0,1,1
1534,4,278.0,1,1
1534,5,531.0,1,1
1534,6,78.0,1,1
1534,7,378.0,1,1
1534,8,196.0,1,1
1534,9,400.0,1,1
1534,10,259.0,1,1
1534,11,746.0,1,1
1534,12,690.0,1,1
1534,13,772.0,1,1
1534,14,375.0,1,1
1534,15,787.0,1,1
1535,0,629.0,1,1
1535,1,449.0,1,1
1535,2,131.0,1,1
1535,3,361.0,1,1
1535,4,333.0,1,1
1535,5,701.0,1,1
1535,6,115.0,1,1
1535,7,507.0,1,1
1535,8,280.0,1,1
1535,9,629.0,1,1
1535,10,325.0,1,1
1535,11,725.0,1,1
1535,12,649.0,1,1
1535,13,914.0,1,1
1535,14,546.0,1,1
1535,15,1012.0,1,1
1536,0,576.0,1,1
1536,1,393.0,1,1
1536,2,168.0,1,1
1536,3,266.0,1,1
1536,4,285.0,1,1
1536,5,454.0,1,1
1536,6,189.0,1,1
1536,7,387.0,1,1
1536,8,211.0,1,1
1536,9,464.0,1,1
1536,10,285.0,1,1
1536,11,656.0,1,1
1536,12,610.0,1,1
1536,13,675.0,1,1
1536,14,701.0,1,1
1536,15,790.0,1,1
1537,0,509.0,1,1
1537,1,345.0,1,1
1537,2,140.0,1,1
1537,3,100.0,1,1
1537,4,250.0,1,1
1537,5,463.0,1,1
1537,6,247.0,1,1
1537,7,158.0,1,1
1537,8,127.0,1,1
1537,9,295.0,1,1
1537,10,289.0,1,1
1537,11,635.0,1,1
1537,12,415.0,1,1
1537,13,513.0,1,1
1537,14,283.0,1,1
1537,15,352.0,1,1
1538,0,330.0,1,1
1538,1,164.0,1,1
1538,2,109.0,1,1
1538,3,51.0,1,1
1538,4,188.0,1,1
1538,5,159.0,1,1
1538,6,266.0,1,1
1538,7,124.0,1,1
1538,8,73.0,1,1
1538,9,287.0,1,1
1538,10,283.0,1,1
1538,11,466.0,1,1
1538,12,308.0,1,1
1538,13,455.0,1,1
1538,14,275.0,1,1
1538,15,242.0,1,1
1539,0,104.0,1,1
1539,1,53.0,1,1
1539,2,19.0,1,1
1539,3,49.0,1,1
1539,4,131.0,1,1
1539,5,155.0,1,1
1539,6,201.0,1,1
1539,7,91.0,1,1
1539,8,51.0,1,1
1539,9,224.0,1,1
1539,10,190.0,1,1
1539,11,215.0,1,1
1539,12,247.0,1,1
1539,13,400.0,1,1
1539,14,150.0,1,1
1539,15,167.0,1,1
1540,0,56.0,1,1
1540,1,41.0,1,1
1540,2,17.0,1,1
1540,3,20.0,1,1
1540,4,100.0,1,1
1540,5,69.0,1,1
1540,6,178.0,1,1
1540,7,72.0,1,1
1540,8,39.0,1,1
1540,9,221.0,1,1
1540,10,205.0,1,1
1540,11,168.0,1,1
1540,12,172.0,1,1
1540,13,312.0,1,1
1540,14,154.0,1,1
1540,15,115.0,1,1
1541,0,42.0,1,1
1541,1,26.0,1,1
1541,2,8.0,1,1
1541,3,3.0,1,1
1541,4,87.0,1,1
1541,5,28.0,1,1
1541,6,70.0,1,1
1541,7,39.0,1,1
1541,8,19.0,1,1
1541,9,135.0,1,1
1541,10,208.0,1,1
1541,11,137.0,1,1
1541,12,74.0,1,1
1541,13,150.0,1,1
1541,14,55.0,1,1
1541,15,50.0,1,1
1542,0,26.0,1,1
1542,1,10.0,1,1
1542,2,7.0,1,1
1542,3,3.0,1,1
1542,4,73.0,1,1
1542,5,30.0,1,1
1542,6,41.0,1,1
1542,7,26.0,1,1
1542,8,17.0,1,1
1542,9,83.0,1,1
1542,10,155.0,1,1
1542,11,103.0,1,1
1542,12,62.0,1,1
1542,13,119.0,1,1
1542,14,25.0,1,1
1542,15,37.0,1,1
1543,0,21.0,1,1
1543,1,11.0,1,1
1543,2,16.0,1,1
1543,3,1.0,1,1
1543,4,43.0,1,1
1543,5,14.0,1,1
1543,6,27.0,1,1
1543,7,16.0,1,1
1543,8,9.0,1,1
1543,9,59.0,1,1
1543,10,132.0,1,1
1543,11,58.0,1,1
1543,12,38.0,1,1
1543,13,87.0,1,1
1543,14,15.0,1,1
1543,15,23.0,1,1
1544,0,171.0,1,1
1544,1,83.0,1,1
1544,2,57.0,1,1
1544,3,13.0,1,1
1544,4,102.0,1,1
1544,5,55.0,1,1
1544,6,95.0,1,1
1544,7,67.0,1,1
1544,8,38.0,1,1
1544,9,135.0,1,1
1544,10,468.0,1,1
1544,11,125.0,1,1
1544,12,134.0,1,1
1544,13,226.0,1,1
1544,14,84.0,1,1
1544,15,90.0,1,1
1545,0,284.0,1,1
1545,1,285.0,1,1
1545,2,71.0,1,1
1545,3,95.0,1,1
1545,4,304.0,1,1
1545,5,444.0,1,1
1545,6,413.0,1,1
1545,7,184.0,1,1
1545,8,111.0,1,1
1545,9,397.0,1,1
1545,10,553.0,1,1
1545,11,351.0,1,1
1545,12,534.0,1,1
1545,13,970.0,1,1
1545,14,304.0,1,1
1545,15,394.0,1,1
1546,0,531.0,1,1
1546,1,438.0,1,1
1546,2,190.0,1,1
1546,3,215.0,1,1
1546,4,504.0,1,1
1546,5,1150.0,1,1
1546,6,412.0,1,1
1546,7,292.0,1,1
1546,8,233.0,1,1
1546,9,516.0,1,1
1546,10,722.0,1,1
1546,11,542.0,1,1
1546,12,839.0,1,1
1546,13,1156.0,1,1
1546,14,489.0,1,1
1546,15,705.0,1,1
1547,0,912.0,1,1
1547,1,712.0,1,1
1547,2,357.0,1,1
1547,3,134.0,1,1
1547,4,147.0,1,1
1547,5,251.0,1,1
1547,6,301.0,1,1
1547,7,145.0,1,1
1547,8,137.0,1,1
1547,9,205.0,1,1
1547,10,0.0,1,1
1547,11,500.0,1,1
1547,12,369.0,1,1
1547,13,739.0,1,1
1547,14,302.0,1,1
1547,15,520.0,1,1
1548,0,495.0,1,1
1548,1,280.0,1,1
1548,2,199.0,1,1
1548,3,37.0,1,1
1548,4,196.0,1,1
1548,5,108.0,1,1
1548,6,282.0,1,1
1548,7,159.0,1,1
1548,8,77.0,1,1
1548,9,254.0,1,1
1548,10,597.0,1,1
1548,11,438.0,1,1
1548,12,225.0,1,1
1548,13,442.0,1,1
1548,14,375.0,1,1
1548,15,214.0,1,1
1549,0,594.0,1,1
1549,1,301.0,1,1
1549,2,187.0,1,1
1549,3,66.0,1,1
1549,4,297.0,1,1
1549,5,185.0,1,1
1549,6,420.0,1,1
1549,7,202.0,1,1
1549,8,94.0,1,1
1549,9,359.0,1,1
1549,10,655.0,1,1
1549,11,458.0,1,1
1549,12,322.0,1,1
1549,13,588.0,1,1
1549,14,379.0,1,1
1549,15,314.0,1,1
1550,0,560.0,1,1
1550,1,263.0,1,1
1550,2,168.0,1,1
1550,3,105.0,1,1
1550,4,177.0,1,1
1550,5,392.0,1,1
1550,6,337.0,1,1
1550,7,215.0,1,1
1550,8,129.0,1,1
1550,9,309.0,1,1
1550,10,430.0,1,1
1550,11,416.0,1,1
1550,12,443.0,1,1
1550,13,606.0,1,1
1550,14,453.0,1,1
1550,15,495.0,1,1
1551,0,594.0,1,1
1551,1,367.0,1,1
1551,2,157.0,1,1
1551,3,122.0,1,1
1551,4,268.0,1,1
1551,5,245.0,1,1
1551,6,472.0,1,1
1551,7,210.0,1,1
1551,8,118.0,1,1
1551,9,424.0,1,1
1551,10,502.0,1,1
1551,11,485.0,1,1
1551,12,429.0,1,1
1551,13,778.0,1,1
1551,14,679.0,1,1
1551,15,471.0,1,1
1552,0,734.0,1,1
1552,1,384.0,1,1
1552,2,230.0,1,1
1552,3,84.0,1,1
1552,4,233.0,1,1
1552,5,186.0,1,1
1552,6,468.0,1,1
1552,7,198.0,1,1
1552,8,99.0,1,1
1552,9,326.0,1,1
1552,10,634.0,1,1
1552,11,532.0,1,1
1552,12,355.0,1,1
1552,13,582.0,1,1
1552,14,517.0,1,1
1552,15,378.0,1,1
1553,0,768.0,1,1
1553,1,433.0,1,1
1553,2,204.0,1,1
1553,3,229.0,1,1
1553,4,156.0,1,1
1553,5,194.0,1,1
1553,6,690.0,1,1
1553,7,224.0,1,1
1553,8,124.0,1,1
1553,9,364.0,1,1
1553,10,456.0,1,1
1553,11,534.0,1,1
1553,12,469.0,1,1
1553,13,691.0,1,1
1553,14,949.0,1,1
1553,15,471.0,1,1
1554,0,949.0,1,1
1554,1,467.0,1,1
1554,2,98.0,1,1
1554,3,614.0,1,1
1554,4,110.0,1,1
1554,5,685.0,1,1
1554,6,606.0,1,1
1554,7,230.0,1,1
1554,8,223.0,1,1
1554,9,345.0,1,1
1554,10,495.0,1,1
1554,11,464.0,1,1
1554,12,841.0,1,1
1554,13,895.0,1,1
1554,14,840.0,1,1
1554,15,821.0,1,1
1555,0,1216.0,1,1
1555,1,492.0,1,1
1555,2,68.0,1,1
1555,3,575.0,1,1
1555,4,159.0,1,1
1555,5,586.0,1,1
1555,6,703.0,1,1
1555,7,270.0,1,1
1555,8,230.0,1,1
1555,9,351.0,1,1
1555,10,474.0,1,1
1555,11,476.0,1,1
1555,12,813.0,1,1
1555,13,895.0,1,1
1555,14,1108.0,1,1
1555,15,880.0,1,1
1556,0,982.0,1,1
1556,1,388.0,1,1
1556,2,93.0,1,1
1556,3,810.0,1,1
1556,4,120.0,1,1
1556,5,1069.0,1,1
1556,6,684.0,1,1
1556,7,256.0,1,1
1556,8,265.0,1,1
1556,9,298.0,1,1
1556,10,443.0,1,1
1556,11,515.0,1,1
1556,12,1219.0,1,1
1556,13,1018.0,1,1
1556,14,804.0,1,1
1556,15,1002.0,1,1
1557,0,739.0,1,1
1557,1,362.0,1,1
1557,2,92.0,1,1
1557,3,135.0,1,1
1557,4,179.0,1,1
1557,5,228.0,1,1
1557,6,419.0,1,1
1557,7,188.0,1,1
1557,8,121.0,1,1
1557,9,337.0,1,1
1557,10,447.0,1,1
1557,11,481.0,1,1
1557,12,393.0,1,1
1557,13,675.0,1,1
1557,14,583.0,1,1
1557,15,471.0,1,1
1558,0,706.0,1,1
1558,1,373.0,1,1
1558,2,129.0,1,1
1558,3,206.0,1,1
1558,4,175.0,1,1
1558,5,206.0,1,1
1558,6,649.0,1,1
1558,7,286.0,1,1
1558,8,174.0,1,1
1558,9,360.0,1,1
1558,10,275.0,1,1
1558,11,770.0,1,1
1558,12,400.0,1,1
1558,13,713.0,1,1
1558,14,920.0,1,1
1558,15,602.0,1,1
1559,0,641.0,1,1
1559,1,442.0,1,1
1559,2,145.0,1,1
1559,3,419.0,1,1
1559,4,250.0,1,1
1559,5,349.0,1,1
1559,6,788.0,1,1
1559,7,314.0,1,1
1559,8,193.0,1,1
1559,9,450.0,1,1
1559,10,281.0,1,1
1559,11,757.0,1,1
1559,12,622.0,1,1
1559,13,853.0,1,1
1559,14,930.0,1,1
1559,15,672.0,1,1
1560,0,599.0,1,1
1560,1,378.0,1,1
1560,2,148.0,1,1
1560,3,318.0,1,1
1560,4,205.0,1,1
1560,5,523.0,1,1
1560,6,534.0,1,1
1560,7,240.0,1,1
1560,8,181.0,1,1
1560,9,357.0,1,1
1560,10,317.0,1,1
1560,11,710.0,1,1
1560,12,665.0,1,1
1560,13,906.0,1,1
1560,14,608.0,1,1
1560,15,698.0,1,1
1561,0,477.0,1,1
1561,1,256.0,1,1
1561,2,151.0,1,1
1561,3,116.0,1,1
1561,4,92.0,1,1
1561,5,193.0,1,1
1561,6,232.0,1,1
1561,7,63.0,1,1
1561,8,136.0,1,1
1561,9,170.0,1,1
1561,10,240.0,1,1
1561,11,546.0,1,1
1561,12,211.0,1,1
1561,13,118.0,1,1
1561,14,65.0,1,1
1561,15,210.0,1,1
1562,0,279.0,1,1
1562,1,152.0,1,1
1562,2,93.0,1,1
1562,3,161.0,1,1
1562,4,79.0,1,1
1562,5,249.0,1,1
1562,6,254.0,1,1
1562,7,67.0,1,1
1562,8,163.0,1,1
1562,9,136.0,1,1
1562,10,274.0,1,1
1562,11,378.0,1,1
1562,12,324.0,1,1
1562,13,126.0,1,1
1562,14,73.0,1,1
1562,15,328.0,1,1
1563,0,102.0,1,1
1563,1,72.0,1,1
1563,2,26.0,1,1
1563,3,84.0,1,1
1563,4,54.0,1,1
1563,5,164.0,1,1
1563,6,158.0,1,1
1563,7,36.0,1,1
1563,8,133.0,1,1
1563,9,74.0,1,1
1563,10,209.0,1,1
1563,11,189.0,1,1
1563,12,139.0,1,1
1563,13,53.0,1,1
1563,14,29.0,1,1
1563,15,151.0,1,1
1564,0,50.0,1,1
1564,1,38.0,1,1
1564,2,12.0,1,1
1564,3,76.0,1,1
1564,4,25.0,1,1
1564,5,143.0,1,1
1564,6,139.0,1,1
1564,7,22.0,1,1
1564,8,97.0,1,1
1564,9,51.0,1,1
1564,10,190.0,1,1
1564,11,143.0,1,1
1564,12,123.0,1,1
1564,13,28.0,1,1
1564,14,16.0,1,1
1564,15,129.0,1,1
1565,0,29.0,1,1
1565,1,23.0,1,1
1565,2,10.0,1,1
1565,3,44.0,1,1
1565,4,5.0,1,1
1565,5,91.0,1,1
1565,6,67.0,1,1
1565,7,4.0,1,1
1565,8,101.0,1,1
1565,9,14.0,1,1
1565,10,170.0,1,1
1565,11,97.0,1,1
1565,12,55.0,1,1
1565,13,4.0,1,1
1565,14,2.0,1,1
1565,15,47.0,1,1
1566,0,20.0,1,1
1566,1,9.0,1,1
1566,2,8.0,1,1
1566,3,20.0,1,1
1566,4,3.0,1,1
1566,5,55.0,1,1
1566,6,30.0,1,1
1566,7,1.0,1,1
1566,8,72.0,1,1
1566,9,6.0,1,1
1566,10,148.0,1,1
1566,11,115.0,1,1
1566,12,17.0,1,1
1566,13,1.0,1,1
1566,14,1.0,1,1
1566,15,19.0,1,1
1567,0,22.0,1,1
1567,1,8.0,1,1
1567,2,17.0,1,1
1567,3,11.0,1,1
1567,4,1.0,1,1
1567,5,34.0,1,1
1567,6,16.0,1,1
1567,7,0.0,1,1
1567,8,41.0,1,1
1567,9,3.0,1,1
1567,10,142.0,1,1
1567,11,57.0,1,1
1567,12,9.0,1,1
1567,13,0.0,1,1
1567,14,0.0,1,1
1567,15,8.0,1,1
1568,0,118.0,1,1
1568,1,53.0,1,1
1568,2,22.0,1,1
1568,3,50.0,1,1
1568,4,7.0,1,1
1568,5,82.0,1,1
1568,6,55.0,1,1
1568,7,4.0,1,1
1568,8,66.0,1,1
1568,9,12.0,1,1
1568,10,232.0,1,1
1568,11,100.0,1,1
1568,12,47.0,1,1
1568,13,7.0,1,1
1568,14,3.0,1,1
1568,15,50.0,1,1
1569,0,181.0,1,1
1569,1,148.0,1,1
1569,2,42.0,1,1
1569,3,138.0,1,1
1569,4,74.0,1,1
1569,5,162.0,1,1
1569,6,127.0,1,1
1569,7,31.0,1,1
1569,8,163.0,1,1
1569,9,91.0,1,1
1569,10,314.0,1,1
1569,11,299.0,1,1
1569,12,190.0,1,1
1569,13,55.0,1,1
1569,14,37.0,1,1
1569,15,188.0,1,1
1570,0,496.0,1,1
1570,1,517.0,1,1
1570,2,118.0,1,1
1570,3,250.0,1,1
1570,4,138.0,1,1
1570,5,255.0,1,1
1570,6,197.0,1,1
1570,7,47.0,1,1
1570,8,298.0,1,1
1570,9,219.0,1,1
1570,10,511.0,1,1
1570,11,494.0,1,1
1570,12,293.0,1,1
1570,13,162.0,1,1
1570,14,105.0,1,1
1570,15,377.0,1,1
1571,0,568.0,1,1
1571,1,348.0,1,1
1571,2,92.0,1,1
1571,3,75.0,1,1
1571,4,91.0,1,1
1571,5,125.0,1,1
1571,6,90.0,1,1
1571,7,24.0,1,1
1571,8,48.0,1,1
1571,9,81.0,1,1
1571,10,0.0,1,1
1571,11,530.0,1,1
1571,12,126.0,1,1
1571,13,73.0,1,1
1571,14,64.0,1,1
1571,15,138.0,1,1
1572,0,389.0,1,1
1572,1,210.0,1,1
1572,2,103.0,1,1
1572,3,217.0,1,1
1572,4,45.0,1,1
1572,5,235.0,1,1
1572,6,188.0,1,1
1572,7,35.0,1,1
1572,8,154.0,1,1
1572,9,79.0,1,1
1572,10,367.0,1,1
1572,11,359.0,1,1
1572,12,297.0,1,1
1572,13,60.0,1,1
1572,14,54.0,1,1
1572,15,232.0,1,1
1573,0,391.0,1,1
1573,1,204.0,1,1
1573,2,144.0,1,1
1573,3,329.0,1,1
1573,4,97.0,1,1
1573,5,294.0,1,1
1573,6,230.0,1,1
1573,7,70.0,1,1
1573,8,222.0,1,1
1573,9,129.0,1,1
1573,10,443.0,1,1
1573,11,443.0,1,1
1573,12,478.0,1,1
1573,13,127.0,1,1
1573,14,69.0,1,1
1573,15,471.0,1,1
1574,0,623.0,1,1
1574,1,357.0,1,1
1574,2,117.0,1,1
1574,3,157.0,1,1
1574,4,187.0,1,1
1574,5,263.0,1,1
1574,6,334.0,1,1
1574,7,106.0,1,1
1574,8,125.0,1,1
1574,9,269.0,1,1
1574,10,523.0,1,1
1574,11,446.0,1,1
1574,12,332.0,1,1
1574,13,221.0,1,1
1574,14,161.0,1,1
1574,15,309.0,1,1
1575,0,1189.0,1,1
1575,1,516.0,1,1
1575,2,101.0,1,1
1575,3,253.0,1,1
1575,4,230.0,1,1
1575,5,411.0,1,1
1575,6,367.0,1,1
1575,7,143.0,1,1
1575,8,243.0,1,1
1575,9,328.0,1,1
1575,10,510.0,1,1
1575,11,565.0,1,1
1575,12,530.0,1,1
1575,13,283.0,1,1
1575,14,223.0,1,1
1575,15,438.0,1,1
1576,0,878.0,1,1
1576,1,495.0,1,1
1576,2,73.0,1,1
1576,3,270.0,1,1
1576,4,160.0,1,1
1576,5,271.0,1,1
1576,6,292.0,1,1
1576,7,106.0,1,1
1576,8,169.0,1,1
1576,9,213.0,1,1
1576,10,383.0,1,1
1576,11,573.0,1,1
1576,12,462.0,1,1
1576,13,213.0,1,1
1576,14,130.0,1,1
1576,15,445.0,1,1
1577,0,671.0,1,1
1577,1,402.0,1,1
1577,2,129.0,1,1
1577,3,262.0,1,1
1577,4,302.0,1,1
1577,5,330.0,1,1
1577,6,541.0,1,1
1577,7,457.0,1,1
1577,8,107.0,1,1
1577,9,492.0,1,1
1577,10,377.0,1,1
1577,11,521.0,1,1
1577,12,660.0,1,1
1577,13,724.0,1,1
1577,14,694.0,1,1
1577,15,614.0,1,1
1578,0,705.0,1,1
1578,1,363.0,1,1
1578,2,61.0,1,1
1578,3,152.0,1,1
1578,4,586.0,1,1
1578,5,245.0,1,1
1578,6,583.0,1,1
1578,7,555.0,1,1
1578,8,75.0,1,1
1578,9,610.0,1,1
1578,10,457.0,1,1
1578,11,433.0,1,1
1578,12,369.0,1,1
1578,13,1384.0,1,1
1578,14,1406.0,1,1
1578,15,373.0,1,1
1579,0,900.0,1,1
1579,1,439.0,1,1
1579,2,37.0,1,1
1579,3,280.0,1,1
1579,4,645.0,1,1
1579,5,342.0,1,1
1579,6,665.0,1,1
1579,7,603.0,1,1
1579,8,100.0,1,1
1579,9,881.0,1,1
1579,10,453.0,1,1
1579,11,421.0,1,1
1579,12,612.0,1,1
1579,13,1653.0,1,1
1579,14,1746.0,1,1
1579,15,720.0,1,1
1580,0,862.0,1,1
1580,1,350.0,1,1
1580,2,4.0,1,1
1580,3,176.0,1,1
1580,4,584.0,1,1
1580,5,188.0,1,1
1580,6,423.0,1,1
1580,7,410.0,1,1
1580,8,62.0,1,1
1580,9,539.0,1,1
1580,10,476.0,1,1
1580,11,450.0,1,1
1580,12,327.0,1,1
1580,13,1255.0,1,1
1580,14,1238.0,1,1
1580,15,370.0,1,1
1581,0,660.0,1,1
1581,1,367.0,1,1
1581,2,81.0,1,1
1581,3,190.0,1,1
1581,4,167.0,1,1
1581,5,326.0,1,1
1581,6,346.0,1,1
1581,7,168.0,1,1
1581,8,148.0,1,1
1581,9,199.0,1,1
1581,10,483.0,1,1
1581,11,517.0,1,1
1581,12,438.0,1,1
1581,13,320.0,1,1
1581,14,207.0,1,1
1581,15,471.0,1,1
1582,0,673.0,1,1
1582,1,433.0,1,1
1582,2,87.0,1,1
1582,3,308.0,1,1
1582,4,200.0,1,1
1582,5,364.0,1,1
1582,6,408.0,1,1
1582,7,261.0,1,1
1582,8,105.0,1,1
1582,9,287.0,1,1
1582,10,295.0,1,1
1582,11,713.0,1,1
1582,12,732.0,1,1
1582,13,645.0,1,1
1582,14,454.0,1,1
1582,15,558.0,1,1
1583,0,646.0,1,1
1583,1,487.0,1,1
1583,2,146.0,1,1
1583,3,389.0,1,1
1583,4,456.0,1,1
1583,5,418.0,1,1
1583,6,609.0,1,1
1583,7,571.0,1,1
1583,8,155.0,1,1
1583,9,601.0,1,1
1583,10,324.0,1,1
1583,11,741.0,1,1
1583,12,793.0,1,1
1583,13,1221.0,1,1
1583,14,910.0,1,1
1583,15,978.0,1,1
1584,0,579.0,1,1
1584,1,420.0,1,1
1584,2,155.0,1,1
1584,3,265.0,1,1
1584,4,390.0,1,1
1584,5,309.0,1,1
1584,6,460.0,1,1
1584,7,311.0,1,1
1584,8,151.0,1,1
1584,9,450.0,1,1
1584,10,281.0,1,1
1584,11,661.0,1,1
1584,12,610.0,1,1
1584,13,768.0,1,1
1584,14,554.0,1,1
1584,15,628.0,1,1
1585,0,446.0,1,1
1585,1,338.0,1,1
1585,2,126.0,1,1
1585,3,205.0,1,1
1585,4,170.0,1,1
1585,5,261.0,1,1
1585,6,275.0,1,1
1585,7,143.0,1,1
1585,8,141.0,1,1
1585,9,195.0,1,1
1585,10,262.0,1,1
1585,11,565.0,1,1
1585,12,221.0,1,1
1585,13,516.0,1,1
1585,14,443.0,1,1
1585,15,336.0,1,1
1586,0,337.0,1,1
1586,1,185.0,1,1
1586,2,109.0,1,1
1586,3,152.0,1,1
1586,4,159.0,1,1
1586,5,265.0,1,1
1586,6,385.0,1,1
1586,7,246.0,1,1
1586,8,167.0,1,1
1586,9,215.0,1,1
1586,10,229.0,1,1
1586,11,498.0,1,1
1586,12,288.0,1,1
1586,13,607.0,1,1
1586,14,483.0,1,1
1586,15,428.0,1,1
1587,0,119.0,1,1
1587,1,65.0,1,1
1587,2,37.0,1,1
1587,3,127.0,1,1
1587,4,136.0,1,1
1587,5,300.0,1,1
1587,6,202.0,1,1
1587,7,163.0,1,1
1587,8,105.0,1,1
1587,9,183.0,1,1
1587,10,269.0,1,1
1587,11,308.0,1,1
1587,12,116.0,1,1
1587,13,465.0,1,1
1587,14,329.0,1,1
1587,15,313.0,1,1
1588,0,75.0,1,1
1588,1,58.0,1,1
1588,2,23.0,1,1
1588,3,80.0,1,1
1588,4,97.0,1,1
1588,5,245.0,1,1
1588,6,214.0,1,1
1588,7,155.0,1,1
1588,8,82.0,1,1
1588,9,191.0,1,1
1588,10,187.0,1,1
1588,11,197.0,1,1
1588,12,96.0,1,1
1588,13,395.0,1,1
1588,14,277.0,1,1
1588,15,292.0,1,1
1589,0,41.0,1,1
1589,1,29.0,1,1
1589,2,10.0,1,1
1589,3,47.0,1,1
1589,4,66.0,1,1
1589,5,256.0,1,1
1589,6,153.0,1,1
1589,7,128.0,1,1
1589,8,70.0,1,1
1589,9,215.0,1,1
1589,10,167.0,1,1
1589,11,77.0,1,1
1589,12,35.0,1,1
1589,13,271.0,1,1
1589,14,172.0,1,1
1589,15,188.0,1,1
1590,0,35.0,1,1
1590,1,25.0,1,1
1590,2,5.0,1,1
1590,3,40.0,1,1
1590,4,51.0,1,1
1590,5,231.0,1,1
1590,6,96.0,1,1
1590,7,79.0,1,1
1590,8,36.0,1,1
1590,9,187.0,1,1
1590,10,131.0,1,1
1590,11,72.0,1,1
1590,12,14.0,1,1
1590,13,154.0,1,1
1590,14,107.0,1,1
1590,15,100.0,1,1
1591,0,21.0,1,1
1591,1,10.0,1,1
1591,2,12.0,1,1
1591,3,23.0,1,1
1591,4,33.0,1,1
1591,5,169.0,1,1
1591,6,56.0,1,1
1591,7,40.0,1,1
1591,8,28.0,1,1
1591,9,135.0,1,1
1591,10,93.0,1,1
1591,11,34.0,1,1
1591,12,6.0,1,1
1591,13,88.0,1,1
1591,14,70.0,1,1
1591,15,61.0,1,1
1592,0,74.0,1,1
1592,1,38.0,1,1
1592,2,18.0,1,1
1592,3,41.0,1,1
1592,4,65.0,1,1
1592,5,213.0,1,1
1592,6,108.0,1,1
1592,7,86.0,1,1
1592,8,45.0,1,1
1592,9,141.0,1,1
1592,10,225.0,1,1
1592,11,68.0,1,1
1592,12,35.0,1,1
1592,13,131.0,1,1
1592,14,150.0,1,1
1592,15,87.0,1,1
1593,0,107.0,1,1
1593,1,90.0,1,1
1593,2,26.0,1,1
1593,3,171.0,1,1
1593,4,190.0,1,1
1593,5,429.0,1,1
1593,6,286.0,1,1
1593,7,225.0,1,1
1593,8,112.0,1,1
1593,9,237.0,1,1
1593,10,391.0,1,1
1593,11,77.0,1,1
1593,12,127.0,1,1
1593,13,384.0,1,1
1593,14,368.0,1,1
1593,15,282.0,1,1
1594,0,255.0,1,1
1594,1,295.0,1,1
1594,2,44.0,1,1
1594,3,297.0,1,1
1594,4,331.0,1,1
1594,5,698.0,1,1
1594,6,387.0,1,1
1594,7,384.0,1,1
1594,8,135.0,1,1
1594,9,329.0,1,1
1594,10,469.0,1,1
1594,11,247.0,1,1
1594,12,256.0,1,1
1594,13,513.0,1,1
1594,14,601.0,1,1
1594,15,328.0,1,1
1595,0,324.0,1,1
1595,1,207.0,1,1
1595,2,85.0,1,1
1595,3,99.0,1,1
1595,4,120.0,1,1
1595,5,135.0,1,1
1595,6,155.0,1,1
1595,7,58.0,1,1
1595,8,57.0,1,1
1595,9,100.0,1,1
1595,10,0.0,1,1
1595,11,321.0,1,1
1595,12,100.0,1,1
1595,13,177.0,1,1
1595,14,205.0,1,1
1595,15,117.0,1,1
1596,0,282.0,1,1
1596,1,156.0,1,1
1596,2,72.0,1,1
1596,3,102.0,1,1
1596,4,146.0,1,1
1596,5,288.0,1,1
1596,6,260.0,1,1
1596,7,253.0,1,1
1596,8,100.0,1,1
1596,9,208.0,1,1
1596,10,353.0,1,1
1596,11,327.0,1,1
1596,12,192.0,1,1
1596,13,400.0,1,1
1596,14,377.0,1,1
1596,15,259.0,1,1
1597,0,292.0,1,1
1597,1,178.0,1,1
1597,2,61.0,1,1
1597,3,189.0,1,1
1597,4,212.0,1,1
1597,5,371.0,1,1
1597,6,472.0,1,1
1597,7,359.0,1,1
1597,8,190.0,1,1
1597,9,248.0,1,1
1597,10,283.0,1,1
1597,11,365.0,1,1
1597,12,295.0,1,1
1597,13,642.0,1,1
1597,14,513.0,1,1
1597,15,416.0,1,1
1598,0,513.0,1,1
1598,1,318.0,1,1
1598,2,92.0,1,1
1598,3,259.0,1,1
1598,4,174.0,1,1
1598,5,219.0,1,1
1598,6,472.0,1,1
1598,7,203.0,1,1
1598,8,135.0,1,1
1598,9,230.0,1,1
1598,10,370.0,1,1
1598,11,410.0,1,1
1598,12,374.0,1,1
1598,13,906.0,1,1
1598,14,523.0,1,1
1598,15,537.0,1,1
1599,0,851.0,1,1
1599,1,398.0,1,1
1599,2,80.0,1,1
1599,3,258.0,1,1
1599,4,231.0,1,1
1599,5,347.0,1,1
1599,6,653.0,1,1
1599,7,406.0,1,1
1599,8,232.0,1,1
1599,9,307.0,1,1
1599,10,334.0,1,1
1599,11,490.0,1,1
1599,12,451.0,1,1
1599,13,1078.0,1,1
1599,14,721.0,1,1
1599,15,704.0,1,1
1600,0,521.0,1,1
1600,1,362.0,1,1
1600,2,145.0,1,1
1600,3,174.0,1,1
1600,4,186.0,1,1
1600,5,323.0,1,1
1600,6,470.0,1,1
1600,7,296.0,1,1
1600,8,185.0,1,1
1600,9,243.0,1,1
1600,10,344.0,1,1
1600,11,478.0,1,1
1600,12,362.0,1,1
1600,13,740.0,1,1
1600,14,525.0,1,1
1600,15,484.0,1,1
1601,0,523.0,1,1
1601,1,323.0,1,1
1601,2,145.0,1,1
1601,3,147.0,1,1
1601,4,194.0,1,1
1601,5,136.0,1,1
1601,6,452.0,1,1
1601,7,210.0,1,1
1601,8,160.0,1,1
1601,9,158.0,1,1
1601,10,382.0,1,1
1601,11,522.0,1,1
1601,12,576.0,1,1
1601,13,586.0,1,1
1601,14,644.0,1,1
1601,15,434.0,1,1
1602,0,545.0,1,1
1602,1,376.0,1,1
1602,2,81.0,1,1
1602,3,232.0,1,1
1602,4,205.0,1,1
1602,5,137.0,1,1
1602,6,294.0,1,1
1602,7,112.0,1,1
1602,8,110.0,1,1
1602,9,132.0,1,1
1602,10,530.0,1,1
1602,11,454.0,1,1
1602,12,508.0,1,1
1602,13,564.0,1,1
1602,14,635.0,1,1
1602,15,420.0,1,1
1603,0,708.0,1,1
1603,1,305.0,1,1
1603,2,44.0,1,1
1603,3,240.0,1,1
1603,4,243.0,1,1
1603,5,147.0,1,1
1603,6,424.0,1,1
1603,7,161.0,1,1
1603,8,124.0,1,1
1603,9,151.0,1,1
1603,10,490.0,1,1
1603,11,406.0,1,1
1603,12,740.0,1,1
1603,13,694.0,1,1
1603,14,735.0,1,1
1603,15,453.0,1,1
1604,0,730.0,1,1
1604,1,317.0,1,1
1604,2,10.0,1,1
1604,3,283.0,1,1
1604,4,177.0,1,1
1604,5,133.0,1,1
1604,6,290.0,1,1
1604,7,88.0,1,1
1604,8,77.0,1,1
1604,9,132.0,1,1
1604,10,396.0,1,1
1604,11,475.0,1,1
1604,12,494.0,1,1
1604,13,544.0,1,1
1604,14,480.0,1,1
1604,15,283.0,1,1
1605,0,651.0,1,1
1605,1,347.0,1,1
1605,2,62.0,1,1
1605,3,157.0,1,1
1605,4,170.0,1,1
1605,5,195.0,1,1
1605,6,370.0,1,1
1605,7,203.0,1,1
1605,8,142.0,1,1
1605,9,162.0,1,1
1605,10,410.0,1,1
1605,11,421.0,1,1
1605,12,398.0,1,1
1605,13,636.0,1,1
1605,14,528.0,1,1
1605,15,381.0,1,1
1606,0,686.0,1,1
1606,1,438.0,1,1
1606,2,107.0,1,1
1606,3,131.0,1,1
1606,4,149.0,1,1
1606,5,133.0,1,1
1606,6,347.0,1,1
1606,7,199.0,1,1
1606,8,154.0,1,1
1606,9,130.0,1,1
1606,10,307.0,1,1
1606,11,698.0,1,1
1606,12,537.0,1,1
1606,13,462.0,1,1
1606,14,545.0,1,1
1606,15,299.0,1,1
1607,0,845.0,1,1
1607,1,427.0,1,1
1607,2,154.0,1,1
1607,3,215.0,1,1
1607,4,280.0,1,1
1607,5,199.0,1,1
1607,6,490.0,1,1
1607,7,287.0,1,1
1607,8,210.0,1,1
1607,9,164.0,1,1
1607,10,341.0,1,1
1607,11,671.0,1,1
1607,12,890.0,1,1
1607,13,750.0,1,1
1607,14,815.0,1,1
1607,15,523.0,1,1
1608,0,573.0,1,1
1608,1,389.0,1,1
1608,2,209.0,1,1
1608,3,294.0,1,1
1608,4,235.0,1,1
1608,5,240.0,1,1
1608,6,421.0,1,1
1608,7,199.0,1,1
1608,8,151.0,1,1
1608,9,189.0,1,1
1608,10,326.0,1,1
1608,11,639.0,1,1
1608,12,606.0,1,1
1608,13,773.0,1,1
1608,14,576.0,1,1
1608,15,461.0,1,1
1609,0,413.0,1,1
1609,1,287.0,1,1
1609,2,165.0,1,1
1609,3,240.0,1,1
1609,4,258.0,1,1
1609,5,321.0,1,1
1609,6,171.0,1,1
1609,7,206.0,1,1
1609,8,78.0,1,1
1609,9,287.0,1,1
1609,10,300.0,1,1
1609,11,530.0,1,1
1609,12,491.0,1,1
1609,13,635.0,1,1
1609,14,356.0,1,1
1609,15,119.0,1,1
1610,0,278.0,1,1
1610,1,158.0,1,1
1610,2,79.0,1,1
1610,3,127.0,1,1
1610,4,216.0,1,1
1610,5,202.0,1,1
1610,6,143.0,1,1
1610,7,154.0,1,1
1610,8,101.0,1,1
1610,9,241.0,1,1
1610,10,226.0,1,1
1610,11,383.0,1,1
1610,12,316.0,1,1
1610,13,294.0,1,1
1610,14,298.0,1,1
1610,15,65.0,1,1
1611,0,98.0,1,1
1611,1,76.0,1,1
1611,2,24.0,1,1
1611,3,131.0,1,1
1611,4,201.0,1,1
1611,5,199.0,1,1
1611,6,96.0,1,1
1611,7,119.0,1,1
1611,8,54.0,1,1
1611,9,190.0,1,1
1611,10,190.0,1,1
1611,11,210.0,1,1
1611,12,400.0,1,1
1611,13,583.0,1,1
1611,14,165.0,1,1
1611,15,38.0,1,1
1612,0,46.0,1,1
1612,1,27.0,1,1
1612,2,10.0,1,1
1612,3,106.0,1,1
1612,4,129.0,1,1
1612,5,135.0,1,1
1612,6,55.0,1,1
1612,7,98.0,1,1
1612,8,40.0,1,1
1612,9,156.0,1,1
1612,10,188.0,1,1
1612,11,152.0,1,1
1612,12,294.0,1,1
1612,13,430.0,1,1
1612,14,136.0,1,1
1612,15,16.0,1,1
1613,0,28.0,1,1
1613,1,31.0,1,1
1613,2,9.0,1,1
1613,3,69.0,1,1
1613,4,131.0,1,1
1613,5,75.0,1,1
1613,6,14.0,1,1
1613,7,64.0,1,1
1613,8,15.0,1,1
1613,9,89.0,1,1
1613,10,144.0,1,1
1613,11,61.0,1,1
1613,12,231.0,1,1
1613,13,541.0,1,1
1613,14,65.0,1,1
1613,15,3.0,1,1
1614,0,24.0,1,1
1614,1,19.0,1,1
1614,2,7.0,1,1
1614,3,65.0,1,1
1614,4,114.0,1,1
1614,5,60.0,1,1
1614,6,7.0,1,1
1614,7,52.0,1,1
1614,8,7.0,1,1
1614,9,74.0,1,1
1614,10,0.0,1,1
1614,11,127.0,1,1
1614,12,251.0,1,1
1614,13,809.0,1,1
1614,14,35.0,1,1
1614,15,1.0,1,1
1615,0,33.0,1,1
1615,1,10.0,1,1
1615,2,10.0,1,1
1615,3,44.0,1,1
1615,4,72.0,1,1
1615,5,44.0,1,1
1615,6,4.0,1,1
1615,7,40.0,1,1
1615,8,4.0,1,1
1615,9,47.0,1,1
1615,10,189.0,1,1
1615,11,50.0,1,1
1615,12,200.0,1,1
1615,13,555.0,1,1
1615,14,23.0,1,1
1615,15,1.0,1,1
1616,0,143.0,1,1
1616,1,98.0,1,1
1616,2,43.0,1,1
1616,3,112.0,1,1
1616,4,127.0,1,1
1616,5,125.0,1,1
1616,6,29.0,1,1
1616,7,87.0,1,1
1616,8,26.0,1,1
1616,9,139.0,1,1
1616,10,460.0,1,1
1616,11,167.0,1,1
1616,12,339.0,1,1
1616,13,540.0,1,1
1616,14,116.0,1,1
1616,15,7.0,1,1
1617,0,253.0,1,1
1617,1,327.0,1,1
1617,2,87.0,1,1
1617,3,314.0,1,1
1617,4,479.0,1,1
1617,5,557.0,1,1
1617,6,168.0,1,1
1617,7,380.0,1,1
1617,8,209.0,1,1
1617,9,502.0,1,1
1617,10,505.0,1,1
1617,11,339.0,1,1
1617,12,715.0,1,1
1617,13,1600.0,1,1
1617,14,328.0,1,1
1617,15,125.0,1,1
1618,0,422.0,1,1
1618,1,487.0,1,1
1618,2,178.0,1,1
1618,3,498.0,1,1
1618,4,645.0,1,1
1618,5,689.0,1,1
1618,6,303.0,1,1
1618,7,535.0,1,1
1618,8,342.0,1,1
1618,9,820.0,1,1
1618,10,748.0,1,1
1618,11,590.0,1,1
1618,12,1038.0,1,1
1618,13,3043.0,1,1
1618,14,619.0,1,1
1618,15,267.0,1,1
1619,0,713.0,1,1
1619,1,759.0,1,1
1619,2,376.0,1,1
1619,3,199.0,1,1
1619,4,159.0,1,1
1619,5,358.0,1,1
1619,6,196.0,1,1
1619,7,280.0,1,1
1619,8,166.0,1,1
1619,9,341.0,1,1
1619,10,0.0,1,1
1619,11,455.0,1,1
1619,12,441.0,1,1
1619,13,323.0,1,1
1619,14,304.0,1,1
1619,15,152.0,1,1
1620,0,318.0,1,1
1620,1,220.0,1,1
1620,2,139.0,1,1
1620,3,137.0,1,1
1620,4,278.0,1,1
1620,5,220.0,1,1
1620,6,142.0,1,1
1620,7,154.0,1,1
1620,8,122.0,1,1
1620,9,299.0,1,1
1620,10,681.0,1,1
1620,11,393.0,1,1
1620,12,303.0,1,1
1620,13,513.0,1,1
1620,14,323.0,1,1
1620,15,65.0,1,1
1621,0,541.0,1,1
1621,1,292.0,1,1
1621,2,223.0,1,1
1621,3,182.0,1,1
1621,4,444.0,1,1
1621,5,364.0,1,1
1621,6,234.0,1,1
1621,7,253.0,1,1
1621,8,222.0,1,1
1621,9,512.0,1,1
1621,10,624.0,1,1
1621,11,435.0,1,1
1621,12,389.0,1,1
1621,13,517.0,1,1
1621,14,429.0,1,1
1621,15,78.0,1,1
1622,0,555.0,1,1
1622,1,332.0,1,1
1622,2,194.0,1,1
1622,3,183.0,1,1
1622,4,207.0,1,1
1622,5,255.0,1,1
1622,6,178.0,1,1
1622,7,193.0,1,1
1622,8,109.0,1,1
1622,9,263.0,1,1
1622,10,491.0,1,1
1622,11,473.0,1,1
1622,12,390.0,1,1
1622,13,357.0,1,1
1622,14,336.0,1,1
1622,15,185.0,1,1
1623,0,514.0,1,1
1623,1,381.0,1,1
1623,2,210.0,1,1
1623,3,203.0,1,1
1623,4,330.0,1,1
1623,5,297.0,1,1
1623,6,288.0,1,1
1623,7,284.0,1,1
1623,8,196.0,1,1
1623,9,473.0,1,1
1623,10,580.0,1,1
1623,11,555.0,1,1
1623,12,460.0,1,1
1623,13,582.0,1,1
1623,14,519.0,1,1
1623,15,199.0,1,1
1624,0,627.0,1,1
1624,1,420.0,1,1
1624,2,263.0,1,1
1624,3,166.0,1,1
1624,4,286.0,1,1
1624,5,300.0,1,1
1624,6,241.0,1,1
1624,7,217.0,1,1
1624,8,165.0,1,1
1624,9,417.0,1,1
1624,10,525.0,1,1
1624,11,426.0,1,1
1624,12,387.0,1,1
1624,13,426.0,1,1
1624,14,457.0,1,1
1624,15,105.0,1,1
1625,0,703.0,1,1
1625,1,435.0,1,1
1625,2,316.0,1,1
1625,3,152.0,1,1
1625,4,117.0,1,1
1625,5,283.0,1,1
1625,6,545.0,1,1
1625,7,190.0,1,1
1625,8,200.0,1,1
1625,9,296.0,1,1
1625,10,519.0,1,1
1625,11,457.0,1,1
1625,12,281.0,1,1
1625,13,117.0,1,1
1625,14,589.0,1,1
1625,15,529.0,1,1
1626,0,1395.0,1,1
1626,1,735.0,1,1
1626,2,366.0,1,1
1626,3,218.0,1,1
1626,4,99.0,1,1
1626,5,326.0,1,1
1626,6,642.0,1,1
1626,7,180.0,1,1
1626,8,217.0,1,1
1626,9,269.0,1,1
1626,10,521.0,1,1
1626,11,417.0,1,1
1626,12,372.0,1,1
1626,13,162.0,1,1
1626,14,547.0,1,1
1626,15,1870.0,1,1
1627,0,1176.0,1,1
1627,1,489.0,1,1
1627,2,37.0,1,1
1627,3,248.0,1,1
1627,4,111.0,1,1
1627,5,359.0,1,1
1627,6,752.0,1,1
1627,7,199.0,1,1
1627,8,277.0,1,1
1627,9,328.0,1,1
1627,10,549.0,1,1
1627,11,433.0,1,1
1627,12,344.0,1,1
1627,13,130.0,1,1
1627,14,784.0,1,1
1627,15,1226.0,1,1
1628,0,952.0,1,1
1628,1,339.0,1,1
1628,2,9.0,1,1
1628,3,298.0,1,1
1628,4,118.0,1,1
1628,5,368.0,1,1
1628,6,593.0,1,1
1628,7,229.0,1,1
1628,8,276.0,1,1
1628,9,281.0,1,1
1628,10,487.0,1,1
1628,11,415.0,1,1
1628,12,381.0,1,1
1628,13,197.0,1,1
1628,14,499.0,1,1
1628,15,2173.0,1,1
1629,0,636.0,1,1
1629,1,328.0,1,1
1629,2,100.0,1,1
1629,3,156.0,1,1
1629,4,180.0,1,1
1629,5,255.0,1,1
1629,6,353.0,1,1
1629,7,199.0,1,1
1629,8,177.0,1,1
1629,9,373.0,1,1
1629,10,432.0,1,1
1629,11,414.0,1,1
1629,12,332.0,1,1
1629,13,198.0,1,1
1629,14,481.0,1,1
1629,15,246.0,1,1
1630,0,651.0,1,1
1630,1,400.0,1,1
1630,2,158.0,1,1
1630,3,172.0,1,1
1630,4,192.0,1,1
1630,5,245.0,1,1
1630,6,786.0,1,1
1630,7,236.0,1,1
1630,8,372.0,1,1
1630,9,366.0,1,1
1630,10,285.0,1,1
1630,11,653.0,1,1
1630,12,285.0,1,1
1630,13,139.0,1,1
1630,14,744.0,1,1
1630,15,549.0,1,1
1631,0,666.0,1,1
1631,1,382.0,1,1
1631,2,158.0,1,1
1631,3,207.0,1,1
1631,4,201.0,1,1
1631,5,347.0,1,1
1631,6,1127.0,1,1
1631,7,251.0,1,1
1631,8,389.0,1,1
1631,9,384.0,1,1
1631,10,292.0,1,1
1631,11,677.0,1,1
1631,12,378.0,1,1
1631,13,198.0,1,1
1631,14,862.0,1,1
1631,15,827.0,1,1
1632,0,477.0,1,1
1632,1,339.0,1,1
1632,2,169.0,1,1
1632,3,243.0,1,1
1632,4,229.0,1,1
1632,5,384.0,1,1
1632,6,506.0,1,1
1632,7,236.0,1,1
1632,8,271.0,1,1
1632,9,418.0,1,1
1632,10,265.0,1,1
1632,11,549.0,1,1
1632,12,442.0,1,1
1632,13,310.0,1,1
1632,14,567.0,1,1
1632,15,510.0,1,1
1633,0,428.0,1,1
1633,1,251.0,1,1
1633,2,150.0,1,1
1633,3,145.0,1,1
1633,4,218.0,1,1
1633,5,220.0,1,1
1633,6,319.0,1,1
1633,7,313.0,1,1
1633,8,113.0,1,1
1633,9,307.0,1,1
1633,10,279.0,1,1
1633,11,584.0,1,1
1633,12,359.0,1,1
1633,13,604.0,1,1
1633,14,542.0,1,1
1633,15,426.0,1,1
1634,0,301.0,1,1
1634,1,144.0,1,1
1634,2,95.0,1,1
1634,3,146.0,1,1
1634,4,180.0,1,1
1634,5,130.0,1,1
1634,6,262.0,1,1
1634,7,177.0,1,1
1634,8,98.0,1,1
1634,9,170.0,1,1
1634,10,267.0,1,1
1634,11,432.0,1,1
1634,12,238.0,1,1
1634,13,373.0,1,1
1634,14,378.0,1,1
1634,15,433.0,1,1
1635,0,111.0,1,1
1635,1,55.0,1,1
1635,2,38.0,1,1
1635,3,84.0,1,1
1635,4,187.0,1,1
1635,5,135.0,1,1
1635,6,248.0,1,1
1635,7,269.0,1,1
1635,8,92.0,1,1
1635,9,291.0,1,1
1635,10,197.0,1,1
1635,11,255.0,1,1
1635,12,196.0,1,1
1635,13,564.0,1,1
1635,14,387.0,1,1
1635,15,302.0,1,1
1636,0,52.0,1,1
1636,1,43.0,1,1
1636,2,14.0,1,1
1636,3,64.0,1,1
1636,4,171.0,1,1
1636,5,74.0,1,1
1636,6,168.0,1,1
1636,7,171.0,1,1
1636,8,72.0,1,1
1636,9,238.0,1,1
1636,10,147.0,1,1
1636,11,82.0,1,1
1636,12,107.0,1,1
1636,13,522.0,1,1
1636,14,287.0,1,1
1636,15,311.0,1,1
1637,0,36.0,1,1
1637,1,16.0,1,1
1637,2,13.0,1,1
1637,3,29.0,1,1
1637,4,131.0,1,1
1637,5,21.0,1,1
1637,6,138.0,1,1
1637,7,164.0,1,1
1637,8,48.0,1,1
1637,9,290.0,1,1
1637,10,180.0,1,1
1637,11,44.0,1,1
1637,12,43.0,1,1
1637,13,351.0,1,1
1637,14,289.0,1,1
1637,15,168.0,1,1
1638,0,22.0,1,1
1638,1,6.0,1,1
1638,2,5.0,1,1
1638,3,14.0,1,1
1638,4,108.0,1,1
1638,5,22.0,1,1
1638,6,135.0,1,1
1638,7,209.0,1,1
1638,8,35.0,1,1
1638,9,353.0,1,1
1638,10,127.0,1,1
1638,11,95.0,1,1
1638,12,39.0,1,1
1638,13,347.0,1,1
1638,14,288.0,1,1
1638,15,109.0,1,1
1639,0,24.0,1,1
1639,1,6.0,1,1
1639,2,10.0,1,1
1639,3,7.0,1,1
1639,4,73.0,1,1
1639,5,10.0,1,1
1639,6,129.0,1,1
1639,7,136.0,1,1
1639,8,25.0,1,1
1639,9,289.0,1,1
1639,10,75.0,1,1
1639,11,31.0,1,1
1639,12,26.0,1,1
1639,13,240.0,1,1
1639,14,217.0,1,1
1639,15,75.0,1,1
1640,0,152.0,1,1
1640,1,74.0,1,1
1640,2,39.0,1,1
1640,3,26.0,1,1
1640,4,117.0,1,1
1640,5,52.0,1,1
1640,6,179.0,1,1
1640,7,174.0,1,1
1640,8,56.0,1,1
1640,9,331.0,1,1
1640,10,493.0,1,1
1640,11,153.0,1,1
1640,12,90.0,1,1
1640,13,383.0,1,1
1640,14,325.0,1,1
1640,15,211.0,1,1
1641,0,259.0,1,1
1641,1,275.0,1,1
1641,2,69.0,1,1
1641,3,119.0,1,1
1641,4,254.0,1,1
1641,5,353.0,1,1
1641,6,563.0,1,1
1641,7,500.0,1,1
1641,8,228.0,1,1
1641,9,728.0,1,1
1641,10,558.0,1,1
1641,11,346.0,1,1
1641,12,585.0,1,1
1641,13,904.0,1,1
1641,14,759.0,1,1
1641,15,515.0,1,1
1642,0,536.0,1,1
1642,1,503.0,1,1
1642,2,101.0,1,1
1642,3,150.0,1,1
1642,4,335.0,1,1
1642,5,576.0,1,1
1642,6,851.0,1,1
1642,7,787.0,1,1
1642,8,254.0,1,1
1642,9,1429.0,1,1
1642,10,653.0,1,1
1642,11,541.0,1,1
1642,12,820.0,1,1
1642,13,1544.0,1,1
1642,14,1108.0,1,1
1642,15,583.0,1,1
1643,0,427.0,1,1
1643,1,285.0,1,1
1643,2,128.0,1,1
1643,3,51.0,1,1
1643,4,102.0,1,1
1643,5,347.0,1,1
1643,6,326.0,1,1
1643,7,171.0,1,1
1643,8,133.0,1,1
1643,9,171.0,1,1
1643,10,0.0,1,1
1643,11,456.0,1,1
1643,12,385.0,1,1
1643,13,319.0,1,1
1643,14,331.0,1,1
1643,15,381.0,1,1
1644,0,393.0,1,1
1644,1,264.0,1,1
1644,2,157.0,1,1
1644,3,96.0,1,1
1644,4,192.0,1,1
1644,5,121.0,1,1
1644,6,213.0,1,1
1644,7,159.0,1,1
1644,8,119.0,1,1
1644,9,292.0,1,1
1644,10,414.0,1,1
1644,11,461.0,1,1
1644,12,187.0,1,1
1644,13,517.0,1,1
1644,14,364.0,1,1
1644,15,380.0,1,1
1645,0,466.0,1,1
1645,1,304.0,1,1
1645,2,162.0,1,1
1645,3,114.0,1,1
1645,4,200.0,1,1
1645,5,189.0,1,1
1645,6,369.0,1,1
1645,7,243.0,1,1
1645,8,225.0,1,1
1645,9,297.0,1,1
1645,10,398.0,1,1
1645,11,446.0,1,1
1645,12,210.0,1,1
1645,13,564.0,1,1
1645,14,558.0,1,1
1645,15,503.0,1,1
1646,0,570.0,1,1
1646,1,355.0,1,1
1646,2,153.0,1,1
1646,3,182.0,1,1
1646,4,209.0,1,1
1646,5,273.0,1,1
1646,6,255.0,1,1
1646,7,256.0,1,1
1646,8,122.0,1,1
1646,9,145.0,1,1
1646,10,351.0,1,1
1646,11,486.0,1,1
1646,12,330.0,1,1
1646,13,609.0,1,1
1646,14,331.0,1,1
1646,15,521.0,1,1
1647,0,462.0,1,1
1647,1,398.0,1,1
1647,2,107.0,1,1
1647,3,166.0,1,1
1647,4,239.0,1,1
1647,5,264.0,1,1
1647,6,467.0,1,1
1647,7,276.0,1,1
1647,8,182.0,1,1
1647,9,283.0,1,1
1647,10,369.0,1,1
1647,11,517.0,1,1
1647,12,330.0,1,1
1647,13,553.0,1,1
1647,14,557.0,1,1
1647,15,656.0,1,1
1648,0,559.0,1,1
1648,1,357.0,1,1
1648,2,152.0,1,1
1648,3,146.0,1,1
1648,4,190.0,1,1
1648,5,235.0,1,1
1648,6,290.0,1,1
1648,7,220.0,1,1
1648,8,162.0,1,1
1648,9,246.0,1,1
1648,10,397.0,1,1
1648,11,426.0,1,1
1648,12,245.0,1,1
1648,13,561.0,1,1
1648,14,417.0,1,1
1648,15,555.0,1,1
1649,0,644.0,1,1
1649,1,380.0,1,1
1649,2,108.0,1,1
1649,3,238.0,1,1
1649,4,159.0,1,1
1649,5,373.0,1,1
1649,6,174.0,1,1
1649,7,114.0,1,1
1649,8,139.0,1,1
1649,9,63.0,1,1
1649,10,491.0,1,1
1649,11,497.0,1,1
1649,12,410.0,1,1
1649,13,368.0,1,1
1649,14,256.0,1,1
1649,15,724.0,1,1
1650,0,950.0,1,1
1650,1,469.0,1,1
1650,2,67.0,1,1
1650,3,294.0,1,1
1650,4,163.0,1,1
1650,5,751.0,1,1
1650,6,221.0,1,1
1650,7,187.0,1,1
1650,8,120.0,1,1
1650,9,69.0,1,1
1650,10,400.0,1,1
1650,11,467.0,1,1
1650,12,1030.0,1,1
1650,13,482.0,1,1
1650,14,317.0,1,1
1650,15,651.0,1,1
1651,0,1162.0,1,1
1651,1,444.0,1,1
1651,2,84.0,1,1
1651,3,288.0,1,1
1651,4,177.0,1,1
1651,5,824.0,1,1
1651,6,231.0,1,1
1651,7,155.0,1,1
1651,8,130.0,1,1
1651,9,66.0,1,1
1651,10,398.0,1,1
1651,11,440.0,1,1
1651,12,807.0,1,1
1651,13,489.0,1,1
1651,14,274.0,1,1
1651,15,727.0,1,1
1652,0,2095.0,1,1
1652,1,759.0,1,1
1652,2,119.0,1,1
1652,3,305.0,1,1
1652,4,147.0,1,1
1652,5,1184.0,1,1
1652,6,224.0,1,1
1652,7,197.0,1,1
1652,8,142.0,1,1
1652,9,80.0,1,1
1652,10,498.0,1,1
1652,11,405.0,1,1
1652,12,1229.0,1,1
1652,13,681.0,1,1
1652,14,277.0,1,1
1652,15,652.0,1,1
1653,0,758.0,1,1
1653,1,348.0,1,1
1653,2,132.0,1,1
1653,3,136.0,1,1
1653,4,152.0,1,1
1653,5,281.0,1,1
1653,6,282.0,1,1
1653,7,170.0,1,1
1653,8,136.0,1,1
1653,9,107.0,1,1
1653,10,496.0,1,1
1653,11,545.0,1,1
1653,12,269.0,1,1
1653,13,350.0,1,1
1653,14,373.0,1,1
1653,15,576.0,1,1
1654,0,737.0,1,1
1654,1,407.0,1,1
1654,2,139.0,1,1
1654,3,183.0,1,1
1654,4,130.0,1,1
1654,5,285.0,1,1
1654,6,215.0,1,1
1654,7,106.0,1,1
1654,8,199.0,1,1
1654,9,76.0,1,1
1654,10,332.0,1,1
1654,11,757.0,1,1
1654,12,397.0,1,1
1654,13,381.0,1,1
1654,14,330.0,1,1
1654,15,692.0,1,1
1655,0,663.0,1,1
1655,1,365.0,1,1
1655,2,166.0,1,1
1655,3,329.0,1,1
1655,4,190.0,1,1
1655,5,511.0,1,1
1655,6,277.0,1,1
1655,7,156.0,1,1
1655,8,186.0,1,1
1655,9,116.0,1,1
1655,10,282.0,1,1
1655,11,679.0,1,1
1655,12,736.0,1,1
1655,13,542.0,1,1
1655,14,365.0,1,1
1655,15,797.0,1,1
1656,0,489.0,1,1
1656,1,371.0,1,1
1656,2,183.0,1,1
1656,3,216.0,1,1
1656,4,194.0,1,1
1656,5,552.0,1,1
1656,6,316.0,1,1
1656,7,224.0,1,1
1656,8,177.0,1,1
1656,9,166.0,1,1
1656,10,296.0,1,1
1656,11,619.0,1,1
1656,12,572.0,1,1
1656,13,560.0,1,1
1656,14,434.0,1,1
1656,15,618.0,1,1
1657,0,291.0,1,1
1657,1,326.0,1,1
1657,2,156.0,1,1
1657,3,144.0,1,1
1657,4,221.0,1,1
1657,5,374.0,1,1
1657,6,303.0,1,1
1657,7,115.0,1,1
1657,8,54.0,1,1
1657,9,155.0,1,1
1657,10,272.0,1,1
1657,11,554.0,1,1
1657,12,479.0,1,1
1657,13,543.0,1,1
1657,14,557.0,1,1
1657,15,249.0,1,1
1658,0,112.0,1,1
1658,1,138.0,1,1
1658,2,138.0,1,1
1658,3,91.0,1,1
1658,4,194.0,1,1
1658,5,289.0,1,1
1658,6,212.0,1,1
1658,7,170.0,1,1
1658,8,32.0,1,1
1658,9,188.0,1,1
1658,10,251.0,1,1
1658,11,394.0,1,1
1658,12,360.0,1,1
1658,13,428.0,1,1
1658,14,527.0,1,1
1658,15,126.0,1,1
1659,0,113.0,1,1
1659,1,40.0,1,1
1659,2,23.0,1,1
1659,3,129.0,1,1
1659,4,159.0,1,1
1659,5,261.0,1,1
1659,6,182.0,1,1
1659,7,70.0,1,1
1659,8,36.0,1,1
1659,9,84.0,1,1
1659,10,209.0,1,1
1659,11,217.0,1,1
1659,12,390.0,1,1
1659,13,318.0,1,1
1659,14,406.0,1,1
1659,15,102.0,1,1
1660,0,60.0,1,1
1660,1,35.0,1,1
1660,2,24.0,1,1
1660,3,74.0,1,1
1660,4,146.0,1,1
1660,5,232.0,1,1
1660,6,128.0,1,1
1660,7,75.0,1,1
1660,8,13.0,1,1
1660,9,83.0,1,1
1660,10,137.0,1,1
1660,11,162.0,1,1
1660,12,266.0,1,1
1660,13,301.0,1,1
1660,14,397.0,1,1
1660,15,52.0,1,1
1661,0,26.0,1,1
1661,1,31.0,1,1
1661,2,19.0,1,1
1661,3,32.0,1,1
1661,4,108.0,1,1
1661,5,178.0,1,1
1661,6,73.0,1,1
1661,7,51.0,1,1
1661,8,2.0,1,1
1661,9,28.0,1,1
1661,10,161.0,1,1
1661,11,80.0,1,1
1661,12,160.0,1,1
1661,13,175.0,1,1
1661,14,331.0,1,1
1661,15,13.0,1,1
1662,0,24.0,1,1
1662,1,23.0,1,1
1662,2,14.0,1,1
1662,3,37.0,1,1
1662,4,91.0,1,1
1662,5,142.0,1,1
1662,6,48.0,1,1
1662,7,24.0,1,1
1662,8,2.0,1,1
1662,9,14.0,1,1
1662,10,112.0,1,1
1662,11,72.0,1,1
1662,12,145.0,1,1
1662,13,122.0,1,1
1662,14,265.0,1,1
1662,15,10.0,1,1
1663,0,25.0,1,1
1663,1,7.0,1,1
1663,2,10.0,1,1
1663,3,23.0,1,1
1663,4,59.0,1,1
1663,5,84.0,1,1
1663,6,31.0,1,1
1663,7,12.0,1,1
1663,8,1.0,1,1
1663,9,9.0,1,1
1663,10,104.0,1,1
1663,11,72.0,1,1
1663,12,95.0,1,1
1663,13,87.0,1,1
1663,14,202.0,1,1
1663,15,4.0,1,1
1664,0,176.0,1,1
1664,1,60.0,1,1
1664,2,30.0,1,1
1664,3,70.0,1,1
1664,4,142.0,1,1
1664,5,213.0,1,1
1664,6,89.0,1,1
1664,7,50.0,1,1
1664,8,8.0,1,1
1664,9,49.0,1,1
1664,10,373.0,1,1
1664,11,109.0,1,1
1664,12,208.0,1,1
1664,13,287.0,1,1
1664,14,397.0,1,1
1664,15,35.0,1,1
1665,0,267.0,1,1
1665,1,295.0,1,1
1665,2,70.0,1,1
1665,3,297.0,1,1
1665,4,303.0,1,1
1665,5,500.0,1,1
1665,6,320.0,1,1
1665,7,213.0,1,1
1665,8,92.0,1,1
1665,9,188.0,1,1
1665,10,568.0,1,1
1665,11,350.0,1,1
1665,12,652.0,1,1
1665,13,574.0,1,1
1665,14,881.0,1,1
1665,15,233.0,1,1
1666,0,453.0,1,1
1666,1,422.0,1,1
1666,2,172.0,1,1
1666,3,410.0,1,1
1666,4,459.0,1,1
1666,5,776.0,1,1
1666,6,417.0,1,1
1666,7,385.0,1,1
1666,8,173.0,1,1
1666,9,331.0,1,1
1666,10,708.0,1,1
1666,11,583.0,1,1
1666,12,802.0,1,1
1666,13,727.0,1,1
1666,14,1302.0,1,1
1666,15,400.0,1,1
1667,0,0.0,1,1
1667,1,0.0,1,1
1667,2,0.0,1,1
1667,3,251.0,1,1
1667,4,220.0,1,1
1667,5,175.0,1,1
1667,6,207.0,1,1
1667,7,93.0,1,1
1667,8,87.0,1,1
1667,9,176.0,1,1
1667,10,0.0,1,1
1667,11,464.0,1,1
1667,12,422.0,1,1
1667,13,475.0,1,1
1667,14,533.0,1,1
1667,15,278.0,1,1
1668,0,814.0,1,1
1668,1,550.0,1,1
1668,2,315.0,1,1
1668,3,94.0,1,1
1668,4,229.0,1,1
1668,5,327.0,1,1
1668,6,171.0,1,1
1668,7,205.0,1,1
1668,8,36.0,1,1
1668,9,170.0,1,1
1668,10,1281.0,1,1
1668,11,315.0,1,1
1668,12,342.0,1,1
1668,13,490.0,1,1
1668,14,576.0,1,1
1668,15,104.0,1,1
1669,0,483.0,1,1
1669,1,283.0,1,1
1669,2,155.0,1,1
1669,3,153.0,1,1
1669,4,297.0,1,1
1669,5,446.0,1,1
1669,6,263.0,1,1
1669,7,422.0,1,1
1669,8,47.0,1,1
1669,9,227.0,1,1
1669,10,487.0,1,1
1669,11,446.0,1,1
1669,12,489.0,1,1
1669,13,531.0,1,1
1669,14,773.0,1,1
1669,15,135.0,1,1
1670,0,602.0,1,1
1670,1,300.0,1,1
1670,2,165.0,1,1
1670,3,188.0,1,1
1670,4,174.0,1,1
1670,5,355.0,1,1
1670,6,252.0,1,1
1670,7,141.0,1,1
1670,8,100.0,1,1
1670,9,180.0,1,1
1670,10,485.0,1,1
1670,11,418.0,1,1
1670,12,519.0,1,1
1670,13,487.0,1,1
1670,14,528.0,1,1
1670,15,309.0,1,1
1671,0,1044.0,1,1
1671,1,551.0,1,1
1671,2,297.0,1,1
1671,3,186.0,1,1
1671,4,324.0,1,1
1671,5,473.0,1,1
1671,6,322.0,1,1
1671,7,347.0,1,1
1671,8,67.0,1,1
1671,9,311.0,1,1
1671,10,96.0,1,1
1671,11,48.0,1,1
1671,12,564.0,1,1
1671,13,528.0,1,1
1671,14,753.0,1,1
1671,15,290.0,1,1
1672,0,701.0,1,1
1672,1,347.0,1,1
1672,2,213.0,1,1
1672,3,157.0,1,1
1672,4,261.0,1,1
1672,5,380.0,1,1
1672,6,235.0,1,1
1672,7,312.0,1,1
1672,8,54.0,1,1
1672,9,298.0,1,1
1672,10,545.0,1,1
1672,11,482.0,1,1
1672,12,436.0,1,1
1672,13,486.0,1,1
1672,14,628.0,1,1
1672,15,207.0,1,1
1673,0,769.0,1,1
1673,1,437.0,1,1
1673,2,188.0,1,1
1673,3,141.0,1,1
1673,4,206.0,1,1
1673,5,272.0,1,1
1673,6,333.0,1,1
1673,7,210.0,1,1
1673,8,130.0,1,1
1673,9,454.0,1,1
1673,10,511.0,1,1
1673,11,435.0,1,1
1673,12,379.0,1,1
1673,13,618.0,1,1
1673,14,413.0,1,1
1673,15,532.0,1,1
1674,0,868.0,1,1
1674,1,390.0,1,1
1674,2,79.0,1,1
1674,3,310.0,1,1
1674,4,154.0,1,1
1674,5,237.0,1,1
1674,6,432.0,1,1
1674,7,83.0,1,1
1674,8,577.0,1,1
1674,9,411.0,1,1
1674,10,469.0,1,1
1674,11,435.0,1,1
1674,12,438.0,1,1
1674,13,763.0,1,1
1674,14,438.0,1,1
1674,15,1448.0,1,1
1675,0,1231.0,1,1
1675,1,441.0,1,1
1675,2,36.0,1,1
1675,3,284.0,1,1
1675,4,194.0,1,1
1675,5,259.0,1,1
1675,6,379.0,1,1
1675,7,137.0,1,1
1675,8,460.0,1,1
1675,9,618.0,1,1
1675,10,501.0,1,1
1675,11,411.0,1,1
1675,12,481.0,1,1
1675,13,809.0,1,1
1675,14,508.0,1,1
1675,15,1218.0,1,1
1676,0,2347.0,1,1
1676,1,851.0,1,1
1676,2,48.0,1,1
1676,3,476.0,1,1
1676,4,141.0,1,1
1676,5,254.0,1,1
1676,6,466.0,1,1
1676,7,79.0,1,1
1676,8,1141.0,1,1
1676,9,429.0,1,1
1676,10,545.0,1,1
1676,11,450.0,1,1
1676,12,540.0,1,1
1676,13,779.0,1,1
1676,14,508.0,1,1
1676,15,1880.0,1,1
1677,0,758.0,1,1
1677,1,352.0,1,1
1677,2,90.0,1,1
1677,3,179.0,1,1
1677,4,248.0,1,1
1677,5,276.0,1,1
1677,6,281.0,1,1
1677,7,239.0,1,1
1677,8,88.0,1,1
1677,9,291.0,1,1
1677,10,481.0,1,1
1677,11,452.0,1,1
1677,12,402.0,1,1
1677,13,555.0,1,1
1677,14,608.0,1,1
1677,15,337.0,1,1
1678,0,714.0,1,1
1678,1,411.0,1,1
1678,2,119.0,1,1
1678,3,153.0,1,1
1678,4,203.0,1,1
1678,5,293.0,1,1
1678,6,351.0,1,1
1678,7,276.0,1,1
1678,8,146.0,1,1
1678,9,505.0,1,1
1678,10,297.0,1,1
1678,11,767.0,1,1
1678,12,437.0,1,1
1678,13,742.0,1,1
1678,14,521.0,1,1
1678,15,434.0,1,1
1679,0,693.0,1,1
1679,1,461.0,1,1
1679,2,152.0,1,1
1679,3,235.0,1,1
1679,4,255.0,1,1
1679,5,378.0,1,1
1679,6,386.0,1,1
1679,7,266.0,1,1
1679,8,258.0,1,1
1679,9,671.0,1,1
1679,10,353.0,1,1
1679,11,701.0,1,1
1679,12,596.0,1,1
1679,13,745.0,1,1
1679,14,510.0,1,1
1679,15,693.0,1,1
1680,0,604.0,1,1
1680,1,364.0,1,1
1680,2,163.0,1,1
1680,3,289.0,1,1
1680,4,233.0,1,1
1680,5,356.0,1,1
1680,6,376.0,1,1
1680,7,220.0,1,1
1680,8,212.0,1,1
1680,9,331.0,1,1
1680,10,286.0,1,1
1680,11,586.0,1,1
1680,12,538.0,1,1
1680,13,650.0,1,1
1680,14,689.0,1,1
1680,15,656.0,1,1
1681,0,474.0,1,1
1681,1,332.0,1,1
1681,2,132.0,1,1
1681,3,182.0,1,1
1681,4,144.0,1,1
1681,5,270.0,1,1
1681,6,283.0,1,1
1681,7,240.0,1,1
1681,8,97.0,1,1
1681,9,280.0,1,1
1681,10,243.0,1,1
1681,11,565.0,1,1
1681,12,489.0,1,1
1681,13,191.0,1,1
1681,14,374.0,1,1
1681,15,197.0,1,1
1682,0,277.0,1,1
1682,1,162.0,1,1
1682,2,99.0,1,1
1682,3,147.0,1,1
1682,4,153.0,1,1
1682,5,189.0,1,1
1682,6,216.0,1,1
1682,7,160.0,1,1
1682,8,98.0,1,1
1682,9,276.0,1,1
1682,10,259.0,1,1
1682,11,367.0,1,1
1682,12,332.0,1,1
1682,13,148.0,1,1
1682,14,262.0,1,1
1682,15,144.0,1,1
1683,0,104.0,1,1
1683,1,46.0,1,1
1683,2,34.0,1,1
1683,3,164.0,1,1
1683,4,141.0,1,1
1683,5,145.0,1,1
1683,6,239.0,1,1
1683,7,127.0,1,1
1683,8,40.0,1,1
1683,9,174.0,1,1
1683,10,211.0,1,1
1683,11,225.0,1,1
1683,12,292.0,1,1
1683,13,98.0,1,1
1683,14,166.0,1,1
1683,15,94.0,1,1
1684,0,50.0,1,1
1684,1,35.0,1,1
1684,2,16.0,1,1
1684,3,140.0,1,1
1684,4,132.0,1,1
1684,5,93.0,1,1
1684,6,203.0,1,1
1684,7,97.0,1,1
1684,8,24.0,1,1
1684,9,188.0,1,1
1684,10,199.0,1,1
1684,11,134.0,1,1
1684,12,246.0,1,1
1684,13,71.0,1,1
1684,14,114.0,1,1
1684,15,54.0,1,1
1685,0,26.0,1,1
1685,1,28.0,1,1
1685,2,9.0,1,1
1685,3,116.0,1,1
1685,4,93.0,1,1
1685,5,38.0,1,1
1685,6,201.0,1,1
1685,7,74.0,1,1
1685,8,9.0,1,1
1685,9,138.0,1,1
1685,10,183.0,1,1
1685,11,72.0,1,1
1685,12,141.0,1,1
1685,13,15.0,1,1
1685,14,38.0,1,1
1685,15,9.0,1,1
1686,0,42.0,1,1
1686,1,36.0,1,1
1686,2,15.0,1,1
1686,3,141.0,1,1
1686,4,72.0,1,1
1686,5,26.0,1,1
1686,6,229.0,1,1
1686,7,59.0,1,1
1686,8,5.0,1,1
1686,9,80.0,1,1
1686,10,135.0,1,1
1686,11,99.0,1,1
1686,12,158.0,1,1
1686,13,6.0,1,1
1686,14,22.0,1,1
1686,15,4.0,1,1
1687,0,24.0,1,1
1687,1,20.0,1,1
1687,2,10.0,1,1
1687,3,84.0,1,1
1687,4,56.0,1,1
1687,5,17.0,1,1
1687,6,184.0,1,1
1687,7,48.0,1,1
1687,8,3.0,1,1
1687,9,47.0,1,1
1687,10,19.0,1,1
1687,11,2.0,1,1
1687,12,95.0,1,1
1687,13,3.0,1,1
1687,14,13.0,1,1
1687,15,2.0,1,1
1688,0,151.0,1,1
1688,1,75.0,1,1
1688,2,37.0,1,1
1688,3,154.0,1,1
1688,4,140.0,1,1
1688,5,50.0,1,1
1688,6,225.0,1,1
1688,7,107.0,1,1
1688,8,21.0,1,1
1688,9,192.0,1,1
1688,10,444.0,1,1
1688,11,116.0,1,1
1688,12,192.0,1,1
1688,13,41.0,1,1
1688,14,70.0,1,1
1688,15,19.0,1,1
1689,0,296.0,1,1
1689,1,277.0,1,1
1689,2,57.0,1,1
1689,3,604.0,1,1
1689,4,361.0,1,1
1689,5,293.0,1,1
1689,6,490.0,1,1
1689,7,349.0,1,1
1689,8,100.0,1,1
1689,9,366.0,1,1
1689,10,551.0,1,1
1689,11,361.0,1,1
1689,12,995.0,1,1
1689,13,266.0,1,1
1689,14,338.0,1,1
1689,15,206.0,1,1
1690,0,573.0,1,1
1690,1,370.0,1,1
1690,2,159.0,1,1
1690,3,1150.0,1,1
1690,4,518.0,1,1
1690,5,395.0,1,1
1690,6,713.0,1,1
1690,7,505.0,1,1
1690,8,197.0,1,1
1690,9,524.0,1,1
1690,10,736.0,1,1
1690,11,575.0,1,1
1690,12,1072.0,1,1
1690,13,532.0,1,1
1690,14,556.0,1,1
1690,15,308.0,1,1
1691,0,463.0,1,1
1691,1,238.0,1,1
1691,2,167.0,1,1
1691,3,151.0,1,1
1691,4,146.0,1,1
1691,5,182.0,1,1
1691,6,195.0,1,1
1691,7,206.0,1,1
1691,8,154.0,1,1
1691,9,203.0,1,1
1691,10,0.0,1,1
1691,11,519.0,1,1
1691,12,709.0,1,1
1691,13,364.0,1,1
1691,14,420.0,1,1
1691,15,282.0,1,1
1692,0,511.0,1,1
1692,1,292.0,1,1
1692,2,164.0,1,1
1692,3,260.0,1,1
1692,4,248.0,1,1
1692,5,140.0,1,1
1692,6,277.0,1,1
1692,7,155.0,1,1
1692,8,77.0,1,1
1692,9,422.0,1,1
1692,10,498.0,1,1
1692,11,424.0,1,1
1692,12,373.0,1,1
1692,13,232.0,1,1
1692,14,228.0,1,1
1692,15,101.0,1,1
1693,0,580.0,1,1
1693,1,267.0,1,1
1693,2,199.0,1,1
1693,3,376.0,1,1
1693,4,327.0,1,1
1693,5,230.0,1,1
1693,6,346.0,1,1
1693,7,280.0,1,1
1693,8,126.0,1,1
1693,9,522.0,1,1
1693,10,568.0,1,1
1693,11,455.0,1,1
1693,12,500.0,1,1
1693,13,303.0,1,1
1693,14,309.0,1,1
1693,15,187.0,1,1
1694,0,621.0,1,1
1694,1,318.0,1,1
1694,2,144.0,1,1
1694,3,108.0,1,1
1694,4,124.0,1,1
1694,5,348.0,1,1
1694,6,246.0,1,1
1694,7,181.0,1,1
1694,8,109.0,1,1
1694,9,304.0,1,1
1694,10,426.0,1,1
1694,11,400.0,1,1
1694,12,557.0,1,1
1694,13,410.0,1,1
1694,14,421.0,1,1
1694,15,284.0,1,1
1695,0,564.0,1,1
1695,1,397.0,1,1
1695,2,96.0,1,1
1695,3,249.0,1,1
1695,4,265.0,1,1
1695,5,349.0,1,1
1695,6,340.0,1,1
1695,7,254.0,1,1
1695,8,165.0,1,1
1695,9,409.0,1,1
1695,10,483.0,1,1
1695,11,451.0,1,1
1695,12,557.0,1,1
1695,13,375.0,1,1
1695,14,577.0,1,1
1695,15,364.0,1,1
1696,0,714.0,1,1
1696,1,409.0,1,1
1696,2,175.0,1,1
1696,3,257.0,1,1
1696,4,253.0,1,1
1696,5,246.0,1,1
1696,6,263.0,1,1
1696,7,226.0,1,1
1696,8,131.0,1,1
1696,9,474.0,1,1
1696,10,520.0,1,1
1696,11,444.0,1,1
1696,12,454.0,1,1
1696,13,418.0,1,1
1696,14,353.0,1,1
1696,15,260.0,1,1
1697,0,762.0,1,1
1697,1,462.0,1,1
1697,2,118.0,1,1
1697,3,66.0,1,1
1697,4,112.0,1,1
1697,5,339.0,1,1
1697,6,122.0,1,1
1697,7,182.0,1,1
1697,8,250.0,1,1
1697,9,411.0,1,1
1697,10,432.0,1,1
1697,11,473.0,1,1
1697,12,390.0,1,1
1697,13,995.0,1,1
1697,14,850.0,1,1
1697,15,749.0,1,1
1698,0,962.0,1,1
1698,1,437.0,1,1
1698,2,68.0,1,1
1698,3,53.0,1,1
1698,4,80.0,1,1
1698,5,621.0,1,1
1698,6,138.0,1,1
1698,7,218.0,1,1
1698,8,317.0,1,1
1698,9,257.0,1,1
1698,10,478.0,1,1
1698,11,377.0,1,1
1698,12,532.0,1,1
1698,13,1592.0,1,1
1698,14,1406.0,1,1
1698,15,1270.0,1,1
1699,0,1216.0,1,1
1699,1,432.0,1,1
1699,2,13.0,1,1
1699,3,65.0,1,1
1699,4,110.0,1,1
1699,5,527.0,1,1
1699,6,155.0,1,1
1699,7,219.0,1,1
1699,8,342.0,1,1
1699,9,377.0,1,1
1699,10,594.0,1,1
1699,11,488.0,1,1
1699,12,565.0,1,1
1699,13,2131.0,1,1
1699,14,1290.0,1,1
1699,15,1476.0,1,1
1700,0,2257.0,1,1
1700,1,776.0,1,1
1700,2,21.0,1,1
1700,3,62.0,1,1
1700,4,96.0,1,1
1700,5,779.0,1,1
1700,6,154.0,1,1
1700,7,255.0,1,1
1700,8,292.0,1,1
1700,9,313.0,1,1
1700,10,507.0,1,1
1700,11,349.0,1,1
1700,12,779.0,1,1
1700,13,2476.0,1,1
1700,14,1340.0,1,1
1700,15,1673.0,1,1
1701,0,700.0,1,1
1701,1,318.0,1,1
1701,2,65.0,1,1
1701,3,115.0,1,1
1701,4,144.0,1,1
1701,5,307.0,1,1
1701,6,203.0,1,1
1701,7,192.0,1,1
1701,8,189.0,1,1
1701,9,352.0,1,1
1701,10,475.0,1,1
1701,11,388.0,1,1
1701,12,413.0,1,1
1701,13,566.0,1,1
1701,14,577.0,1,1
1701,15,422.0,1,1
1702,0,757.0,1,1
1702,1,392.0,1,1
1702,2,119.0,1,1
1702,3,87.0,1,1
1702,4,156.0,1,1
1702,5,357.0,1,1
1702,6,155.0,1,1
1702,7,252.0,1,1
1702,8,359.0,1,1
1702,9,512.0,1,1
1702,10,279.0,1,1
1702,11,705.0,1,1
1702,12,434.0,1,1
1702,13,1350.0,1,1
1702,14,908.0,1,1
1702,15,616.0,1,1
1703,0,708.0,1,1
1703,1,462.0,1,1
1703,2,173.0,1,1
1703,3,137.0,1,1
1703,4,202.0,1,1
1703,5,527.0,1,1
1703,6,181.0,1,1
1703,7,268.0,1,1
1703,8,459.0,1,1
1703,9,512.0,1,1
1703,10,304.0,1,1
1703,11,717.0,1,1
1703,12,505.0,1,1
1703,13,1596.0,1,1
1703,14,1029.0,1,1
1703,15,1061.0,1,1
1704,0,454.0,1,1
1704,1,273.0,1,1
1704,2,144.0,1,1
1704,3,156.0,1,1
1704,4,182.0,1,1
1704,5,445.0,1,1
1704,6,220.0,1,1
1704,7,234.0,1,1
1704,8,274.0,1,1
1704,9,437.0,1,1
1704,10,267.0,1,1
1704,11,450.0,1,1
1704,12,642.0,1,1
1704,13,1009.0,1,1
1704,14,762.0,1,1
1704,15,858.0,1,1
1705,0,467.0,1,1
1705,1,346.0,1,1
1705,2,179.0,1,1
1705,3,187.0,1,1
1705,4,178.0,1,1
1705,5,193.0,1,1
1705,6,354.0,1,1
1705,7,168.0,1,1
1705,8,35.0,1,1
1705,9,212.0,1,1
1705,10,284.0,1,1
1705,11,607.0,1,1
1705,12,471.0,1,1
1705,13,116.0,1,1
1705,14,186.0,1,1
1705,15,313.0,1,1
1706,0,295.0,1,1
1706,1,136.0,1,1
1706,2,105.0,1,1
1706,3,95.0,1,1
1706,4,163.0,1,1
1706,5,204.0,1,1
1706,6,198.0,1,1
1706,7,124.0,1,1
1706,8,34.0,1,1
1706,9,175.0,1,1
1706,10,261.0,1,1
1706,11,403.0,1,1
1706,12,271.0,1,1
1706,13,57.0,1,1
1706,14,183.0,1,1
1706,15,183.0,1,1
1707,0,94.0,1,1
1707,1,71.0,1,1
1707,2,38.0,1,1
1707,3,146.0,1,1
1707,4,102.0,1,1
1707,5,153.0,1,1
1707,6,276.0,1,1
1707,7,74.0,1,1
1707,8,23.0,1,1
1707,9,110.0,1,1
1707,10,205.0,1,1
1707,11,276.0,1,1
1707,12,314.0,1,1
1707,13,30.0,1,1
1707,14,124.0,1,1
1707,15,174.0,1,1
1708,0,54.0,1,1
1708,1,49.0,1,1
1708,2,15.0,1,1
1708,3,92.0,1,1
1708,4,78.0,1,1
1708,5,134.0,1,1
1708,6,251.0,1,1
1708,7,44.0,1,1
1708,8,8.0,1,1
1708,9,80.0,1,1
1708,10,215.0,1,1
1708,11,289.0,1,1
1708,12,233.0,1,1
1708,13,12.0,1,1
1708,14,70.0,1,1
1708,15,96.0,1,1
1709,0,25.0,1,1
1709,1,21.0,1,1
1709,2,7.0,1,1
1709,3,74.0,1,1
1709,4,37.0,1,1
1709,5,58.0,1,1
1709,6,187.0,1,1
1709,7,15.0,1,1
1709,8,2.0,1,1
1709,9,36.0,1,1
1709,10,178.0,1,1
1709,11,100.0,1,1
1709,12,192.0,1,1
1709,13,1.0,1,1
1709,14,14.0,1,1
1709,15,26.0,1,1
1710,0,26.0,1,1
1710,1,17.0,1,1
1710,2,9.0,1,1
1710,3,119.0,1,1
1710,4,19.0,1,1
1710,5,33.0,1,1
1710,6,236.0,1,1
1710,7,6.0,1,1
1710,8,1.0,1,1
1710,9,20.0,1,1
1710,10,149.0,1,1
1710,11,95.0,1,1
1710,12,177.0,1,1
1710,13,0.0,1,1
1710,14,8.0,1,1
1710,15,22.0,1,1
1711,0,43.0,1,1
1711,1,18.0,1,1
1711,2,9.0,1,1
1711,3,74.0,1,1
1711,4,12.0,1,1
1711,5,23.0,1,1
1711,6,189.0,1,1
1711,7,3.0,1,1
1711,8,0.0,1,1
1711,9,11.0,1,1
1711,10,178.0,1,1
1711,11,55.0,1,1
1711,12,137.0,1,1
1711,13,0.0,1,1
1711,14,3.0,1,1
1711,15,12.0,1,1
1712,0,125.0,1,1
1712,1,84.0,1,1
1712,2,42.0,1,1
1712,3,111.0,1,1
1712,4,54.0,1,1
1712,5,100.0,1,1
1712,6,275.0,1,1
1712,7,25.0,1,1
1712,8,6.0,1,1
1712,9,48.0,1,1
1712,10,416.0,1,1
1712,11,148.0,1,1
1712,12,282.0,1,1
1712,13,4.0,1,1
1712,14,34.0,1,1
1712,15,57.0,1,1
1713,0,305.0,1,1
1713,1,290.0,1,1
1713,2,68.0,1,1
1713,3,636.0,1,1
1713,4,189.0,1,1
1713,5,365.0,1,1
1713,6,838.0,1,1
1713,7,131.0,1,1
1713,8,96.0,1,1
1713,9,221.0,1,1
1713,10,580.0,1,1
1713,11,339.0,1,1
1713,12,739.0,1,1
1713,13,74.0,1,1
1713,14,210.0,1,1
1713,15,399.0,1,1
1714,0,430.0,1,1
1714,1,336.0,1,1
1714,2,145.0,1,1
1714,3,1229.0,1,1
1714,4,294.0,1,1
1714,5,480.0,1,1
1714,6,1136.0,1,1
1714,7,237.0,1,1
1714,8,278.0,1,1
1714,9,277.0,1,1
1714,10,769.0,1,1
1714,11,585.0,1,1
1714,12,1157.0,1,1
1714,13,226.0,1,1
1714,14,442.0,1,1
1714,15,527.0,1,1
1715,0,513.0,1,1
1715,1,288.0,1,1
1715,2,190.0,1,1
1715,3,225.0,1,1
1715,4,126.0,1,1
1715,5,337.0,1,1
1715,6,470.0,1,1
1715,7,119.0,1,1
1715,8,115.0,1,1
1715,9,215.0,1,1
1715,10,0.0,1,1
1715,11,434.0,1,1
1715,12,468.0,1,1
1715,13,180.0,1,1
1715,14,278.0,1,1
1715,15,362.0,1,1
1716,0,559.0,1,1
1716,1,387.0,1,1
1716,2,212.0,1,1
1716,3,118.0,1,1
1716,4,133.0,1,1
1716,5,254.0,1,1
1716,6,254.0,1,1
1716,7,90.0,1,1
1716,8,39.0,1,1
1716,9,143.0,1,1
1716,10,685.0,1,1
1716,11,524.0,1,1
1716,12,343.0,1,1
1716,13,38.0,1,1
1716,14,140.0,1,1
1716,15,172.0,1,1
1717,0,689.0,1,1
1717,1,394.0,1,1
1717,2,237.0,1,1
1717,3,227.0,1,1
1717,4,223.0,1,1
1717,5,333.0,1,1
1717,6,349.0,1,1
1717,7,161.0,1,1
1717,8,61.0,1,1
1717,9,190.0,1,1
1717,10,525.0,1,1
1717,11,514.0,1,1
1717,12,492.0,1,1
1717,13,65.0,1,1
1717,14,233.0,1,1
1717,15,195.0,1,1
1718,0,619.0,1,1
1718,1,350.0,1,1
1718,2,208.0,1,1
1718,3,166.0,1,1
1718,4,200.0,1,1
1718,5,245.0,1,1
1718,6,276.0,1,1
1718,7,154.0,1,1
1718,8,67.0,1,1
1718,9,238.0,1,1
1718,10,598.0,1,1
1718,11,544.0,1,1
1718,12,289.0,1,1
1718,13,201.0,1,1
1718,14,330.0,1,1
1718,15,367.0,1,1
1719,0,628.0,1,1
1719,1,431.0,1,1
1719,2,232.0,1,1
1719,3,174.0,1,1
1719,4,264.0,1,1
1719,5,388.0,1,1
1719,6,401.0,1,1
1719,7,195.0,1,1
1719,8,97.0,1,1
1719,9,332.0,1,1
1719,10,610.0,1,1
1719,11,562.0,1,1
1719,12,434.0,1,1
1719,13,234.0,1,1
1719,14,420.0,1,1
1719,15,353.0,1,1
1720,0,729.0,1,1
1720,1,479.0,1,1
1720,2,241.0,1,1
1720,3,168.0,1,1
1720,4,184.0,1,1
1720,5,338.0,1,1
1720,6,286.0,1,1
1720,7,168.0,1,1
1720,8,73.0,1,1
1720,9,222.0,1,1
1720,10,625.0,1,1
1720,11,579.0,1,1
1720,12,404.0,1,1
1720,13,120.0,1,1
1720,14,275.0,1,1
1720,15,256.0,1,1
1721,0,701.0,1,1
1721,1,421.0,1,1
1721,2,242.0,1,1
1721,3,44.0,1,1
1721,4,313.0,1,1
1721,5,360.0,1,1
1721,6,149.0,1,1
1721,7,333.0,1,1
1721,8,173.0,1,1
1721,9,418.0,1,1
1721,10,542.0,1,1
1721,11,526.0,1,1
1721,12,218.0,1,1
1721,13,649.0,1,1
1721,14,646.0,1,1
1721,15,503.0,1,1
1722,0,1005.0,1,1
1722,1,418.0,1,1
1722,2,64.0,1,1
1722,3,79.0,1,1
1722,4,325.0,1,1
1722,5,320.0,1,1
1722,6,184.0,1,1
1722,7,413.0,1,1
1722,8,331.0,1,1
1722,9,519.0,1,1
1722,10,619.0,1,1
1722,11,447.0,1,1
1722,12,224.0,1,1
1722,13,2701.0,1,1
1722,14,1216.0,1,1
1722,15,1371.0,1,1
1723,0,1952.0,1,1
1723,1,743.0,1,1
1723,2,77.0,1,1
1723,3,79.0,1,1
1723,4,340.0,1,1
1723,5,445.0,1,1
1723,6,203.0,1,1
1723,7,449.0,1,1
1723,8,454.0,1,1
1723,9,504.0,1,1
1723,10,517.0,1,1
1723,11,422.0,1,1
1723,12,239.0,1,1
1723,13,2654.0,1,1
1723,14,1377.0,1,1
1723,15,1206.0,1,1
1724,0,3004.0,1,1
1724,1,1121.0,1,1
1724,2,84.0,1,1
1724,3,109.0,1,1
1724,4,310.0,1,1
1724,5,306.0,1,1
1724,6,268.0,1,1
1724,7,453.0,1,1
1724,8,501.0,1,1
1724,9,485.0,1,1
1724,10,607.0,1,1
1724,11,419.0,1,1
1724,12,253.0,1,1
1724,13,3500.0,1,1
1724,14,1386.0,1,1
1724,15,1925.0,1,1
1725,0,796.0,1,1
1725,1,382.0,1,1
1725,2,37.0,1,1
1725,3,106.0,1,1
1725,4,277.0,1,1
1725,5,402.0,1,1
1725,6,236.0,1,1
1725,7,219.0,1,1
1725,8,85.0,1,1
1725,9,333.0,1,1
1725,10,480.0,1,1
1725,11,412.0,1,1
1725,12,304.0,1,1
1725,13,389.0,1,1
1725,14,506.0,1,1
1725,15,349.0,1,1
1726,0,799.0,1,1
1726,1,446.0,1,1
1726,2,113.0,1,1
1726,3,48.0,1,1
1726,4,368.0,1,1
1726,5,473.0,1,1
1726,6,174.0,1,1
1726,7,402.0,1,1
1726,8,158.0,1,1
1726,9,382.0,1,1
1726,10,293.0,1,1
1726,11,684.0,1,1
1726,12,249.0,1,1
1726,13,579.0,1,1
1726,14,773.0,1,1
1726,15,459.0,1,1
1727,0,756.0,1,1
1727,1,493.0,1,1
1727,2,147.0,1,1
1727,3,98.0,1,1
1727,4,400.0,1,1
1727,5,510.0,1,1
1727,6,209.0,1,1
1727,7,472.0,1,1
1727,8,461.0,1,1
1727,9,439.0,1,1
1727,10,313.0,1,1
1727,11,681.0,1,1
1727,12,324.0,1,1
1727,13,1099.0,1,1
1727,14,1228.0,1,1
1727,15,790.0,1,1
1728,0,625.0,1,1
1728,1,409.0,1,1
1728,2,177.0,1,1
1728,3,165.0,1,1
1728,4,336.0,1,1
1728,5,400.0,1,1
1728,6,287.0,1,1
1728,7,361.0,1,1
1728,8,197.0,1,1
1728,9,426.0,1,1
1728,10,319.0,1,1
1728,11,687.0,1,1
1728,12,423.0,1,1
1728,13,894.0,1,1
1728,14,787.0,1,1
1728,15,663.0,1,1
1729,0,552.0,1,1
1729,1,392.0,1,1
1729,2,150.0,1,1
1729,3,133.0,1,1
1729,4,45.0,1,1
1729,5,276.0,1,1
1729,6,200.0,1,1
1729,7,138.0,1,1
1729,8,93.0,1,1
1729,9,97.0,1,1
1729,10,311.0,1,1
1729,11,574.0,1,1
1729,12,251.0,1,1
1729,13,293.0,1,1
1729,14,218.0,1,1
1729,15,170.0,1,1
1730,0,352.0,1,1
1730,1,167.0,1,1
1730,2,106.0,1,1
1730,3,175.0,1,1
1730,4,42.0,1,1
1730,5,369.0,1,1
1730,6,209.0,1,1
1730,7,121.0,1,1
1730,8,85.0,1,1
1730,9,130.0,1,1
1730,10,282.0,1,1
1730,11,465.0,1,1
1730,12,331.0,1,1
1730,13,325.0,1,1
1730,14,389.0,1,1
1730,15,252.0,1,1
1731,0,108.0,1,1
1731,1,108.0,1,1
1731,2,37.0,1,1
1731,3,149.0,1,1
1731,4,11.0,1,1
1731,5,172.0,1,1
1731,6,141.0,1,1
1731,7,78.0,1,1
1731,8,64.0,1,1
1731,9,56.0,1,1
1731,10,260.0,1,1
1731,11,223.0,1,1
1731,12,163.0,1,1
1731,13,228.0,1,1
1731,14,189.0,1,1
1731,15,165.0,1,1
1732,0,0.0,1,1
1732,1,0.0,1,1
1732,2,0.0,1,1
1732,3,134.0,1,1
1732,4,7.0,1,1
1732,5,164.0,1,1
1732,6,80.0,1,1
1732,7,45.0,1,1
1732,8,38.0,1,1
1732,9,46.0,1,1
1732,10,211.0,1,1
1732,11,132.0,1,1
1732,12,166.0,1,1
1732,13,172.0,1,1
1732,14,191.0,1,1
1732,15,132.0,1,1
1733,0,106.0,1,1
1733,1,72.0,1,1
1733,2,28.0,1,1
1733,3,128.0,1,1
1733,4,1.0,1,1
1733,5,89.0,1,1
1733,6,24.0,1,1
1733,7,15.0,1,1
1733,8,15.0,1,1
1733,9,14.0,1,1
1733,10,166.0,1,1
1733,11,65.0,1,1
1733,12,54.0,1,1
1733,13,66.0,1,1
1733,14,101.0,1,1
1733,15,54.0,1,1
1734,0,29.0,1,1
1734,1,9.0,1,1
1734,2,8.0,1,1
1734,3,99.0,1,1
1734,4,0.0,1,1
1734,5,44.0,1,1
1734,6,11.0,1,1
1734,7,10.0,1,1
1734,8,8.0,1,1
1734,9,4.0,1,1
1734,10,166.0,1,1
1734,11,83.0,1,1
1734,12,19.0,1,1
1734,13,35.0,1,1
1734,14,37.0,1,1
1734,15,22.0,1,1
1735,0,25.0,1,1
1735,1,12.0,1,1
1735,2,17.0,1,1
1735,3,64.0,1,1
1735,4,0.0,1,1
1735,5,28.0,1,1
1735,6,5.0,1,1
1735,7,5.0,1,1
1735,8,4.0,1,1
1735,9,2.0,1,1
1735,10,135.0,1,1
1735,11,47.0,1,1
1735,12,11.0,1,1
1735,13,17.0,1,1
1735,14,22.0,1,1
1735,15,11.0,1,1
1736,0,119.0,1,1
1736,1,66.0,1,1
1736,2,28.0,1,1
1736,3,85.0,1,1
1736,4,2.0,1,1
1736,5,82.0,1,1
1736,6,19.0,1,1
1736,7,24.0,1,1
1736,8,12.0,1,1
1736,9,14.0,1,1
1736,10,304.0,1,1
1736,11,116.0,1,1
1736,12,45.0,1,1
1736,13,51.0,1,1
1736,14,78.0,1,1
1736,15,56.0,1,1
1737,0,148.0,1,1
1737,1,154.0,1,1
1737,2,43.0,1,1
1737,3,194.0,1,1
1737,4,18.0,1,1
1737,5,189.0,1,1
1737,6,106.0,1,1
1737,7,86.0,1,1
1737,8,55.0,1,1
1737,9,59.0,1,1
1737,10,435.0,1,1
1737,11,258.0,1,1
1737,12,164.0,1,1
1737,13,242.0,1,1
1737,14,216.0,1,1
1737,15,254.0,1,1
1738,0,244.0,1,1
1738,1,178.0,1,1
1738,2,83.0,1,1
1738,3,303.0,1,1
1738,4,52.0,1,1
1738,5,321.0,1,1
1738,6,193.0,1,1
1738,7,176.0,1,1
1738,8,103.0,1,1
1738,9,143.0,1,1
1738,10,448.0,1,1
1738,11,445.0,1,1
1738,12,317.0,1,1
1738,13,324.0,1,1
1738,14,461.0,1,1
1738,15,303.0,1,1
1739,0,331.0,1,1
1739,1,210.0,1,1
1739,2,89.0,1,1
1739,3,69.0,1,1
1739,4,37.0,1,1
1739,5,165.0,1,1
1739,6,69.0,1,1
1739,7,100.0,1,1
1739,8,44.0,1,1
1739,9,72.0,1,1
1739,10,0.0,1,1
1739,11,442.0,1,1
1739,12,98.0,1,1
1739,13,192.0,1,1
1739,14,113.0,1,1
1739,15,138.0,1,1
1740,0,403.0,1,1
1740,1,217.0,1,1
1740,2,77.0,1,1
1740,3,163.0,1,1
1740,4,25.0,1,1
1740,5,278.0,1,1
1740,6,91.0,1,1
1740,7,64.0,1,1
1740,8,46.0,1,1
1740,9,109.0,1,1
1740,10,307.0,1,1
1740,11,402.0,1,1
1740,12,215.0,1,1
1740,13,232.0,1,1
1740,14,388.0,1,1
1740,15,334.0,1,1
1741,0,452.0,1,1
1741,1,263.0,1,1
1741,2,86.0,1,1
1741,3,260.0,1,1
1741,4,36.0,1,1
1741,5,366.0,1,1
1741,6,182.0,1,1
1741,7,108.0,1,1
1741,8,94.0,1,1
1741,9,149.0,1,1
1741,10,371.0,1,1
1741,11,426.0,1,1
1741,12,322.0,1,1
1741,13,318.0,1,1
1741,14,612.0,1,1
1741,15,561.0,1,1
1742,0,564.0,1,1
1742,1,336.0,1,1
1742,2,79.0,1,1
1742,3,151.0,1,1
1742,4,74.0,1,1
1742,5,341.0,1,1
1742,6,248.0,1,1
1742,7,216.0,1,1
1742,8,158.0,1,1
1742,9,197.0,1,1
1742,10,434.0,1,1
1742,11,413.0,1,1
1742,12,410.0,1,1
1742,13,580.0,1,1
1742,14,344.0,1,1
1742,15,329.0,1,1
1743,0,595.0,1,1
1743,1,341.0,1,1
1743,2,113.0,1,1
1743,3,298.0,1,1
1743,4,87.0,1,1
1743,5,486.0,1,1
1743,6,363.0,1,1
1743,7,202.0,1,1
1743,8,173.0,1,1
1743,9,242.0,1,1
1743,10,313.0,1,1
1743,11,516.0,1,1
1743,12,518.0,1,1
1743,13,571.0,1,1
1743,14,582.0,1,1
1743,15,579.0,1,1
1744,0,731.0,1,1
1744,1,393.0,1,1
1744,2,113.0,1,1
1744,3,235.0,1,1
1744,4,62.0,1,1
1744,5,364.0,1,1
1744,6,231.0,1,1
1744,7,143.0,1,1
1744,8,110.0,1,1
1744,9,177.0,1,1
1744,10,427.0,1,1
1744,11,535.0,1,1
1744,12,374.0,1,1
1744,13,380.0,1,1
1744,14,536.0,1,1
1744,15,457.0,1,1
1745,0,673.0,1,1
1745,1,409.0,1,1
1745,2,116.0,1,1
1745,3,127.0,1,1
1745,4,320.0,1,1
1745,5,506.0,1,1
1745,6,534.0,1,1
1745,7,241.0,1,1
1745,8,189.0,1,1
1745,9,509.0,1,1
1745,10,311.0,1,1
1745,11,536.0,1,1
1745,12,599.0,1,1
1745,13,718.0,1,1
1745,14,549.0,1,1
1745,15,808.0,1,1
1746,0,726.0,1,1
1746,1,413.0,1,1
1746,2,84.0,1,1
1746,3,83.0,1,1
1746,4,544.0,1,1
1746,5,416.0,1,1
1746,6,678.0,1,1
1746,7,383.0,1,1
1746,8,337.0,1,1
1746,9,543.0,1,1
1746,10,328.0,1,1
1746,11,520.0,1,1
1746,12,604.0,1,1
1746,13,905.0,1,1
1746,14,267.0,1,1
1746,15,458.0,1,1
1747,0,915.0,1,1
1747,1,414.0,1,1
1747,2,62.0,1,1
1747,3,103.0,1,1
1747,4,806.0,1,1
1747,5,586.0,1,1
1747,6,808.0,1,1
1747,7,508.0,1,1
1747,8,293.0,1,1
1747,9,805.0,1,1
1747,10,388.0,1,1
1747,11,409.0,1,1
1747,12,947.0,1,1
1747,13,1095.0,1,1
1747,14,525.0,1,1
1747,15,635.0,1,1
1748,0,871.0,1,1
1748,1,383.0,1,1
1748,2,26.0,1,1
1748,3,77.0,1,1
1748,4,533.0,1,1
1748,5,322.0,1,1
1748,6,473.0,1,1
1748,7,340.0,1,1
1748,8,275.0,1,1
1748,9,476.0,1,1
1748,10,304.0,1,1
1748,11,433.0,1,1
1748,12,512.0,1,1
1748,13,923.0,1,1
1748,14,272.0,1,1
1748,15,457.0,1,1
1749,0,680.0,1,1
1749,1,342.0,1,1
1749,2,60.0,1,1
1749,3,157.0,1,1
1749,4,98.0,1,1
1749,5,418.0,1,1
1749,6,257.0,1,1
1749,7,161.0,1,1
1749,8,152.0,1,1
1749,9,259.0,1,1
1749,10,434.0,1,1
1749,11,474.0,1,1
1749,12,487.0,1,1
1749,13,366.0,1,1
1749,14,391.0,1,1
1749,15,474.0,1,1
1750,0,724.0,1,1
1750,1,422.0,1,1
1750,2,111.0,1,1
1750,3,124.0,1,1
1750,4,229.0,1,1
1750,5,518.0,1,1
1750,6,292.0,1,1
1750,7,173.0,1,1
1750,8,156.0,1,1
1750,9,510.0,1,1
1750,10,228.0,1,1
1750,11,759.0,1,1
1750,12,487.0,1,1
1750,13,481.0,1,1
1750,14,617.0,1,1
1750,15,829.0,1,1
1751,0,703.0,1,1
1751,1,468.0,1,1
1751,2,157.0,1,1
1751,3,169.0,1,1
1751,4,472.0,1,1
1751,5,611.0,1,1
1751,6,722.0,1,1
1751,7,367.0,1,1
1751,8,215.0,1,1
1751,9,697.0,1,1
1751,10,318.0,1,1
1751,11,724.0,1,1
1751,12,866.0,1,1
1751,13,893.0,1,1
1751,14,849.0,1,1
1751,15,907.0,1,1
1752,0,594.0,1,1
1752,1,374.0,1,1
1752,2,150.0,1,1
1752,3,168.0,1,1
1752,4,271.0,1,1
1752,5,481.0,1,1
1752,6,474.0,1,1
1752,7,298.0,1,1
1752,8,236.0,1,1
1752,9,401.0,1,1
1752,10,335.0,1,1
1752,11,628.0,1,1
1752,12,669.0,1,1
1752,13,791.0,1,1
1752,14,507.0,1,1
1752,15,591.0,1,1
1753,0,551.0,1,1
1753,1,359.0,1,1
1753,2,148.0,1,1
1753,3,100.0,1,1
1753,4,67.0,1,1
1753,5,295.0,1,1
1753,6,222.0,1,1
1753,7,231.0,1,1
1753,8,125.0,1,1
1753,9,180.0,1,1
1753,10,331.0,1,1
1753,11,613.0,1,1
1753,12,344.0,1,1
1753,13,437.0,1,1
1753,14,432.0,1,1
1753,15,425.0,1,1
1754,0,351.0,1,1
1754,1,168.0,1,1
1754,2,133.0,1,1
1754,3,153.0,1,1
1754,4,56.0,1,1
1754,5,295.0,1,1
1754,6,253.0,1,1
1754,7,274.0,1,1
1754,8,190.0,1,1
1754,9,299.0,1,1
1754,10,258.0,1,1
1754,11,531.0,1,1
1754,12,345.0,1,1
1754,13,562.0,1,1
1754,14,553.0,1,1
1754,15,470.0,1,1
1755,0,111.0,1,1
1755,1,82.0,1,1
1755,2,67.0,1,1
1755,3,71.0,1,1
1755,4,35.0,1,1
1755,5,215.0,1,1
1755,6,165.0,1,1
1755,7,147.0,1,1
1755,8,121.0,1,1
1755,9,195.0,1,1
1755,10,290.0,1,1
1755,11,460.0,1,1
1755,12,262.0,1,1
1755,13,447.0,1,1
1755,14,399.0,1,1
1755,15,421.0,1,1
1756,0,53.0,1,1
1756,1,62.0,1,1
1756,2,22.0,1,1
1756,3,66.0,1,1
1756,4,19.0,1,1
1756,5,144.0,1,1
1756,6,106.0,1,1
1756,7,132.0,1,1
1756,8,97.0,1,1
1756,9,193.0,1,1
1756,10,202.0,1,1
1756,11,276.0,1,1
1756,12,165.0,1,1
1756,13,417.0,1,1
1756,14,352.0,1,1
1756,15,261.0,1,1
1757,0,34.0,1,1
1757,1,29.0,1,1
1757,2,9.0,1,1
1757,3,21.0,1,1
1757,4,4.0,1,1
1757,5,90.0,1,1
1757,6,39.0,1,1
1757,7,80.0,1,1
1757,8,91.0,1,1
1757,9,181.0,1,1
1757,10,202.0,1,1
1757,11,167.0,1,1
1757,12,104.0,1,1
1757,13,428.0,1,1
1757,14,252.0,1,1
1757,15,220.0,1,1
1758,0,31.0,1,1
1758,1,19.0,1,1
1758,2,17.0,1,1
1758,3,10.0,1,1
1758,4,2.0,1,1
1758,5,54.0,1,1
1758,6,25.0,1,1
1758,7,37.0,1,1
1758,8,59.0,1,1
1758,9,125.0,1,1
1758,10,165.0,1,1
1758,11,58.0,1,1
1758,12,56.0,1,1
1758,13,326.0,1,1
1758,14,157.0,1,1
1758,15,149.0,1,1
1759,0,23.0,1,1
1759,1,12.0,1,1
1759,2,24.0,1,1
1759,3,6.0,1,1
1759,4,1.0,1,1
1759,5,30.0,1,1
1759,6,11.0,1,1
1759,7,20.0,1,1
1759,8,40.0,1,1
1759,9,70.0,1,1
1759,10,126.0,1,1
1759,11,46.0,1,1
1759,12,37.0,1,1
1759,13,229.0,1,1
1759,14,91.0,1,1
1759,15,113.0,1,1
1760,0,82.0,1,1
1760,1,64.0,1,1
1760,2,31.0,1,1
1760,3,23.0,1,1
1760,4,5.0,1,1
1760,5,77.0,1,1
1760,6,39.0,1,1
1760,7,52.0,1,1
1760,8,49.0,1,1
1760,9,114.0,1,1
1760,10,270.0,1,1
1760,11,69.0,1,1
1760,12,57.0,1,1
1760,13,306.0,1,1
1760,14,260.0,1,1
1760,15,153.0,1,1
1761,0,130.0,1,1
1761,1,86.0,1,1
1761,2,29.0,1,1
1761,3,66.0,1,1
1761,4,49.0,1,1
1761,5,229.0,1,1
1761,6,186.0,1,1
1761,7,137.0,1,1
1761,8,139.0,1,1
1761,9,270.0,1,1
1761,10,419.0,1,1
1761,11,123.0,1,1
1761,12,225.0,1,1
1761,13,577.0,1,1
1761,14,493.0,1,1
1761,15,572.0,1,1
1762,0,204.0,1,1
1762,1,84.0,1,1
1762,2,82.0,1,1
1762,3,152.0,1,1
1762,4,111.0,1,1
1762,5,353.0,1,1
1762,6,358.0,1,1
1762,7,225.0,1,1
1762,8,196.0,1,1
1762,9,410.0,1,1
1762,10,361.0,1,1
1762,11,191.0,1,1
1762,12,314.0,1,1
1762,13,847.0,1,1
1762,14,712.0,1,1
1762,15,718.0,1,1
1763,0,222.0,1,1
1763,1,109.0,1,1
1763,2,102.0,1,1
1763,3,81.0,1,1
1763,4,67.0,1,1
1763,5,102.0,1,1
1763,6,140.0,1,1
1763,7,65.0,1,1
1763,8,49.0,1,1
1763,9,78.0,1,1
1763,10,0.0,1,1
1763,11,249.0,1,1
1763,12,92.0,1,1
1763,13,216.0,1,1
1763,14,276.0,1,1
1763,15,255.0,1,1
1764,0,295.0,1,1
1764,1,147.0,1,1
1764,2,112.0,1,1
1764,3,111.0,1,1
1764,4,44.0,1,1
1764,5,237.0,1,1
1764,6,152.0,1,1
1764,7,191.0,1,1
1764,8,128.0,1,1
1764,9,278.0,1,1
1764,10,554.0,1,1
1764,11,265.0,1,1
1764,12,215.0,1,1
1764,13,555.0,1,1
1764,14,659.0,1,1
1764,15,390.0,1,1
1765,0,386.0,1,1
1765,1,182.0,1,1
1765,2,138.0,1,1
1765,3,163.0,1,1
1765,4,84.0,1,1
1765,5,308.0,1,1
1765,6,300.0,1,1
1765,7,302.0,1,1
1765,8,227.0,1,1
1765,9,401.0,1,1
1765,10,552.0,1,1
1765,11,306.0,1,1
1765,12,408.0,1,1
1765,13,695.0,1,1
1765,14,776.0,1,1
1765,15,727.0,1,1
1766,0,538.0,1,1
1766,1,244.0,1,1
1766,2,178.0,1,1
1766,3,169.0,1,1
1766,4,145.0,1,1
1766,5,308.0,1,1
1766,6,409.0,1,1
1766,7,249.0,1,1
1766,8,118.0,1,1
1766,9,252.0,1,1
1766,10,532.0,1,1
1766,11,366.0,1,1
1766,12,408.0,1,1
1766,13,470.0,1,1
1766,14,565.0,1,1
1766,15,489.0,1,1
1767,0,546.0,1,1
1767,1,283.0,1,1
1767,2,210.0,1,1
1767,3,264.0,1,1
1767,4,159.0,1,1
1767,5,395.0,1,1
1767,6,413.0,1,1
1767,7,337.0,1,1
1767,8,291.0,1,1
1767,9,493.0,1,1
1767,10,599.0,1,1
1767,11,475.0,1,1
1767,12,622.0,1,1
1767,13,840.0,1,1
1767,14,813.0,1,1
1767,15,865.0,1,1
1768,0,613.0,1,1
1768,1,320.0,1,1
1768,2,231.0,1,1
1768,3,179.0,1,1
1768,4,120.0,1,1
1768,5,257.0,1,1
1768,6,268.0,1,1
1768,7,307.0,1,1
1768,8,196.0,1,1
1768,9,378.0,1,1
1768,10,705.0,1,1
1768,11,470.0,1,1
1768,12,409.0,1,1
1768,13,622.0,1,1
1768,14,626.0,1,1
1768,15,644.0,1,1
1769,0,630.0,1,1
1769,1,290.0,1,1
1769,2,231.0,1,1
1769,3,277.0,1,1
1769,4,287.0,1,1
1769,5,355.0,1,1
1769,6,339.0,1,1
1769,7,300.0,1,1
1769,8,147.0,1,1
1769,9,217.0,1,1
1769,10,560.0,1,1
1769,11,465.0,1,1
1769,12,383.0,1,1
1769,13,399.0,1,1
1769,14,653.0,1,1
1769,15,373.0,1,1
1770,0,709.0,1,1
1770,1,276.0,1,1
1770,2,68.0,1,1
1770,3,271.0,1,1
1770,4,562.0,1,1
1770,5,463.0,1,1
1770,6,500.0,1,1
1770,7,219.0,1,1
1770,8,81.0,1,1
1770,9,141.0,1,1
1770,10,545.0,1,1
1770,11,397.0,1,1
1770,12,376.0,1,1
1770,13,265.0,1,1
1770,14,440.0,1,1
1770,15,324.0,1,1
1771,0,858.0,1,1
1771,1,308.0,1,1
1771,2,24.0,1,1
1771,3,432.0,1,1
1771,4,561.0,1,1
1771,5,412.0,1,1
1771,6,641.0,1,1
1771,7,297.0,1,1
1771,8,98.0,1,1
1771,9,203.0,1,1
1771,10,444.0,1,1
1771,11,370.0,1,1
1771,12,402.0,1,1
1771,13,333.0,1,1
1771,14,683.0,1,1
1771,15,349.0,1,1
1772,0,901.0,1,1
1772,1,285.0,1,1
1772,2,3.0,1,1
1772,3,247.0,1,1
1772,4,683.0,1,1
1772,5,326.0,1,1
1772,6,519.0,1,1
1772,7,193.0,1,1
1772,8,62.0,1,1
1772,9,112.0,1,1
1772,10,440.0,1,1
1772,11,425.0,1,1
1772,12,302.0,1,1
1772,13,238.0,1,1
1772,14,408.0,1,1
1772,15,263.0,1,1
1773,0,636.0,1,1
1773,1,318.0,1,1
1773,2,35.0,1,1
1773,3,199.0,1,1
1773,4,161.0,1,1
1773,5,298.0,1,1
1773,6,367.0,1,1
1773,7,259.0,1,1
1773,8,149.0,1,1
1773,9,254.0,1,1
1773,10,502.0,1,1
1773,11,465.0,1,1
1773,12,374.0,1,1
1773,13,417.0,1,1
1773,14,689.0,1,1
1773,15,418.0,1,1
1774,0,769.0,1,1
1774,1,419.0,1,1
1774,2,141.0,1,1
1774,3,281.0,1,1
1774,4,282.0,1,1
1774,5,341.0,1,1
1774,6,244.0,1,1
1774,7,271.0,1,1
1774,8,147.0,1,1
1774,9,189.0,1,1
1774,10,0.0,1,1
1774,11,0.0,1,1
1774,12,318.0,1,1
1774,13,400.0,1,1
1774,14,731.0,1,1
1774,15,380.0,1,1
1775,0,759.0,1,1
1775,1,429.0,1,1
1775,2,172.0,1,1
1775,3,441.0,1,1
1775,4,408.0,1,1
1775,5,427.0,1,1
1775,6,408.0,1,1
1775,7,397.0,1,1
1775,8,234.0,1,1
1775,9,287.0,1,1
1775,10,661.0,1,1
1775,11,1316.0,1,1
1775,12,548.0,1,1
1775,13,535.0,1,1
1775,14,865.0,1,1
1775,15,525.0,1,1
1776,0,639.0,1,1
1776,1,414.0,1,1
1776,2,180.0,1,1
1776,3,289.0,1,1
1776,4,336.0,1,1
1776,5,395.0,1,1
1776,6,583.0,1,1
1776,7,335.0,1,1
1776,8,128.0,1,1
1776,9,257.0,1,1
1776,10,371.0,1,1
1776,11,617.0,1,1
1776,12,473.0,1,1
1776,13,442.0,1,1
1776,14,715.0,1,1
1776,15,534.0,1,1
1777,0,497.0,1,1
1777,1,289.0,1,1
1777,2,165.0,1,1
1777,3,257.0,1,1
1777,4,136.0,1,1
1777,5,115.0,1,1
1777,6,220.0,1,1
1777,7,155.0,1,1
1777,8,108.0,1,1
1777,9,333.0,1,1
1777,10,356.0,1,1
1777,11,538.0,1,1
1777,12,507.0,1,1
1777,13,334.0,1,1
1777,14,419.0,1,1
1777,15,597.0,1,1
1778,0,306.0,1,1
1778,1,180.0,1,1
1778,2,120.0,1,1
1778,3,189.0,1,1
1778,4,77.0,1,1
1778,5,106.0,1,1
1778,6,253.0,1,1
1778,7,120.0,1,1
1778,8,111.0,1,1
1778,9,190.0,1,1
1778,10,391.0,1,1
1778,11,416.0,1,1
1778,12,312.0,1,1
1778,13,374.0,1,1
1778,14,369.0,1,1
1778,15,299.0,1,1
1779,0,102.0,1,1
1779,1,65.0,1,1
1779,2,30.0,1,1
1779,3,210.0,1,1
1779,4,40.0,1,1
1779,5,68.0,1,1
1779,6,139.0,1,1
1779,7,98.0,1,1
1779,8,80.0,1,1
1779,9,222.0,1,1
1779,10,255.0,1,1
1779,11,254.0,1,1
1779,12,345.0,1,1
1779,13,234.0,1,1
1779,14,375.0,1,1
1779,15,385.0,1,1
1780,0,44.0,1,1
1780,1,29.0,1,1
1780,2,14.0,1,1
1780,3,189.0,1,1
1780,4,22.0,1,1
1780,5,46.0,1,1
1780,6,123.0,1,1
1780,7,64.0,1,1
1780,8,84.0,1,1
1780,9,97.0,1,1
1780,10,204.0,1,1
1780,11,157.0,1,1
1780,12,287.0,1,1
1780,13,225.0,1,1
1780,14,352.0,1,1
1780,15,227.0,1,1
1781,0,27.0,1,1
1781,1,24.0,1,1
1781,2,12.0,1,1
1781,3,176.0,1,1
1781,4,4.0,1,1
1781,5,16.0,1,1
1781,6,65.0,1,1
1781,7,29.0,1,1
1781,8,44.0,1,1
1781,9,39.0,1,1
1781,10,159.0,1,1
1781,11,71.0,1,1
1781,12,335.0,1,1
1781,13,157.0,1,1
1781,14,255.0,1,1
1781,15,122.0,1,1
1782,0,25.0,1,1
1782,1,24.0,1,1
1782,2,5.0,1,1
1782,3,171.0,1,1
1782,4,2.0,1,1
1782,5,9.0,1,1
1782,6,36.0,1,1
1782,7,20.0,1,1
1782,8,27.0,1,1
1782,9,41.0,1,1
1782,10,128.0,1,1
1782,11,86.0,1,1
1782,12,387.0,1,1
1782,13,92.0,1,1
1782,14,241.0,1,1
1782,15,138.0,1,1
1783,0,45.0,1,1
1783,1,12.0,1,1
1783,2,16.0,1,1
1783,3,147.0,1,1
1783,4,1.0,1,1
1783,5,4.0,1,1
1783,6,21.0,1,1
1783,7,11.0,1,1
1783,8,18.0,1,1
1783,9,26.0,1,1
1783,10,125.0,1,1
1783,11,53.0,1,1
1783,12,299.0,1,1
1783,13,70.0,1,1
1783,14,173.0,1,1
1783,15,90.0,1,1
1784,0,124.0,1,1
1784,1,62.0,1,1
1784,2,38.0,1,1
1784,3,207.0,1,1
1784,4,6.0,1,1
1784,5,28.0,1,1
1784,6,95.0,1,1
1784,7,47.0,1,1
1784,8,59.0,1,1
1784,9,71.0,1,1
1784,10,433.0,1,1
1784,11,127.0,1,1
1784,12,343.0,1,1
1784,13,194.0,1,1
1784,14,379.0,1,1
1784,15,214.0,1,1
1785,0,306.0,1,1
1785,1,265.0,1,1
1785,2,50.0,1,1
1785,3,519.0,1,1
1785,4,90.0,1,1
1785,5,158.0,1,1
1785,6,359.0,1,1
1785,7,189.0,1,1
1785,8,158.0,1,1
1785,9,405.0,1,1
1785,10,493.0,1,1
1785,11,366.0,1,1
1785,12,1048.0,1,1
1785,13,625.0,1,1
1785,14,888.0,1,1
1785,15,862.0,1,1
1786,0,520.0,1,1
1786,1,344.0,1,1
1786,2,127.0,1,1
1786,3,683.0,1,1
1786,4,201.0,1,1
1786,5,264.0,1,1
1786,6,553.0,1,1
1786,7,225.0,1,1
1786,8,195.0,1,1
1786,9,895.0,1,1
1786,10,790.0,1,1
1786,11,493.0,1,1
1786,12,1882.0,1,1
1786,13,1010.0,1,1
1786,14,1370.0,1,1
1786,15,1650.0,1,1
1787,0,446.0,1,1
1787,1,279.0,1,1
1787,2,196.0,1,1
1787,3,183.0,1,1
1787,4,94.0,1,1
1787,5,175.0,1,1
1787,6,239.0,1,1
1787,7,201.0,1,1
1787,8,110.0,1,1
1787,9,377.0,1,1
1787,10,0.0,1,1
1787,11,449.0,1,1
1787,12,373.0,1,1
1787,13,432.0,1,1
1787,14,425.0,1,1
1787,15,447.0,1,1
1788,0,513.0,1,1
1788,1,253.0,1,1
1788,2,169.0,1,1
1788,3,236.0,1,1
1788,4,49.0,1,1
1788,5,134.0,1,1
1788,6,363.0,1,1
1788,7,112.0,1,1
1788,8,147.0,1,1
1788,9,113.0,1,1
1788,10,700.0,1,1
1788,11,415.0,1,1
1788,12,420.0,1,1
1788,13,487.0,1,1
1788,14,512.0,1,1
1788,15,217.0,1,1
1789,0,568.0,1,1
1789,1,275.0,1,1
1789,2,234.0,1,1
1789,3,284.0,1,1
1789,4,88.0,1,1
1789,5,154.0,1,1
1789,6,416.0,1,1
1789,7,142.0,1,1
1789,8,152.0,1,1
1789,9,245.0,1,1
1789,10,574.0,1,1
1789,11,448.0,1,1
1789,12,493.0,1,1
1789,13,692.0,1,1
1789,14,695.0,1,1
1789,15,403.0,1,1
1790,0,644.0,1,1
1790,1,289.0,1,1
1790,2,208.0,1,1
1790,3,155.0,1,1
1790,4,200.0,1,1
1790,5,197.0,1,1
1790,6,267.0,1,1
1790,7,174.0,1,1
1790,8,145.0,1,1
1790,9,352.0,1,1
1790,10,567.0,1,1
1790,11,427.0,1,1
1790,12,314.0,1,1
1790,13,331.0,1,1
1790,14,371.0,1,1
1790,15,623.0,1,1
1791,0,601.0,1,1
1791,1,413.0,1,1
1791,2,238.0,1,1
1791,3,300.0,1,1
1791,4,211.0,1,1
1791,5,228.0,1,1
1791,6,446.0,1,1
1791,7,224.0,1,1
1791,8,182.0,1,1
1791,9,304.0,1,1
1791,10,701.0,1,1
1791,11,530.0,1,1
1791,12,480.0,1,1
1791,13,870.0,1,1
1791,14,580.0,1,1
1791,15,527.0,1,1
1792,0,682.0,1,1
1792,1,369.0,1,1
1792,2,257.0,1,1
1792,3,248.0,1,1
1792,4,106.0,1,1
1792,5,213.0,1,1
1792,6,323.0,1,1
1792,7,180.0,1,1
1792,8,174.0,1,1
1792,9,222.0,1,1
1792,10,621.0,1,1
1792,11,486.0,1,1
1792,12,387.0,1,1
1792,13,509.0,1,1
1792,14,587.0,1,1
1792,15,362.0,1,1
1793,0,743.0,1,1
1793,1,386.0,1,1
1793,2,292.0,1,1
1793,3,96.0,1,1
1793,4,264.0,1,1
1793,5,413.0,1,1
1793,6,438.0,1,1
1793,7,313.0,1,1
1793,8,215.0,1,1
1793,9,183.0,1,1
1793,10,513.0,1,1
1793,11,446.0,1,1
1793,12,152.0,1,1
1793,13,416.0,1,1
1793,14,257.0,1,1
1793,15,303.0,1,1
1794,0,932.0,1,1
1794,1,358.0,1,1
1794,2,57.0,1,1
1794,3,91.0,1,1
1794,4,802.0,1,1
1794,5,527.0,1,1
1794,6,359.0,1,1
1794,7,475.0,1,1
1794,8,161.0,1,1
1794,9,526.0,1,1
1794,10,594.0,1,1
1794,11,423.0,1,1
1794,12,156.0,1,1
1794,13,323.0,1,1
1794,14,203.0,1,1
1794,15,736.0,1,1
1795,0,1137.0,1,1
1795,1,432.0,1,1
1795,2,22.0,1,1
1795,3,95.0,1,1
1795,4,626.0,1,1
1795,5,574.0,1,1
1795,6,472.0,1,1
1795,7,397.0,1,1
1795,8,217.0,1,1
1795,9,434.0,1,1
1795,10,463.0,1,1
1795,11,401.0,1,1
1795,12,157.0,1,1
1795,13,400.0,1,1
1795,14,284.0,1,1
1795,15,590.0,1,1
1796,0,2166.0,1,1
1796,1,745.0,1,1
1796,2,31.0,1,1
1796,3,96.0,1,1
1796,4,1048.0,1,1
1796,5,630.0,1,1
1796,6,334.0,1,1
1796,7,488.0,1,1
1796,8,179.0,1,1
1796,9,640.0,1,1
1796,10,624.0,1,1
1796,11,461.0,1,1
1796,12,192.0,1,1
1796,13,259.0,1,1
1796,14,254.0,1,1
1796,15,1190.0,1,1
1797,0,725.0,1,1
1797,1,288.0,1,1
1797,2,77.0,1,1
1797,3,142.0,1,1
1797,4,225.0,1,1
1797,5,242.0,1,1
1797,6,396.0,1,1
1797,7,216.0,1,1
1797,8,151.0,1,1
1797,9,317.0,1,1
1797,10,505.0,1,1
1797,11,413.0,1,1
1797,12,215.0,1,1
1797,13,667.0,1,1
1797,14,392.0,1,1
1797,15,400.0,1,1
1798,0,760.0,1,1
1798,1,361.0,1,1
1798,2,122.0,1,1
1798,3,111.0,1,1
1798,4,284.0,1,1
1798,5,439.0,1,1
1798,6,564.0,1,1
1798,7,307.0,1,1
1798,8,212.0,1,1
1798,9,217.0,1,1
1798,10,284.0,1,1
1798,11,689.0,1,1
1798,12,181.0,1,1
1798,13,637.0,1,1
1798,14,287.0,1,1
1798,15,306.0,1,1
1799,0,662.0,1,1
1799,1,388.0,1,1
1799,2,149.0,1,1
1799,3,143.0,1,1
1799,4,377.0,1,1
1799,5,560.0,1,1
1799,6,541.0,1,1
1799,7,377.0,1,1
1799,8,265.0,1,1
1799,9,354.0,1,1
1799,10,323.0,1,1
1799,11,610.0,1,1
1799,12,296.0,1,1
1799,13,529.0,1,1
1799,14,366.0,1,1
1799,15,541.0,1,1
1800,0,508.0,1,1
1800,1,372.0,1,1
1800,2,137.0,1,1
1800,3,160.0,1,1
1800,4,450.0,1,1
1800,5,322.0,1,1
1800,6,389.0,1,1
1800,7,310.0,1,1
1800,8,180.0,1,1
1800,9,557.0,1,1
1800,10,290.0,1,1
1800,11,619.0,1,1
1800,12,325.0,1,1
1800,13,531.0,1,1
1800,14,431.0,1,1
1800,15,708.0,1,1
1801,0,431.0,1,1
1801,1,307.0,1,1
1801,2,147.0,1,1
1801,3,150.0,1,1
1801,4,227.0,1,1
1801,5,192.0,1,1
1801,6,295.0,1,1
1801,7,298.0,1,1
1801,8,85.0,1,1
1801,9,281.0,1,1
1801,10,299.0,1,1
1801,11,552.0,1,1
1801,12,437.0,1,1
1801,13,499.0,1,1
1801,14,554.0,1,1
1801,15,467.0,1,1
1802,0,332.0,1,1
1802,1,157.0,1,1
1802,2,96.0,1,1
1802,3,110.0,1,1
1802,4,140.0,1,1
1802,5,236.0,1,1
1802,6,140.0,1,1
1802,7,197.0,1,1
1802,8,91.0,1,1
1802,9,194.0,1,1
1802,10,251.0,1,1
1802,11,343.0,1,1
1802,12,182.0,1,1
1802,13,263.0,1,1
1802,14,391.0,1,1
1802,15,385.0,1,1
1803,0,93.0,1,1
1803,1,62.0,1,1
1803,2,20.0,1,1
1803,3,109.0,1,1
1803,4,162.0,1,1
1803,5,152.0,1,1
1803,6,150.0,1,1
1803,7,174.0,1,1
1803,8,76.0,1,1
1803,9,156.0,1,1
1803,10,219.0,1,1
1803,11,243.0,1,1
1803,12,212.0,1,1
1803,13,172.0,1,1
1803,14,291.0,1,1
1803,15,392.0,1,1
1804,0,47.0,1,1
1804,1,35.0,1,1
1804,2,13.0,1,1
1804,3,85.0,1,1
1804,4,145.0,1,1
1804,5,149.0,1,1
1804,6,63.0,1,1
1804,7,114.0,1,1
1804,8,67.0,1,1
1804,9,105.0,1,1
1804,10,170.0,1,1
1804,11,142.0,1,1
1804,12,96.0,1,1
1804,13,100.0,1,1
1804,14,200.0,1,1
1804,15,336.0,1,1
1805,0,28.0,1,1
1805,1,32.0,1,1
1805,2,9.0,1,1
1805,3,40.0,1,1
1805,4,118.0,1,1
1805,5,87.0,1,1
1805,6,28.0,1,1
1805,7,114.0,1,1
1805,8,28.0,1,1
1805,9,42.0,1,1
1805,10,149.0,1,1
1805,11,55.0,1,1
1805,12,27.0,1,1
1805,13,32.0,1,1
1805,14,108.0,1,1
1805,15,284.0,1,1
1806,0,22.0,1,1
1806,1,15.0,1,1
1806,2,5.0,1,1
1806,3,34.0,1,1
1806,4,122.0,1,1
1806,5,59.0,1,1
1806,6,30.0,1,1
1806,7,117.0,1,1
1806,8,19.0,1,1
1806,9,28.0,1,1
1806,10,168.0,1,1
1806,11,44.0,1,1
1806,12,35.0,1,1
1806,13,24.0,1,1
1806,14,76.0,1,1
1806,15,268.0,1,1
1807,0,24.0,1,1
1807,1,13.0,1,1
1807,2,16.0,1,1
1807,3,21.0,1,1
1807,4,112.0,1,1
1807,5,38.0,1,1
1807,6,23.0,1,1
1807,7,86.0,1,1
1807,8,13.0,1,1
1807,9,18.0,1,1
1807,10,137.0,1,1
1807,11,47.0,1,1
1807,12,12.0,1,1
1807,13,11.0,1,1
1807,14,55.0,1,1
1807,15,186.0,1,1
1808,0,122.0,1,1
1808,1,58.0,1,1
1808,2,29.0,1,1
1808,3,75.0,1,1
1808,4,185.0,1,1
1808,5,115.0,1,1
1808,6,81.0,1,1
1808,7,145.0,1,1
1808,8,43.0,1,1
1808,9,67.0,1,1
1808,10,409.0,1,1
1808,11,136.0,1,1
1808,12,45.0,1,1
1808,13,78.0,1,1
1808,14,151.0,1,1
1808,15,364.0,1,1
1809,0,239.0,1,1
1809,1,245.0,1,1
1809,2,48.0,1,1
1809,3,327.0,1,1
1809,4,437.0,1,1
1809,5,569.0,1,1
1809,6,647.0,1,1
1809,7,394.0,1,1
1809,8,181.0,1,1
1809,9,280.0,1,1
1809,10,541.0,1,1
1809,11,327.0,1,1
1809,12,524.0,1,1
1809,13,479.0,1,1
1809,14,593.0,1,1
1809,15,871.0,1,1
1810,0,433.0,1,1
1810,1,338.0,1,1
1810,2,150.0,1,1
1810,3,518.0,1,1
1810,4,651.0,1,1
1810,5,828.0,1,1
1810,6,1130.0,1,1
1810,7,678.0,1,1
1810,8,223.0,1,1
1810,9,364.0,1,1
1810,10,615.0,1,1
1810,11,548.0,1,1
1810,12,846.0,1,1
1810,13,845.0,1,1
1810,14,1051.0,1,1
1810,15,1256.0,1,1
1811,0,467.0,1,1
1811,1,271.0,1,1
1811,2,149.0,1,1
1811,3,255.0,1,1
1811,4,226.0,1,1
1811,5,340.0,1,1
1811,6,535.0,1,1
1811,7,218.0,1,1
1811,8,118.0,1,1
1811,9,219.0,1,1
1811,10,0.0,1,1
1811,11,500.0,1,1
1811,12,258.0,1,1
1811,13,503.0,1,1
1811,14,296.0,1,1
1811,15,374.0,1,1
1812,0,450.0,1,1
1812,1,238.0,1,1
1812,2,160.0,1,1
1812,3,137.0,1,1
1812,4,186.0,1,1
1812,5,311.0,1,1
1812,6,111.0,1,1
1812,7,204.0,1,1
1812,8,148.0,1,1
1812,9,158.0,1,1
1812,10,556.0,1,1
1812,11,374.0,1,1
1812,12,97.0,1,1
1812,13,222.0,1,1
1812,14,249.0,1,1
1812,15,544.0,1,1
1813,0,521.0,1,1
1813,1,257.0,1,1
1813,2,194.0,1,1
1813,3,239.0,1,1
1813,4,223.0,1,1
1813,5,558.0,1,1
1813,6,189.0,1,1
1813,7,288.0,1,1
1813,8,234.0,1,1
1813,9,224.0,1,1
1813,10,654.0,1,1
1813,11,373.0,1,1
1813,12,176.0,1,1
1813,13,321.0,1,1
1813,14,484.0,1,1
1813,15,655.0,1,1
1814,0,570.0,1,1
1814,1,330.0,1,1
1814,2,203.0,1,1
1814,3,177.0,1,1
1814,4,143.0,1,1
1814,5,308.0,1,1
1814,6,219.0,1,1
1814,7,173.0,1,1
1814,8,117.0,1,1
1814,9,239.0,1,1
1814,10,576.0,1,1
1814,11,486.0,1,1
1814,12,542.0,1,1
1814,13,412.0,1,1
1814,14,467.0,1,1
1814,15,351.0,1,1
1815,0,582.0,1,1
1815,1,341.0,1,1
1815,2,219.0,1,1
1815,3,210.0,1,1
1815,4,237.0,1,1
1815,5,566.0,1,1
1815,6,244.0,1,1
1815,7,274.0,1,1
1815,8,200.0,1,1
1815,9,311.0,1,1
1815,10,653.0,1,1
1815,11,464.0,1,1
1815,12,361.0,1,1
1815,13,348.0,1,1
1815,14,592.0,1,1
1815,15,619.0,1,1
1816,0,650.0,1,1
1816,1,353.0,1,1
1816,2,280.0,1,1
1816,3,195.0,1,1
1816,4,185.0,1,1
1816,5,412.0,1,1
1816,6,185.0,1,1
1816,7,201.0,1,1
1816,8,165.0,1,1
1816,9,246.0,1,1
1816,10,585.0,1,1
1816,11,488.0,1,1
1816,12,225.0,1,1
1816,13,317.0,1,1
1816,14,401.0,1,1
1816,15,522.0,1,1
1817,0,715.0,1,1
1817,1,332.0,1,1
1817,2,278.0,1,1
1817,3,174.0,1,1
1817,4,114.0,1,1
1817,5,315.0,1,1
1817,6,185.0,1,1
1817,7,109.0,1,1
1817,8,149.0,1,1
1817,9,404.0,1,1
1817,10,658.0,1,1
1817,11,442.0,1,1
1817,12,306.0,1,1
1817,13,641.0,1,1
1817,14,479.0,1,1
1817,15,323.0,1,1
1818,0,943.0,1,1
1818,1,349.0,1,1
1818,2,83.0,1,1
1818,3,226.0,1,1
1818,4,127.0,1,1
1818,5,237.0,1,1
1818,6,479.0,1,1
1818,7,122.0,1,1
1818,8,114.0,1,1
1818,9,647.0,1,1
1818,10,568.0,1,1
1818,11,448.0,1,1
1818,12,972.0,1,1
1818,13,1658.0,1,1
1818,14,816.0,1,1
1818,15,259.0,1,1
1819,0,1171.0,1,1
1819,1,360.0,1,1
1819,2,22.0,1,1
1819,3,254.0,1,1
1819,4,138.0,1,1
1819,5,323.0,1,1
1819,6,382.0,1,1
1819,7,133.0,1,1
1819,8,159.0,1,1
1819,9,584.0,1,1
1819,10,485.0,1,1
1819,11,460.0,1,1
1819,12,824.0,1,1
1819,13,1498.0,1,1
1819,14,660.0,1,1
1819,15,295.0,1,1
1820,0,2365.0,1,1
1820,1,697.0,1,1
1820,2,28.0,1,1
1820,3,313.0,1,1
1820,4,169.0,1,1
1820,5,269.0,1,1
1820,6,676.0,1,1
1820,7,115.0,1,1
1820,8,121.0,1,1
1820,9,671.0,1,1
1820,10,607.0,1,1
1820,11,381.0,1,1
1820,12,1573.0,1,1
1820,13,2298.0,1,1
1820,14,743.0,1,1
1820,15,262.0,1,1
1821,0,690.0,1,1
1821,1,322.0,1,1
1821,2,68.0,1,1
1821,3,203.0,1,1
1821,4,138.0,1,1
1821,5,417.0,1,1
1821,6,196.0,1,1
1821,7,184.0,1,1
1821,8,145.0,1,1
1821,9,353.0,1,1
1821,10,540.0,1,1
1821,11,334.0,1,1
1821,12,212.0,1,1
1821,13,446.0,1,1
1821,14,543.0,1,1
1821,15,354.0,1,1
1822,0,732.0,1,1
1822,1,427.0,1,1
1822,2,137.0,1,1
1822,3,227.0,1,1
1822,4,138.0,1,1
1822,5,413.0,1,1
1822,6,217.0,1,1
1822,7,136.0,1,1
1822,8,232.0,1,1
1822,9,398.0,1,1
1822,10,338.0,1,1
1822,11,730.0,1,1
1822,12,164.0,1,1
1822,13,747.0,1,1
1822,14,594.0,1,1
1822,15,384.0,1,1
1823,0,667.0,1,1
1823,1,435.0,1,1
1823,2,132.0,1,1
1823,3,263.0,1,1
1823,4,160.0,1,1
1823,5,391.0,1,1
1823,6,387.0,1,1
1823,7,167.0,1,1
1823,8,249.0,1,1
1823,9,511.0,1,1
1823,10,287.0,1,1
1823,11,724.0,1,1
1823,12,508.0,1,1
1823,13,978.0,1,1
1823,14,667.0,1,1
1823,15,494.0,1,1
1824,0,615.0,1,1
1824,1,394.0,1,1
1824,2,185.0,1,1
1824,3,284.0,1,1
1824,4,192.0,1,1
1824,5,423.0,1,1
1824,6,426.0,1,1
1824,7,209.0,1,1
1824,8,168.0,1,1
1824,9,435.0,1,1
1824,10,336.0,1,1
1824,11,618.0,1,1
1824,12,695.0,1,1
1824,13,1094.0,1,1
1824,14,578.0,1,1
1824,15,462.0,1,1
1825,0,522.0,1,1
1825,1,349.0,1,1
1825,2,163.0,1,1
1825,3,139.0,1,1
1825,4,212.0,1,1
1825,5,205.0,1,1
1825,6,259.0,1,1
1825,7,45.0,1,1
1825,8,128.0,1,1
1825,9,256.0,1,1
1825,10,318.0,1,1
1825,11,573.0,1,1
1825,12,203.0,1,1
1825,13,260.0,1,1
1825,14,270.0,1,1
1825,15,428.0,1,1
1826,0,330.0,1,1
1826,1,164.0,1,1
1826,2,107.0,1,1
1826,3,149.0,1,1
1826,4,163.0,1,1
1826,5,183.0,1,1
1826,6,206.0,1,1
1826,7,31.0,1,1
1826,8,100.0,1,1
1826,9,240.0,1,1
1826,10,262.0,1,1
1826,11,468.0,1,1
1826,12,150.0,1,1
1826,13,273.0,1,1
1826,14,203.0,1,1
1826,15,234.0,1,1
1827,0,117.0,1,1
1827,1,72.0,1,1
1827,2,29.0,1,1
1827,3,81.0,1,1
1827,4,144.0,1,1
1827,5,106.0,1,1
1827,6,156.0,1,1
1827,7,17.0,1,1
1827,8,85.0,1,1
1827,9,259.0,1,1
1827,10,257.0,1,1
1827,11,241.0,1,1
1827,12,65.0,1,1
1827,13,151.0,1,1
1827,14,128.0,1,1
1827,15,168.0,1,1
1828,0,31.0,1,1
1828,1,30.0,1,1
1828,2,15.0,1,1
1828,3,64.0,1,1
1828,4,107.0,1,1
1828,5,86.0,1,1
1828,6,124.0,1,1
1828,7,9.0,1,1
1828,8,70.0,1,1
1828,9,309.0,1,1
1828,10,171.0,1,1
1828,11,192.0,1,1
1828,12,45.0,1,1
1828,13,100.0,1,1
1828,14,76.0,1,1
1828,15,86.0,1,1
1829,0,57.0,1,1
1829,1,29.0,1,1
1829,2,3.0,1,1
1829,3,28.0,1,1
1829,4,54.0,1,1
1829,5,32.0,1,1
1829,6,57.0,1,1
1829,7,1.0,1,1
1829,8,38.0,1,1
1829,9,228.0,1,1
1829,10,179.0,1,1
1829,11,110.0,1,1
1829,12,12.0,1,1
1829,13,36.0,1,1
1829,14,19.0,1,1
1829,15,22.0,1,1
1830,0,29.0,1,1
1830,1,33.0,1,1
1830,2,4.0,1,1
1830,3,13.0,1,1
1830,4,42.0,1,1
1830,5,20.0,1,1
1830,6,54.0,1,1
1830,7,1.0,1,1
1830,8,35.0,1,1
1830,9,177.0,1,1
1830,10,153.0,1,1
1830,11,94.0,1,1
1830,12,5.0,1,1
1830,13,15.0,1,1
1830,14,11.0,1,1
1830,15,17.0,1,1
1831,0,21.0,1,1
1831,1,10.0,1,1
1831,2,19.0,1,1
1831,3,8.0,1,1
1831,4,31.0,1,1
1831,5,11.0,1,1
1831,6,26.0,1,1
1831,7,0.0,1,1
1831,8,22.0,1,1
1831,9,144.0,1,1
1831,10,113.0,1,1
1831,11,56.0,1,1
1831,12,3.0,1,1
1831,13,10.0,1,1
1831,14,6.0,1,1
1831,15,8.0,1,1
1832,0,132.0,1,1
1832,1,75.0,1,1
1832,2,36.0,1,1
1832,3,43.0,1,1
1832,4,90.0,1,1
1832,5,63.0,1,1
1832,6,112.0,1,1
1832,7,4.0,1,1
1832,8,56.0,1,1
1832,9,255.0,1,1
1832,10,362.0,1,1
1832,11,139.0,1,1
1832,12,23.0,1,1
1832,13,76.0,1,1
1832,14,52.0,1,1
1832,15,50.0,1,1
1833,0,214.0,1,1
1833,1,248.0,1,1
1833,2,53.0,1,1
1833,3,131.0,1,1
1833,4,320.0,1,1
1833,5,195.0,1,1
1833,6,372.0,1,1
1833,7,50.0,1,1
1833,8,167.0,1,1
1833,9,508.0,1,1
1833,10,566.0,1,1
1833,11,317.0,1,1
1833,12,133.0,1,1
1833,13,394.0,1,1
1833,14,347.0,1,1
1833,15,356.0,1,1
1834,0,406.0,1,1
1834,1,365.0,1,1
1834,2,141.0,1,1
1834,3,187.0,1,1
1834,4,397.0,1,1
1834,5,337.0,1,1
1834,6,810.0,1,1
1834,7,107.0,1,1
1834,8,200.0,1,1
1834,9,650.0,1,1
1834,10,672.0,1,1
1834,11,516.0,1,1
1834,12,427.0,1,1
1834,13,675.0,1,1
1834,14,610.0,1,1
1834,15,757.0,1,1
1835,0,390.0,1,1
1835,1,219.0,1,1
1835,2,158.0,1,1
1835,3,137.0,1,1
1835,4,286.0,1,1
1835,5,233.0,1,1
1835,6,267.0,1,1
1835,7,115.0,1,1
1835,8,170.0,1,1
1835,9,193.0,1,1
1835,10,0.0,1,1
1835,11,504.0,1,1
1835,12,212.0,1,1
1835,13,357.0,1,1
1835,14,356.0,1,1
1835,15,482.0,1,1
1836,0,421.0,1,1
1836,1,247.0,1,1
1836,2,182.0,1,1
1836,3,125.0,1,1
1836,4,131.0,1,1
1836,5,191.0,1,1
1836,6,204.0,1,1
1836,7,27.0,1,1
1836,8,112.0,1,1
1836,9,319.0,1,1
1836,10,737.0,1,1
1836,11,415.0,1,1
1836,12,110.0,1,1
1836,13,287.0,1,1
1836,14,180.0,1,1
1836,15,154.0,1,1
1837,0,387.0,1,1
1837,1,171.0,1,1
1837,2,138.0,1,1
1837,3,172.0,1,1
1837,4,160.0,1,1
1837,5,203.0,1,1
1837,6,272.0,1,1
1837,7,31.0,1,1
1837,8,137.0,1,1
1837,9,378.0,1,1
1837,10,732.0,1,1
1837,11,435.0,1,1
1837,12,146.0,1,1
1837,13,398.0,1,1
1837,14,280.0,1,1
1837,15,292.0,1,1
1838,0,598.0,1,1
1838,1,276.0,1,1
1838,2,197.0,1,1
1838,3,173.0,1,1
1838,4,219.0,1,1
1838,5,248.0,1,1
1838,6,236.0,1,1
1838,7,85.0,1,1
1838,8,131.0,1,1
1838,9,290.0,1,1
1838,10,655.0,1,1
1838,11,437.0,1,1
1838,12,272.0,1,1
1838,13,396.0,1,1
1838,14,334.0,1,1
1838,15,541.0,1,1
1839,0,599.0,1,1
1839,1,360.0,1,1
1839,2,216.0,1,1
1839,3,225.0,1,1
1839,4,295.0,1,1
1839,5,304.0,1,1
1839,6,355.0,1,1
1839,7,104.0,1,1
1839,8,177.0,1,1
1839,9,346.0,1,1
1839,10,592.0,1,1
1839,11,497.0,1,1
1839,12,355.0,1,1
1839,13,527.0,1,1
1839,14,369.0,1,1
1839,15,555.0,1,1
1840,0,642.0,1,1
1840,1,386.0,1,1
1840,2,233.0,1,1
1840,3,210.0,1,1
1840,4,202.0,1,1
1840,5,278.0,1,1
1840,6,279.0,1,1
1840,7,61.0,1,1
1840,8,139.0,1,1
1840,9,383.0,1,1
1840,10,534.0,1,1
1840,11,467.0,1,1
1840,12,209.0,1,1
1840,13,490.0,1,1
1840,14,346.0,1,1
1840,15,320.0,1,1
1841,0,685.0,1,1
1841,1,363.0,1,1
1841,2,276.0,1,1
1841,3,343.0,1,1
1841,4,262.0,1,1
1841,5,486.0,1,1
1841,6,243.0,1,1
1841,7,265.0,1,1
1841,8,185.0,1,1
1841,9,189.0,1,1
1841,10,528.0,1,1
1841,11,429.0,1,1
1841,12,548.0,1,1
1841,13,834.0,1,1
1841,14,756.0,1,1
1841,15,477.0,1,1
1842,0,930.0,1,1
1842,1,373.0,1,1
1842,2,85.0,1,1
1842,3,331.0,1,1
1842,4,381.0,1,1
1842,5,635.0,1,1
1842,6,304.0,1,1
1842,7,733.0,1,1
1842,8,211.0,1,1
1842,9,156.0,1,1
1842,10,580.0,1,1
1842,11,378.0,1,1
1842,12,1165.0,1,1
1842,13,929.0,1,1
1842,14,1212.0,1,1
1842,15,1293.0,1,1
1843,0,1187.0,1,1
1843,1,444.0,1,1
1843,2,13.0,1,1
1843,3,391.0,1,1
1843,4,378.0,1,1
1843,5,773.0,1,1
1843,6,427.0,1,1
1843,7,737.0,1,1
1843,8,228.0,1,1
1843,9,185.0,1,1
1843,10,535.0,1,1
1843,11,394.0,1,1
1843,12,1253.0,1,1
1843,13,1201.0,1,1
1843,14,1367.0,1,1
1843,15,1235.0,1,1
1844,0,2262.0,1,1
1844,1,788.0,1,1
1844,2,18.0,1,1
1844,3,325.0,1,1
1844,4,383.0,1,1
1844,5,596.0,1,1
1844,6,344.0,1,1
1844,7,1082.0,1,1
1844,8,221.0,1,1
1844,9,198.0,1,1
1844,10,526.0,1,1
1844,11,418.0,1,1
1844,12,1157.0,1,1
1844,13,1015.0,1,1
1844,14,1602.0,1,1
1844,15,1603.0,1,1
1845,0,738.0,1,1
1845,1,353.0,1,1
1845,2,53.0,1,1
1845,3,223.0,1,1
1845,4,218.0,1,1
1845,5,322.0,1,1
1845,6,252.0,1,1
1845,7,110.0,1,1
1845,8,161.0,1,1
1845,9,199.0,1,1
1845,10,541.0,1,1
1845,11,422.0,1,1
1845,12,363.0,1,1
1845,13,475.0,1,1
1845,14,439.0,1,1
1845,15,539.0,1,1
1846,0,788.0,1,1
1846,1,392.0,1,1
1846,2,115.0,1,1
1846,3,381.0,1,1
1846,4,238.0,1,1
1846,5,487.0,1,1
1846,6,234.0,1,1
1846,7,197.0,1,1
1846,8,211.0,1,1
1846,9,169.0,1,1
1846,10,346.0,1,1
1846,11,644.0,1,1
1846,12,672.0,1,1
1846,13,983.0,1,1
1846,14,856.0,1,1
1846,15,516.0,1,1
1847,0,701.0,1,1
1847,1,438.0,1,1
1847,2,164.0,1,1
1847,3,436.0,1,1
1847,4,320.0,1,1
1847,5,637.0,1,1
1847,6,408.0,1,1
1847,7,382.0,1,1
1847,8,241.0,1,1
1847,9,230.0,1,1
1847,10,340.0,1,1
1847,11,651.0,1,1
1847,12,796.0,1,1
1847,13,1325.0,1,1
1847,14,1350.0,1,1
1847,15,750.0,1,1
1848,0,633.0,1,1
1848,1,426.0,1,1
1848,2,193.0,1,1
1848,3,327.0,1,1
1848,4,281.0,1,1
1848,5,457.0,1,1
1848,6,351.0,1,1
1848,7,270.0,1,1
1848,8,192.0,1,1
1848,9,243.0,1,1
1848,10,328.0,1,1
1848,11,643.0,1,1
1848,12,608.0,1,1
1848,13,698.0,1,1
1848,14,784.0,1,1
1848,15,1023.0,1,1
1849,0,471.0,1,1
1849,1,287.0,1,1
1849,2,149.0,1,1
1849,3,155.0,1,1
1849,4,194.0,1,1
1849,5,444.0,1,1
1849,6,220.0,1,1
1849,7,187.0,1,1
1849,8,72.0,1,1
1849,9,200.0,1,1
1849,10,269.0,1,1
1849,11,533.0,1,1
1849,12,322.0,1,1
1849,13,482.0,1,1
1849,14,229.0,1,1
1849,15,329.0,1,1
1850,0,354.0,1,1
1850,1,187.0,1,1
1850,2,142.0,1,1
1850,3,128.0,1,1
1850,4,175.0,1,1
1850,5,284.0,1,1
1850,6,132.0,1,1
1850,7,120.0,1,1
1850,8,62.0,1,1
1850,9,126.0,1,1
1850,10,252.0,1,1
1850,11,431.0,1,1
1850,12,314.0,1,1
1850,13,406.0,1,1
1850,14,194.0,1,1
1850,15,327.0,1,1
1851,0,140.0,1,1
1851,1,86.0,1,1
1851,2,28.0,1,1
1851,3,131.0,1,1
1851,4,172.0,1,1
1851,5,308.0,1,1
1851,6,122.0,1,1
1851,7,102.0,1,1
1851,8,29.0,1,1
1851,9,78.0,1,1
1851,10,209.0,1,1
1851,11,309.0,1,1
1851,12,265.0,1,1
1851,13,354.0,1,1
1851,14,151.0,1,1
1851,15,253.0,1,1
1852,0,47.0,1,1
1852,1,41.0,1,1
1852,2,19.0,1,1
1852,3,100.0,1,1
1852,4,132.0,1,1
1852,5,295.0,1,1
1852,6,53.0,1,1
1852,7,77.0,1,1
1852,8,22.0,1,1
1852,9,54.0,1,1
1852,10,199.0,1,1
1852,11,115.0,1,1
1852,12,256.0,1,1
1852,13,251.0,1,1
1852,14,68.0,1,1
1852,15,202.0,1,1
1853,0,39.0,1,1
1853,1,25.0,1,1
1853,2,4.0,1,1
1853,3,59.0,1,1
1853,4,93.0,1,1
1853,5,247.0,1,1
1853,6,16.0,1,1
1853,7,35.0,1,1
1853,8,6.0,1,1
1853,9,20.0,1,1
1853,10,166.0,1,1
1853,11,86.0,1,1
1853,12,191.0,1,1
1853,13,246.0,1,1
1853,14,20.0,1,1
1853,15,96.0,1,1
1854,0,40.0,1,1
1854,1,24.0,1,1
1854,2,15.0,1,1
1854,3,56.0,1,1
1854,4,88.0,1,1
1854,5,229.0,1,1
1854,6,15.0,1,1
1854,7,30.0,1,1
1854,8,3.0,1,1
1854,9,13.0,1,1
1854,10,150.0,1,1
1854,11,84.0,1,1
1854,12,125.0,1,1
1854,13,186.0,1,1
1854,14,15.0,1,1
1854,15,79.0,1,1
1855,0,37.0,1,1
1855,1,19.0,1,1
1855,2,13.0,1,1
1855,3,44.0,1,1
1855,4,72.0,1,1
1855,5,168.0,1,1
1855,6,7.0,1,1
1855,7,17.0,1,1
1855,8,1.0,1,1
1855,9,8.0,1,1
1855,10,128.0,1,1
1855,11,39.0,1,1
1855,12,74.0,1,1
1855,13,144.0,1,1
1855,14,9.0,1,1
1855,15,56.0,1,1
1856,0,129.0,1,1
1856,1,71.0,1,1
1856,2,49.0,1,1
1856,3,89.0,1,1
1856,4,143.0,1,1
1856,5,302.0,1,1
1856,6,40.0,1,1
1856,7,74.0,1,1
1856,8,15.0,1,1
1856,9,35.0,1,1
1856,10,485.0,1,1
1856,11,162.0,1,1
1856,12,205.0,1,1
1856,13,239.0,1,1
1856,14,46.0,1,1
1856,15,155.0,1,1
1857,0,243.0,1,1
1857,1,276.0,1,1
1857,2,50.0,1,1
1857,3,240.0,1,1
1857,4,341.0,1,1
1857,5,666.0,1,1
1857,6,261.0,1,1
1857,7,306.0,1,1
1857,8,70.0,1,1
1857,9,220.0,1,1
1857,10,586.0,1,1
1857,11,313.0,1,1
1857,12,618.0,1,1
1857,13,577.0,1,1
1857,14,312.0,1,1
1857,15,763.0,1,1
1858,0,0.0,1,1
1858,1,0.0,1,1
1858,2,0.0,1,1
1858,3,259.0,1,1
1858,4,467.0,1,1
1858,5,1110.0,1,1
1858,6,504.0,1,1
1858,7,497.0,1,1
1858,8,145.0,1,1
1858,9,314.0,1,1
1858,10,702.0,1,1
1858,11,564.0,1,1
1858,12,996.0,1,1
1858,13,846.0,1,1
1858,14,777.0,1,1
1858,15,1131.0,1,1
1859,0,0.0,1,1
1859,1,0.0,1,1
1859,2,0.0,1,1
1859,3,194.0,1,1
1859,4,231.0,1,1
1859,5,269.0,1,1
1859,6,356.0,1,1
1859,7,225.0,1,1
1859,8,117.0,1,1
1859,9,192.0,1,1
1859,10,0.0,1,1
1859,11,397.0,1,1
1859,12,168.0,1,1
1859,13,281.0,1,1
1859,14,441.0,1,1
1859,15,460.0,1,1
1860,0,0.0,1,1
1860,1,0.0,1,1
1860,2,0.0,1,1
1860,3,130.0,1,1
1860,4,157.0,1,1
1860,5,333.0,1,1
1860,6,91.0,1,1
1860,7,134.0,1,1
1860,8,59.0,1,1
1860,9,103.0,1,1
1860,10,666.0,1,1
1860,11,380.0,1,1
1860,12,442.0,1,1
1860,13,375.0,1,1
1860,14,162.0,1,1
1860,15,350.0,1,1
1861,0,0.0,1,1
1861,1,0.0,1,1
1861,2,0.0,1,1
1861,3,174.0,1,1
1861,4,221.0,1,1
1861,5,403.0,1,1
1861,6,143.0,1,1
1861,7,196.0,1,1
1861,8,75.0,1,1
1861,9,161.0,1,1
1861,10,746.0,1,1
1861,11,408.0,1,1
1861,12,599.0,1,1
1861,13,593.0,1,1
1861,14,394.0,1,1
1861,15,512.0,1,1
1862,0,0.0,1,1
1862,1,0.0,1,1
1862,2,0.0,1,1
1862,3,166.0,1,1
1862,4,179.0,1,1
1862,5,282.0,1,1
1862,6,276.0,1,1
1862,7,179.0,1,1
1862,8,105.0,1,1
1862,9,216.0,1,1
1862,10,660.0,1,1
1862,11,463.0,1,1
1862,12,363.0,1,1
1862,13,393.0,1,1
1862,14,326.0,1,1
1862,15,432.0,1,1
1863,0,0.0,1,1
1863,1,0.0,1,1
1863,2,0.0,1,1
1863,3,215.0,1,1
1863,4,227.0,1,1
1863,5,407.0,1,1
1863,6,301.0,1,1
1863,7,172.0,1,1
1863,8,154.0,1,1
1863,9,229.0,1,1
1863,10,642.0,1,1
1863,11,472.0,1,1
1863,12,612.0,1,1
1863,13,702.0,1,1
1863,14,508.0,1,1
1863,15,644.0,1,1
1864,0,0.0,1,1
1864,1,0.0,1,1
1864,2,0.0,1,1
1864,3,166.0,1,1
1864,4,210.0,1,1
1864,5,370.0,1,1
1864,6,177.0,1,1
1864,7,195.0,1,1
1864,8,124.0,1,1
1864,9,157.0,1,1
1864,10,545.0,1,1
1864,11,444.0,1,1
1864,12,494.0,1,1
1864,13,444.0,1,1
1864,14,417.0,1,1
1864,15,402.0,1,1
1865,0,0.0,1,1
1865,1,0.0,1,1
1865,2,0.0,1,1
1865,3,166.0,1,1
1865,4,134.0,1,1
1865,5,236.0,1,1
1865,6,378.0,1,1
1865,7,205.0,1,1
1865,8,254.0,1,1
1865,9,314.0,1,1
1865,10,534.0,1,1
1865,11,426.0,1,1
1865,12,274.0,1,1
1865,13,302.0,1,1
1865,14,341.0,1,1
1865,15,403.0,1,1
1866,0,0.0,1,1
1866,1,0.0,1,1
1866,2,0.0,1,1
1866,3,221.0,1,1
1866,4,193.0,1,1
1866,5,246.0,1,1
1866,6,927.0,1,1
1866,7,288.0,1,1
1866,8,377.0,1,1
1866,9,612.0,1,1
1866,10,491.0,1,1
1866,11,417.0,1,1
1866,12,190.0,1,1
1866,13,311.0,1,1
1866,14,530.0,1,1
1866,15,466.0,1,1
1867,0,0.0,1,1
1867,1,0.0,1,1
1867,2,0.0,1,1
1867,3,223.0,1,1
1867,4,184.0,1,1
1867,5,251.0,1,1
1867,6,784.0,1,1
1867,7,319.0,1,1
1867,8,491.0,1,1
1867,9,472.0,1,1
1867,10,546.0,1,1
1867,11,448.0,1,1
1867,12,227.0,1,1
1867,13,310.0,1,1
1867,14,713.0,1,1
1867,15,622.0,1,1
1868,0,0.0,1,1
1868,1,0.0,1,1
1868,2,0.0,1,1
1868,3,246.0,1,1
1868,4,209.0,1,1
1868,5,306.0,1,1
1868,6,984.0,1,1
1868,7,395.0,1,1
1868,8,422.0,1,1
1868,9,661.0,1,1
1868,10,462.0,1,1
1868,11,378.0,1,1
1868,12,220.0,1,1
1868,13,238.0,1,1
1868,14,601.0,1,1
1868,15,504.0,1,1
1869,0,0.0,1,1
1869,1,0.0,1,1
1869,2,0.0,1,1
1869,3,181.0,1,1
1869,4,183.0,1,1
1869,5,229.0,1,1
1869,6,326.0,1,1
1869,7,169.0,1,1
1869,8,156.0,1,1
1869,9,253.0,1,1
1869,10,543.0,1,1
1869,11,462.0,1,1
1869,12,338.0,1,1
1869,13,452.0,1,1
1869,14,490.0,1,1
1869,15,490.0,1,1
1870,0,0.0,1,1
1870,1,0.0,1,1
1870,2,0.0,1,1
1870,3,183.0,1,1
1870,4,176.0,1,1
1870,5,260.0,1,1
1870,6,324.0,1,1
1870,7,200.0,1,1
1870,8,286.0,1,1
1870,9,336.0,1,1
1870,10,356.0,1,1
1870,11,739.0,1,1
1870,12,343.0,1,1
1870,13,401.0,1,1
1870,14,503.0,1,1
1870,15,425.0,1,1
1871,0,0.0,1,1
1871,1,0.0,1,1
1871,2,0.0,1,1
1871,3,206.0,1,1
1871,4,199.0,1,1
1871,5,314.0,1,1
1871,6,583.0,1,1
1871,7,303.0,1,1
1871,8,375.0,1,1
1871,9,396.0,1,1
1871,10,330.0,1,1
1871,11,810.0,1,1
1871,12,451.0,1,1
1871,13,436.0,1,1
1871,14,623.0,1,1
1871,15,555.0,1,1
1872,0,0.0,1,1
1872,1,0.0,1,1
1872,2,0.0,1,1
1872,3,199.0,1,1
1872,4,216.0,1,1
1872,5,327.0,1,1
1872,6,567.0,1,1
1872,7,290.0,1,1
1872,8,258.0,1,1
1872,9,374.0,1,1
1872,10,308.0,1,1
1872,11,689.0,1,1
1872,12,385.0,1,1
1872,13,430.0,1,1
1872,14,593.0,1,1
1872,15,536.0,1,1
